#FORMAT=WebAnno TSV 3.3


#Text=By taking their experience as a rule for our own government, we shall at once get rid of all scientific doubts and disputes ; learn how to anticipate what may happen to ourselves, should the project of our opponents succeed  '  ; and be able to determine how far it is right and wise in us to make some temporary sacrifice, in order to avert a great and permanent evil.
1-1	0-2	By	
1-2	3-9	taking	
1-3	10-15	their	
1-4	16-26	experience	
1-5	27-29	as	
1-6	30-31	a	
1-7	32-36	rule	
1-8	37-40	for	
1-9	41-44	our	
1-10	45-48	own	
1-11	49-59	government	
1-12	59-60	,	
1-13	61-63	we	
1-14	64-69	shall	
1-15	70-72	at	
1-16	73-77	once	
1-17	78-81	get	
1-18	82-85	rid	
1-19	86-88	of	
1-20	89-92	all	
1-21	93-103	scientific	
1-22	104-110	doubts	
1-23	111-114	and	
1-24	115-123	disputes	
1-25	124-125	;	
1-26	126-131	learn	
1-27	132-135	how	
1-28	136-138	to	
1-29	139-149	anticipate	
1-30	150-154	what	
1-31	155-158	may	
1-32	159-165	happen	
1-33	166-168	to	
1-34	169-178	ourselves	
1-35	178-179	,	
1-36	180-186	should	
1-37	187-190	the	
1-38	191-198	project	
1-39	199-201	of	
1-40	202-205	our	
1-41	206-215	opponents	
1-42	216-223	succeed	
1-43	225-226	'	
1-44	228-229	;	
1-45	230-233	and	
1-46	234-236	be	
1-47	237-241	able	
1-48	242-244	to	
1-49	245-254	determine	
1-50	255-258	how	
1-51	259-262	far	
1-52	263-265	it	
1-53	266-268	is	
1-54	269-274	right	
1-55	275-278	and	
1-56	279-283	wise	
1-57	284-286	in	
1-58	287-289	us	
1-59	290-292	to	
1-60	293-297	make	
1-61	298-302	some	
1-62	303-312	temporary	
1-63	313-322	sacrifice	
1-64	322-323	,	
1-65	324-326	in	
1-66	327-332	order	
1-67	333-335	to	
1-68	336-341	avert	
1-69	342-343	a	
1-70	344-349	great	
1-71	350-353	and	
1-72	354-363	permanent	
1-73	364-368	evil	
1-74	368-369	.	

#Text=Those who recollect and compare the opinions and the promises held forth by the Company, in their Prospectus for an Oil-gas Establishment in 1823, will, we think, place little reliance on the promises now made in their project for a Coal-gas work, just circulated amongst us, in 1828.
2-1	371-376	Those	
2-2	377-380	who	
2-3	381-390	recollect	
2-4	391-394	and	
2-5	395-402	compare	
2-6	403-406	the	
2-7	407-415	opinions	
2-8	416-419	and	
2-9	420-423	the	
2-10	424-432	promises	
2-11	433-437	held	
2-12	438-443	forth	
2-13	444-446	by	
2-14	447-450	the	
2-15	451-458	Company	
2-16	458-459	,	
2-17	460-462	in	
2-18	463-468	their	
2-19	469-479	Prospectus	
2-20	480-483	for	
2-21	484-486	an	
2-22	487-494	Oil-gas	
2-23	495-508	Establishment	
2-24	509-511	in	
2-25	512-516	1823	
2-26	516-517	,	
2-27	518-522	will	
2-28	522-523	,	
2-29	524-526	we	
2-30	527-532	think	
2-31	532-533	,	
2-32	534-539	place	
2-33	540-546	little	
2-34	547-555	reliance	
2-35	556-558	on	
2-36	559-562	the	
2-37	563-571	promises	
2-38	572-575	now	
2-39	576-580	made	
2-40	581-583	in	
2-41	584-589	their	
2-42	590-597	project	
2-43	598-601	for	
2-44	602-603	a	
2-45	604-612	Coal-gas	
2-46	613-617	work	
2-47	617-618	,	
2-48	619-623	just	
2-49	624-634	circulated	
2-50	635-642	amongst	
2-51	643-645	us	
2-52	645-646	,	
2-53	647-649	in	
2-54	650-654	1828	
2-55	654-655	.	

#Text=They have deceived and broken faith with us once : it is our own fault if we suffer ourselves to be so gulled and benoodled again; and when they tell us that “ nothing can be farther from the wish and intention of the company than to injure us by their operations,” we now, from bitter experience, tell them, that the only security on which we can rely for safety is not to let them get the power to annoy us.
3-1	657-661	They	
3-2	662-666	have	
3-3	667-675	deceived	
3-4	676-679	and	
3-5	680-686	broken	
3-6	687-692	faith	
3-7	693-697	with	
3-8	698-700	us	
3-9	701-705	once	
3-10	706-707	:	
3-11	708-710	it	
3-12	711-713	is	
3-13	714-717	our	
3-14	718-721	own	
3-15	722-727	fault	
3-16	728-730	if	
3-17	731-733	we	
3-18	734-740	suffer	
3-19	741-750	ourselves	
3-20	751-753	to	
3-21	754-756	be	
3-22	757-759	so	
3-23	760-766	gulled	
3-24	767-770	and	
3-25	771-780	benoodled	
3-26	781-786	again	
3-27	786-787	;	
3-28	788-791	and	
3-29	792-796	when	
3-30	797-801	they	
3-31	802-806	tell	
3-32	807-809	us	
3-33	810-814	that	
3-34	815-816	“	
3-35	817-824	nothing	
3-36	825-828	can	
3-37	829-831	be	
3-38	832-839	farther	
3-39	840-844	from	
3-40	845-848	the	
3-41	849-853	wish	
3-42	854-857	and	
3-43	858-867	intention	
3-44	868-870	of	
3-45	871-874	the	
3-46	875-882	company	
3-47	883-887	than	
3-48	888-890	to	
3-49	891-897	injure	
3-50	898-900	us	
3-51	901-903	by	
3-52	904-909	their	
3-53	910-920	operations	
3-54	920-921	,	
3-55	921-922	”	
3-56	923-925	we	
3-57	926-929	now	
3-58	929-930	,	
3-59	931-935	from	
3-60	936-942	bitter	
3-61	943-953	experience	
3-62	953-954	,	
3-63	955-959	tell	
3-64	960-964	them	
3-65	964-965	,	
3-66	966-970	that	
3-67	971-974	the	
3-68	975-979	only	
3-69	980-988	security	
3-70	989-991	on	
3-71	992-997	which	
3-72	998-1000	we	
3-73	1001-1004	can	
3-74	1005-1009	rely	
3-75	1010-1013	for	
3-76	1014-1020	safety	
3-77	1021-1023	is	
3-78	1024-1027	not	
3-79	1028-1030	to	
3-80	1031-1034	let	
3-81	1035-1039	them	
3-82	1040-1043	get	
3-83	1044-1047	the	
3-84	1048-1053	power	
3-85	1054-1056	to	
3-86	1057-1062	annoy	
3-87	1063-1065	us	
3-88	1065-1066	.	

#Text=We shall first exhibit the substance of the evidence given before the Committee of the House of Commons, by persons residing in the vicinity of the Peter-Street Gas-work in Westminster, because this was held forth as a sort of pattern work, where all the new improvements have been successfully introduced, and are in full operation; and where, in consequence, we may expect to hear that no smoke is perceived, no smells emitted, no effluvia let loose, to taint and vitiate the air.
4-1	1068-1070	We	
4-2	1071-1076	shall	
4-3	1077-1082	first	
4-4	1083-1090	exhibit	
4-5	1091-1094	the	
4-6	1095-1104	substance	
4-7	1105-1107	of	
4-8	1108-1111	the	
4-9	1112-1120	evidence	
4-10	1121-1126	given	
4-11	1127-1133	before	
4-12	1134-1137	the	
4-13	1138-1147	Committee	
4-14	1148-1150	of	
4-15	1151-1154	the	
4-16	1155-1160	House	
4-17	1161-1163	of	
4-18	1164-1171	Commons	
4-19	1171-1172	,	
4-20	1173-1175	by	
4-21	1176-1183	persons	
4-22	1184-1192	residing	
4-23	1193-1195	in	
4-24	1196-1199	the	
4-25	1200-1208	vicinity	
4-26	1209-1211	of	
4-27	1212-1215	the	
4-28	1216-1228	Peter-Street	
4-29	1229-1237	Gas-work	
4-30	1238-1240	in	
4-31	1241-1252	Westminster	
4-32	1252-1253	,	
4-33	1254-1261	because	
4-34	1262-1266	this	
4-35	1267-1270	was	
4-36	1271-1275	held	
4-37	1276-1281	forth	
4-38	1282-1284	as	
4-39	1285-1286	a	
4-40	1287-1291	sort	
4-41	1292-1294	of	
4-42	1295-1302	pattern	
4-43	1303-1307	work	
4-44	1307-1308	,	
4-45	1309-1314	where	
4-46	1315-1318	all	
4-47	1319-1322	the	
4-48	1323-1326	new	
4-49	1327-1339	improvements	
4-50	1340-1344	have	
4-51	1345-1349	been	
4-52	1350-1362	successfully	
4-53	1363-1373	introduced	
4-54	1373-1374	,	
4-55	1375-1378	and	
4-56	1379-1382	are	
4-57	1383-1385	in	
4-58	1386-1390	full	
4-59	1391-1400	operation	
4-60	1400-1401	;	
4-61	1402-1405	and	
4-62	1406-1411	where	
4-63	1411-1412	,	
4-64	1413-1415	in	
4-65	1416-1427	consequence	
4-66	1427-1428	,	
4-67	1429-1431	we	
4-68	1432-1435	may	
4-69	1436-1442	expect	
4-70	1443-1445	to	
4-71	1446-1450	hear	
4-72	1451-1455	that	
4-73	1456-1458	no	
4-74	1459-1464	smoke	
4-75	1465-1467	is	
4-76	1468-1477	perceived	
4-77	1477-1478	,	
4-78	1479-1481	no	
4-79	1482-1488	smells	
4-80	1489-1496	emitted	
4-81	1496-1497	,	
4-82	1498-1500	no	
4-83	1501-1509	effluvia	
4-84	1510-1513	let	
4-85	1514-1519	loose	
4-86	1519-1520	,	
4-87	1521-1523	to	
4-88	1524-1529	taint	
4-89	1530-1533	and	
4-90	1534-1541	vitiate	
4-91	1542-1545	the	
4-92	1546-1549	air	
4-93	1549-1550	.	

#Text=We may add, that the leading Counsel of our opponents is the governor of this great establishment, a person not only learned in the law, but intimately acquainted with all the machinery of the work, and all the details of its operations.
5-1	1552-1554	We	
5-2	1555-1558	may	
5-3	1559-1562	add	
5-4	1562-1563	,	
5-5	1564-1568	that	
5-6	1569-1572	the	
5-7	1573-1580	leading	
5-8	1581-1588	Counsel	
5-9	1589-1591	of	
5-10	1592-1595	our	
5-11	1596-1605	opponents	
5-12	1606-1608	is	
5-13	1609-1612	the	
5-14	1613-1621	governor	
5-15	1622-1624	of	
5-16	1625-1629	this	
5-17	1630-1635	great	
5-18	1636-1649	establishment	
5-19	1649-1650	,	
5-20	1651-1652	a	
5-21	1653-1659	person	
5-22	1660-1663	not	
5-23	1664-1668	only	
5-24	1669-1676	learned	
5-25	1677-1679	in	
5-26	1680-1683	the	
5-27	1684-1687	law	
5-28	1687-1688	,	
5-29	1689-1692	but	
5-30	1693-1703	intimately	
5-31	1704-1714	acquainted	
5-32	1715-1719	with	
5-33	1720-1723	all	
5-34	1724-1727	the	
5-35	1728-1737	machinery	
5-36	1738-1740	of	
5-37	1741-1744	the	
5-38	1745-1749	work	
5-39	1749-1750	,	
5-40	1751-1754	and	
5-41	1755-1758	all	
5-42	1759-1762	the	
5-43	1763-1770	details	
5-44	1771-1773	of	
5-45	1774-1777	its	
5-46	1778-1788	operations	
5-47	1788-1789	.	

#Text=Under his government, every improvement, we may presume, would be adopted to abate nuisance, every precaution used to diminish its amount : yet nuisance still exists; and although the Deputy-Chairman of the Oilgas Company was pleased, in his late speech, sneeringly to deseant on what he termed pretended nuisance, yet, trifling as he may affect to consider it, we much doubt, with all his zeal for the public good, whether he would not rather see a Coal-gas work set down at any other man  '  s door than his own.
6-1	1791-1796	Under	
6-2	1797-1800	his	
6-3	1801-1811	government	
6-4	1811-1812	,	
6-5	1813-1818	every	
6-6	1819-1830	improvement	
6-7	1830-1831	,	
6-8	1832-1834	we	
6-9	1835-1838	may	
6-10	1839-1846	presume	
6-11	1846-1847	,	
6-12	1848-1853	would	
6-13	1854-1856	be	
6-14	1857-1864	adopted	
6-15	1865-1867	to	
6-16	1868-1873	abate	
6-17	1874-1882	nuisance	
6-18	1882-1883	,	
6-19	1884-1889	every	
6-20	1890-1900	precaution	
6-21	1901-1905	used	
6-22	1906-1908	to	
6-23	1909-1917	diminish	
6-24	1918-1921	its	
6-25	1922-1928	amount	
6-26	1929-1930	:	
6-27	1931-1934	yet	
6-28	1935-1943	nuisance	
6-29	1944-1949	still	
6-30	1950-1956	exists	
6-31	1956-1957	;	
6-32	1958-1961	and	
6-33	1962-1970	although	
6-34	1971-1974	the	
6-35	1975-1990	Deputy-Chairman	
6-36	1991-1993	of	
6-37	1994-1997	the	
6-38	1998-2004	Oilgas	
6-39	2005-2012	Company	
6-40	2013-2016	was	
6-41	2017-2024	pleased	
6-42	2024-2025	,	
6-43	2026-2028	in	
6-44	2029-2032	his	
6-45	2033-2037	late	
6-46	2038-2044	speech	
6-47	2044-2045	,	
6-48	2046-2056	sneeringly	
6-49	2057-2059	to	
6-50	2060-2067	deseant	
6-51	2068-2070	on	
6-52	2071-2075	what	
6-53	2076-2078	he	
6-54	2079-2085	termed	
6-55	2086-2095	pretended	
6-56	2096-2104	nuisance	
6-57	2104-2105	,	
6-58	2106-2109	yet	
6-59	2109-2110	,	
6-60	2111-2119	trifling	
6-61	2120-2122	as	
6-62	2123-2125	he	
6-63	2126-2129	may	
6-64	2130-2136	affect	
6-65	2137-2139	to	
6-66	2140-2148	consider	
6-67	2149-2151	it	
6-68	2151-2152	,	
6-69	2153-2155	we	
6-70	2156-2160	much	
6-71	2161-2166	doubt	
6-72	2166-2167	,	
6-73	2168-2172	with	
6-74	2173-2176	all	
6-75	2177-2180	his	
6-76	2181-2185	zeal	
6-77	2186-2189	for	
6-78	2190-2193	the	
6-79	2194-2200	public	
6-80	2201-2205	good	
6-81	2205-2206	,	
6-82	2207-2214	whether	
6-83	2215-2217	he	
6-84	2218-2223	would	
6-85	2224-2227	not	
6-86	2228-2234	rather	
6-87	2235-2238	see	
6-88	2239-2240	a	
6-89	2241-2249	Coal-gas	
6-90	2250-2254	work	
6-91	2255-2258	set	
6-92	2259-2263	down	
6-93	2264-2266	at	
6-94	2267-2270	any	
6-95	2271-2276	other	
6-96	2277-2280	man	
6-97	2282-2283	'	
6-98	2285-2286	s	
6-99	2287-2291	door	
6-100	2292-2296	than	
6-101	2297-2300	his	
6-102	2301-2304	own	
6-103	2304-2305	.	

#Text=Mr A.
7-1	2307-2309	Mr	
7-2	2310-2311	A	
7-3	2311-2312	.	

#Text=D.
8-1	2314-2315	D	
8-2	2315-2316	.	

#Text=STEWART, army agent, has lived in Grosvenor Terrace for three years ; his house is opposite the east end of the gas-work, and distant from it about 100 yards.
9-1	2318-2325	STEWART	
9-2	2325-2326	,	
9-3	2327-2331	army	
9-4	2332-2337	agent	
9-5	2337-2338	,	
9-6	2339-2342	has	
9-7	2343-2348	lived	
9-8	2349-2351	in	
9-9	2352-2361	Grosvenor	
9-10	2362-2369	Terrace	
9-11	2370-2373	for	
9-12	2374-2379	three	
9-13	2380-2385	years	
9-14	2386-2387	;	
9-15	2388-2391	his	
9-16	2392-2397	house	
9-17	2398-2400	is	
9-18	2401-2409	opposite	
9-19	2410-2413	the	
9-20	2414-2418	east	
9-21	2419-2422	end	
9-22	2423-2425	of	
9-23	2426-2429	the	
9-24	2430-2438	gas-work	
9-25	2438-2439	,	
9-26	2440-2443	and	
9-27	2444-2451	distant	
9-28	2452-2456	from	
9-29	2457-2459	it	
9-30	2460-2465	about	
9-31	2466-2469	100	
9-32	2470-2475	yards	
9-33	2475-2476	.	

#Text=He is much annoyed by smell and smoke, proceeding both from the chimney and from parts of the work below the chimney: the smoke is equal to that from a brewery or distillery, and is often connected with a very offensive smell : when the wind sets toward his house, the effluvia produce sickness : his wife equally complains of it :—Says, that the smell is still worse in Marsham Street, through which he often passes ; that he has felt it in Abingdon Street, from 200 to 300 yards distant, more even than in his own house, because his own house, being more under the chimney, the smoke does not fall so immediately about it as at a greater distance :—Says farther, that the present lease of his house was for three years, and expires in June, when he will avail himself of the expiration of the term to leave it, “ as I consider,” he adds," the health of my family to have been materially affected whilst I resided there.
#Text= ” Examined by the Committee as to the nature of the smell, he says it was a very strong smell, extremely offensive, and often producing nausea and sickness : That it “ was not the smell of gas, but seemed to him to arise from the evaporation of the lime-water under the flue *, being different from what arose from the escape of gas in the streets, where a pipe is damaged, or from the smell of a common sewer.
10-1	2478-2480	He	
10-2	2481-2483	is	
10-3	2484-2488	much	
10-4	2489-2496	annoyed	
10-5	2497-2499	by	
10-6	2500-2505	smell	
10-7	2506-2509	and	
10-8	2510-2515	smoke	
10-9	2515-2516	,	
10-10	2517-2527	proceeding	
10-11	2528-2532	both	
10-12	2533-2537	from	
10-13	2538-2541	the	
10-14	2542-2549	chimney	
10-15	2550-2553	and	
10-16	2554-2558	from	
10-17	2559-2564	parts	
10-18	2565-2567	of	
10-19	2568-2571	the	
10-20	2572-2576	work	
10-21	2577-2582	below	
10-22	2583-2586	the	
10-23	2587-2594	chimney	
10-24	2594-2595	:	
10-25	2596-2599	the	
10-26	2600-2605	smoke	
10-27	2606-2608	is	
10-28	2609-2614	equal	
10-29	2615-2617	to	
10-30	2618-2622	that	
10-31	2623-2627	from	
10-32	2628-2629	a	
10-33	2630-2637	brewery	
10-34	2638-2640	or	
10-35	2641-2651	distillery	
10-36	2651-2652	,	
10-37	2653-2656	and	
10-38	2657-2659	is	
10-39	2660-2665	often	
10-40	2666-2675	connected	
10-41	2676-2680	with	
10-42	2681-2682	a	
10-43	2683-2687	very	
10-44	2688-2697	offensive	
10-45	2698-2703	smell	
10-46	2704-2705	:	
10-47	2706-2710	when	
10-48	2711-2714	the	
10-49	2715-2719	wind	
10-50	2720-2724	sets	
10-51	2725-2731	toward	
10-52	2732-2735	his	
10-53	2736-2741	house	
10-54	2741-2742	,	
10-55	2743-2746	the	
10-56	2747-2755	effluvia	
10-57	2756-2763	produce	
10-58	2764-2772	sickness	
10-59	2773-2774	:	
10-60	2775-2778	his	
10-61	2779-2783	wife	
10-62	2784-2791	equally	
10-63	2792-2801	complains	
10-64	2802-2804	of	
10-65	2805-2807	it	
10-66	2808-2809	:	
10-67	2809-2810	—	
10-68	2810-2814	Says	
10-69	2814-2815	,	
10-70	2816-2820	that	
10-71	2821-2824	the	
10-72	2825-2830	smell	
10-73	2831-2833	is	
10-74	2834-2839	still	
10-75	2840-2845	worse	
10-76	2846-2848	in	
10-77	2849-2856	Marsham	
10-78	2857-2863	Street	
10-79	2863-2864	,	
10-80	2865-2872	through	
10-81	2873-2878	which	
10-82	2879-2881	he	
10-83	2882-2887	often	
10-84	2888-2894	passes	
10-85	2895-2896	;	
10-86	2897-2901	that	
10-87	2902-2904	he	
10-88	2905-2908	has	
10-89	2909-2913	felt	
10-90	2914-2916	it	
10-91	2917-2919	in	
10-92	2920-2928	Abingdon	
10-93	2929-2935	Street	
10-94	2935-2936	,	
10-95	2937-2941	from	
10-96	2942-2945	200	
10-97	2946-2948	to	
10-98	2949-2952	300	
10-99	2953-2958	yards	
10-100	2959-2966	distant	
10-101	2966-2967	,	
10-102	2968-2972	more	
10-103	2973-2977	even	
10-104	2978-2982	than	
10-105	2983-2985	in	
10-106	2986-2989	his	
10-107	2990-2993	own	
10-108	2994-2999	house	
10-109	2999-3000	,	
10-110	3001-3008	because	
10-111	3009-3012	his	
10-112	3013-3016	own	
10-113	3017-3022	house	
10-114	3022-3023	,	
10-115	3024-3029	being	
10-116	3030-3034	more	
10-117	3035-3040	under	
10-118	3041-3044	the	
10-119	3045-3052	chimney	
10-120	3052-3053	,	
10-121	3054-3057	the	
10-122	3058-3063	smoke	
10-123	3064-3068	does	
10-124	3069-3072	not	
10-125	3073-3077	fall	
10-126	3078-3080	so	
10-127	3081-3092	immediately	
10-128	3093-3098	about	
10-129	3099-3101	it	
10-130	3102-3104	as	
10-131	3105-3107	at	
10-132	3108-3109	a	
10-133	3110-3117	greater	
10-134	3118-3126	distance	
10-135	3127-3128	:	
10-136	3128-3129	—	
10-137	3129-3133	Says	
10-138	3134-3141	farther	
10-139	3141-3142	,	
10-140	3143-3147	that	
10-141	3148-3151	the	
10-142	3152-3159	present	
10-143	3160-3165	lease	
10-144	3166-3168	of	
10-145	3169-3172	his	
10-146	3173-3178	house	
10-147	3179-3182	was	
10-148	3183-3186	for	
10-149	3187-3192	three	
10-150	3193-3198	years	
10-151	3198-3199	,	
10-152	3200-3203	and	
10-153	3204-3211	expires	
10-154	3212-3214	in	
10-155	3215-3219	June	
10-156	3219-3220	,	
10-157	3221-3225	when	
10-158	3226-3228	he	
10-159	3229-3233	will	
10-160	3234-3239	avail	
10-161	3240-3247	himself	
10-162	3248-3250	of	
10-163	3251-3254	the	
10-164	3255-3265	expiration	
10-165	3266-3268	of	
10-166	3269-3272	the	
10-167	3273-3277	term	
10-168	3278-3280	to	
10-169	3281-3286	leave	
10-170	3287-3289	it	
10-171	3289-3290	,	
10-172	3291-3292	“	
10-173	3293-3295	as	
10-174	3296-3297	I	
10-175	3298-3306	consider	
10-176	3306-3307	,	
10-177	3307-3308	”	
10-178	3309-3311	he	
10-179	3312-3316	adds	
10-180	3316-3317	,	
10-181	3317-3318	"	
10-182	3319-3322	the	
10-183	3323-3329	health	
10-184	3330-3332	of	
10-185	3333-3335	my	
10-186	3336-3342	family	
10-187	3343-3345	to	
10-188	3346-3350	have	
10-189	3351-3355	been	
10-190	3356-3366	materially	
10-191	3367-3375	affected	
10-192	3376-3382	whilst	
10-193	3383-3384	I	
10-194	3385-3392	resided	
10-195	3393-3398	there	
10-196	3398-3399	.	
10-197	3401-3402	”	
10-198	3403-3411	Examined	
10-199	3412-3414	by	
10-200	3415-3418	the	
10-201	3419-3428	Committee	
10-202	3429-3431	as	
10-203	3432-3434	to	
10-204	3435-3438	the	
10-205	3439-3445	nature	
10-206	3446-3448	of	
10-207	3449-3452	the	
10-208	3453-3458	smell	
10-209	3458-3459	,	
10-210	3460-3462	he	
10-211	3463-3467	says	
10-212	3468-3470	it	
10-213	3471-3474	was	
10-214	3475-3476	a	
10-215	3477-3481	very	
10-216	3482-3488	strong	
10-217	3489-3494	smell	
10-218	3494-3495	,	
10-219	3496-3505	extremely	
10-220	3506-3515	offensive	
10-221	3515-3516	,	
10-222	3517-3520	and	
10-223	3521-3526	often	
10-224	3527-3536	producing	
10-225	3537-3543	nausea	
10-226	3544-3547	and	
10-227	3548-3556	sickness	
10-228	3557-3558	:	
10-229	3559-3563	That	
10-230	3564-3566	it	
10-231	3567-3568	“	
10-232	3569-3572	was	
10-233	3573-3576	not	
10-234	3577-3580	the	
10-235	3581-3586	smell	
10-236	3587-3589	of	
10-237	3590-3593	gas	
10-238	3593-3594	,	
10-239	3595-3598	but	
10-240	3599-3605	seemed	
10-241	3606-3608	to	
10-242	3609-3612	him	
10-243	3613-3615	to	
10-244	3616-3621	arise	
10-245	3622-3626	from	
10-246	3627-3630	the	
10-247	3631-3642	evaporation	
10-248	3643-3645	of	
10-249	3646-3649	the	
10-250	3650-3660	lime-water	
10-251	3661-3666	under	
10-252	3667-3670	the	
10-253	3671-3675	flue	
10-254	3676-3677	*	
10-255	3677-3678	,	
10-256	3679-3684	being	
10-257	3685-3694	different	
10-258	3695-3699	from	
10-259	3700-3704	what	
10-260	3705-3710	arose	
10-261	3711-3715	from	
10-262	3716-3719	the	
10-263	3720-3726	escape	
10-264	3727-3729	of	
10-265	3730-3733	gas	
10-266	3734-3736	in	
10-267	3737-3740	the	
10-268	3741-3748	streets	
10-269	3748-3749	,	
10-270	3750-3755	where	
10-271	3756-3757	a	
10-272	3758-3762	pipe	
10-273	3763-3765	is	
10-274	3766-3773	damaged	
10-275	3773-3774	,	
10-276	3775-3777	or	
10-277	3778-3782	from	
10-278	3783-3786	the	
10-279	3787-3792	smell	
10-280	3793-3795	of	
10-281	3796-3797	a	
10-282	3798-3804	common	
10-283	3805-3810	sewer	
10-284	3810-3811	.	

#Text=Mr GEORGE PEARCE, surgeon, has lived at 46.
11-1	3813-3815	Mr	
11-2	3816-3822	GEORGE	
11-3	3823-3829	PEARCE	
11-4	3829-3830	,	
11-5	3831-3838	surgeon	
11-6	3838-3839	,	
11-7	3840-3843	has	
11-8	3844-3849	lived	
11-9	3850-3852	at	
11-10	3853-3855	46	
11-11	3855-3856	.	

#Text=Marsham Street upwards of twenty years.
12-1	3858-3865	Marsham	
12-2	3866-3872	Street	
12-3	3873-3880	upwards	
12-4	3881-3883	of	
12-5	3884-3890	twenty	
12-6	3891-3896	years	
12-7	3896-3897	.	

#Text=His house is so near the gas-work, that the garden-wall is separated from that of the work only by a narrow passage : Has very
#Text= often complained of the smoke from the gas-works, which issues from the whole building, as well as from the chimney, and smut often falls from the smoke as it passes over his house :Says that he once joined with others to get rid of the nuisance by legal means, but one of the chief parties in the process at the time (witness  '  s partner Mr JOHNSON) sold his property to the Gas Establishment, and the others did not then proceed : would be extremely glad again to join in it, to get rid of the nuisance.
13-1	3899-3902	His	
13-2	3903-3908	house	
13-3	3909-3911	is	
13-4	3912-3914	so	
13-5	3915-3919	near	
13-6	3920-3923	the	
13-7	3924-3932	gas-work	
13-8	3932-3933	,	
13-9	3934-3938	that	
13-10	3939-3942	the	
13-11	3943-3954	garden-wall	
13-12	3955-3957	is	
13-13	3958-3967	separated	
13-14	3968-3972	from	
13-15	3973-3977	that	
13-16	3978-3980	of	
13-17	3981-3984	the	
13-18	3985-3989	work	
13-19	3990-3994	only	
13-20	3995-3997	by	
13-21	3998-3999	a	
13-22	4000-4006	narrow	
13-23	4007-4014	passage	
13-24	4015-4016	:	
13-25	4017-4020	Has	
13-26	4021-4025	very	
13-27	4027-4032	often	
13-28	4033-4043	complained	
13-29	4044-4046	of	
13-30	4047-4050	the	
13-31	4051-4056	smoke	
13-32	4057-4061	from	
13-33	4062-4065	the	
13-34	4066-4075	gas-works	
13-35	4075-4076	,	
13-36	4077-4082	which	
13-37	4083-4089	issues	
13-38	4090-4094	from	
13-39	4095-4098	the	
13-40	4099-4104	whole	
13-41	4105-4113	building	
13-42	4113-4114	,	
13-43	4115-4117	as	
13-44	4118-4122	well	
13-45	4123-4125	as	
13-46	4126-4130	from	
13-47	4131-4134	the	
13-48	4135-4142	chimney	
13-49	4142-4143	,	
13-50	4144-4147	and	
13-51	4148-4152	smut	
13-52	4153-4158	often	
13-53	4159-4164	falls	
13-54	4165-4169	from	
13-55	4170-4173	the	
13-56	4174-4179	smoke	
13-57	4180-4182	as	
13-58	4183-4185	it	
13-59	4186-4192	passes	
13-60	4193-4197	over	
13-61	4198-4201	his	
13-62	4202-4207	house	
13-63	4208-4209	:	
13-64	4209-4213	Says	
13-65	4214-4218	that	
13-66	4219-4221	he	
13-67	4222-4226	once	
13-68	4227-4233	joined	
13-69	4234-4238	with	
13-70	4239-4245	others	
13-71	4246-4248	to	
13-72	4249-4252	get	
13-73	4253-4256	rid	
13-74	4257-4259	of	
13-75	4260-4263	the	
13-76	4264-4272	nuisance	
13-77	4273-4275	by	
13-78	4276-4281	legal	
13-79	4282-4287	means	
13-80	4287-4288	,	
13-81	4289-4292	but	
13-82	4293-4296	one	
13-83	4297-4299	of	
13-84	4300-4303	the	
13-85	4304-4309	chief	
13-86	4310-4317	parties	
13-87	4318-4320	in	
13-88	4321-4324	the	
13-89	4325-4332	process	
13-90	4333-4335	at	
13-91	4336-4339	the	
13-92	4340-4344	time	
13-93	4345-4346	(	
13-94	4346-4353	witness	
13-95	4355-4356	'	
13-96	4358-4359	s	
13-97	4360-4367	partner	
13-98	4368-4370	Mr	
13-99	4371-4378	JOHNSON	
13-100	4378-4379	)	
13-101	4380-4384	sold	
13-102	4385-4388	his	
13-103	4389-4397	property	
13-104	4398-4400	to	
13-105	4401-4404	the	
13-106	4405-4408	Gas	
13-107	4409-4422	Establishment	
13-108	4422-4423	,	
13-109	4424-4427	and	
13-110	4428-4431	the	
13-111	4432-4438	others	
13-112	4439-4442	did	
13-113	4443-4446	not	
13-114	4447-4451	then	
13-115	4452-4459	proceed	
13-116	4460-4461	:	
13-117	4462-4467	would	
13-118	4468-4470	be	
13-119	4471-4480	extremely	
13-120	4481-4485	glad	
13-121	4486-4491	again	
13-122	4492-4494	to	
13-123	4495-4499	join	
13-124	4500-4502	in	
13-125	4503-4505	it	
13-126	4505-4506	,	
13-127	4507-4509	to	
13-128	4510-4513	get	
13-129	4514-4517	rid	
13-130	4518-4520	of	
13-131	4521-4524	the	
13-132	4525-4533	nuisance	
13-133	4533-4534	.	

#Text=Says that a great many of the more respectable people who were living in the street when the works were first established, have left it, and those who now occupy it are not able to contend with this wealthy body; that he has considerable practice in the neighbourhood, and opportunity of collecting the sentiments of his neighbours, and has heard every individual complain whom he has heard speak on the subject; that, in his own little garden, plants do not now thrive as they did before the gas-work was established; partly, as he thinks, from the smoke, and partly from their more confined situation by the lofty walls of thwe work.
14-1	4536-4540	Says	
14-2	4541-4545	that	
14-3	4546-4547	a	
14-4	4548-4553	great	
14-5	4554-4558	many	
14-6	4559-4561	of	
14-7	4562-4565	the	
14-8	4566-4570	more	
14-9	4571-4582	respectable	
14-10	4583-4589	people	
14-11	4590-4593	who	
14-12	4594-4598	were	
14-13	4599-4605	living	
14-14	4606-4608	in	
14-15	4609-4612	the	
14-16	4613-4619	street	
14-17	4620-4624	when	
14-18	4625-4628	the	
14-19	4629-4634	works	
14-20	4635-4639	were	
14-21	4640-4645	first	
14-22	4646-4657	established	
14-23	4657-4658	,	
14-24	4659-4663	have	
14-25	4664-4668	left	
14-26	4669-4671	it	
14-27	4671-4672	,	
14-28	4673-4676	and	
14-29	4677-4682	those	
14-30	4683-4686	who	
14-31	4687-4690	now	
14-32	4691-4697	occupy	
14-33	4698-4700	it	
14-34	4701-4704	are	
14-35	4705-4708	not	
14-36	4709-4713	able	
14-37	4714-4716	to	
14-38	4717-4724	contend	
14-39	4725-4729	with	
14-40	4730-4734	this	
14-41	4735-4742	wealthy	
14-42	4743-4747	body	
14-43	4747-4748	;	
14-44	4749-4753	that	
14-45	4754-4756	he	
14-46	4757-4760	has	
14-47	4761-4773	considerable	
14-48	4774-4782	practice	
14-49	4783-4785	in	
14-50	4786-4789	the	
14-51	4790-4803	neighbourhood	
14-52	4803-4804	,	
14-53	4805-4808	and	
14-54	4809-4820	opportunity	
14-55	4821-4823	of	
14-56	4824-4834	collecting	
14-57	4835-4838	the	
14-58	4839-4849	sentiments	
14-59	4850-4852	of	
14-60	4853-4856	his	
14-61	4857-4867	neighbours	
14-62	4867-4868	,	
14-63	4869-4872	and	
14-64	4873-4876	has	
14-65	4877-4882	heard	
14-66	4883-4888	every	
14-67	4889-4899	individual	
14-68	4900-4908	complain	
14-69	4909-4913	whom	
14-70	4914-4916	he	
14-71	4917-4920	has	
14-72	4921-4926	heard	
14-73	4927-4932	speak	
14-74	4933-4935	on	
14-75	4936-4939	the	
14-76	4940-4947	subject	
14-77	4947-4948	;	
14-78	4949-4953	that	
14-79	4953-4954	,	
14-80	4955-4957	in	
14-81	4958-4961	his	
14-82	4962-4965	own	
14-83	4966-4972	little	
14-84	4973-4979	garden	
14-85	4979-4980	,	
14-86	4981-4987	plants	
14-87	4988-4990	do	
14-88	4991-4994	not	
14-89	4995-4998	now	
14-90	4999-5005	thrive	
14-91	5006-5008	as	
14-92	5009-5013	they	
14-93	5014-5017	did	
14-94	5018-5024	before	
14-95	5025-5028	the	
14-96	5029-5037	gas-work	
14-97	5038-5041	was	
14-98	5042-5053	established	
14-99	5053-5054	;	
14-100	5055-5061	partly	
14-101	5061-5062	,	
14-102	5063-5065	as	
14-103	5066-5068	he	
14-104	5069-5075	thinks	
14-105	5075-5076	,	
14-106	5077-5081	from	
14-107	5082-5085	the	
14-108	5086-5091	smoke	
14-109	5091-5092	,	
14-110	5093-5096	and	
14-111	5097-5103	partly	
14-112	5104-5108	from	
14-113	5109-5114	their	
14-114	5115-5119	more	
14-115	5120-5128	confined	
14-116	5129-5138	situation	
14-117	5139-5141	by	
14-118	5142-5145	the	
14-119	5146-5151	lofty	
14-120	5152-5157	walls	
14-121	5158-5160	of	
14-122	5161-5165	thwe	
14-123	5166-5170	work	
14-124	5170-5171	.	

#Text=He adds, that the paint on the window frames of his house is changed in colour.
15-1	5175-5177	He	
15-2	5178-5182	adds	
15-3	5182-5183	,	
15-4	5184-5188	that	
15-5	5189-5192	the	
15-6	5193-5198	paint	
15-7	5199-5201	on	
15-8	5202-5205	the	
15-9	5206-5212	window	
15-10	5213-5219	frames	
15-11	5220-5222	of	
15-12	5223-5226	his	
15-13	5227-5232	house	
15-14	5233-5235	is	
15-15	5236-5243	changed	
15-16	5244-5246	in	
15-17	5247-5253	colour	
15-18	5253-5254	.	

#Text=Mr THOMAS COBLER has lived forty-seven years in Marsham Street, being proprietor of eight houses there: states that the rent of his houses has fallen since the gaswork was established, and he is sure it is owing to that work: That he suffers great personal inconvenience from the gas-work, from the smoke, the smell, and the blacks, which frequently prevent the drying of linen in his garden : That a great deal of smoke proceeds from the chimney; and when they draw their coke from the retorts, a great deal of smoke comes then : That his little garden is ruined, nothing will grow now in it, though things grew there before: That he continues to live in the street, although it is very disagreeable, because his property all lies around him, which is the reason that induces him to continue there.
16-1	5256-5258	Mr	
16-2	5259-5265	THOMAS	
16-3	5266-5272	COBLER	
16-4	5273-5276	has	
16-5	5277-5282	lived	
16-6	5283-5294	forty-seven	
16-7	5295-5300	years	
16-8	5301-5303	in	
16-9	5304-5311	Marsham	
16-10	5312-5318	Street	
16-11	5318-5319	,	
16-12	5320-5325	being	
16-13	5326-5336	proprietor	
16-14	5337-5339	of	
16-15	5340-5345	eight	
16-16	5346-5352	houses	
16-17	5353-5358	there	
16-18	5358-5359	:	
16-19	5360-5366	states	
16-20	5367-5371	that	
16-21	5372-5375	the	
16-22	5376-5380	rent	
16-23	5381-5383	of	
16-24	5384-5387	his	
16-25	5388-5394	houses	
16-26	5395-5398	has	
16-27	5399-5405	fallen	
16-28	5406-5411	since	
16-29	5412-5415	the	
16-30	5416-5423	gaswork	
16-31	5424-5427	was	
16-32	5428-5439	established	
16-33	5439-5440	,	
16-34	5441-5444	and	
16-35	5445-5447	he	
16-36	5448-5450	is	
16-37	5451-5455	sure	
16-38	5456-5458	it	
16-39	5459-5461	is	
16-40	5462-5467	owing	
16-41	5468-5470	to	
16-42	5471-5475	that	
16-43	5476-5480	work	
16-44	5480-5481	:	
16-45	5482-5486	That	
16-46	5487-5489	he	
16-47	5490-5497	suffers	
16-48	5498-5503	great	
16-49	5504-5512	personal	
16-50	5513-5526	inconvenience	
16-51	5527-5531	from	
16-52	5532-5535	the	
16-53	5536-5544	gas-work	
16-54	5544-5545	,	
16-55	5546-5550	from	
16-56	5551-5554	the	
16-57	5555-5560	smoke	
16-58	5560-5561	,	
16-59	5562-5565	the	
16-60	5566-5571	smell	
16-61	5571-5572	,	
16-62	5573-5576	and	
16-63	5577-5580	the	
16-64	5581-5587	blacks	
16-65	5587-5588	,	
16-66	5589-5594	which	
16-67	5595-5605	frequently	
16-68	5606-5613	prevent	
16-69	5614-5617	the	
16-70	5618-5624	drying	
16-71	5625-5627	of	
16-72	5628-5633	linen	
16-73	5634-5636	in	
16-74	5637-5640	his	
16-75	5641-5647	garden	
16-76	5648-5649	:	
16-77	5650-5654	That	
16-78	5655-5656	a	
16-79	5657-5662	great	
16-80	5663-5667	deal	
16-81	5668-5670	of	
16-82	5671-5676	smoke	
16-83	5677-5685	proceeds	
16-84	5686-5690	from	
16-85	5691-5694	the	
16-86	5695-5702	chimney	
16-87	5702-5703	;	
16-88	5704-5707	and	
16-89	5708-5712	when	
16-90	5713-5717	they	
16-91	5718-5722	draw	
16-92	5723-5728	their	
16-93	5729-5733	coke	
16-94	5734-5738	from	
16-95	5739-5742	the	
16-96	5743-5750	retorts	
16-97	5750-5751	,	
16-98	5752-5753	a	
16-99	5754-5759	great	
16-100	5760-5764	deal	
16-101	5765-5767	of	
16-102	5768-5773	smoke	
16-103	5774-5779	comes	
16-104	5780-5784	then	
16-105	5785-5786	:	
16-106	5787-5791	That	
16-107	5792-5795	his	
16-108	5796-5802	little	
16-109	5803-5809	garden	
16-110	5810-5812	is	
16-111	5813-5819	ruined	
16-112	5819-5820	,	
16-113	5821-5828	nothing	
16-114	5829-5833	will	
16-115	5834-5838	grow	
16-116	5839-5842	now	
16-117	5843-5845	in	
16-118	5846-5848	it	
16-119	5848-5849	,	
16-120	5850-5856	though	
16-121	5857-5863	things	
16-122	5864-5868	grew	
16-123	5869-5874	there	
16-124	5875-5881	before	
16-125	5881-5882	:	
16-126	5883-5887	That	
16-127	5888-5890	he	
16-128	5891-5900	continues	
16-129	5901-5903	to	
16-130	5904-5908	live	
16-131	5909-5911	in	
16-132	5912-5915	the	
16-133	5916-5922	street	
16-134	5922-5923	,	
16-135	5924-5932	although	
16-136	5933-5935	it	
16-137	5936-5938	is	
16-138	5939-5943	very	
16-139	5944-5956	disagreeable	
16-140	5956-5957	,	
16-141	5958-5965	because	
16-142	5966-5969	his	
16-143	5970-5978	property	
16-144	5979-5982	all	
16-145	5983-5987	lies	
16-146	5988-5994	around	
16-147	5995-5998	him	
16-148	5998-5999	,	
16-149	6000-6005	which	
16-150	6006-6008	is	
16-151	6009-6012	the	
16-152	6013-6019	reason	
16-153	6020-6024	that	
16-154	6025-6032	induces	
16-155	6033-6036	him	
16-156	6037-6039	to	
16-157	6040-6048	continue	
16-158	6049-6054	there	
16-159	6054-6055	.	

#Text=Mr John GASSON, clerk in the Sun Fire Office, has resided in Marsham Street twenty-three years : remembers the first establishment of the gas-works, then comparatively small : Says that very soon after their establishment an interdict was preferred against them, and they were stopped : That a Mr Johnson got the neighbours to join in preferring a bill, but that he afterwards compromised with the gas company, by selling them all the premises he occupied, which were extensive, containing pretty houses and good gardens, for which he got £25,000; after this, the indictment was not proceeded in : Says that his own house is about thirty or forty yards from the small chimney, and twenty or thirty more from the large one: That he has experienced great inconvenience from the neighbourhood of the gas-works, and that, up to the present time, he sees no difference :
#Text= That, at times, the chimney smokes very much, very like a brewery or distillery: That the smoke enters his house, and, when the wind is west and south-west, the blacks fall in his garden like hail : That the smells from the works are very bad, and often, when their doors and windows are opened, they are glad to get them shut again, as quick as they can : That the smell is not always the same, and is worse at one time than another : That, at night, it is sometimes intolerable, even in streets, as College Street, Smith Street, and Dean Street, at a considerable distance from his residence, between 200 or 300 yards : That most of this smell at night is when they are pumping the ammoniacal liquor into vessels, and carrying it away in carts * ; it is then hardly possible to bear the place : That the smell from the carts is very considerable, and if, when in the street, he knew the way the carts were coming, he would certainly take a circuitous route rather than meet them: That the paint of his house externally is very much affected, and where the air finds its way in at apertures, it changes the colour, as if it were rubbed over with a black-lead brush, which he attributes to the gas-works, as it was not so before they were established: That articles of brass or copper are soon again discoloured after they are cleaned : That he has always considered the gas-works to be a nuisance, and that every one of his neighbours he has conversed with is of the same opinion : That his wife complains of the works as affecting her health, and when they (the works) are very bad, she is obliged to go out.
17-1	6056-6058	Mr	
17-2	6059-6063	John	
17-3	6064-6070	GASSON	
17-4	6070-6071	,	
17-5	6072-6077	clerk	
17-6	6078-6080	in	
17-7	6081-6084	the	
17-8	6085-6088	Sun	
17-9	6089-6093	Fire	
17-10	6094-6100	Office	
17-11	6100-6101	,	
17-12	6102-6105	has	
17-13	6106-6113	resided	
17-14	6114-6116	in	
17-15	6117-6124	Marsham	
17-16	6125-6131	Street	
17-17	6132-6144	twenty-three	
17-18	6145-6150	years	
17-19	6151-6152	:	
17-20	6153-6162	remembers	
17-21	6163-6166	the	
17-22	6167-6172	first	
17-23	6173-6186	establishment	
17-24	6187-6189	of	
17-25	6190-6193	the	
17-26	6194-6203	gas-works	
17-27	6203-6204	,	
17-28	6205-6209	then	
17-29	6210-6223	comparatively	
17-30	6224-6229	small	
17-31	6230-6231	:	
17-32	6232-6236	Says	
17-33	6237-6241	that	
17-34	6242-6246	very	
17-35	6247-6251	soon	
17-36	6252-6257	after	
17-37	6258-6263	their	
17-38	6264-6277	establishment	
17-39	6278-6280	an	
17-40	6281-6290	interdict	
17-41	6291-6294	was	
17-42	6295-6304	preferred	
17-43	6305-6312	against	
17-44	6313-6317	them	
17-45	6317-6318	,	
17-46	6319-6322	and	
17-47	6323-6327	they	
17-48	6328-6332	were	
17-49	6333-6340	stopped	
17-50	6341-6342	:	
17-51	6343-6347	That	
17-52	6348-6349	a	
17-53	6350-6352	Mr	
17-54	6353-6360	Johnson	
17-55	6361-6364	got	
17-56	6365-6368	the	
17-57	6369-6379	neighbours	
17-58	6380-6382	to	
17-59	6383-6387	join	
17-60	6388-6390	in	
17-61	6391-6401	preferring	
17-62	6402-6403	a	
17-63	6404-6408	bill	
17-64	6408-6409	,	
17-65	6410-6413	but	
17-66	6414-6418	that	
17-67	6419-6421	he	
17-68	6422-6432	afterwards	
17-69	6433-6444	compromised	
17-70	6445-6449	with	
17-71	6450-6453	the	
17-72	6454-6457	gas	
17-73	6458-6465	company	
17-74	6465-6466	,	
17-75	6467-6469	by	
17-76	6470-6477	selling	
17-77	6478-6482	them	
17-78	6483-6486	all	
17-79	6487-6490	the	
17-80	6491-6499	premises	
17-81	6500-6502	he	
17-82	6503-6511	occupied	
17-83	6511-6512	,	
17-84	6513-6518	which	
17-85	6519-6523	were	
17-86	6524-6533	extensive	
17-87	6533-6534	,	
17-88	6535-6545	containing	
17-89	6546-6552	pretty	
17-90	6553-6559	houses	
17-91	6560-6563	and	
17-92	6564-6568	good	
17-93	6569-6576	gardens	
17-94	6576-6577	,	
17-95	6578-6581	for	
17-96	6582-6587	which	
17-97	6588-6590	he	
17-98	6591-6594	got	
17-99	6595-6602	£25,000	
17-100	6602-6603	;	
17-101	6604-6609	after	
17-102	6610-6614	this	
17-103	6614-6615	,	
17-104	6616-6619	the	
17-105	6620-6630	indictment	
17-106	6631-6634	was	
17-107	6635-6638	not	
17-108	6639-6648	proceeded	
17-109	6649-6651	in	
17-110	6652-6653	:	
17-111	6654-6658	Says	
17-112	6659-6663	that	
17-113	6664-6667	his	
17-114	6668-6671	own	
17-115	6672-6677	house	
17-116	6678-6680	is	
17-117	6681-6686	about	
17-118	6687-6693	thirty	
17-119	6694-6696	or	
17-120	6697-6702	forty	
17-121	6703-6708	yards	
17-122	6709-6713	from	
17-123	6714-6717	the	
17-124	6718-6723	small	
17-125	6724-6731	chimney	
17-126	6731-6732	,	
17-127	6733-6736	and	
17-128	6737-6743	twenty	
17-129	6744-6746	or	
17-130	6747-6753	thirty	
17-131	6754-6758	more	
17-132	6759-6763	from	
17-133	6764-6767	the	
17-134	6768-6773	large	
17-135	6774-6777	one	
17-136	6777-6778	:	
17-137	6779-6783	That	
17-138	6784-6786	he	
17-139	6787-6790	has	
17-140	6791-6802	experienced	
17-141	6803-6808	great	
17-142	6809-6822	inconvenience	
17-143	6823-6827	from	
17-144	6828-6831	the	
17-145	6832-6845	neighbourhood	
17-146	6846-6848	of	
17-147	6849-6852	the	
17-148	6853-6862	gas-works	
17-149	6862-6863	,	
17-150	6864-6867	and	
17-151	6868-6872	that	
17-152	6872-6873	,	
17-153	6874-6876	up	
17-154	6877-6879	to	
17-155	6880-6883	the	
17-156	6884-6891	present	
17-157	6892-6896	time	
17-158	6896-6897	,	
17-159	6898-6900	he	
17-160	6901-6905	sees	
17-161	6906-6908	no	
17-162	6909-6919	difference	
17-163	6920-6921	:	
17-164	6923-6927	That	
17-165	6927-6928	,	
17-166	6929-6931	at	
17-167	6932-6937	times	
17-168	6937-6938	,	
17-169	6939-6942	the	
17-170	6943-6950	chimney	
17-171	6951-6957	smokes	
17-172	6958-6962	very	
17-173	6963-6967	much	
17-174	6967-6968	,	
17-175	6969-6973	very	
17-176	6974-6978	like	
17-177	6979-6980	a	
17-178	6981-6988	brewery	
17-179	6989-6991	or	
17-180	6992-7002	distillery	
17-181	7002-7003	:	
17-182	7004-7008	That	
17-183	7009-7012	the	
17-184	7013-7018	smoke	
17-185	7019-7025	enters	
17-186	7026-7029	his	
17-187	7030-7035	house	
17-188	7035-7036	,	
17-189	7037-7040	and	
17-190	7040-7041	,	
17-191	7042-7046	when	
17-192	7047-7050	the	
17-193	7051-7055	wind	
17-194	7056-7058	is	
17-195	7059-7063	west	
17-196	7064-7067	and	
17-197	7068-7078	south-west	
17-198	7078-7079	,	
17-199	7080-7083	the	
17-200	7084-7090	blacks	
17-201	7091-7095	fall	
17-202	7096-7098	in	
17-203	7099-7102	his	
17-204	7103-7109	garden	
17-205	7110-7114	like	
17-206	7115-7119	hail	
17-207	7120-7121	:	
17-208	7122-7126	That	
17-209	7127-7130	the	
17-210	7131-7137	smells	
17-211	7138-7142	from	
17-212	7143-7146	the	
17-213	7147-7152	works	
17-214	7153-7156	are	
17-215	7157-7161	very	
17-216	7162-7165	bad	
17-217	7165-7166	,	
17-218	7167-7170	and	
17-219	7171-7176	often	
17-220	7176-7177	,	
17-221	7178-7182	when	
17-222	7183-7188	their	
17-223	7189-7194	doors	
17-224	7195-7198	and	
17-225	7199-7206	windows	
17-226	7207-7210	are	
17-227	7211-7217	opened	
17-228	7217-7218	,	
17-229	7219-7223	they	
17-230	7224-7227	are	
17-231	7228-7232	glad	
17-232	7233-7235	to	
17-233	7236-7239	get	
17-234	7240-7244	them	
17-235	7245-7249	shut	
17-236	7250-7255	again	
17-237	7255-7256	,	
17-238	7257-7259	as	
17-239	7260-7265	quick	
17-240	7266-7268	as	
17-241	7269-7273	they	
17-242	7274-7277	can	
17-243	7278-7279	:	
17-244	7280-7284	That	
17-245	7285-7288	the	
17-246	7289-7294	smell	
17-247	7295-7297	is	
17-248	7298-7301	not	
17-249	7302-7308	always	
17-250	7309-7312	the	
17-251	7313-7317	same	
17-252	7317-7318	,	
17-253	7319-7322	and	
17-254	7323-7325	is	
17-255	7326-7331	worse	
17-256	7332-7334	at	
17-257	7335-7338	one	
17-258	7339-7343	time	
17-259	7344-7348	than	
17-260	7349-7356	another	
17-261	7357-7358	:	
17-262	7359-7363	That	
17-263	7363-7364	,	
17-264	7365-7367	at	
17-265	7368-7373	night	
17-266	7373-7374	,	
17-267	7375-7377	it	
17-268	7378-7380	is	
17-269	7381-7390	sometimes	
17-270	7391-7402	intolerable	
17-271	7402-7403	,	
17-272	7404-7408	even	
17-273	7409-7411	in	
17-274	7412-7419	streets	
17-275	7419-7420	,	
17-276	7421-7423	as	
17-277	7424-7431	College	
17-278	7432-7438	Street	
17-279	7438-7439	,	
17-280	7440-7445	Smith	
17-281	7446-7452	Street	
17-282	7452-7453	,	
17-283	7454-7457	and	
17-284	7458-7462	Dean	
17-285	7463-7469	Street	
17-286	7469-7470	,	
17-287	7471-7473	at	
17-288	7474-7475	a	
17-289	7476-7488	considerable	
17-290	7489-7497	distance	
17-291	7498-7502	from	
17-292	7503-7506	his	
17-293	7507-7516	residence	
17-294	7516-7517	,	
17-295	7518-7525	between	
17-296	7526-7529	200	
17-297	7530-7532	or	
17-298	7533-7536	300	
17-299	7537-7542	yards	
17-300	7543-7544	:	
17-301	7545-7549	That	
17-302	7550-7554	most	
17-303	7555-7557	of	
17-304	7558-7562	this	
17-305	7563-7568	smell	
17-306	7569-7571	at	
17-307	7572-7577	night	
17-308	7578-7580	is	
17-309	7581-7585	when	
17-310	7586-7590	they	
17-311	7591-7594	are	
17-312	7595-7602	pumping	
17-313	7603-7606	the	
17-314	7607-7617	ammoniacal	
17-315	7618-7624	liquor	
17-316	7625-7629	into	
17-317	7630-7637	vessels	
17-318	7637-7638	,	
17-319	7639-7642	and	
17-320	7643-7651	carrying	
17-321	7652-7654	it	
17-322	7655-7659	away	
17-323	7660-7662	in	
17-324	7663-7668	carts	
17-325	7669-7670	*	
17-326	7671-7672	;	
17-327	7673-7675	it	
17-328	7676-7678	is	
17-329	7679-7683	then	
17-330	7684-7690	hardly	
17-331	7691-7699	possible	
17-332	7700-7702	to	
17-333	7703-7707	bear	
17-334	7708-7711	the	
17-335	7712-7717	place	
17-336	7718-7719	:	
17-337	7720-7724	That	
17-338	7725-7728	the	
17-339	7729-7734	smell	
17-340	7735-7739	from	
17-341	7740-7743	the	
17-342	7744-7749	carts	
17-343	7750-7752	is	
17-344	7753-7757	very	
17-345	7758-7770	considerable	
17-346	7770-7771	,	
17-347	7772-7775	and	
17-348	7776-7778	if	
17-349	7778-7779	,	
17-350	7780-7784	when	
17-351	7785-7787	in	
17-352	7788-7791	the	
17-353	7792-7798	street	
17-354	7798-7799	,	
17-355	7800-7802	he	
17-356	7803-7807	knew	
17-357	7808-7811	the	
17-358	7812-7815	way	
17-359	7816-7819	the	
17-360	7820-7825	carts	
17-361	7826-7830	were	
17-362	7831-7837	coming	
17-363	7837-7838	,	
17-364	7839-7841	he	
17-365	7842-7847	would	
17-366	7848-7857	certainly	
17-367	7858-7862	take	
17-368	7863-7864	a	
17-369	7865-7875	circuitous	
17-370	7876-7881	route	
17-371	7882-7888	rather	
17-372	7889-7893	than	
17-373	7894-7898	meet	
17-374	7899-7903	them	
17-375	7903-7904	:	
17-376	7905-7909	That	
17-377	7910-7913	the	
17-378	7914-7919	paint	
17-379	7920-7922	of	
17-380	7923-7926	his	
17-381	7927-7932	house	
17-382	7933-7943	externally	
17-383	7944-7946	is	
17-384	7947-7951	very	
17-385	7952-7956	much	
17-386	7957-7965	affected	
17-387	7965-7966	,	
17-388	7967-7970	and	
17-389	7971-7976	where	
17-390	7977-7980	the	
17-391	7981-7984	air	
17-392	7985-7990	finds	
17-393	7991-7994	its	
17-394	7995-7998	way	
17-395	7999-8001	in	
17-396	8002-8004	at	
17-397	8005-8014	apertures	
17-398	8014-8015	,	
17-399	8016-8018	it	
17-400	8019-8026	changes	
17-401	8027-8030	the	
17-402	8031-8037	colour	
17-403	8037-8038	,	
17-404	8039-8041	as	
17-405	8042-8044	if	
17-406	8045-8047	it	
17-407	8048-8052	were	
17-408	8053-8059	rubbed	
17-409	8060-8064	over	
17-410	8065-8069	with	
17-411	8070-8071	a	
17-412	8072-8082	black-lead	
17-413	8083-8088	brush	
17-414	8088-8089	,	
17-415	8090-8095	which	
17-416	8096-8098	he	
17-417	8099-8109	attributes	
17-418	8110-8112	to	
17-419	8113-8116	the	
17-420	8117-8126	gas-works	
17-421	8126-8127	,	
17-422	8128-8130	as	
17-423	8131-8133	it	
17-424	8134-8137	was	
17-425	8138-8141	not	
17-426	8142-8144	so	
17-427	8145-8151	before	
17-428	8152-8156	they	
17-429	8157-8161	were	
17-430	8162-8173	established	
17-431	8173-8174	:	
17-432	8175-8179	That	
17-433	8180-8188	articles	
17-434	8189-8191	of	
17-435	8192-8197	brass	
17-436	8198-8200	or	
17-437	8201-8207	copper	
17-438	8208-8211	are	
17-439	8212-8216	soon	
17-440	8217-8222	again	
17-441	8223-8234	discoloured	
17-442	8235-8240	after	
17-443	8241-8245	they	
17-444	8246-8249	are	
17-445	8250-8257	cleaned	
17-446	8258-8259	:	
17-447	8260-8264	That	
17-448	8265-8267	he	
17-449	8268-8271	has	
17-450	8272-8278	always	
17-451	8279-8289	considered	
17-452	8290-8293	the	
17-453	8294-8303	gas-works	
17-454	8304-8306	to	
17-455	8307-8309	be	
17-456	8310-8311	a	
17-457	8312-8320	nuisance	
17-458	8320-8321	,	
17-459	8322-8325	and	
17-460	8326-8330	that	
17-461	8331-8336	every	
17-462	8337-8340	one	
17-463	8341-8343	of	
17-464	8344-8347	his	
17-465	8348-8358	neighbours	
17-466	8359-8361	he	
17-467	8362-8365	has	
17-468	8366-8375	conversed	
17-469	8376-8380	with	
17-470	8381-8383	is	
17-471	8384-8386	of	
17-472	8387-8390	the	
17-473	8391-8395	same	
17-474	8396-8403	opinion	
17-475	8404-8405	:	
17-476	8406-8410	That	
17-477	8411-8414	his	
17-478	8415-8419	wife	
17-479	8420-8429	complains	
17-480	8430-8432	of	
17-481	8433-8436	the	
17-482	8437-8442	works	
17-483	8443-8445	as	
17-484	8446-8455	affecting	
17-485	8456-8459	her	
17-486	8460-8466	health	
17-487	8466-8467	,	
17-488	8468-8471	and	
17-489	8472-8476	when	
17-490	8477-8481	they	
17-491	8482-8483	(	
17-492	8483-8486	the	
17-493	8487-8492	works	
17-494	8492-8493	)	
17-495	8494-8497	are	
17-496	8498-8502	very	
17-497	8503-8506	bad	
17-498	8506-8507	,	
17-499	8508-8511	she	
17-500	8512-8514	is	
17-501	8515-8522	obliged	
17-502	8523-8525	to	
17-503	8526-8528	go	
17-504	8529-8532	out	
17-505	8532-8533	.	

#Text=Examined by the Committee :-Says that the smells depend much on the wind : That the value of property is diminishing since the establishment of the gas-work: That persons who have not resided there a considerable time would not be anxious to come there, and those who remain, approved it much more before the works were there : That they have smoke and smells now, which they had not before : That when they draw their retorts, the smoke comes in a great body through the tiles, and this smoke yields a very disagreeable smell, like that of water thrown upon fire.
18-1	8535-8543	Examined	
18-2	8544-8546	by	
18-3	8547-8550	the	
18-4	8551-8560	Committee	
18-5	8561-8562	:	
18-6	8562-8563	-	
18-7	8563-8567	Says	
18-8	8568-8572	that	
18-9	8573-8576	the	
18-10	8577-8583	smells	
18-11	8584-8590	depend	
18-12	8591-8595	much	
18-13	8596-8598	on	
18-14	8599-8602	the	
18-15	8603-8607	wind	
18-16	8608-8609	:	
18-17	8610-8614	That	
18-18	8615-8618	the	
18-19	8619-8624	value	
18-20	8625-8627	of	
18-21	8628-8636	property	
18-22	8637-8639	is	
18-23	8640-8651	diminishing	
18-24	8652-8657	since	
18-25	8658-8661	the	
18-26	8662-8675	establishment	
18-27	8676-8678	of	
18-28	8679-8682	the	
18-29	8683-8691	gas-work	
18-30	8691-8692	:	
18-31	8693-8697	That	
18-32	8698-8705	persons	
18-33	8706-8709	who	
18-34	8710-8714	have	
18-35	8715-8718	not	
18-36	8719-8726	resided	
18-37	8727-8732	there	
18-38	8733-8734	a	
18-39	8735-8747	considerable	
18-40	8748-8752	time	
18-41	8753-8758	would	
18-42	8759-8762	not	
18-43	8763-8765	be	
18-44	8766-8773	anxious	
18-45	8774-8776	to	
18-46	8777-8781	come	
18-47	8782-8787	there	
18-48	8787-8788	,	
18-49	8789-8792	and	
18-50	8793-8798	those	
18-51	8799-8802	who	
18-52	8803-8809	remain	
18-53	8809-8810	,	
18-54	8811-8819	approved	
18-55	8820-8822	it	
18-56	8823-8827	much	
18-57	8828-8832	more	
18-58	8833-8839	before	
18-59	8840-8843	the	
18-60	8844-8849	works	
18-61	8850-8854	were	
18-62	8855-8860	there	
18-63	8861-8862	:	
18-64	8863-8867	That	
18-65	8868-8872	they	
18-66	8873-8877	have	
18-67	8878-8883	smoke	
18-68	8884-8887	and	
18-69	8888-8894	smells	
18-70	8895-8898	now	
18-71	8898-8899	,	
18-72	8900-8905	which	
18-73	8906-8910	they	
18-74	8911-8914	had	
18-75	8915-8918	not	
18-76	8919-8925	before	
18-77	8926-8927	:	
18-78	8928-8932	That	
18-79	8933-8937	when	
18-80	8938-8942	they	
18-81	8943-8947	draw	
18-82	8948-8953	their	
18-83	8954-8961	retorts	
18-84	8961-8962	,	
18-85	8963-8966	the	
18-86	8967-8972	smoke	
18-87	8973-8978	comes	
18-88	8979-8981	in	
18-89	8982-8983	a	
18-90	8984-8989	great	
18-91	8990-8994	body	
18-92	8995-9002	through	
18-93	9003-9006	the	
18-94	9007-9012	tiles	
18-95	9012-9013	,	
18-96	9014-9017	and	
18-97	9018-9022	this	
18-98	9023-9028	smoke	
18-99	9029-9035	yields	
18-100	9036-9037	a	
18-101	9038-9042	very	
18-102	9043-9055	disagreeable	
18-103	9056-9061	smell	
18-104	9061-9062	,	
18-105	9063-9067	like	
18-106	9068-9072	that	
18-107	9073-9075	of	
18-108	9076-9081	water	
18-109	9082-9088	thrown	
18-110	9089-9093	upon	
18-111	9094-9098	fire	
18-112	9098-9099	.	

#Text=Mr EDWARD TENNANT, currier, lives at 47.
19-1	9101-9103	Mr	
19-2	9104-9110	EDWARD	
19-3	9111-9118	TENNANT	
19-4	9118-9119	,	
19-5	9120-9127	currier	
19-6	9127-9128	,	
19-7	9129-9134	lives	
19-8	9135-9137	at	
19-9	9138-9140	47	
19-10	9140-9141	.	

#Text=Marsham Street : has lived there nine years : is so near the gas-work that the bottom of his garden is only about six feet and a half from the high wall : Says he is much inconvenienced by the great smoke and nasty smells from the gas-works: That his wife complains very much of them : That the smell is greater at one time than another, and is felt most when they are drawing the retorts: That from the top of his house he can command a view of the whole works, and from thence he has seen immense quantities of smoke issue from the retort-house : That his wife complains that her sight is affected by the works :-Says that the street is inhabited chiefly by tradesmen, and that there is great difficulty in letting lodgings in it; he himself had a first floor to let, and when any one came to look at his rooms, they would ask, “ What building is that at the back ?”
20-1	9143-9150	Marsham	
20-2	9151-9157	Street	
20-3	9158-9159	:	
20-4	9160-9163	has	
20-5	9164-9169	lived	
20-6	9170-9175	there	
20-7	9176-9180	nine	
20-8	9181-9186	years	
20-9	9187-9188	:	
20-10	9189-9191	is	
20-11	9192-9194	so	
20-12	9195-9199	near	
20-13	9200-9203	the	
20-14	9204-9212	gas-work	
20-15	9213-9217	that	
20-16	9218-9221	the	
20-17	9222-9228	bottom	
20-18	9229-9231	of	
20-19	9232-9235	his	
20-20	9236-9242	garden	
20-21	9243-9245	is	
20-22	9246-9250	only	
20-23	9251-9256	about	
20-24	9257-9260	six	
20-25	9261-9265	feet	
20-26	9266-9269	and	
20-27	9270-9271	a	
20-28	9272-9276	half	
20-29	9277-9281	from	
20-30	9282-9285	the	
20-31	9286-9290	high	
20-32	9291-9295	wall	
20-33	9296-9297	:	
20-34	9298-9302	Says	
20-35	9303-9305	he	
20-36	9306-9308	is	
20-37	9309-9313	much	
20-38	9314-9328	inconvenienced	
20-39	9329-9331	by	
20-40	9332-9335	the	
20-41	9336-9341	great	
20-42	9342-9347	smoke	
20-43	9348-9351	and	
20-44	9352-9357	nasty	
20-45	9358-9364	smells	
20-46	9365-9369	from	
20-47	9370-9373	the	
20-48	9374-9383	gas-works	
20-49	9383-9384	:	
20-50	9385-9389	That	
20-51	9390-9393	his	
20-52	9394-9398	wife	
20-53	9399-9408	complains	
20-54	9409-9413	very	
20-55	9414-9418	much	
20-56	9419-9421	of	
20-57	9422-9426	them	
20-58	9427-9428	:	
20-59	9429-9433	That	
20-60	9434-9437	the	
20-61	9438-9443	smell	
20-62	9444-9446	is	
20-63	9447-9454	greater	
20-64	9455-9457	at	
20-65	9458-9461	one	
20-66	9462-9466	time	
20-67	9467-9471	than	
20-68	9472-9479	another	
20-69	9479-9480	,	
20-70	9481-9484	and	
20-71	9485-9487	is	
20-72	9488-9492	felt	
20-73	9493-9497	most	
20-74	9498-9502	when	
20-75	9503-9507	they	
20-76	9508-9511	are	
20-77	9512-9519	drawing	
20-78	9520-9523	the	
20-79	9524-9531	retorts	
20-80	9531-9532	:	
20-81	9533-9537	That	
20-82	9538-9542	from	
20-83	9543-9546	the	
20-84	9547-9550	top	
20-85	9551-9553	of	
20-86	9554-9557	his	
20-87	9558-9563	house	
20-88	9564-9566	he	
20-89	9567-9570	can	
20-90	9571-9578	command	
20-91	9579-9580	a	
20-92	9581-9585	view	
20-93	9586-9588	of	
20-94	9589-9592	the	
20-95	9593-9598	whole	
20-96	9599-9604	works	
20-97	9604-9605	,	
20-98	9606-9609	and	
20-99	9610-9614	from	
20-100	9615-9621	thence	
20-101	9622-9624	he	
20-102	9625-9628	has	
20-103	9629-9633	seen	
20-104	9634-9641	immense	
20-105	9642-9652	quantities	
20-106	9653-9655	of	
20-107	9656-9661	smoke	
20-108	9662-9667	issue	
20-109	9668-9672	from	
20-110	9673-9676	the	
20-111	9677-9689	retort-house	
20-112	9690-9691	:	
20-113	9692-9696	That	
20-114	9697-9700	his	
20-115	9701-9705	wife	
20-116	9706-9715	complains	
20-117	9716-9720	that	
20-118	9721-9724	her	
20-119	9725-9730	sight	
20-120	9731-9733	is	
20-121	9734-9742	affected	
20-122	9743-9745	by	
20-123	9746-9749	the	
20-124	9750-9755	works	
20-125	9756-9757	:	
20-126	9757-9758	-	
20-127	9758-9762	Says	
20-128	9763-9767	that	
20-129	9768-9771	the	
20-130	9772-9778	street	
20-131	9779-9781	is	
20-132	9782-9791	inhabited	
20-133	9792-9799	chiefly	
20-134	9800-9802	by	
20-135	9803-9812	tradesmen	
20-136	9812-9813	,	
20-137	9814-9817	and	
20-138	9818-9822	that	
20-139	9823-9828	there	
20-140	9829-9831	is	
20-141	9832-9837	great	
20-142	9838-9848	difficulty	
20-143	9849-9851	in	
20-144	9852-9859	letting	
20-145	9860-9868	lodgings	
20-146	9869-9871	in	
20-147	9872-9874	it	
20-148	9874-9875	;	
20-149	9876-9878	he	
20-150	9879-9886	himself	
20-151	9887-9890	had	
20-152	9891-9892	a	
20-153	9893-9898	first	
20-154	9899-9904	floor	
20-155	9905-9907	to	
20-156	9908-9911	let	
20-157	9911-9912	,	
20-158	9913-9916	and	
20-159	9917-9921	when	
20-160	9922-9925	any	
20-161	9926-9929	one	
20-162	9930-9934	came	
20-163	9935-9937	to	
20-164	9938-9942	look	
20-165	9943-9945	at	
20-166	9946-9949	his	
20-167	9950-9955	rooms	
20-168	9955-9956	,	
20-169	9957-9961	they	
20-170	9962-9967	would	
20-171	9968-9971	ask	
20-172	9971-9972	,	
20-173	9973-9974	“	
20-174	9975-9979	What	
20-175	9980-9988	building	
20-176	9989-9991	is	
20-177	9992-9996	that	
20-178	9997-9999	at	
20-179	10000-10003	the	
20-180	10004-10008	back	
20-181	10009-10010	?	
20-182	10010-10011	”	

#Text=he told them the gas-works: they instantly replied, “ Then I cannot come and live near them.
#Text= ” Mr JAMES MARR, 25.
21-1	10012-10014	he	
21-2	10015-10019	told	
21-3	10020-10024	them	
21-4	10025-10028	the	
21-5	10029-10038	gas-works	
21-6	10038-10039	:	
21-7	10040-10044	they	
21-8	10045-10054	instantly	
21-9	10055-10062	replied	
21-10	10062-10063	,	
21-11	10064-10065	“	
21-12	10066-10070	Then	
21-13	10071-10072	I	
21-14	10073-10079	cannot	
21-15	10080-10084	come	
21-16	10085-10088	and	
21-17	10089-10093	live	
21-18	10094-10098	near	
21-19	10099-10103	them	
21-20	10103-10104	.	
21-21	10106-10107	”	
21-22	10108-10110	Mr	
21-23	10111-10116	JAMES	
21-24	10117-10121	MARR	
21-25	10121-10122	,	
21-26	10123-10125	25	
21-27	10125-10126	.	

#Text=Kensington Place, lived formerly in No.
#Text= 58.
22-1	10128-10138	Kensington	
22-2	10139-10144	Place	
22-3	10144-10145	,	
22-4	10146-10151	lived	
22-5	10152-10160	formerly	
22-6	10161-10163	in	
22-7	10164-10166	No	
22-8	10166-10167	.	
22-9	10169-10171	58	
22-10	10171-10172	.	

#Text=Marsham Street for two years and a half; removed from it on account of his wife  '  s illness ; attributes that illness to the gas-works: That her surgeon, who attended her for a year and a half, advised her to remove on account of said works: That his present residence is about 200 yards from the works, since which his wife  '  s health has mended ; but he will move still farther as soon as possible : That he has perceived 3 both smoke and smells from the gas-works : That the smells are very disagreeable: That when the wind was in a particular quarter, they could not keep either door or windows open : That he is in the employ of the East India Company, and absent from home every day except Sundays, but feels the nuisance in the morning and evenings when going from or returning home: That, in dull weather the smell is worse, from being longer retained in the atmosphere, and falling down; and that he still feels it in his present residence, though not so objectionable.
23-1	10174-10181	Marsham	
23-2	10182-10188	Street	
23-3	10189-10192	for	
23-4	10193-10196	two	
23-5	10197-10202	years	
23-6	10203-10206	and	
23-7	10207-10208	a	
23-8	10209-10213	half	
23-9	10213-10214	;	
23-10	10215-10222	removed	
23-11	10223-10227	from	
23-12	10228-10230	it	
23-13	10231-10233	on	
23-14	10234-10241	account	
23-15	10242-10244	of	
23-16	10245-10248	his	
23-17	10249-10253	wife	
23-18	10255-10256	'	
23-19	10258-10259	s	
23-20	10260-10267	illness	
23-21	10268-10269	;	
23-22	10270-10280	attributes	
23-23	10281-10285	that	
23-24	10286-10293	illness	
23-25	10294-10296	to	
23-26	10297-10300	the	
23-27	10301-10310	gas-works	
23-28	10310-10311	:	
23-29	10312-10316	That	
23-30	10317-10320	her	
23-31	10321-10328	surgeon	
23-32	10328-10329	,	
23-33	10330-10333	who	
23-34	10334-10342	attended	
23-35	10343-10346	her	
23-36	10347-10350	for	
23-37	10351-10352	a	
23-38	10353-10357	year	
23-39	10358-10361	and	
23-40	10362-10363	a	
23-41	10364-10368	half	
23-42	10368-10369	,	
23-43	10370-10377	advised	
23-44	10378-10381	her	
23-45	10382-10384	to	
23-46	10385-10391	remove	
23-47	10392-10394	on	
23-48	10395-10402	account	
23-49	10403-10405	of	
23-50	10406-10410	said	
23-51	10411-10416	works	
23-52	10416-10417	:	
23-53	10418-10422	That	
23-54	10423-10426	his	
23-55	10427-10434	present	
23-56	10435-10444	residence	
23-57	10445-10447	is	
23-58	10448-10453	about	
23-59	10454-10457	200	
23-60	10458-10463	yards	
23-61	10464-10468	from	
23-62	10469-10472	the	
23-63	10473-10478	works	
23-64	10478-10479	,	
23-65	10480-10485	since	
23-66	10486-10491	which	
23-67	10492-10495	his	
23-68	10496-10500	wife	
23-69	10502-10503	'	
23-70	10505-10506	s	
23-71	10507-10513	health	
23-72	10514-10517	has	
23-73	10518-10524	mended	
23-74	10525-10526	;	
23-75	10527-10530	but	
23-76	10531-10533	he	
23-77	10534-10538	will	
23-78	10539-10543	move	
23-79	10544-10549	still	
23-80	10550-10557	farther	
23-81	10558-10560	as	
23-82	10561-10565	soon	
23-83	10566-10568	as	
23-84	10569-10577	possible	
23-85	10578-10579	:	
23-86	10580-10584	That	
23-87	10585-10587	he	
23-88	10588-10591	has	
23-89	10592-10601	perceived	
23-90	10602-10603	3	
23-91	10604-10608	both	
23-92	10609-10614	smoke	
23-93	10615-10618	and	
23-94	10619-10625	smells	
23-95	10626-10630	from	
23-96	10631-10634	the	
23-97	10635-10644	gas-works	
23-98	10645-10646	:	
23-99	10647-10651	That	
23-100	10652-10655	the	
23-101	10656-10662	smells	
23-102	10663-10666	are	
23-103	10667-10671	very	
23-104	10672-10684	disagreeable	
23-105	10684-10685	:	
23-106	10686-10690	That	
23-107	10691-10695	when	
23-108	10696-10699	the	
23-109	10700-10704	wind	
23-110	10705-10708	was	
23-111	10709-10711	in	
23-112	10712-10713	a	
23-113	10714-10724	particular	
23-114	10725-10732	quarter	
23-115	10732-10733	,	
23-116	10734-10738	they	
23-117	10739-10744	could	
23-118	10745-10748	not	
23-119	10749-10753	keep	
23-120	10754-10760	either	
23-121	10761-10765	door	
23-122	10766-10768	or	
23-123	10769-10776	windows	
23-124	10777-10781	open	
23-125	10782-10783	:	
23-126	10784-10788	That	
23-127	10789-10791	he	
23-128	10792-10794	is	
23-129	10795-10797	in	
23-130	10798-10801	the	
23-131	10802-10808	employ	
23-132	10809-10811	of	
23-133	10812-10815	the	
23-134	10816-10820	East	
23-135	10821-10826	India	
23-136	10827-10834	Company	
23-137	10834-10835	,	
23-138	10836-10839	and	
23-139	10840-10846	absent	
23-140	10847-10851	from	
23-141	10852-10856	home	
23-142	10857-10862	every	
23-143	10863-10866	day	
23-144	10867-10873	except	
23-145	10874-10881	Sundays	
23-146	10881-10882	,	
23-147	10883-10886	but	
23-148	10887-10892	feels	
23-149	10893-10896	the	
23-150	10897-10905	nuisance	
23-151	10906-10908	in	
23-152	10909-10912	the	
23-153	10913-10920	morning	
23-154	10921-10924	and	
23-155	10925-10933	evenings	
23-156	10934-10938	when	
23-157	10939-10944	going	
23-158	10945-10949	from	
23-159	10950-10952	or	
23-160	10953-10962	returning	
23-161	10963-10967	home	
23-162	10967-10968	:	
23-163	10969-10973	That	
23-164	10973-10974	,	
23-165	10975-10977	in	
23-166	10978-10982	dull	
23-167	10983-10990	weather	
23-168	10991-10994	the	
23-169	10995-11000	smell	
23-170	11001-11003	is	
23-171	11004-11009	worse	
23-172	11009-11010	,	
23-173	11011-11015	from	
23-174	11016-11021	being	
23-175	11022-11028	longer	
23-176	11029-11037	retained	
23-177	11038-11040	in	
23-178	11041-11044	the	
23-179	11045-11055	atmosphere	
23-180	11055-11056	,	
23-181	11057-11060	and	
23-182	11061-11068	falling	
23-183	11069-11073	down	
23-184	11073-11074	;	
23-185	11075-11078	and	
23-186	11079-11083	that	
23-187	11084-11086	he	
23-188	11087-11092	still	
23-189	11093-11098	feels	
23-190	11099-11101	it	
23-191	11102-11104	in	
23-192	11105-11108	his	
23-193	11109-11116	present	
23-194	11117-11126	residence	
23-195	11126-11127	,	
23-196	11128-11134	though	
23-197	11135-11138	not	
23-198	11139-11141	so	
23-199	11142-11155	objectionable	
23-200	11155-11156	.	

#Text=Mr W.
24-1	11158-11160	Mr	
24-2	11161-11162	W	
24-3	11162-11163	.	

#Text=ANNISON, No.
#Text= 52, Marsham Street, has lived there seven or eight years.
25-1	11165-11172	ANNISON	
25-2	11172-11173	,	
25-3	11174-11176	No	
25-4	11176-11177	.	
25-5	11179-11181	52	
25-6	11181-11182	,	
25-7	11183-11190	Marsham	
25-8	11191-11197	Street	
25-9	11197-11198	,	
25-10	11199-11202	has	
25-11	11203-11208	lived	
25-12	11209-11214	there	
25-13	11215-11220	seven	
25-14	11221-11223	or	
25-15	11224-11229	eight	
25-16	11230-11235	years	
25-17	11235-11236	.	

#Text=The back front of his house is about 45 feet from the gas-works, 100 feet from the small chimney, and 50 more from the large one: That he constantly feels nuisance from the gas-work, in respect of the smell; but it is not a smell, it is a stink : That there is plenty of smoke from both the chimneys: That he had a garden, and a fine pear-tree in it, but that not a pear is to be seen upon it since it was surrounded with these gas-works : That his wife complains of the smell; and that linen, hung to dry in the garden, is often obliged to be washed over again, in consequence of the smoke falling on it: That the paint on his house is discoloured by the gas-works: That he continues to reside in Marsham Street only on account of his business, or he would not stop there another day: That he has felt the smell in Millbank Street, a distance of 400 yards in a straight line from the works: That the brass utensils in his house are constantly discoloured by the gas works, and that his neighbours generally complain of them.
26-1	11238-11241	The	
26-2	11242-11246	back	
26-3	11247-11252	front	
26-4	11253-11255	of	
26-5	11256-11259	his	
26-6	11260-11265	house	
26-7	11266-11268	is	
26-8	11269-11274	about	
26-9	11275-11277	45	
26-10	11278-11282	feet	
26-11	11283-11287	from	
26-12	11288-11291	the	
26-13	11292-11301	gas-works	
26-14	11301-11302	,	
26-15	11303-11306	100	
26-16	11307-11311	feet	
26-17	11312-11316	from	
26-18	11317-11320	the	
26-19	11321-11326	small	
26-20	11327-11334	chimney	
26-21	11334-11335	,	
26-22	11336-11339	and	
26-23	11340-11342	50	
26-24	11343-11347	more	
26-25	11348-11352	from	
26-26	11353-11356	the	
26-27	11357-11362	large	
26-28	11363-11366	one	
26-29	11366-11367	:	
26-30	11368-11372	That	
26-31	11373-11375	he	
26-32	11376-11386	constantly	
26-33	11387-11392	feels	
26-34	11393-11401	nuisance	
26-35	11402-11406	from	
26-36	11407-11410	the	
26-37	11411-11419	gas-work	
26-38	11419-11420	,	
26-39	11421-11423	in	
26-40	11424-11431	respect	
26-41	11432-11434	of	
26-42	11435-11438	the	
26-43	11439-11444	smell	
26-44	11444-11445	;	
26-45	11446-11449	but	
26-46	11450-11452	it	
26-47	11453-11455	is	
26-48	11456-11459	not	
26-49	11460-11461	a	
26-50	11462-11467	smell	
26-51	11467-11468	,	
26-52	11469-11471	it	
26-53	11472-11474	is	
26-54	11475-11476	a	
26-55	11477-11482	stink	
26-56	11483-11484	:	
26-57	11485-11489	That	
26-58	11490-11495	there	
26-59	11496-11498	is	
26-60	11499-11505	plenty	
26-61	11506-11508	of	
26-62	11509-11514	smoke	
26-63	11515-11519	from	
26-64	11520-11524	both	
26-65	11525-11528	the	
26-66	11529-11537	chimneys	
26-67	11537-11538	:	
26-68	11539-11543	That	
26-69	11544-11546	he	
26-70	11547-11550	had	
26-71	11551-11552	a	
26-72	11553-11559	garden	
26-73	11559-11560	,	
26-74	11561-11564	and	
26-75	11565-11566	a	
26-76	11567-11571	fine	
26-77	11572-11581	pear-tree	
26-78	11582-11584	in	
26-79	11585-11587	it	
26-80	11587-11588	,	
26-81	11589-11592	but	
26-82	11593-11597	that	
26-83	11598-11601	not	
26-84	11602-11603	a	
26-85	11604-11608	pear	
26-86	11609-11611	is	
26-87	11612-11614	to	
26-88	11615-11617	be	
26-89	11618-11622	seen	
26-90	11623-11627	upon	
26-91	11628-11630	it	
26-92	11631-11636	since	
26-93	11637-11639	it	
26-94	11640-11643	was	
26-95	11644-11654	surrounded	
26-96	11655-11659	with	
26-97	11660-11665	these	
26-98	11666-11675	gas-works	
26-99	11676-11677	:	
26-100	11678-11682	That	
26-101	11683-11686	his	
26-102	11687-11691	wife	
26-103	11692-11701	complains	
26-104	11702-11704	of	
26-105	11705-11708	the	
26-106	11709-11714	smell	
26-107	11714-11715	;	
26-108	11716-11719	and	
26-109	11720-11724	that	
26-110	11725-11730	linen	
26-111	11730-11731	,	
26-112	11732-11736	hung	
26-113	11737-11739	to	
26-114	11740-11743	dry	
26-115	11744-11746	in	
26-116	11747-11750	the	
26-117	11751-11757	garden	
26-118	11757-11758	,	
26-119	11759-11761	is	
26-120	11762-11767	often	
26-121	11768-11775	obliged	
26-122	11776-11778	to	
26-123	11779-11781	be	
26-124	11782-11788	washed	
26-125	11789-11793	over	
26-126	11794-11799	again	
26-127	11799-11800	,	
26-128	11801-11803	in	
26-129	11804-11815	consequence	
26-130	11816-11818	of	
26-131	11819-11822	the	
26-132	11823-11828	smoke	
26-133	11829-11836	falling	
26-134	11837-11839	on	
26-135	11840-11842	it	
26-136	11842-11843	:	
26-137	11844-11848	That	
26-138	11849-11852	the	
26-139	11853-11858	paint	
26-140	11859-11861	on	
26-141	11862-11865	his	
26-142	11866-11871	house	
26-143	11872-11874	is	
26-144	11875-11886	discoloured	
26-145	11887-11889	by	
26-146	11890-11893	the	
26-147	11894-11903	gas-works	
26-148	11903-11904	:	
26-149	11905-11909	That	
26-150	11910-11912	he	
26-151	11913-11922	continues	
26-152	11923-11925	to	
26-153	11926-11932	reside	
26-154	11933-11935	in	
26-155	11936-11943	Marsham	
26-156	11944-11950	Street	
26-157	11951-11955	only	
26-158	11956-11958	on	
26-159	11959-11966	account	
26-160	11967-11969	of	
26-161	11970-11973	his	
26-162	11974-11982	business	
26-163	11982-11983	,	
26-164	11984-11986	or	
26-165	11987-11989	he	
26-166	11990-11995	would	
26-167	11996-11999	not	
26-168	12000-12004	stop	
26-169	12005-12010	there	
26-170	12011-12018	another	
26-171	12019-12022	day	
26-172	12022-12023	:	
26-173	12024-12028	That	
26-174	12029-12031	he	
26-175	12032-12035	has	
26-176	12036-12040	felt	
26-177	12041-12044	the	
26-178	12045-12050	smell	
26-179	12051-12053	in	
26-180	12054-12062	Millbank	
26-181	12063-12069	Street	
26-182	12069-12070	,	
26-183	12071-12072	a	
26-184	12073-12081	distance	
26-185	12082-12084	of	
26-186	12085-12088	400	
26-187	12089-12094	yards	
26-188	12095-12097	in	
26-189	12098-12099	a	
26-190	12100-12108	straight	
26-191	12109-12113	line	
26-192	12114-12118	from	
26-193	12119-12122	the	
26-194	12123-12128	works	
26-195	12128-12129	:	
26-196	12130-12134	That	
26-197	12135-12138	the	
26-198	12139-12144	brass	
26-199	12145-12153	utensils	
26-200	12154-12156	in	
26-201	12157-12160	his	
26-202	12161-12166	house	
26-203	12167-12170	are	
26-204	12171-12181	constantly	
26-205	12182-12193	discoloured	
26-206	12194-12196	by	
26-207	12197-12200	the	
26-208	12201-12204	gas	
26-209	12205-12210	works	
26-210	12210-12211	,	
26-211	12212-12215	and	
26-212	12216-12220	that	
26-213	12221-12224	his	
26-214	12225-12235	neighbours	
26-215	12236-12245	generally	
26-216	12246-12254	complain	
26-217	12255-12257	of	
26-218	12258-12262	them	
26-219	12262-12263	.	

#Text=WILLIAM BENTHAM, emery manufacturer, has lived twenty-eight years in Marsham Street; is quite near to the gas-works; says that these works are a great nuisance: That it is often impossible to remain in his garden at all for smoke and smell, and that water, set down in the garden, becomes loaded with sooty matter : That his family is very much annoyed by the works; that every window is sometimes obliged to be put down, the smell being so strong that it is enough to suffocate one: That the smoke that arises from the retort-house is worse than that from the chimney: That plants do not grow in his garden, and that linen is often obliged to be rinsed out, in consequence of the falling of the blacks : That, when the wind is blowing, he has perceived the smell at a considerable distance: That he remains in his present residence very much against his will, and only because he has been established there so long, that his customers know where to find him.
27-1	12265-12272	WILLIAM	
27-2	12273-12280	BENTHAM	
27-3	12280-12281	,	
27-4	12282-12287	emery	
27-5	12288-12300	manufacturer	
27-6	12300-12301	,	
27-7	12302-12305	has	
27-8	12306-12311	lived	
27-9	12312-12324	twenty-eight	
27-10	12325-12330	years	
27-11	12331-12333	in	
27-12	12334-12341	Marsham	
27-13	12342-12348	Street	
27-14	12348-12349	;	
27-15	12350-12352	is	
27-16	12353-12358	quite	
27-17	12359-12363	near	
27-18	12364-12366	to	
27-19	12367-12370	the	
27-20	12371-12380	gas-works	
27-21	12380-12381	;	
27-22	12382-12386	says	
27-23	12387-12391	that	
27-24	12392-12397	these	
27-25	12398-12403	works	
27-26	12404-12407	are	
27-27	12408-12409	a	
27-28	12410-12415	great	
27-29	12416-12424	nuisance	
27-30	12424-12425	:	
27-31	12426-12430	That	
27-32	12431-12433	it	
27-33	12434-12436	is	
27-34	12437-12442	often	
27-35	12443-12453	impossible	
27-36	12454-12456	to	
27-37	12457-12463	remain	
27-38	12464-12466	in	
27-39	12467-12470	his	
27-40	12471-12477	garden	
27-41	12478-12480	at	
27-42	12481-12484	all	
27-43	12485-12488	for	
27-44	12489-12494	smoke	
27-45	12495-12498	and	
27-46	12499-12504	smell	
27-47	12504-12505	,	
27-48	12506-12509	and	
27-49	12510-12514	that	
27-50	12515-12520	water	
27-51	12520-12521	,	
27-52	12522-12525	set	
27-53	12526-12530	down	
27-54	12531-12533	in	
27-55	12534-12537	the	
27-56	12538-12544	garden	
27-57	12544-12545	,	
27-58	12546-12553	becomes	
27-59	12554-12560	loaded	
27-60	12561-12565	with	
27-61	12566-12571	sooty	
27-62	12572-12578	matter	
27-63	12579-12580	:	
27-64	12581-12585	That	
27-65	12586-12589	his	
27-66	12590-12596	family	
27-67	12597-12599	is	
27-68	12600-12604	very	
27-69	12605-12609	much	
27-70	12610-12617	annoyed	
27-71	12618-12620	by	
27-72	12621-12624	the	
27-73	12625-12630	works	
27-74	12630-12631	;	
27-75	12632-12636	that	
27-76	12637-12642	every	
27-77	12643-12649	window	
27-78	12650-12652	is	
27-79	12653-12662	sometimes	
27-80	12663-12670	obliged	
27-81	12671-12673	to	
27-82	12674-12676	be	
27-83	12677-12680	put	
27-84	12681-12685	down	
27-85	12685-12686	,	
27-86	12687-12690	the	
27-87	12691-12696	smell	
27-88	12697-12702	being	
27-89	12703-12705	so	
27-90	12706-12712	strong	
27-91	12713-12717	that	
27-92	12718-12720	it	
27-93	12721-12723	is	
27-94	12724-12730	enough	
27-95	12731-12733	to	
27-96	12734-12743	suffocate	
27-97	12744-12747	one	
27-98	12747-12748	:	
27-99	12749-12753	That	
27-100	12754-12757	the	
27-101	12758-12763	smoke	
27-102	12764-12768	that	
27-103	12769-12775	arises	
27-104	12776-12780	from	
27-105	12781-12784	the	
27-106	12785-12797	retort-house	
27-107	12798-12800	is	
27-108	12801-12806	worse	
27-109	12807-12811	than	
27-110	12812-12816	that	
27-111	12817-12821	from	
27-112	12822-12825	the	
27-113	12826-12833	chimney	
27-114	12833-12834	:	
27-115	12835-12839	That	
27-116	12840-12846	plants	
27-117	12847-12849	do	
27-118	12850-12853	not	
27-119	12854-12858	grow	
27-120	12859-12861	in	
27-121	12862-12865	his	
27-122	12866-12872	garden	
27-123	12872-12873	,	
27-124	12874-12877	and	
27-125	12878-12882	that	
27-126	12883-12888	linen	
27-127	12889-12891	is	
27-128	12892-12897	often	
27-129	12898-12905	obliged	
27-130	12906-12908	to	
27-131	12909-12911	be	
27-132	12912-12918	rinsed	
27-133	12919-12922	out	
27-134	12922-12923	,	
27-135	12924-12926	in	
27-136	12927-12938	consequence	
27-137	12939-12941	of	
27-138	12942-12945	the	
27-139	12946-12953	falling	
27-140	12954-12956	of	
27-141	12957-12960	the	
27-142	12961-12967	blacks	
27-143	12968-12969	:	
27-144	12970-12974	That	
27-145	12974-12975	,	
27-146	12976-12980	when	
27-147	12981-12984	the	
27-148	12985-12989	wind	
27-149	12990-12992	is	
27-150	12993-13000	blowing	
27-151	13000-13001	,	
27-152	13002-13004	he	
27-153	13005-13008	has	
27-154	13009-13018	perceived	
27-155	13019-13022	the	
27-156	13023-13028	smell	
27-157	13029-13031	at	
27-158	13032-13033	a	
27-159	13034-13046	considerable	
27-160	13047-13055	distance	
27-161	13055-13056	:	
27-162	13057-13061	That	
27-163	13062-13064	he	
27-164	13065-13072	remains	
27-165	13073-13075	in	
27-166	13076-13079	his	
27-167	13080-13087	present	
27-168	13088-13097	residence	
27-169	13098-13102	very	
27-170	13103-13107	much	
27-171	13108-13115	against	
27-172	13116-13119	his	
27-173	13120-13124	will	
27-174	13124-13125	,	
27-175	13126-13129	and	
27-176	13130-13134	only	
27-177	13135-13142	because	
27-178	13143-13145	he	
27-179	13146-13149	has	
27-180	13150-13154	been	
27-181	13155-13166	established	
27-182	13167-13172	there	
27-183	13173-13175	so	
27-184	13176-13180	long	
27-185	13180-13181	,	
27-186	13182-13186	that	
27-187	13187-13190	his	
27-188	13191-13200	customers	
27-189	13201-13205	know	
27-190	13206-13211	where	
27-191	13212-13214	to	
27-192	13215-13219	find	
27-193	13220-13223	him	
27-194	13223-13224	.	

#Text=We have given the testimony of the inhabitants, who reside in the vicinity of the Westminster Gas-Works thus fully, because these works in particular, as we before observed, were held forth as having adopted improvements in the modes of manufacture which entirely removed all nuisance.
28-1	13226-13228	We	
28-2	13229-13233	have	
28-3	13234-13239	given	
28-4	13240-13243	the	
28-5	13244-13253	testimony	
28-6	13254-13256	of	
28-7	13257-13260	the	
28-8	13261-13272	inhabitants	
28-9	13272-13273	,	
28-10	13274-13277	who	
28-11	13278-13284	reside	
28-12	13285-13287	in	
28-13	13288-13291	the	
28-14	13292-13300	vicinity	
28-15	13301-13303	of	
28-16	13304-13307	the	
28-17	13308-13319	Westminster	
28-18	13320-13329	Gas-Works	
28-19	13330-13334	thus	
28-20	13335-13340	fully	
28-21	13340-13341	,	
28-22	13342-13349	because	
28-23	13350-13355	these	
28-24	13356-13361	works	
28-25	13362-13364	in	
28-26	13365-13375	particular	
28-27	13375-13376	,	
28-28	13377-13379	as	
28-29	13380-13382	we	
28-30	13383-13389	before	
28-31	13390-13398	observed	
28-32	13398-13399	,	
28-33	13400-13404	were	
28-34	13405-13409	held	
28-35	13410-13415	forth	
28-36	13416-13418	as	
28-37	13419-13425	having	
28-38	13426-13433	adopted	
28-39	13434-13446	improvements	
28-40	13447-13449	in	
28-41	13450-13453	the	
28-42	13454-13459	modes	
28-43	13460-13462	of	
28-44	13463-13474	manufacture	
28-45	13475-13480	which	
28-46	13481-13489	entirely	
28-47	13490-13497	removed	
28-48	13498-13501	all	
28-49	13502-13510	nuisance	
28-50	13510-13511	.	

#Text=To whatever extent these improvements may have benefited the proprietors of the gas-works, they cannot be said to have promoted, in an equal degree, the welfare of those who live in their vicinity: for, in all its forms, the nuisance continues unabated ; and while the few, who are enabled to flee from it, quit the district, those, whose business or whose property oblige them to remain, are compelled to live on in
#Text= discomfort and disgust, to see their property daily deteriorating in value their old neighbours driven awayand a new and inferior class of people settling around and among them.
29-1	13513-13515	To	
29-2	13516-13524	whatever	
29-3	13525-13531	extent	
29-4	13532-13537	these	
29-5	13538-13550	improvements	
29-6	13551-13554	may	
29-7	13555-13559	have	
29-8	13560-13569	benefited	
29-9	13570-13573	the	
29-10	13574-13585	proprietors	
29-11	13586-13588	of	
29-12	13589-13592	the	
29-13	13593-13602	gas-works	
29-14	13602-13603	,	
29-15	13604-13608	they	
29-16	13609-13615	cannot	
29-17	13616-13618	be	
29-18	13619-13623	said	
29-19	13624-13626	to	
29-20	13627-13631	have	
29-21	13632-13640	promoted	
29-22	13640-13641	,	
29-23	13642-13644	in	
29-24	13645-13647	an	
29-25	13648-13653	equal	
29-26	13654-13660	degree	
29-27	13660-13661	,	
29-28	13662-13665	the	
29-29	13666-13673	welfare	
29-30	13674-13676	of	
29-31	13677-13682	those	
29-32	13683-13686	who	
29-33	13687-13691	live	
29-34	13692-13694	in	
29-35	13695-13700	their	
29-36	13701-13709	vicinity	
29-37	13709-13710	:	
29-38	13711-13714	for	
29-39	13714-13715	,	
29-40	13716-13718	in	
29-41	13719-13722	all	
29-42	13723-13726	its	
29-43	13727-13732	forms	
29-44	13732-13733	,	
29-45	13734-13737	the	
29-46	13738-13746	nuisance	
29-47	13747-13756	continues	
29-48	13757-13765	unabated	
29-49	13766-13767	;	
29-50	13768-13771	and	
29-51	13772-13777	while	
29-52	13778-13781	the	
29-53	13782-13785	few	
29-54	13785-13786	,	
29-55	13787-13790	who	
29-56	13791-13794	are	
29-57	13795-13802	enabled	
29-58	13803-13805	to	
29-59	13806-13810	flee	
29-60	13811-13815	from	
29-61	13816-13818	it	
29-62	13818-13819	,	
29-63	13820-13824	quit	
29-64	13825-13828	the	
29-65	13829-13837	district	
29-66	13837-13838	,	
29-67	13839-13844	those	
29-68	13844-13845	,	
29-69	13846-13851	whose	
29-70	13852-13860	business	
29-71	13861-13863	or	
29-72	13864-13869	whose	
29-73	13870-13878	property	
29-74	13879-13885	oblige	
29-75	13886-13890	them	
29-76	13891-13893	to	
29-77	13894-13900	remain	
29-78	13900-13901	,	
29-79	13902-13905	are	
29-80	13906-13915	compelled	
29-81	13916-13918	to	
29-82	13919-13923	live	
29-83	13924-13926	on	
29-84	13927-13929	in	
29-85	13931-13941	discomfort	
29-86	13942-13945	and	
29-87	13946-13953	disgust	
29-88	13953-13954	,	
29-89	13955-13957	to	
29-90	13958-13961	see	
29-91	13962-13967	their	
29-92	13968-13976	property	
29-93	13977-13982	daily	
29-94	13983-13996	deteriorating	
29-95	13997-13999	in	
29-96	14000-14005	value	
29-97	14006-14011	their	
29-98	14012-14015	old	
29-99	14016-14026	neighbours	
29-100	14027-14033	driven	
29-101	14034-14041	awayand	
29-102	14042-14043	a	
29-103	14044-14047	new	
29-104	14048-14051	and	
29-105	14052-14060	inferior	
29-106	14061-14066	class	
29-107	14067-14069	of	
29-108	14070-14076	people	
29-109	14077-14085	settling	
29-110	14086-14092	around	
29-111	14093-14096	and	
29-112	14097-14102	among	
29-113	14103-14107	them	
29-114	14107-14108	.	

#Text=From the Westminster, we pass on to another great establishment--the Imperial, erected only within these few years, and beginning its operations since the year 1823 that is, since the introduction of the improvements, which are said so entirely to have banished nuisance from Coal gas-works and where, it is to be presumed, they have been fully adopted.
30-1	14110-14114	From	
30-2	14115-14118	the	
30-3	14119-14130	Westminster	
30-4	14130-14131	,	
30-5	14132-14134	we	
30-6	14135-14139	pass	
30-7	14140-14142	on	
30-8	14143-14145	to	
30-9	14146-14153	another	
30-10	14154-14159	great	
30-11	14160-14173	establishment	
30-12	14173-14174	-	
30-13	14174-14175	-	
30-14	14175-14178	the	
30-15	14179-14187	Imperial	
30-16	14187-14188	,	
30-17	14189-14196	erected	
30-18	14197-14201	only	
30-19	14202-14208	within	
30-20	14209-14214	these	
30-21	14215-14218	few	
30-22	14219-14224	years	
30-23	14224-14225	,	
30-24	14226-14229	and	
30-25	14230-14239	beginning	
30-26	14240-14243	its	
30-27	14244-14254	operations	
30-28	14255-14260	since	
30-29	14261-14264	the	
30-30	14265-14269	year	
30-31	14270-14274	1823	
30-32	14275-14279	that	
30-33	14280-14282	is	
30-34	14282-14283	,	
30-35	14284-14289	since	
30-36	14290-14293	the	
30-37	14294-14306	introduction	
30-38	14307-14309	of	
30-39	14310-14313	the	
30-40	14314-14326	improvements	
30-41	14326-14327	,	
30-42	14328-14333	which	
30-43	14334-14337	are	
30-44	14338-14342	said	
30-45	14343-14345	so	
30-46	14346-14354	entirely	
30-47	14355-14357	to	
30-48	14358-14362	have	
30-49	14363-14371	banished	
30-50	14372-14380	nuisance	
30-51	14381-14385	from	
30-52	14386-14390	Coal	
30-53	14391-14400	gas-works	
30-54	14401-14404	and	
30-55	14405-14410	where	
30-56	14410-14411	,	
30-57	14412-14414	it	
30-58	14415-14417	is	
30-59	14418-14420	to	
30-60	14421-14423	be	
30-61	14424-14432	presumed	
30-62	14432-14433	,	
30-63	14434-14438	they	
30-64	14439-14443	have	
30-65	14444-14448	been	
30-66	14449-14454	fully	
30-67	14455-14462	adopted	
30-68	14462-14463	.	

#Text=Mr WILLIAM SMI  '  re is a contractor and surveyor; is also inspector of the Pancras Union Estates for the last seven years, and collector of rents; is also proprietor of four houses in Essex Street, the end of which street is about 60 yards from the Gas-Works of the Imperial Company, situate in Maiden Lane, and which were established about three years ago.
31-1	14465-14467	Mr	
31-2	14468-14475	WILLIAM	
31-3	14476-14479	SMI	
31-4	14481-14482	'	
31-5	14484-14486	re	
31-6	14487-14489	is	
31-7	14490-14491	a	
31-8	14492-14502	contractor	
31-9	14503-14506	and	
31-10	14507-14515	surveyor	
31-11	14515-14516	;	
31-12	14517-14519	is	
31-13	14520-14524	also	
31-14	14525-14534	inspector	
31-15	14535-14537	of	
31-16	14538-14541	the	
31-17	14542-14549	Pancras	
31-18	14550-14555	Union	
31-19	14556-14563	Estates	
31-20	14564-14567	for	
31-21	14568-14571	the	
31-22	14572-14576	last	
31-23	14577-14582	seven	
31-24	14583-14588	years	
31-25	14588-14589	,	
31-26	14590-14593	and	
31-27	14594-14603	collector	
31-28	14604-14606	of	
31-29	14607-14612	rents	
31-30	14612-14613	;	
31-31	14614-14616	is	
31-32	14617-14621	also	
31-33	14622-14632	proprietor	
31-34	14633-14635	of	
31-35	14636-14640	four	
31-36	14641-14647	houses	
31-37	14648-14650	in	
31-38	14651-14656	Essex	
31-39	14657-14663	Street	
31-40	14663-14664	,	
31-41	14665-14668	the	
31-42	14669-14672	end	
31-43	14673-14675	of	
31-44	14676-14681	which	
31-45	14682-14688	street	
31-46	14689-14691	is	
31-47	14692-14697	about	
31-48	14698-14700	60	
31-49	14701-14706	yards	
31-50	14707-14711	from	
31-51	14712-14715	the	
31-52	14716-14725	Gas-Works	
31-53	14726-14728	of	
31-54	14729-14732	the	
31-55	14733-14741	Imperial	
31-56	14742-14749	Company	
31-57	14749-14750	,	
31-58	14751-14758	situate	
31-59	14759-14761	in	
31-60	14762-14768	Maiden	
31-61	14769-14773	Lane	
31-62	14773-14774	,	
31-63	14775-14778	and	
31-64	14779-14784	which	
31-65	14785-14789	were	
31-66	14790-14801	established	
31-67	14802-14807	about	
31-68	14808-14813	three	
31-69	14814-14819	years	
31-70	14820-14823	ago	
31-71	14823-14824	.	

#Text=He states, that, since their establishment, the houses in the surrounding neighbourhood have diminished very much in value; that many, let before at L. 28, have fallen to L.
#Text= 24 and L.
#Text= 22; that many are now unoccupied, which were occupied before; and that the people who now inhabit them, are of an inferior class; that, in Suffolk Street, east and west, some of the houses are empty; and many of the tenants of others have given notice to quit, and others must do so, not being able to let their lodgings, in consequence of the gas-works; that many of these houses were taken by tenants, who underlet a part of them, and that they must now take in the inferior class of people who work in the gas-works, or they will not be able to let them at all.
32-1	14826-14828	He	
32-2	14829-14835	states	
32-3	14835-14836	,	
32-4	14837-14841	that	
32-5	14841-14842	,	
32-6	14843-14848	since	
32-7	14849-14854	their	
32-8	14855-14868	establishment	
32-9	14868-14869	,	
32-10	14870-14873	the	
32-11	14874-14880	houses	
32-12	14881-14883	in	
32-13	14884-14887	the	
32-14	14888-14899	surrounding	
32-15	14900-14913	neighbourhood	
32-16	14914-14918	have	
32-17	14919-14929	diminished	
32-18	14930-14934	very	
32-19	14935-14939	much	
32-20	14940-14942	in	
32-21	14943-14948	value	
32-22	14948-14949	;	
32-23	14950-14954	that	
32-24	14955-14959	many	
32-25	14959-14960	,	
32-26	14961-14964	let	
32-27	14965-14971	before	
32-28	14972-14974	at	
32-29	14975-14976	L	
32-30	14976-14977	.	
32-31	14978-14980	28	
32-32	14980-14981	,	
32-33	14982-14986	have	
32-34	14987-14993	fallen	
32-35	14994-14996	to	
32-36	14997-14998	L	
32-37	14998-14999	.	
32-38	15001-15003	24	
32-39	15004-15007	and	
32-40	15008-15009	L	
32-41	15009-15010	.	
32-42	15012-15014	22	
32-43	15014-15015	;	
32-44	15016-15020	that	
32-45	15021-15025	many	
32-46	15026-15029	are	
32-47	15030-15033	now	
32-48	15034-15044	unoccupied	
32-49	15044-15045	,	
32-50	15046-15051	which	
32-51	15052-15056	were	
32-52	15057-15065	occupied	
32-53	15066-15072	before	
32-54	15072-15073	;	
32-55	15074-15077	and	
32-56	15078-15082	that	
32-57	15083-15086	the	
32-58	15087-15093	people	
32-59	15094-15097	who	
32-60	15098-15101	now	
32-61	15102-15109	inhabit	
32-62	15110-15114	them	
32-63	15114-15115	,	
32-64	15116-15119	are	
32-65	15120-15122	of	
32-66	15123-15125	an	
32-67	15126-15134	inferior	
32-68	15135-15140	class	
32-69	15140-15141	;	
32-70	15142-15146	that	
32-71	15146-15147	,	
32-72	15148-15150	in	
32-73	15151-15158	Suffolk	
32-74	15159-15165	Street	
32-75	15165-15166	,	
32-76	15167-15171	east	
32-77	15172-15175	and	
32-78	15176-15180	west	
32-79	15180-15181	,	
32-80	15182-15186	some	
32-81	15187-15189	of	
32-82	15190-15193	the	
32-83	15194-15200	houses	
32-84	15201-15204	are	
32-85	15205-15210	empty	
32-86	15210-15211	;	
32-87	15212-15215	and	
32-88	15216-15220	many	
32-89	15221-15223	of	
32-90	15224-15227	the	
32-91	15228-15235	tenants	
32-92	15236-15238	of	
32-93	15239-15245	others	
32-94	15246-15250	have	
32-95	15251-15256	given	
32-96	15257-15263	notice	
32-97	15264-15266	to	
32-98	15267-15271	quit	
32-99	15271-15272	,	
32-100	15273-15276	and	
32-101	15277-15283	others	
32-102	15284-15288	must	
32-103	15289-15291	do	
32-104	15292-15294	so	
32-105	15294-15295	,	
32-106	15296-15299	not	
32-107	15300-15305	being	
32-108	15306-15310	able	
32-109	15311-15313	to	
32-110	15314-15317	let	
32-111	15318-15323	their	
32-112	15324-15332	lodgings	
32-113	15332-15333	,	
32-114	15334-15336	in	
32-115	15337-15348	consequence	
32-116	15349-15351	of	
32-117	15352-15355	the	
32-118	15356-15365	gas-works	
32-119	15365-15366	;	
32-120	15367-15371	that	
32-121	15372-15376	many	
32-122	15377-15379	of	
32-123	15380-15385	these	
32-124	15386-15392	houses	
32-125	15393-15397	were	
32-126	15398-15403	taken	
32-127	15404-15406	by	
32-128	15407-15414	tenants	
32-129	15414-15415	,	
32-130	15416-15419	who	
32-131	15420-15428	underlet	
32-132	15429-15430	a	
32-133	15431-15435	part	
32-134	15436-15438	of	
32-135	15439-15443	them	
32-136	15443-15444	,	
32-137	15445-15448	and	
32-138	15449-15453	that	
32-139	15454-15458	they	
32-140	15459-15463	must	
32-141	15464-15467	now	
32-142	15468-15472	take	
32-143	15473-15475	in	
32-144	15476-15479	the	
32-145	15480-15488	inferior	
32-146	15489-15494	class	
32-147	15495-15497	of	
32-148	15498-15504	people	
32-149	15505-15508	who	
32-150	15509-15513	work	
32-151	15514-15516	in	
32-152	15517-15520	the	
32-153	15521-15530	gas-works	
32-154	15530-15531	,	
32-155	15532-15534	or	
32-156	15535-15539	they	
32-157	15540-15544	will	
32-158	15545-15548	not	
32-159	15549-15551	be	
32-160	15552-15556	able	
32-161	15557-15559	to	
32-162	15560-15563	let	
32-163	15564-15568	them	
32-164	15569-15571	at	
32-165	15572-15575	all	
32-166	15575-15576	.	

#Text=He states, that he smells the vapour of the gas works at his own house, a distance of more than 300 yards, and even farther still.
33-1	15578-15580	He	
33-2	15581-15587	states	
33-3	15587-15588	,	
33-4	15589-15593	that	
33-5	15594-15596	he	
33-6	15597-15603	smells	
33-7	15604-15607	the	
33-8	15608-15614	vapour	
33-9	15615-15617	of	
33-10	15618-15621	the	
33-11	15622-15625	gas	
33-12	15626-15631	works	
33-13	15632-15634	at	
33-14	15635-15638	his	
33-15	15639-15642	own	
33-16	15643-15648	house	
33-17	15648-15649	,	
33-18	15650-15651	a	
33-19	15652-15660	distance	
33-20	15661-15663	of	
33-21	15664-15668	more	
33-22	15669-15673	than	
33-23	15674-15677	300	
33-24	15678-15683	yards	
33-25	15683-15684	,	
33-26	15685-15688	and	
33-27	15689-15693	even	
33-28	15694-15701	farther	
33-29	15702-15707	still	
33-30	15707-15708	.	

#Text=Before the gas-works were established, the neighbourhood was very pleasant, and it was then difficult to get a house in Suffolk Street, and the inhabitants were of a respectable class.
34-1	15710-15716	Before	
34-2	15717-15720	the	
34-3	15721-15730	gas-works	
34-4	15731-15735	were	
34-5	15736-15747	established	
34-6	15747-15748	,	
34-7	15749-15752	the	
34-8	15753-15766	neighbourhood	
34-9	15767-15770	was	
34-10	15771-15775	very	
34-11	15776-15784	pleasant	
34-12	15784-15785	,	
34-13	15786-15789	and	
34-14	15790-15792	it	
34-15	15793-15796	was	
34-16	15797-15801	then	
34-17	15802-15811	difficult	
34-18	15812-15814	to	
34-19	15815-15818	get	
34-20	15819-15820	a	
34-21	15821-15826	house	
34-22	15827-15829	in	
34-23	15830-15837	Suffolk	
34-24	15838-15844	Street	
34-25	15844-15845	,	
34-26	15846-15849	and	
34-27	15850-15853	the	
34-28	15854-15865	inhabitants	
34-29	15866-15870	were	
34-30	15871-15873	of	
34-31	15874-15875	a	
34-32	15876-15887	respectable	
34-33	15888-15893	class	
34-34	15893-15894	.	

#Text=Since that period, the value of property has most materially suffered: that, since the establishment of the gas-works, when people come to look at the houses, they ask, “What is that place ?”
35-1	15896-15901	Since	
35-2	15902-15906	that	
35-3	15907-15913	period	
35-4	15913-15914	,	
35-5	15915-15918	the	
35-6	15919-15924	value	
35-7	15925-15927	of	
35-8	15928-15936	property	
35-9	15937-15940	has	
35-10	15941-15945	most	
35-11	15946-15956	materially	
35-12	15957-15965	suffered	
35-13	15965-15966	:	
35-14	15967-15971	that	
35-15	15971-15972	,	
35-16	15973-15978	since	
35-17	15979-15982	the	
35-18	15983-15996	establishment	
35-19	15997-15999	of	
35-20	16000-16003	the	
35-21	16004-16013	gas-works	
35-22	16013-16014	,	
35-23	16015-16019	when	
35-24	16020-16026	people	
35-25	16027-16031	come	
35-26	16032-16034	to	
35-27	16035-16039	look	
35-28	16040-16042	at	
35-29	16043-16046	the	
35-30	16047-16053	houses	
35-31	16053-16054	,	
35-32	16055-16059	they	
35-33	16060-16063	ask	
35-34	16063-16064	,	
35-35	16065-16066	“	
35-36	16066-16070	What	
35-37	16071-16073	is	
35-38	16074-16078	that	
35-39	16079-16084	place	
35-40	16085-16086	?	
35-41	16086-16087	”	

#Text=—when told, “the Gas-Works ;”—“ Then I would not live here, if you would give me the house for nothing
36-1	16087-16088	—	
36-2	16088-16092	when	
36-3	16093-16097	told	
36-4	16097-16098	,	
36-5	16099-16100	“	
36-6	16100-16103	the	
36-7	16104-16113	Gas-Works	
36-8	16114-16115	;	
36-9	16115-16116	”	
36-10	16116-16117	—	
36-11	16117-16118	“	
36-12	16119-16123	Then	
36-13	16124-16125	I	
36-14	16126-16131	would	
36-15	16132-16135	not	
36-16	16136-16140	live	
36-17	16141-16145	here	
36-18	16145-16146	,	
36-19	16147-16149	if	
36-20	16150-16153	you	
36-21	16154-16159	would	
36-22	16160-16164	give	
36-23	16165-16167	me	
36-24	16168-16171	the	
36-25	16172-16177	house	
36-26	16178-16181	for	
36-27	16182-16189	nothing	

#Text=.
37-1	16189-16190	.	

#Text=" Mr SAMUEL COOPER, lives in Lower Edmund Street, where he has two houses, and one in Suffolk Street; says, that, since the establishment of the gas-works, he has been obliged to take L.
#Text= 5 less for a house than he did three years ago : that the gas-work is a great nuisance, and the smoke very great when the retorts are charged; that he has a house near the works, which is not worth so much by L.
#Text= 50 or L.
#Text= 60 as before they were established; that the inhabitants generally complain of the nuisance; and that, if they brighten their brasses in the morning, they are turned to a brown by night.
38-1	16192-16193	"	
38-2	16194-16196	Mr	
38-3	16197-16203	SAMUEL	
38-4	16204-16210	COOPER	
38-5	16210-16211	,	
38-6	16212-16217	lives	
38-7	16218-16220	in	
38-8	16221-16226	Lower	
38-9	16227-16233	Edmund	
38-10	16234-16240	Street	
38-11	16240-16241	,	
38-12	16242-16247	where	
38-13	16248-16250	he	
38-14	16251-16254	has	
38-15	16255-16258	two	
38-16	16259-16265	houses	
38-17	16265-16266	,	
38-18	16267-16270	and	
38-19	16271-16274	one	
38-20	16275-16277	in	
38-21	16278-16285	Suffolk	
38-22	16286-16292	Street	
38-23	16292-16293	;	
38-24	16294-16298	says	
38-25	16298-16299	,	
38-26	16300-16304	that	
38-27	16304-16305	,	
38-28	16306-16311	since	
38-29	16312-16315	the	
38-30	16316-16329	establishment	
38-31	16330-16332	of	
38-32	16333-16336	the	
38-33	16337-16346	gas-works	
38-34	16346-16347	,	
38-35	16348-16350	he	
38-36	16351-16354	has	
38-37	16355-16359	been	
38-38	16360-16367	obliged	
38-39	16368-16370	to	
38-40	16371-16375	take	
38-41	16376-16377	L	
38-42	16377-16378	.	
38-43	16380-16381	5	
38-44	16382-16386	less	
38-45	16387-16390	for	
38-46	16391-16392	a	
38-47	16393-16398	house	
38-48	16399-16403	than	
38-49	16404-16406	he	
38-50	16407-16410	did	
38-51	16411-16416	three	
38-52	16417-16422	years	
38-53	16423-16426	ago	
38-54	16427-16428	:	
38-55	16429-16433	that	
38-56	16434-16437	the	
38-57	16438-16446	gas-work	
38-58	16447-16449	is	
38-59	16450-16451	a	
38-60	16452-16457	great	
38-61	16458-16466	nuisance	
38-62	16466-16467	,	
38-63	16468-16471	and	
38-64	16472-16475	the	
38-65	16476-16481	smoke	
38-66	16482-16486	very	
38-67	16487-16492	great	
38-68	16493-16497	when	
38-69	16498-16501	the	
38-70	16502-16509	retorts	
38-71	16510-16513	are	
38-72	16514-16521	charged	
38-73	16521-16522	;	
38-74	16523-16527	that	
38-75	16528-16530	he	
38-76	16531-16534	has	
38-77	16535-16536	a	
38-78	16537-16542	house	
38-79	16543-16547	near	
38-80	16548-16551	the	
38-81	16552-16557	works	
38-82	16557-16558	,	
38-83	16559-16564	which	
38-84	16565-16567	is	
38-85	16568-16571	not	
38-86	16572-16577	worth	
38-87	16578-16580	so	
38-88	16581-16585	much	
38-89	16586-16588	by	
38-90	16589-16590	L	
38-91	16590-16591	.	
38-92	16593-16595	50	
38-93	16596-16598	or	
38-94	16599-16600	L	
38-95	16600-16601	.	
38-96	16603-16605	60	
38-97	16606-16608	as	
38-98	16609-16615	before	
38-99	16616-16620	they	
38-100	16621-16625	were	
38-101	16626-16637	established	
38-102	16637-16638	;	
38-103	16639-16643	that	
38-104	16644-16647	the	
38-105	16648-16659	inhabitants	
38-106	16660-16669	generally	
38-107	16670-16678	complain	
38-108	16679-16681	of	
38-109	16682-16685	the	
38-110	16686-16694	nuisance	
38-111	16694-16695	;	
38-112	16696-16699	and	
38-113	16700-16704	that	
38-114	16704-16705	,	
38-115	16706-16708	if	
38-116	16709-16713	they	
38-117	16714-16722	brighten	
38-118	16723-16728	their	
38-119	16729-16736	brasses	
38-120	16737-16739	in	
38-121	16740-16743	the	
38-122	16744-16751	morning	
38-123	16751-16752	,	
38-124	16753-16757	they	
38-125	16758-16761	are	
38-126	16762-16768	turned	
38-127	16769-16771	to	
38-128	16772-16773	a	
38-129	16774-16779	brown	
38-130	16780-16782	by	
38-131	16783-16788	night	
38-132	16788-16789	.	

#Text=Mr GEORGE WILLIAMS is a conveyancing clerk, lives in Suffolk Street East, not above 60 or 70 yards from the Imperial Gas-Works at Battlebridge; has lived there eight years, and before the gas-works were erected there; has found very great annoyance from the smell, which, at times, when the wind sets in from the north, it is almost impossible to bear; says that the smell enters his house;
39-1	16791-16793	Mr	
39-2	16794-16800	GEORGE	
39-3	16801-16809	WILLIAMS	
39-4	16810-16812	is	
39-5	16813-16814	a	
39-6	16815-16827	conveyancing	
39-7	16828-16833	clerk	
39-8	16833-16834	,	
39-9	16835-16840	lives	
39-10	16841-16843	in	
39-11	16844-16851	Suffolk	
39-12	16852-16858	Street	
39-13	16859-16863	East	
39-14	16863-16864	,	
39-15	16865-16868	not	
39-16	16869-16874	above	
39-17	16875-16877	60	
39-18	16878-16880	or	
39-19	16881-16883	70	
39-20	16884-16889	yards	
39-21	16890-16894	from	
39-22	16895-16898	the	
39-23	16899-16907	Imperial	
39-24	16908-16917	Gas-Works	
39-25	16918-16920	at	
39-26	16921-16933	Battlebridge	
39-27	16933-16934	;	
39-28	16935-16938	has	
39-29	16939-16944	lived	
39-30	16945-16950	there	
39-31	16951-16956	eight	
39-32	16957-16962	years	
39-33	16962-16963	,	
39-34	16964-16967	and	
39-35	16968-16974	before	
39-36	16975-16978	the	
39-37	16979-16988	gas-works	
39-38	16989-16993	were	
39-39	16994-17001	erected	
39-40	17002-17007	there	
39-41	17007-17008	;	
39-42	17009-17012	has	
39-43	17013-17018	found	
39-44	17019-17023	very	
39-45	17024-17029	great	
39-46	17030-17039	annoyance	
39-47	17040-17044	from	
39-48	17045-17048	the	
39-49	17049-17054	smell	
39-50	17054-17055	,	
39-51	17056-17061	which	
39-52	17061-17062	,	
39-53	17063-17065	at	
39-54	17066-17071	times	
39-55	17071-17072	,	
39-56	17073-17077	when	
39-57	17078-17081	the	
39-58	17082-17086	wind	
39-59	17087-17091	sets	
39-60	17092-17094	in	
39-61	17095-17099	from	
39-62	17100-17103	the	
39-63	17104-17109	north	
39-64	17109-17110	,	
39-65	17111-17113	it	
39-66	17114-17116	is	
39-67	17117-17123	almost	
39-68	17124-17134	impossible	
39-69	17135-17137	to	
39-70	17138-17142	bear	
39-71	17142-17143	;	
39-72	17144-17148	says	
39-73	17149-17153	that	
39-74	17154-17157	the	
39-75	17158-17163	smell	
39-76	17164-17170	enters	
39-77	17171-17174	his	
39-78	17175-17180	house	
39-79	17180-17181	;	
