#FORMAT=WebAnno TSV 3.3
#T_SP=custom.Span|label
#T_RL=custom.Relation|label|BT_custom.Span


#Text=Je voudrois bien, pour en juger, avoir eu ma part de l'art de ces cuisiniers qui sçavent assaisonner les odeurs estrangeres avecq la saveur des viandes comme singulierement on remarqua au service de ce Roy de Thunes, qui, de nostre aage, print terre à Naples pour s'aboucher avec l'Empereur Charles.
1-1	0-2	Je	_	_	_	
1-2	3-11	voudrois	_	_	_	
1-3	12-16	bien	_	_	_	
1-4	16-17	,	_	_	_	
1-5	18-22	pour	_	_	_	
1-6	23-25	en	_	_	_	
1-7	26-31	juger	_	_	_	
1-8	31-32	,	_	_	_	
1-9	33-38	avoir	_	_	_	
1-10	39-41	eu	_	_	_	
1-11	42-44	ma	_	_	_	
1-12	45-49	part	_	_	_	
1-13	50-52	de	_	_	_	
1-14	53-58	l'art	_	_	_	
1-15	59-61	de	_	_	_	
1-16	62-65	ces	_	_	_	
1-17	66-76	cuisiniers	_	_	_	
1-18	77-80	qui	_	_	_	
1-19	81-88	sçavent	_	_	_	
1-20	89-100	assaisonner	_	_	_	
1-21	101-104	les	_	_	_	
1-22	105-111	odeurs	Smell\_Word	*|*|*|*|*	1-23|1-50|1-33[1_0]|1-28|1-43[2_0]	
1-23	112-123	estrangeres	Quality	_	_	
1-24	124-129	avecq	_	_	_	
1-25	130-132	la	_	_	_	
1-26	133-139	saveur	_	_	_	
1-27	140-143	des	_	_	_	
1-28	144-151	viandes	Odour\_Carrier	_	_	
1-29	152-157	comme	_	_	_	
1-30	158-172	singulierement	_	_	_	
1-31	173-175	on	_	_	_	
1-32	176-184	remarqua	_	_	_	
1-33	185-187	au	Circumstances[1]	_	_	
1-34	188-195	service	Circumstances[1]	_	_	
1-35	196-198	de	Circumstances[1]	_	_	
1-36	199-201	ce	Circumstances[1]	_	_	
1-37	202-205	Roy	Circumstances[1]	_	_	
1-38	206-208	de	Circumstances[1]	_	_	
1-39	209-215	Thunes	Circumstances[1]	_	_	
1-40	215-216	,	_	_	_	
1-41	217-220	qui	_	_	_	
1-42	220-221	,	_	_	_	
1-43	222-224	de	Time[2]	_	_	
1-44	225-231	nostre	Time[2]	_	_	
1-45	232-236	aage	Time[2]	_	_	
1-46	236-237	,	_	_	_	
1-47	238-243	print	_	_	_	
1-48	244-249	terre	_	_	_	
1-49	250-251	à	_	_	_	
1-50	252-258	Naples	Location	_	_	
1-51	259-263	pour	_	_	_	
1-52	264-274	s'aboucher	_	_	_	
1-53	275-279	avec	_	_	_	
1-54	280-290	l'Empereur	_	_	_	
1-55	291-298	Charles	_	_	_	
1-56	298-299	.	_	_	_	

#Text=On farcissoit ses viandes de drogues odoriferantes, de telle somptuosité qu'un Paon et deux faisans revenoient à cent ducats, pour les apprester selon leur maniere: et, quand on les despeçoit, remplissoient, non seulement la salle, mais toutes les chambres de son palais, et jusques aux maisons du voisinage, d'une tres souefve vapeur qui ne se perdoit pas si tost.
2-1	300-302	On	_	_	_	
2-2	303-313	farcissoit	_	_	_	
2-3	314-317	ses	_	_	_	
2-4	318-325	viandes	Odour\_Carrier	_	_	
2-5	326-328	de	_	_	_	
2-6	329-336	drogues	Smell\_Source	_	_	
2-7	337-350	odoriferantes	Smell\_Word	*|*	2-6|2-4	
2-8	350-351	,	_	_	_	
2-9	352-354	de	_	_	_	
2-10	355-360	telle	_	_	_	
2-11	361-372	somptuosité	_	_	_	
2-12	373-378	qu'un	_	_	_	
2-13	379-383	Paon	_	_	_	
2-14	384-386	et	_	_	_	
2-15	387-391	deux	_	_	_	
2-16	392-399	faisans	_	_	_	
2-17	400-410	revenoient	_	_	_	
2-18	411-412	à	_	_	_	
2-19	413-417	cent	_	_	_	
2-20	418-424	ducats	_	_	_	
2-21	424-425	,	_	_	_	
2-22	426-430	pour	_	_	_	
2-23	431-434	les	_	_	_	
2-24	435-444	apprester	_	_	_	
2-25	445-450	selon	_	_	_	
2-26	451-455	leur	_	_	_	
2-27	456-463	maniere	_	_	_	
2-28	463-464	:	_	_	_	
2-29	465-467	et	_	_	_	
2-30	467-468	,	_	_	_	
2-31	469-474	quand	Time[3]	_	_	
2-32	475-477	on	Time[3]	_	_	
2-33	478-481	les	Time[3]	_	_	
2-34	482-491	despeçoit	Time[3]	_	_	
2-35	491-492	,	_	_	_	
2-36	493-506	remplissoient	_	_	_	
2-37	506-507	,	_	_	_	
2-38	508-511	non	_	_	_	
2-39	512-521	seulement	_	_	_	
2-40	522-524	la	_	_	_	
2-41	525-530	salle	Location	_	_	
2-42	530-531	,	_	_	_	
2-43	532-536	mais	_	_	_	
2-44	537-543	toutes	Location[4]	_	_	
2-45	544-547	les	Location[4]	_	_	
2-46	548-556	chambres	Location[4]	_	_	
2-47	557-559	de	Location[4]	_	_	
2-48	560-563	son	Location[4]	_	_	
2-49	564-570	palais	Location[4]	_	_	
2-50	570-571	,	_	_	_	
2-51	572-574	et	_	_	_	
2-52	575-582	jusques	_	_	_	
2-53	583-586	aux	_	_	_	
2-54	587-594	maisons	Location[5]	_	_	
2-55	595-597	du	Location[5]	_	_	
2-56	598-607	voisinage	Location[5]	_	_	
2-57	607-608	,	_	_	_	
2-58	609-614	d'une	_	_	_	
2-59	615-619	tres	_	_	_	
2-60	620-627	souefve	Quality	_	_	
2-61	628-634	vapeur	Smell\_Word	*|*|*|*|*	2-60|2-54[5_0]|2-44[4_0]|2-41|2-31[3_0]	
2-62	635-638	qui	_	_	_	
2-63	639-641	ne	_	_	_	
2-64	642-644	se	_	_	_	
2-65	645-652	perdoit	_	_	_	
2-66	653-656	pas	_	_	_	
2-67	657-659	si	_	_	_	
2-68	660-664	tost	_	_	_	
2-69	664-665	.	_	_	_	

#Text=Le principal soing que j'aye à me loger, c'est de fuir l'air puant et poisant.
3-1	666-668	Le	_	_	_	
3-2	669-678	principal	_	_	_	
3-3	679-684	soing	_	_	_	
3-4	685-688	que	_	_	_	
3-5	689-694	j'aye	_	_	_	
3-6	695-696	à	_	_	_	
3-7	697-699	me	_	_	_	
3-8	700-705	loger	_	_	_	
3-9	705-706	,	_	_	_	
3-10	707-712	c'est	_	_	_	
3-11	713-715	de	_	_	_	
3-12	716-720	fuir	_	_	_	
3-13	721-726	l'air	Odour\_Carrier	_	_	
3-14	727-732	puant	Quality[6]|Smell\_Word[7]	*	3-13[0_6]	
3-15	733-735	et	_	_	_	
3-16	736-743	poisant	_	_	_	
3-17	743-744	.	_	_	_	

#Text=Ces belles villes, Venise et Paris, alterent la faveur que je leur porte, par l'aigre senteur, l'une de son marets, l'autre de sa boue.
4-1	745-748	Ces	_	_	_	
4-2	749-755	belles	_	_	_	
4-3	756-762	villes	_	_	_	
4-4	762-763	,	_	_	_	
4-5	764-770	Venise	Location	_	_	
4-6	771-773	et	_	_	_	
4-7	774-779	Paris	Location	_	_	
4-8	779-780	,	_	_	_	
4-9	781-789	alterent	_	_	_	
4-10	790-792	la	_	_	_	
4-11	793-799	faveur	_	_	_	
4-12	800-803	que	_	_	_	
4-13	804-806	je	_	_	_	
4-14	807-811	leur	_	_	_	
4-15	812-817	porte	_	_	_	
4-16	817-818	,	_	_	_	
4-17	819-822	par	_	_	_	
4-18	823-830	l'aigre	Quality	_	_	
4-19	831-838	senteur	Smell\_Word	*|*|*|*|*	4-18|4-5|4-7|4-29|4-24	
4-20	838-839	,	_	_	_	
4-21	840-845	l'une	_	_	_	
4-22	846-848	de	_	_	_	
4-23	849-852	son	_	_	_	
4-24	853-859	marets	Smell\_Source	_	_	
4-25	859-860	,	_	_	_	
4-26	861-868	l'autre	_	_	_	
4-27	869-871	de	_	_	_	
4-28	872-874	sa	_	_	_	
4-29	875-879	boue	Smell\_Source	_	_	
4-30	879-880	.	_	_	_	
