#FORMAT=WebAnno TSV 3.3


#Text=Je voudrois bien, pour en juger, avoir eu ma part de l'art de ces cuisiniers qui sçavent assaisonner les odeurs estrangeres avecq la saveur des viandes comme singulierement on remarqua au service de ce Roy de Thunes, qui, de nostre aage, print terre à Naples pour s'aboucher avec l'Empereur Charles.
1-1	0-2	Je	
1-2	3-11	voudrois	
1-3	12-16	bien	
1-4	16-17	,	
1-5	18-22	pour	
1-6	23-25	en	
1-7	26-31	juger	
1-8	31-32	,	
1-9	33-38	avoir	
1-10	39-41	eu	
1-11	42-44	ma	
1-12	45-49	part	
1-13	50-52	de	
1-14	53-58	l'art	
1-15	59-61	de	
1-16	62-65	ces	
1-17	66-76	cuisiniers	
1-18	77-80	qui	
1-19	81-88	sçavent	
1-20	89-100	assaisonner	
1-21	101-104	les	
1-22	105-111	odeurs	
1-23	112-123	estrangeres	
1-24	124-129	avecq	
1-25	130-132	la	
1-26	133-139	saveur	
1-27	140-143	des	
1-28	144-151	viandes	
1-29	152-157	comme	
1-30	158-172	singulierement	
1-31	173-175	on	
1-32	176-184	remarqua	
1-33	185-187	au	
1-34	188-195	service	
1-35	196-198	de	
1-36	199-201	ce	
1-37	202-205	Roy	
1-38	206-208	de	
1-39	209-215	Thunes	
1-40	215-216	,	
1-41	217-220	qui	
1-42	220-221	,	
1-43	222-224	de	
1-44	225-231	nostre	
1-45	232-236	aage	
1-46	236-237	,	
1-47	238-243	print	
1-48	244-249	terre	
1-49	250-251	à	
1-50	252-258	Naples	
1-51	259-263	pour	
1-52	264-274	s'aboucher	
1-53	275-279	avec	
1-54	280-290	l'Empereur	
1-55	291-298	Charles	
1-56	298-299	.	

#Text=On farcissoit ses viandes de drogues odoriferantes, de telle somptuosité qu'un Paon et deux faisans revenoient à cent ducats, pour les apprester selon leur maniere: et, quand on les despeçoit, remplissoient, non seulement la salle, mais toutes les chambres de son palais, et jusques aux maisons du voisinage, d'une tres souefve vapeur qui ne se perdoit pas si tost.
2-1	300-302	On	
2-2	303-313	farcissoit	
2-3	314-317	ses	
2-4	318-325	viandes	
2-5	326-328	de	
2-6	329-336	drogues	
2-7	337-350	odoriferantes	
2-8	350-351	,	
2-9	352-354	de	
2-10	355-360	telle	
2-11	361-372	somptuosité	
2-12	373-378	qu'un	
2-13	379-383	Paon	
2-14	384-386	et	
2-15	387-391	deux	
2-16	392-399	faisans	
2-17	400-410	revenoient	
2-18	411-412	à	
2-19	413-417	cent	
2-20	418-424	ducats	
2-21	424-425	,	
2-22	426-430	pour	
2-23	431-434	les	
2-24	435-444	apprester	
2-25	445-450	selon	
2-26	451-455	leur	
2-27	456-463	maniere	
2-28	463-464	:	
2-29	465-467	et	
2-30	467-468	,	
2-31	469-474	quand	
2-32	475-477	on	
2-33	478-481	les	
2-34	482-491	despeçoit	
2-35	491-492	,	
2-36	493-506	remplissoient	
2-37	506-507	,	
2-38	508-511	non	
2-39	512-521	seulement	
2-40	522-524	la	
2-41	525-530	salle	
2-42	530-531	,	
2-43	532-536	mais	
2-44	537-543	toutes	
2-45	544-547	les	
2-46	548-556	chambres	
2-47	557-559	de	
2-48	560-563	son	
2-49	564-570	palais	
2-50	570-571	,	
2-51	572-574	et	
2-52	575-582	jusques	
2-53	583-586	aux	
2-54	587-594	maisons	
2-55	595-597	du	
2-56	598-607	voisinage	
2-57	607-608	,	
2-58	609-614	d'une	
2-59	615-619	tres	
2-60	620-627	souefve	
2-61	628-634	vapeur	
2-62	635-638	qui	
2-63	639-641	ne	
2-64	642-644	se	
2-65	645-652	perdoit	
2-66	653-656	pas	
2-67	657-659	si	
2-68	660-664	tost	
2-69	664-665	.	

#Text=Le principal soing que j'aye à me loger, c'est de fuir l'air puant et poisant.
3-1	666-668	Le	
3-2	669-678	principal	
3-3	679-684	soing	
3-4	685-688	que	
3-5	689-694	j'aye	
3-6	695-696	à	
3-7	697-699	me	
3-8	700-705	loger	
3-9	705-706	,	
3-10	707-712	c'est	
3-11	713-715	de	
3-12	716-720	fuir	
3-13	721-726	l'air	
3-14	727-732	puant	
3-15	733-735	et	
3-16	736-743	poisant	
3-17	743-744	.	

#Text=Ces belles villes, Venise et Paris, alterent la faveur que je leur porte, par l'aigre senteur, l'une de son marets, l'autre de sa boue.
4-1	745-748	Ces	
4-2	749-755	belles	
4-3	756-762	villes	
4-4	762-763	,	
4-5	764-770	Venise	
4-6	771-773	et	
4-7	774-779	Paris	
4-8	779-780	,	
4-9	781-789	alterent	
4-10	790-792	la	
4-11	793-799	faveur	
4-12	800-803	que	
4-13	804-806	je	
4-14	807-811	leur	
4-15	812-817	porte	
4-16	817-818	,	
4-17	819-822	par	
4-18	823-830	l'aigre	
4-19	831-838	senteur	
4-20	838-839	,	
4-21	840-845	l'une	
4-22	846-848	de	
4-23	849-852	son	
4-24	853-859	marets	
4-25	859-860	,	
4-26	861-868	l'autre	
4-27	869-871	de	
4-28	872-874	sa	
4-29	875-879	boue	
4-30	879-880	.	
