#FORMAT=WebAnno TSV 3.3
#T_SP=custom.Span|label


#Text=Il leur est défendu d'altérer par des odeurs, la nature de l'huile, et par des couleurs, excepté celle de pourpre, la blancheur de la laine.
1-1	0-2	Il	_	
1-2	3-7	leur	_	
1-3	8-11	est	_	
1-4	12-19	défendu	_	
1-5	20-29	d'altérer	_	
1-6	30-33	par	_	
1-7	34-37	des	_	
1-8	38-44	odeurs	Smell\_Word	
1-9	44-45	,	_	
1-10	46-48	la	_	
1-11	49-55	nature	_	
1-12	56-58	de	_	
1-13	59-66	l'huile	_	
1-14	66-67	,	_	
1-15	68-70	et	_	
1-16	71-74	par	_	
1-17	75-78	des	_	
1-18	79-87	couleurs	_	
1-19	87-88	,	_	
1-20	89-96	excepté	_	
1-21	97-102	celle	_	
1-22	103-105	de	_	
1-23	106-113	pourpre	_	
1-24	113-114	,	_	
1-25	115-117	la	_	
1-26	118-127	blancheur	_	
1-27	128-130	de	_	
1-28	131-133	la	_	
1-29	134-139	laine	_	
1-30	139-140	.	_	

#Text=Ainsi, point de parfumeurs et presque point de teinturiers parmi eux.
2-1	141-146	Ainsi	_	
2-2	146-147	,	_	
2-3	148-153	point	_	
2-4	154-156	de	_	
2-5	157-167	parfumeurs	_	
2-6	168-170	et	_	
2-7	171-178	presque	_	
2-8	179-184	point	_	
2-9	185-187	de	_	
2-10	188-199	teinturiers	_	
2-11	200-205	parmi	_	
2-12	206-209	eux	_	
2-13	209-210	.	_	

#Text=Ils ne devraient connaître ni l'or ni l'argent, ni par conséquent ceux qui mettent ces métaux en œuvre. à l'armée, ils peuvent exercer quelques professions utiles, comme celles de héraut, de trompette, de cuisinier, à condition que le fils suivra la profession de son père, comme cela se pratique en égypte.
3-1	211-214	Ils	_	
3-2	215-217	ne	_	
3-3	218-227	devraient	_	
3-4	228-237	connaître	_	
3-5	238-240	ni	_	
3-6	241-245	l'or	_	
3-7	246-248	ni	_	
3-8	249-257	l'argent	_	
3-9	257-258	,	_	
3-10	259-261	ni	_	
3-11	262-265	par	_	
3-12	266-276	conséquent	_	
3-13	277-281	ceux	_	
3-14	282-285	qui	_	
3-15	286-293	mettent	_	
3-16	294-297	ces	_	
3-17	298-304	métaux	_	
3-18	305-307	en	_	
3-19	308-313	œuvre	_	
3-20	313-314	.	_	
3-21	315-316	à	_	
3-22	317-324	l'armée	_	
3-23	324-325	,	_	
3-24	326-329	ils	_	
3-25	330-337	peuvent	_	
3-26	338-345	exercer	_	
3-27	346-354	quelques	_	
3-28	355-366	professions	_	
3-29	367-373	utiles	_	
3-30	373-374	,	_	
3-31	375-380	comme	_	
3-32	381-387	celles	_	
3-33	388-390	de	_	
3-34	391-397	héraut	_	
3-35	397-398	,	_	
3-36	399-401	de	_	
3-37	402-411	trompette	_	
3-38	411-412	,	_	
3-39	413-415	de	_	
3-40	416-425	cuisinier	_	
3-41	425-426	,	_	
3-42	427-428	à	_	
3-43	429-438	condition	_	
3-44	439-442	que	_	
3-45	443-445	le	_	
3-46	446-450	fils	_	
3-47	451-457	suivra	_	
3-48	458-460	la	_	
3-49	461-471	profession	_	
3-50	472-474	de	_	
3-51	475-478	son	_	
3-52	479-483	père	_	
3-53	483-484	,	_	
3-54	485-490	comme	_	
3-55	491-495	cela	_	
3-56	496-498	se	_	
3-57	499-507	pratique	_	
3-58	508-510	en	_	
3-59	511-517	égypte	_	
3-60	517-518	.	_	

#Text=Ils ont une telle idée de la liberté, qu'ils ne peuvent la concilier avec le travail des mains.
4-1	519-522	Ils	_	
4-2	523-526	ont	_	
4-3	527-530	une	_	
4-4	531-536	telle	_	
4-5	537-541	idée	_	
4-6	542-544	de	_	
4-7	545-547	la	_	
4-8	548-555	liberté	_	
4-9	555-556	,	_	
4-10	557-563	qu'ils	_	
4-11	564-566	ne	_	
4-12	567-574	peuvent	_	
4-13	575-577	la	_	
4-14	578-587	concilier	_	
4-15	588-592	avec	_	
4-16	593-595	le	_	
4-17	596-603	travail	_	
4-18	604-607	des	_	
4-19	608-613	mains	_	
4-20	613-614	.	_	

#Text=Un d'entre eux, à son retour d'Athènes, me disait: je viens d'une ville où rien n'est déshonnête.
5-1	615-617	Un	_	
5-2	618-625	d'entre	_	
5-3	626-629	eux	_	
5-4	629-630	,	_	
5-5	631-632	à	_	
5-6	633-636	son	_	
5-7	637-643	retour	_	
5-8	644-653	d'Athènes	_	
5-9	653-654	,	_	
5-10	655-657	me	_	
5-11	658-664	disait	_	
5-12	664-665	:	_	
5-13	666-668	je	_	
5-14	669-674	viens	_	
5-15	675-680	d'une	_	
5-16	681-686	ville	_	
5-17	687-689	où	_	
5-18	690-694	rien	_	
5-19	695-700	n'est	_	
5-20	701-711	déshonnête	_	
5-21	711-712	.	_	
