#FORMAT=WebAnno TSV 3.3
#T_SP=custom.Span|label
#T_RL=custom.Relation|label|BT_custom.Span


#Text=L'adroit Dubuisson avait introduit dans le sanctuaire de Cypris les trois champions désignés pour sacrifier sur ses autels.
1-1	0-8	L'adroit	_	_	_	
1-2	9-18	Dubuisson	_	_	_	
1-3	19-24	avait	_	_	_	
1-4	25-34	introduit	_	_	_	
1-5	35-39	dans	_	_	_	
1-6	40-42	le	_	_	_	
1-7	43-53	sanctuaire	_	_	_	
1-8	54-56	de	_	_	_	
1-9	57-63	Cypris	_	_	_	
1-10	64-67	les	_	_	_	
1-11	68-73	trois	_	_	_	
1-12	74-83	champions	_	_	_	
1-13	84-92	désignés	_	_	_	
1-14	93-97	pour	_	_	_	
1-15	98-107	sacrifier	_	_	_	
1-16	108-111	sur	_	_	_	
1-17	112-115	ses	_	_	_	
1-18	116-122	autels	_	_	_	
1-19	122-123	.	_	_	_	

#Text=Une espèce d'enchantement les y avait transportés sans connaître le lieu où ils étaient admis, ni le motif qui les y appelait.
2-1	124-127	Une	_	_	_	
2-2	128-134	espèce	_	_	_	
2-3	135-149	d'enchantement	_	_	_	
2-4	150-153	les	_	_	_	
2-5	154-155	y	_	_	_	
2-6	156-161	avait	_	_	_	
2-7	162-173	transportés	_	_	_	
2-8	174-178	sans	_	_	_	
2-9	179-188	connaître	_	_	_	
2-10	189-191	le	_	_	_	
2-11	192-196	lieu	_	_	_	
2-12	197-199	où	_	_	_	
2-13	200-203	ils	_	_	_	
2-14	204-211	étaient	_	_	_	
2-15	212-217	admis	_	_	_	
2-16	217-218	,	_	_	_	
2-17	219-221	ni	_	_	_	
2-18	222-224	le	_	_	_	
2-19	225-230	motif	_	_	_	
2-20	231-234	qui	_	_	_	
2-21	235-238	les	_	_	_	
2-22	239-240	y	_	_	_	
2-23	241-249	appelait	_	_	_	
2-24	249-250	.	_	_	_	

#Text=Leurs yeux éblouis de l'éclatant appareil qui se déployait dans la somptuosité des meubles qui ornaient la pièce où ils étaient entrés, se promenaient de toutes parts avec une espèce d'ébahissement.
3-1	251-256	Leurs	_	_	_	
3-2	257-261	yeux	_	_	_	
3-3	262-269	éblouis	_	_	_	
3-4	270-272	de	_	_	_	
3-5	273-283	l'éclatant	_	_	_	
3-6	284-292	appareil	_	_	_	
3-7	293-296	qui	_	_	_	
3-8	297-299	se	_	_	_	
3-9	300-309	déployait	_	_	_	
3-10	310-314	dans	_	_	_	
3-11	315-317	la	_	_	_	
3-12	318-329	somptuosité	_	_	_	
3-13	330-333	des	_	_	_	
3-14	334-341	meubles	_	_	_	
3-15	342-345	qui	_	_	_	
3-16	346-354	ornaient	_	_	_	
3-17	355-357	la	_	_	_	
3-18	358-363	pièce	_	_	_	
3-19	364-366	où	_	_	_	
3-20	367-370	ils	_	_	_	
3-21	371-378	étaient	_	_	_	
3-22	379-385	entrés	_	_	_	
3-23	385-386	,	_	_	_	
3-24	387-389	se	_	_	_	
3-25	390-401	promenaient	_	_	_	
3-26	402-404	de	_	_	_	
3-27	405-411	toutes	_	_	_	
3-28	412-417	parts	_	_	_	
3-29	418-422	avec	_	_	_	
3-30	423-426	une	_	_	_	
3-31	427-433	espèce	_	_	_	
3-32	434-448	d'ébahissement	_	_	_	
3-33	448-449	.	_	_	_	

#Text=Veillent-ils, dorment-ils ?
4-1	450-462	Veillent-ils	_	_	_	
4-2	462-463	,	_	_	_	
4-3	464-475	dorment-ils	_	_	_	
4-4	476-477	?	_	_	_	

#Text=ils ne savent qu'en croire; ils approchent leurs mains timides des objets divins qui les environnent et s'assurent, en les palpant; qu'ils ne sont point phantastiques.
5-1	478-481	ils	_	_	_	
5-2	482-484	ne	_	_	_	
5-3	485-491	savent	_	_	_	
5-4	492-497	qu'en	_	_	_	
5-5	498-504	croire	_	_	_	
5-6	504-505	;	_	_	_	
5-7	506-509	ils	_	_	_	
5-8	510-520	approchent	_	_	_	
5-9	521-526	leurs	_	_	_	
5-10	527-532	mains	_	_	_	
5-11	533-540	timides	_	_	_	
5-12	541-544	des	_	_	_	
5-13	545-551	objets	_	_	_	
5-14	552-558	divins	_	_	_	
5-15	559-562	qui	_	_	_	
5-16	563-566	les	_	_	_	
5-17	567-578	environnent	_	_	_	
5-18	579-581	et	_	_	_	
5-19	582-592	s'assurent	_	_	_	
5-20	592-593	,	_	_	_	
5-21	594-596	en	_	_	_	
5-22	597-600	les	_	_	_	
5-23	601-608	palpant	_	_	_	
5-24	608-609	;	_	_	_	
5-25	610-616	qu'ils	_	_	_	
5-26	617-619	ne	_	_	_	
5-27	620-624	sont	_	_	_	
5-28	625-630	point	_	_	_	
5-29	631-644	phantastiques	_	_	_	
5-30	644-645	.	_	_	_	

#Text=Enfin Parmesan, le premier, témoigne le ravissement qu'il éprouve.
6-1	646-651	Enfin	_	_	_	
6-2	652-660	Parmesan	_	_	_	
6-3	660-661	,	_	_	_	
6-4	662-664	le	_	_	_	
6-5	665-672	premier	_	_	_	
6-6	672-673	,	_	_	_	
6-7	674-682	témoigne	_	_	_	
6-8	683-685	le	_	_	_	
6-9	686-697	ravissement	_	_	_	
6-10	698-703	qu'il	_	_	_	
6-11	704-711	éprouve	_	_	_	
6-12	711-712	.	_	_	_	

#Text=Dans un temps plus heureux, il avait été introduit dans le cabinet secret des divinités qui régnaient alors.
7-1	713-717	Dans	_	_	_	
7-2	718-720	un	_	_	_	
7-3	721-726	temps	_	_	_	
7-4	727-731	plus	_	_	_	
7-5	732-739	heureux	_	_	_	
7-6	739-740	,	_	_	_	
7-7	741-743	il	_	_	_	
7-8	744-749	avait	_	_	_	
7-9	750-753	été	_	_	_	
7-10	754-763	introduit	_	_	_	
7-11	764-768	dans	_	_	_	
7-12	769-771	le	_	_	_	
7-13	772-779	cabinet	_	_	_	
7-14	780-786	secret	_	_	_	
7-15	787-790	des	_	_	_	
7-16	791-800	divinités	_	_	_	
7-17	801-804	qui	_	_	_	
7-18	805-814	régnaient	_	_	_	
7-19	815-820	alors	_	_	_	
7-20	820-821	.	_	_	_	

#Text=Quelque chose de semblable, mais d'infiniment plus recherché, s'offrait à son admiration.
8-1	822-829	Quelque	_	_	_	
8-2	830-835	chose	_	_	_	
8-3	836-838	de	_	_	_	
8-4	839-848	semblable	_	_	_	
8-5	848-849	,	_	_	_	
8-6	850-854	mais	_	_	_	
8-7	855-867	d'infiniment	_	_	_	
8-8	868-872	plus	_	_	_	
8-9	873-882	recherché	_	_	_	
8-10	882-883	,	_	_	_	
8-11	884-893	s'offrait	_	_	_	
8-12	894-895	à	_	_	_	
8-13	896-899	son	_	_	_	
8-14	900-910	admiration	_	_	_	
8-15	910-911	.	_	_	_	

#Text=Oh !
9-1	912-914	Oh	_	_	_	
9-2	915-916	!	_	_	_	

#Text=en vérité, dit-il, foi de Froteur, cela n'a jamais eu son pareil.
10-1	917-919	en	_	_	_	
10-2	920-926	vérité	_	_	_	
10-3	926-927	,	_	_	_	
10-4	928-934	dit-il	_	_	_	
10-5	934-935	,	_	_	_	
10-6	936-939	foi	_	_	_	
10-7	940-942	de	_	_	_	
10-8	943-950	Froteur	_	_	_	
10-9	950-951	,	_	_	_	
10-10	952-956	cela	_	_	_	
10-11	957-960	n'a	_	_	_	
10-12	961-967	jamais	_	_	_	
10-13	968-970	eu	_	_	_	
10-14	971-974	son	_	_	_	
10-15	975-981	pareil	_	_	_	
10-16	981-982	.	_	_	_	

#Text=Le siècle d'or aurait-il enfin remplacé celui de fer ?
11-1	983-985	Le	_	_	_	
11-2	986-992	siècle	_	_	_	
11-3	993-997	d'or	_	_	_	
11-4	998-1007	aurait-il	_	_	_	
11-5	1008-1013	enfin	_	_	_	
11-6	1014-1022	remplacé	_	_	_	
11-7	1023-1028	celui	_	_	_	
11-8	1029-1031	de	_	_	_	
11-9	1032-1035	fer	_	_	_	
11-10	1036-1037	?	_	_	_	

#Text=ou bien ne sont ce pas des fées, des génies qui habitent ce palais ?
12-1	1038-1040	ou	_	_	_	
12-2	1041-1045	bien	_	_	_	
12-3	1046-1048	ne	_	_	_	
12-4	1049-1053	sont	_	_	_	
12-5	1054-1056	ce	_	_	_	
12-6	1057-1060	pas	_	_	_	
12-7	1061-1064	des	_	_	_	
12-8	1065-1069	fées	_	_	_	
12-9	1069-1070	,	_	_	_	
12-10	1071-1074	des	_	_	_	
12-11	1075-1081	génies	_	_	_	
12-12	1082-1085	qui	_	_	_	
12-13	1086-1094	habitent	_	_	_	
12-14	1095-1097	ce	_	_	_	
12-15	1098-1104	palais	_	_	_	
12-16	1105-1106	?	_	_	_	

#Text=voyez, messieurs, vit-on jamais rien d'aussi parfait ?
13-1	1107-1112	voyez	_	_	_	
13-2	1112-1113	,	_	_	_	
13-3	1114-1123	messieurs	_	_	_	
13-4	1123-1124	,	_	_	_	
13-5	1125-1131	vit-on	_	_	_	
13-6	1132-1138	jamais	_	_	_	
13-7	1139-1143	rien	_	_	_	
13-8	1144-1151	d'aussi	_	_	_	
13-9	1152-1159	parfait	_	_	_	
13-10	1160-1161	?	_	_	_	

#Text=ces membres là, en montrant l'architecte de la vie et son auxiliaire, ont âme et action.
14-1	1162-1165	ces	_	_	_	
14-2	1166-1173	membres	_	_	_	
14-3	1174-1176	là	_	_	_	
14-4	1176-1177	,	_	_	_	
14-5	1178-1180	en	_	_	_	
14-6	1181-1189	montrant	_	_	_	
14-7	1190-1202	l'architecte	_	_	_	
14-8	1203-1205	de	_	_	_	
14-9	1206-1208	la	_	_	_	
14-10	1209-1212	vie	_	_	_	
14-11	1213-1215	et	_	_	_	
14-12	1216-1219	son	_	_	_	
14-13	1220-1230	auxiliaire	_	_	_	
14-14	1230-1231	,	_	_	_	
14-15	1232-1235	ont	_	_	_	
14-16	1236-1239	âme	_	_	_	
14-17	1240-1242	et	_	_	_	
14-18	1243-1249	action	_	_	_	
14-19	1249-1250	.	_	_	_	

#Text=Regardez, sur cette belle colonne, cet impitoyable satyre, il perce de son énorme dard cette gentille nymphe.
15-1	1251-1259	Regardez	_	_	_	
15-2	1259-1260	,	_	_	_	
15-3	1261-1264	sur	_	_	_	
15-4	1265-1270	cette	_	_	_	
15-5	1271-1276	belle	_	_	_	
15-6	1277-1284	colonne	_	_	_	
15-7	1284-1285	,	_	_	_	
15-8	1286-1289	cet	_	_	_	
15-9	1290-1301	impitoyable	_	_	_	
15-10	1302-1308	satyre	_	_	_	
15-11	1308-1309	,	_	_	_	
15-12	1310-1312	il	_	_	_	
15-13	1313-1318	perce	_	_	_	
15-14	1319-1321	de	_	_	_	
15-15	1322-1325	son	_	_	_	
15-16	1326-1332	énorme	_	_	_	
15-17	1333-1337	dard	_	_	_	
15-18	1338-1343	cette	_	_	_	
15-19	1344-1352	gentille	_	_	_	
15-20	1353-1359	nymphe	_	_	_	
15-21	1359-1360	.	_	_	_	

#Text=Voyez cet autre furieux saisir le thyrse enflammé du dieu, et l'enfoncer à la chute des reins d'une bergère effrayée; et ce singe qui brise sa chaîne et se précipite sous les jupes d'une jeune fille, et lui ravit, avant de lâcher prise, la fleur à la quelle un amant attache tant de prix; et ces groupes, dans des attitudes variées, attaquer à la fois tous les canaux de la volupté; et ces oiseaux perchés sur ces arbres, imiter dans leurs folâtreries, les mouvement désordonnés et lascifs des humains qu'aucun frein, aucune pudeur n'arrête; et tous ces animaux qui chacun en leur manière bondissent et fermentent d'amour et de plaisir.
16-1	1361-1366	Voyez	_	_	_	
16-2	1367-1370	cet	_	_	_	
16-3	1371-1376	autre	_	_	_	
16-4	1377-1384	furieux	_	_	_	
16-5	1385-1391	saisir	_	_	_	
16-6	1392-1394	le	_	_	_	
16-7	1395-1401	thyrse	_	_	_	
16-8	1402-1410	enflammé	_	_	_	
16-9	1411-1413	du	_	_	_	
16-10	1414-1418	dieu	_	_	_	
16-11	1418-1419	,	_	_	_	
16-12	1420-1422	et	_	_	_	
16-13	1423-1433	l'enfoncer	_	_	_	
16-14	1434-1435	à	_	_	_	
16-15	1436-1438	la	_	_	_	
16-16	1439-1444	chute	_	_	_	
16-17	1445-1448	des	_	_	_	
16-18	1449-1454	reins	_	_	_	
16-19	1455-1460	d'une	_	_	_	
16-20	1461-1468	bergère	_	_	_	
16-21	1469-1477	effrayée	_	_	_	
16-22	1477-1478	;	_	_	_	
16-23	1479-1481	et	_	_	_	
16-24	1482-1484	ce	_	_	_	
16-25	1485-1490	singe	_	_	_	
16-26	1491-1494	qui	_	_	_	
16-27	1495-1500	brise	_	_	_	
16-28	1501-1503	sa	_	_	_	
16-29	1504-1510	chaîne	_	_	_	
16-30	1511-1513	et	_	_	_	
16-31	1514-1516	se	_	_	_	
16-32	1517-1526	précipite	_	_	_	
16-33	1527-1531	sous	_	_	_	
16-34	1532-1535	les	_	_	_	
16-35	1536-1541	jupes	_	_	_	
16-36	1542-1547	d'une	_	_	_	
16-37	1548-1553	jeune	_	_	_	
16-38	1554-1559	fille	_	_	_	
16-39	1559-1560	,	_	_	_	
16-40	1561-1563	et	_	_	_	
16-41	1564-1567	lui	_	_	_	
16-42	1568-1573	ravit	_	_	_	
16-43	1573-1574	,	_	_	_	
16-44	1575-1580	avant	_	_	_	
16-45	1581-1583	de	_	_	_	
16-46	1584-1590	lâcher	_	_	_	
16-47	1591-1596	prise	_	_	_	
16-48	1596-1597	,	_	_	_	
16-49	1598-1600	la	_	_	_	
16-50	1601-1606	fleur	_	_	_	
16-51	1607-1608	à	_	_	_	
16-52	1609-1611	la	_	_	_	
16-53	1612-1618	quelle	_	_	_	
16-54	1619-1621	un	_	_	_	
16-55	1622-1627	amant	_	_	_	
16-56	1628-1635	attache	_	_	_	
16-57	1636-1640	tant	_	_	_	
16-58	1641-1643	de	_	_	_	
16-59	1644-1648	prix	_	_	_	
16-60	1648-1649	;	_	_	_	
16-61	1650-1652	et	_	_	_	
16-62	1653-1656	ces	_	_	_	
16-63	1657-1664	groupes	_	_	_	
16-64	1664-1665	,	_	_	_	
16-65	1666-1670	dans	_	_	_	
16-66	1671-1674	des	_	_	_	
16-67	1675-1684	attitudes	_	_	_	
16-68	1685-1692	variées	_	_	_	
16-69	1692-1693	,	_	_	_	
16-70	1694-1702	attaquer	_	_	_	
16-71	1703-1704	à	_	_	_	
16-72	1705-1707	la	_	_	_	
16-73	1708-1712	fois	_	_	_	
16-74	1713-1717	tous	_	_	_	
16-75	1718-1721	les	_	_	_	
16-76	1722-1728	canaux	_	_	_	
16-77	1729-1731	de	_	_	_	
16-78	1732-1734	la	_	_	_	
16-79	1735-1742	volupté	_	_	_	
16-80	1742-1743	;	_	_	_	
16-81	1744-1746	et	_	_	_	
16-82	1747-1750	ces	_	_	_	
16-83	1751-1758	oiseaux	_	_	_	
16-84	1759-1766	perchés	_	_	_	
16-85	1767-1770	sur	_	_	_	
16-86	1771-1774	ces	_	_	_	
16-87	1775-1781	arbres	_	_	_	
16-88	1781-1782	,	_	_	_	
16-89	1783-1789	imiter	_	_	_	
16-90	1790-1794	dans	_	_	_	
16-91	1795-1800	leurs	_	_	_	
16-92	1801-1812	folâtreries	_	_	_	
16-93	1812-1813	,	_	_	_	
16-94	1814-1817	les	_	_	_	
16-95	1818-1827	mouvement	_	_	_	
16-96	1828-1839	désordonnés	_	_	_	
16-97	1840-1842	et	_	_	_	
16-98	1843-1850	lascifs	_	_	_	
16-99	1851-1854	des	_	_	_	
16-100	1855-1862	humains	_	_	_	
16-101	1863-1871	qu'aucun	_	_	_	
16-102	1872-1877	frein	_	_	_	
16-103	1877-1878	,	_	_	_	
16-104	1879-1885	aucune	_	_	_	
16-105	1886-1892	pudeur	_	_	_	
16-106	1893-1901	n'arrête	_	_	_	
16-107	1901-1902	;	_	_	_	
16-108	1903-1905	et	_	_	_	
16-109	1906-1910	tous	_	_	_	
16-110	1911-1914	ces	_	_	_	
16-111	1915-1922	animaux	_	_	_	
16-112	1923-1926	qui	_	_	_	
16-113	1927-1933	chacun	_	_	_	
16-114	1934-1936	en	_	_	_	
16-115	1937-1941	leur	_	_	_	
16-116	1942-1949	manière	_	_	_	
16-117	1950-1960	bondissent	_	_	_	
16-118	1961-1963	et	_	_	_	
16-119	1964-1974	fermentent	_	_	_	
16-120	1975-1982	d'amour	_	_	_	
16-121	1983-1985	et	_	_	_	
16-122	1986-1988	de	_	_	_	
16-123	1989-1996	plaisir	_	_	_	
16-124	1996-1997	.	_	_	_	

#Text=Oh !
17-1	1998-2000	Oh	_	_	_	
17-2	2001-2002	!	_	_	_	

#Text=quel marbre ne s'embrâserait pas à la vue de tant d'êtres se livrant avec fureur à la chaleur de leur tempérament ?
18-1	2003-2007	quel	_	_	_	
18-2	2008-2014	marbre	_	_	_	
18-3	2015-2017	ne	_	_	_	
18-4	2018-2031	s'embrâserait	_	_	_	
18-5	2032-2035	pas	_	_	_	
18-6	2036-2037	à	_	_	_	
18-7	2038-2040	la	_	_	_	
18-8	2041-2044	vue	_	_	_	
18-9	2045-2047	de	_	_	_	
18-10	2048-2052	tant	_	_	_	
18-11	2053-2060	d'êtres	_	_	_	
18-12	2061-2063	se	_	_	_	
18-13	2064-2071	livrant	_	_	_	
18-14	2072-2076	avec	_	_	_	
18-15	2077-2083	fureur	_	_	_	
18-16	2084-2085	à	_	_	_	
18-17	2086-2088	la	_	_	_	
18-18	2089-2096	chaleur	_	_	_	
18-19	2097-2099	de	_	_	_	
18-20	2100-2104	leur	_	_	_	
18-21	2105-2116	tempérament	_	_	_	
18-22	2117-2118	?	_	_	_	

#Text=Cependant le père Pacôme roulait sur toutes ces obscénités des yeux dévorés de luxure.
19-1	2120-2129	Cependant	_	_	_	
19-2	2130-2132	le	_	_	_	
19-3	2133-2137	père	_	_	_	
19-4	2138-2144	Pacôme	_	_	_	
19-5	2145-2152	roulait	_	_	_	
19-6	2153-2156	sur	_	_	_	
19-7	2157-2163	toutes	_	_	_	
19-8	2164-2167	ces	_	_	_	
19-9	2168-2178	obscénités	_	_	_	
19-10	2179-2182	des	_	_	_	
19-11	2183-2187	yeux	_	_	_	
19-12	2188-2195	dévorés	_	_	_	
19-13	2196-2198	de	_	_	_	
19-14	2199-2205	luxure	_	_	_	
19-15	2205-2206	.	_	_	_	

#Text=Ses veines gonflées annonçaient le feu dont elles bouillonnaient.
20-1	2207-2210	Ses	_	_	_	
20-2	2211-2217	veines	_	_	_	
20-3	2218-2226	gonflées	_	_	_	
20-4	2227-2238	annonçaient	_	_	_	
20-5	2239-2241	le	_	_	_	
20-6	2242-2245	feu	_	_	_	
20-7	2246-2250	dont	_	_	_	
20-8	2251-2256	elles	_	_	_	
20-9	2257-2271	bouillonnaient	_	_	_	
20-10	2271-2272	.	_	_	_	

#Text=Le mouvement convulsif de ses lèvres, une ardeur qui se peignait dans ses traits; une ténacité à contempler toutes les attitudes, décélaient la trempe de son caractère et l'exaltation de ses désirs.
21-1	2273-2275	Le	_	_	_	
21-2	2276-2285	mouvement	_	_	_	
21-3	2286-2295	convulsif	_	_	_	
21-4	2296-2298	de	_	_	_	
21-5	2299-2302	ses	_	_	_	
21-6	2303-2309	lèvres	_	_	_	
21-7	2309-2310	,	_	_	_	
21-8	2311-2314	une	_	_	_	
21-9	2315-2321	ardeur	_	_	_	
21-10	2322-2325	qui	_	_	_	
21-11	2326-2328	se	_	_	_	
21-12	2329-2337	peignait	_	_	_	
21-13	2338-2342	dans	_	_	_	
21-14	2343-2346	ses	_	_	_	
21-15	2347-2353	traits	_	_	_	
21-16	2353-2354	;	_	_	_	
21-17	2355-2358	une	_	_	_	
21-18	2359-2367	ténacité	_	_	_	
21-19	2368-2369	à	_	_	_	
21-20	2370-2380	contempler	_	_	_	
21-21	2381-2387	toutes	_	_	_	
21-22	2388-2391	les	_	_	_	
21-23	2392-2401	attitudes	_	_	_	
21-24	2401-2402	,	_	_	_	
21-25	2403-2413	décélaient	_	_	_	
21-26	2414-2416	la	_	_	_	
21-27	2417-2423	trempe	_	_	_	
21-28	2424-2426	de	_	_	_	
21-29	2427-2430	son	_	_	_	
21-30	2431-2440	caractère	_	_	_	
21-31	2441-2443	et	_	_	_	
21-32	2444-2456	l'exaltation	_	_	_	
21-33	2457-2459	de	_	_	_	
21-34	2460-2463	ses	_	_	_	
21-35	2464-2470	désirs	_	_	_	
21-36	2470-2471	.	_	_	_	

#Text=On l'eût pris dans cet état pour un vrai Satyre, Fessinot, les lunettes sur le nez, jetait des regards froidement avides.
22-1	2472-2474	On	_	_	_	
22-2	2475-2480	l'eût	_	_	_	
22-3	2481-2485	pris	_	_	_	
22-4	2486-2490	dans	_	_	_	
22-5	2491-2494	cet	_	_	_	
22-6	2495-2499	état	_	_	_	
22-7	2500-2504	pour	_	_	_	
22-8	2505-2507	un	_	_	_	
22-9	2508-2512	vrai	_	_	_	
22-10	2513-2519	Satyre	_	_	_	
22-11	2519-2520	,	_	_	_	
22-12	2521-2529	Fessinot	_	_	_	
22-13	2529-2530	,	_	_	_	
22-14	2531-2534	les	_	_	_	
22-15	2535-2543	lunettes	_	_	_	
22-16	2544-2547	sur	_	_	_	
22-17	2548-2550	le	_	_	_	
22-18	2551-2554	nez	_	_	_	
22-19	2554-2555	,	_	_	_	
22-20	2556-2562	jetait	_	_	_	
22-21	2563-2566	des	_	_	_	
22-22	2567-2574	regards	_	_	_	
22-23	2575-2585	froidement	_	_	_	
22-24	2586-2592	avides	_	_	_	
22-25	2592-2593	.	_	_	_	

#Text=Une rage concentrée perçait dans son maintien.
23-1	2594-2597	Une	_	_	_	
23-2	2598-2602	rage	_	_	_	
23-3	2603-2613	concentrée	_	_	_	
23-4	2614-2621	perçait	_	_	_	
23-5	2622-2626	dans	_	_	_	
23-6	2627-2630	son	_	_	_	
23-7	2631-2639	maintien	_	_	_	
23-8	2639-2640	.	_	_	_	

#Text=On s'appercevait que son corps usé et impuissant se refusait à répondre aux violentes émotions que recevait son âme, Zoloé et ses acolythes, mollement assises dans une chaise longue, suivaient à travers le voile d'une gaze claire qu'on avait cloué à une lucarne imperceptible, toutes les impressions que produisaient les objets sur leurs nouveaux champions.
24-1	2641-2643	On	_	_	_	
24-2	2644-2657	s'appercevait	_	_	_	
24-3	2658-2661	que	_	_	_	
24-4	2662-2665	son	_	_	_	
24-5	2666-2671	corps	_	_	_	
24-6	2672-2675	usé	_	_	_	
24-7	2676-2678	et	_	_	_	
24-8	2679-2689	impuissant	_	_	_	
24-9	2690-2692	se	_	_	_	
24-10	2693-2701	refusait	_	_	_	
24-11	2702-2703	à	_	_	_	
24-12	2704-2712	répondre	_	_	_	
24-13	2713-2716	aux	_	_	_	
24-14	2717-2726	violentes	_	_	_	
24-15	2727-2735	émotions	_	_	_	
24-16	2736-2739	que	_	_	_	
24-17	2740-2748	recevait	_	_	_	
24-18	2749-2752	son	_	_	_	
24-19	2753-2756	âme	_	_	_	
24-20	2756-2757	,	_	_	_	
24-21	2758-2763	Zoloé	_	_	_	
24-22	2764-2766	et	_	_	_	
24-23	2767-2770	ses	_	_	_	
24-24	2771-2780	acolythes	_	_	_	
24-25	2780-2781	,	_	_	_	
24-26	2782-2791	mollement	_	_	_	
24-27	2792-2799	assises	_	_	_	
24-28	2800-2804	dans	_	_	_	
24-29	2805-2808	une	_	_	_	
24-30	2809-2815	chaise	_	_	_	
24-31	2816-2822	longue	_	_	_	
24-32	2822-2823	,	_	_	_	
24-33	2824-2833	suivaient	_	_	_	
24-34	2834-2835	à	_	_	_	
24-35	2836-2843	travers	_	_	_	
24-36	2844-2846	le	_	_	_	
24-37	2847-2852	voile	_	_	_	
24-38	2853-2858	d'une	_	_	_	
24-39	2859-2863	gaze	_	_	_	
24-40	2864-2870	claire	_	_	_	
24-41	2871-2876	qu'on	_	_	_	
24-42	2877-2882	avait	_	_	_	
24-43	2883-2888	cloué	_	_	_	
24-44	2889-2890	à	_	_	_	
24-45	2891-2894	une	_	_	_	
24-46	2895-2902	lucarne	_	_	_	
24-47	2903-2916	imperceptible	_	_	_	
24-48	2916-2917	,	_	_	_	
24-49	2918-2924	toutes	_	_	_	
24-50	2925-2928	les	_	_	_	
24-51	2929-2940	impressions	_	_	_	
24-52	2941-2944	que	_	_	_	
24-53	2945-2957	produisaient	_	_	_	
24-54	2958-2961	les	_	_	_	
24-55	2962-2968	objets	_	_	_	
24-56	2969-2972	sur	_	_	_	
24-57	2973-2978	leurs	_	_	_	
24-58	2979-2987	nouveaux	_	_	_	
24-59	2988-2997	champions	_	_	_	
24-60	2997-2998	.	_	_	_	

#Text=À un léger bruit, les contemplateurs se retournent et trouvent une table chargée de tout ce qui peut animer l'appétit et flater le palais.
25-1	3000-3001	À	_	_	_	
25-2	3002-3004	un	_	_	_	
25-3	3005-3010	léger	_	_	_	
25-4	3011-3016	bruit	_	_	_	
25-5	3016-3017	,	_	_	_	
25-6	3018-3021	les	_	_	_	
25-7	3022-3036	contemplateurs	_	_	_	
25-8	3037-3039	se	_	_	_	
25-9	3040-3050	retournent	_	_	_	
25-10	3051-3053	et	_	_	_	
25-11	3054-3062	trouvent	_	_	_	
25-12	3063-3066	une	_	_	_	
25-13	3067-3072	table	_	_	_	
25-14	3073-3080	chargée	_	_	_	
25-15	3081-3083	de	_	_	_	
25-16	3084-3088	tout	_	_	_	
25-17	3089-3091	ce	_	_	_	
25-18	3092-3095	qui	_	_	_	
25-19	3096-3100	peut	_	_	_	
25-20	3101-3107	animer	_	_	_	
25-21	3108-3117	l'appétit	_	_	_	
25-22	3118-3120	et	_	_	_	
25-23	3121-3127	flater	_	_	_	
25-24	3128-3130	le	_	_	_	
25-25	3131-3137	palais	_	_	_	
25-26	3137-3138	.	_	_	_	

#Text=De larges flacons de vin formaient les plus agréables pyramides.
26-1	3139-3141	De	_	_	_	
26-2	3142-3148	larges	_	_	_	
26-3	3149-3156	flacons	_	_	_	
26-4	3157-3159	de	_	_	_	
26-5	3160-3163	vin	_	_	_	
26-6	3164-3173	formaient	_	_	_	
26-7	3174-3177	les	_	_	_	
26-8	3178-3182	plus	_	_	_	
26-9	3183-3192	agréables	_	_	_	
26-10	3193-3202	pyramides	_	_	_	
26-11	3202-3203	.	_	_	_	

#Text=Six sièges environnaient la table et paraissaient destinés à autant de convives.
27-1	3204-3207	Six	_	_	_	
27-2	3208-3214	sièges	_	_	_	
27-3	3215-3228	environnaient	_	_	_	
27-4	3229-3231	la	_	_	_	
27-5	3232-3237	table	_	_	_	
27-6	3238-3240	et	_	_	_	
27-7	3241-3253	paraissaient	_	_	_	
27-8	3254-3262	destinés	_	_	_	
27-9	3263-3264	à	_	_	_	
27-10	3265-3271	autant	_	_	_	
27-11	3272-3274	de	_	_	_	
27-12	3275-3283	convives	_	_	_	
27-13	3283-3284	.	_	_	_	

#Text=Ce spectacle fit bientôt oublier l'autre à Pacôme et à Parmesan.
28-1	3285-3287	Ce	_	_	_	
28-2	3288-3297	spectacle	_	_	_	
28-3	3298-3301	fit	_	_	_	
28-4	3302-3309	bientôt	_	_	_	
28-5	3310-3317	oublier	_	_	_	
28-6	3318-3325	l'autre	_	_	_	
28-7	3326-3327	à	_	_	_	
28-8	3328-3334	Pacôme	_	_	_	
28-9	3335-3337	et	_	_	_	
28-10	3338-3339	à	_	_	_	
28-11	3340-3348	Parmesan	_	_	_	
28-12	3348-3349	.	_	_	_	

#Text=Ces deux grivois lançaient sur les pâtés superbes et les autres provisions que portaient des plats magnifiques, un regard fixe d'avidité; ils semblaient les dévorer.
29-1	3350-3353	Ces	_	_	_	
29-2	3354-3358	deux	_	_	_	
29-3	3359-3366	grivois	_	_	_	
29-4	3367-3376	lançaient	_	_	_	
29-5	3377-3380	sur	_	_	_	
29-6	3381-3384	les	_	_	_	
29-7	3385-3390	pâtés	_	_	_	
29-8	3391-3399	superbes	_	_	_	
29-9	3400-3402	et	_	_	_	
29-10	3403-3406	les	_	_	_	
29-11	3407-3413	autres	_	_	_	
29-12	3414-3424	provisions	_	_	_	
29-13	3425-3428	que	_	_	_	
29-14	3429-3438	portaient	_	_	_	
29-15	3439-3442	des	_	_	_	
29-16	3443-3448	plats	_	_	_	
29-17	3449-3460	magnifiques	_	_	_	
29-18	3460-3461	,	_	_	_	
29-19	3462-3464	un	_	_	_	
29-20	3465-3471	regard	_	_	_	
29-21	3472-3476	fixe	_	_	_	
29-22	3477-3486	d'avidité	_	_	_	
29-23	3486-3487	;	_	_	_	
29-24	3488-3491	ils	_	_	_	
29-25	3492-3502	semblaient	_	_	_	
29-26	3503-3506	les	_	_	_	
29-27	3507-3514	dévorer	_	_	_	
29-28	3514-3515	.	_	_	_	

#Text=Pour Fessinot, livré à sa monotone indifférence, il parcourait l'appareil du festin en admirateur insensible, et accusait de profusion l'hôte fastueux qui en avait fait la dépense.
30-1	3516-3520	Pour	_	_	_	
30-2	3521-3529	Fessinot	_	_	_	
30-3	3529-3530	,	_	_	_	
30-4	3531-3536	livré	_	_	_	
30-5	3537-3538	à	_	_	_	
30-6	3539-3541	sa	_	_	_	
30-7	3542-3550	monotone	_	_	_	
30-8	3551-3563	indifférence	_	_	_	
30-9	3563-3564	,	_	_	_	
30-10	3565-3567	il	_	_	_	
30-11	3568-3578	parcourait	_	_	_	
30-12	3579-3589	l'appareil	_	_	_	
30-13	3590-3592	du	_	_	_	
30-14	3593-3599	festin	_	_	_	
30-15	3600-3602	en	_	_	_	
30-16	3603-3613	admirateur	_	_	_	
30-17	3614-3624	insensible	_	_	_	
30-18	3624-3625	,	_	_	_	
30-19	3626-3628	et	_	_	_	
30-20	3629-3637	accusait	_	_	_	
30-21	3638-3640	de	_	_	_	
30-22	3641-3650	profusion	_	_	_	
30-23	3651-3657	l'hôte	_	_	_	
30-24	3658-3666	fastueux	_	_	_	
30-25	3667-3670	qui	_	_	_	
30-26	3671-3673	en	_	_	_	
30-27	3674-3679	avait	_	_	_	
30-28	3680-3684	fait	_	_	_	
30-29	3685-3687	la	_	_	_	
30-30	3688-3695	dépense	_	_	_	
30-31	3695-3696	.	_	_	_	

#Text=Que dites-vous, citoyen, reprend Pacôme en jetant sur lui un œil d'indignation ?
31-1	3697-3700	Que	_	_	_	
31-2	3701-3711	dites-vous	_	_	_	
31-3	3711-3712	,	_	_	_	
31-4	3713-3720	citoyen	_	_	_	
31-5	3720-3721	,	_	_	_	
31-6	3722-3729	reprend	_	_	_	
31-7	3730-3736	Pacôme	_	_	_	
31-8	3737-3739	en	_	_	_	
31-9	3740-3746	jetant	_	_	_	
31-10	3747-3750	sur	_	_	_	
31-11	3751-3754	lui	_	_	_	
31-12	3755-3757	un	_	_	_	
31-13	3758-3761	œil	_	_	_	
31-14	3762-3775	d'indignation	_	_	_	
31-15	3776-3777	?	_	_	_	

#Text=pourquoi vous établir l'éconôme de cette maison ?
32-1	3778-3786	pourquoi	_	_	_	
32-2	3787-3791	vous	_	_	_	
32-3	3792-3799	établir	_	_	_	
32-4	3800-3809	l'éconôme	_	_	_	
32-5	3810-3812	de	_	_	_	
32-6	3813-3818	cette	_	_	_	
32-7	3819-3825	maison	_	_	_	
32-8	3826-3827	?	_	_	_	

#Text=vous m'avez l'air d'y être aussi étranger que nous.
33-1	3828-3832	vous	_	_	_	
33-2	3833-3839	m'avez	_	_	_	
33-3	3840-3845	l'air	_	_	_	
33-4	3846-3849	d'y	_	_	_	
33-5	3850-3854	être	_	_	_	
33-6	3855-3860	aussi	_	_	_	
33-7	3861-3869	étranger	_	_	_	
33-8	3870-3873	que	_	_	_	
33-9	3874-3878	nous	_	_	_	
33-10	3878-3879	.	_	_	_	

#Text=Profitez gaîment de la fortune; il est indécent d'intenter procès à qui on doit de la reconnaissance.
34-1	3880-3888	Profitez	_	_	_	
34-2	3889-3896	gaîment	_	_	_	
34-3	3897-3899	de	_	_	_	
34-4	3900-3902	la	_	_	_	
34-5	3903-3910	fortune	_	_	_	
34-6	3910-3911	;	_	_	_	
34-7	3912-3914	il	_	_	_	
34-8	3915-3918	est	_	_	_	
34-9	3919-3927	indécent	_	_	_	
34-10	3928-3938	d'intenter	_	_	_	
34-11	3939-3945	procès	_	_	_	
34-12	3946-3947	à	_	_	_	
34-13	3948-3951	qui	_	_	_	
34-14	3952-3954	on	_	_	_	
34-15	3955-3959	doit	_	_	_	
34-16	3960-3962	de	_	_	_	
34-17	3963-3965	la	_	_	_	
34-18	3966-3980	reconnaissance	_	_	_	
34-19	3980-3981	.	_	_	_	

#Text=Fier comme les gens de sa sorte, Fessinot ne répond que par une grimace, et semble dédaigner de prendre part à la joie de ses camarades d'aventure.
35-1	3982-3986	Fier	_	_	_	
35-2	3987-3992	comme	_	_	_	
35-3	3993-3996	les	_	_	_	
35-4	3997-4001	gens	_	_	_	
35-5	4002-4004	de	_	_	_	
35-6	4005-4007	sa	_	_	_	
35-7	4008-4013	sorte	_	_	_	
35-8	4013-4014	,	_	_	_	
35-9	4015-4023	Fessinot	_	_	_	
35-10	4024-4026	ne	_	_	_	
35-11	4027-4033	répond	_	_	_	
35-12	4034-4037	que	_	_	_	
35-13	4038-4041	par	_	_	_	
35-14	4042-4045	une	_	_	_	
35-15	4046-4053	grimace	_	_	_	
35-16	4053-4054	,	_	_	_	
35-17	4055-4057	et	_	_	_	
35-18	4058-4064	semble	_	_	_	
35-19	4065-4074	dédaigner	_	_	_	
35-20	4075-4077	de	_	_	_	
35-21	4078-4085	prendre	_	_	_	
35-22	4086-4090	part	_	_	_	
35-23	4091-4092	à	_	_	_	
35-24	4093-4095	la	_	_	_	
35-25	4096-4100	joie	_	_	_	
35-26	4101-4103	de	_	_	_	
35-27	4104-4107	ses	_	_	_	
35-28	4108-4117	camarades	_	_	_	
35-29	4118-4128	d'aventure	_	_	_	
35-30	4128-4129	.	_	_	_	

#Text=Parmesan l'observait; le gosier sec et l'estomac affamé, il appelait le vin et la bonne chère.
36-1	4130-4138	Parmesan	_	_	_	
36-2	4139-4150	l'observait	_	_	_	
36-3	4150-4151	;	_	_	_	
36-4	4152-4154	le	_	_	_	
36-5	4155-4161	gosier	_	_	_	
36-6	4162-4165	sec	_	_	_	
36-7	4166-4168	et	_	_	_	
36-8	4169-4178	l'estomac	_	_	_	
36-9	4179-4185	affamé	_	_	_	
36-10	4185-4186	,	_	_	_	
36-11	4187-4189	il	_	_	_	
36-12	4190-4198	appelait	_	_	_	
36-13	4199-4201	le	_	_	_	
36-14	4202-4205	vin	_	_	_	
36-15	4206-4208	et	_	_	_	
36-16	4209-4211	la	_	_	_	
36-17	4212-4217	bonne	_	_	_	
36-18	4218-4223	chère	_	_	_	
36-19	4223-4224	.	_	_	_	

#Text=Que veut-dire cette mine allongée, monsieur ?
37-1	4225-4228	Que	_	_	_	
37-2	4229-4238	veut-dire	_	_	_	
37-3	4239-4244	cette	_	_	_	
37-4	4245-4249	mine	_	_	_	
37-5	4250-4258	allongée	_	_	_	
37-6	4258-4259	,	_	_	_	
37-7	4260-4268	monsieur	_	_	_	
37-8	4269-4270	?	_	_	_	

#Text=Ne vois-tu pas, mon ami, en fixant Pacôme, que cet individu n'est qu'un limier de la police.
38-1	4271-4273	Ne	_	_	_	
38-2	4274-4281	vois-tu	_	_	_	
38-3	4282-4285	pas	_	_	_	
38-4	4285-4286	,	_	_	_	
38-5	4287-4290	mon	_	_	_	
38-6	4291-4294	ami	_	_	_	
38-7	4294-4295	,	_	_	_	
38-8	4296-4298	en	_	_	_	
38-9	4299-4305	fixant	_	_	_	
38-10	4306-4312	Pacôme	_	_	_	
38-11	4312-4313	,	_	_	_	
38-12	4314-4317	que	_	_	_	
38-13	4318-4321	cet	_	_	_	
38-14	4322-4330	individu	_	_	_	
38-15	4331-4336	n'est	_	_	_	
38-16	4337-4342	qu'un	_	_	_	
38-17	4343-4349	limier	_	_	_	
38-18	4350-4352	de	_	_	_	
38-19	4353-4355	la	_	_	_	
38-20	4356-4362	police	_	_	_	
38-21	4362-4363	.	_	_	_	

#Text=Oh !
39-1	4364-4366	Oh	_	_	_	
39-2	4367-4368	!	_	_	_	

#Text=il n'y a pas à s'y méprendre à son encolure.
40-1	4369-4371	il	_	_	_	
40-2	4372-4375	n'y	_	_	_	
40-3	4376-4377	a	_	_	_	
40-4	4378-4381	pas	_	_	_	
40-5	4382-4383	à	_	_	_	
40-6	4384-4387	s'y	_	_	_	
40-7	4388-4397	méprendre	_	_	_	
40-8	4398-4399	à	_	_	_	
40-9	4400-4403	son	_	_	_	
40-10	4404-4412	encolure	_	_	_	
40-11	4412-4413	.	_	_	_	

#Text=Morbleu, si je ne respectais ici, je ne sais qui, je lui appliquerais un joli rapport sur les épaules; et étendant la main comme pour en frapper : citoyen, s'écrie Fessinot, je suis représentant du peuple, respectez-moi, et en même temps il exhibe la précieuse médaille de son inviolabilité.
41-1	4414-4421	Morbleu	_	_	_	
41-2	4421-4422	,	_	_	_	
41-3	4423-4425	si	_	_	_	
41-4	4426-4428	je	_	_	_	
41-5	4429-4431	ne	_	_	_	
41-6	4432-4442	respectais	_	_	_	
41-7	4443-4446	ici	_	_	_	
41-8	4446-4447	,	_	_	_	
41-9	4448-4450	je	_	_	_	
41-10	4451-4453	ne	_	_	_	
41-11	4454-4458	sais	_	_	_	
41-12	4459-4462	qui	_	_	_	
41-13	4462-4463	,	_	_	_	
41-14	4464-4466	je	_	_	_	
41-15	4467-4470	lui	_	_	_	
41-16	4471-4483	appliquerais	_	_	_	
41-17	4484-4486	un	_	_	_	
41-18	4487-4491	joli	_	_	_	
41-19	4492-4499	rapport	_	_	_	
41-20	4500-4503	sur	_	_	_	
41-21	4504-4507	les	_	_	_	
41-22	4508-4515	épaules	_	_	_	
41-23	4515-4516	;	_	_	_	
41-24	4517-4519	et	_	_	_	
41-25	4520-4528	étendant	_	_	_	
41-26	4529-4531	la	_	_	_	
41-27	4532-4536	main	_	_	_	
41-28	4537-4542	comme	_	_	_	
41-29	4543-4547	pour	_	_	_	
41-30	4548-4550	en	_	_	_	
41-31	4551-4558	frapper	_	_	_	
41-32	4559-4560	:	_	_	_	
41-33	4561-4568	citoyen	_	_	_	
41-34	4568-4569	,	_	_	_	
41-35	4570-4577	s'écrie	_	_	_	
41-36	4578-4586	Fessinot	_	_	_	
41-37	4586-4587	,	_	_	_	
41-38	4588-4590	je	_	_	_	
41-39	4591-4595	suis	_	_	_	
41-40	4596-4608	représentant	_	_	_	
41-41	4609-4611	du	_	_	_	
41-42	4612-4618	peuple	_	_	_	
41-43	4618-4619	,	_	_	_	
41-44	4620-4633	respectez-moi	_	_	_	
41-45	4633-4634	,	_	_	_	
41-46	4635-4637	et	_	_	_	
41-47	4638-4640	en	_	_	_	
41-48	4641-4645	même	_	_	_	
41-49	4646-4651	temps	_	_	_	
41-50	4652-4654	il	_	_	_	
41-51	4655-4661	exhibe	_	_	_	
41-52	4662-4664	la	_	_	_	
41-53	4665-4674	précieuse	_	_	_	
41-54	4675-4683	médaille	_	_	_	
41-55	4684-4686	de	_	_	_	
41-56	4687-4690	son	_	_	_	
41-57	4691-4704	inviolabilité	_	_	_	
41-58	4704-4705	.	_	_	_	

#Text=Voyons donc, ajoute Parmesan, Oui-dà !
42-1	4706-4712	Voyons	_	_	_	
42-2	4713-4717	donc	_	_	_	
42-3	4717-4718	,	_	_	_	
42-4	4719-4725	ajoute	_	_	_	
42-5	4726-4734	Parmesan	_	_	_	
42-6	4734-4735	,	_	_	_	
42-7	4736-4742	Oui-dà	_	_	_	
42-8	4743-4744	!	_	_	_	

#Text=citoyen Fessinot !
43-1	4745-4752	citoyen	_	_	_	
43-2	4753-4761	Fessinot	_	_	_	
43-3	4762-4763	!	_	_	_	

#Text=salut au citoyen Fessinot !
44-1	4764-4769	salut	_	_	_	
44-2	4770-4772	au	_	_	_	
44-3	4773-4780	citoyen	_	_	_	
44-4	4781-4789	Fessinot	_	_	_	
44-5	4790-4791	!	_	_	_	

#Text=( Ironiquement.)
45-1	4792-4793	(	_	_	_	
45-2	4794-4806	Ironiquement	_	_	_	
45-3	4806-4807	.	_	_	_	
45-4	4807-4808	)	_	_	_	

#Text=Excusez mon ignorance.
46-1	4809-4816	Excusez	_	_	_	
46-2	4817-4820	mon	_	_	_	
46-3	4821-4830	ignorance	_	_	_	
46-4	4830-4831	.	_	_	_	

#Text=Peut-on savoir, citoyen représentant, ce qui vous amène, ce que vous êtes, ici ?
47-1	4832-4839	Peut-on	_	_	_	
47-2	4840-4846	savoir	_	_	_	
47-3	4846-4847	,	_	_	_	
47-4	4848-4855	citoyen	_	_	_	
47-5	4856-4868	représentant	_	_	_	
47-6	4868-4869	,	_	_	_	
47-7	4870-4872	ce	_	_	_	
47-8	4873-4876	qui	_	_	_	
47-9	4877-4881	vous	_	_	_	
47-10	4882-4887	amène	_	_	_	
47-11	4887-4888	,	_	_	_	
47-12	4889-4891	ce	_	_	_	
47-13	4892-4895	que	_	_	_	
47-14	4896-4900	vous	_	_	_	
47-15	4901-4905	êtes	_	_	_	
47-16	4905-4906	,	_	_	_	
47-17	4907-4910	ici	_	_	_	
47-18	4911-4912	?	_	_	_	

#Text=représentez-vous, êtes-vous le maître du logis ?
48-1	4913-4929	représentez-vous	_	_	_	
48-2	4929-4930	,	_	_	_	
48-3	4931-4940	êtes-vous	_	_	_	
48-4	4941-4943	le	_	_	_	
48-5	4944-4950	maître	_	_	_	
48-6	4951-4953	du	_	_	_	
48-7	4954-4959	logis	_	_	_	
48-8	4960-4961	?	_	_	_	

#Text=ni l'un ni l'autre, ce me semble.
49-1	4962-4964	ni	_	_	_	
49-2	4965-4969	l'un	_	_	_	
49-3	4970-4972	ni	_	_	_	
49-4	4973-4980	l'autre	_	_	_	
49-5	4980-4981	,	_	_	_	
49-6	4982-4984	ce	_	_	_	
49-7	4985-4987	me	_	_	_	
49-8	4988-4994	semble	_	_	_	
49-9	4994-4995	.	_	_	_	

#Text=Hem !
50-1	4996-4999	Hem	_	_	_	
50-2	5000-5001	!	_	_	_	

#Text=vous ne répondez rien !
51-1	5002-5006	vous	_	_	_	
51-2	5007-5009	ne	_	_	_	
51-3	5010-5018	répondez	_	_	_	
51-4	5019-5023	rien	_	_	_	
51-5	5024-5025	!	_	_	_	

#Text=il est vrai qu'on ne voit ici que magnificence et enchantement.
52-1	5026-5028	il	_	_	_	
52-2	5029-5032	est	_	_	_	
52-3	5033-5037	vrai	_	_	_	
52-4	5038-5043	qu'on	_	_	_	
52-5	5044-5046	ne	_	_	_	
52-6	5047-5051	voit	_	_	_	
52-7	5052-5055	ici	_	_	_	
52-8	5056-5059	que	_	_	_	
52-9	5060-5072	magnificence	_	_	_	
52-10	5073-5075	et	_	_	_	
52-11	5076-5088	enchantement	_	_	_	
52-12	5088-5089	.	_	_	_	

#Text=Est-ce que cela serait pris sur les indemnités des sénateurs ?
53-1	5090-5096	Est-ce	_	_	_	
53-2	5097-5100	que	_	_	_	
53-3	5101-5105	cela	_	_	_	
53-4	5106-5112	serait	_	_	_	
53-5	5113-5117	pris	_	_	_	
53-6	5118-5121	sur	_	_	_	
53-7	5122-5125	les	_	_	_	
53-8	5126-5136	indemnités	_	_	_	
53-9	5137-5140	des	_	_	_	
53-10	5141-5150	sénateurs	_	_	_	
53-11	5151-5152	?	_	_	_	

#Text=Hé bien, mon camarade, vous retournerez au sac, il n'est jamais vide pour vous autres.
54-1	5153-5155	Hé	_	_	_	
54-2	5156-5160	bien	_	_	_	
54-3	5160-5161	,	_	_	_	
54-4	5162-5165	mon	_	_	_	
54-5	5166-5174	camarade	_	_	_	
54-6	5174-5175	,	_	_	_	
54-7	5176-5180	vous	_	_	_	
54-8	5181-5192	retournerez	_	_	_	
54-9	5193-5195	au	_	_	_	
54-10	5196-5199	sac	_	_	_	
54-11	5199-5200	,	_	_	_	
54-12	5201-5203	il	_	_	_	
54-13	5204-5209	n'est	_	_	_	
54-14	5210-5216	jamais	_	_	_	
54-15	5217-5221	vide	_	_	_	
54-16	5222-5226	pour	_	_	_	
54-17	5227-5231	vous	_	_	_	
54-18	5232-5238	autres	_	_	_	
54-19	5238-5239	.	_	_	_	

#Text=---Citoyen, je vous l'ai déjà dit, cessez vos insolences, ou je ferai valoir mon caractère...
55-1	5239-5240	-	_	_	_	
55-2	5240-5241	-	_	_	_	
55-3	5241-5242	-	_	_	_	
55-4	5242-5249	Citoyen	_	_	_	
55-5	5249-5250	,	_	_	_	
55-6	5251-5253	je	_	_	_	
55-7	5254-5258	vous	_	_	_	
55-8	5259-5263	l'ai	_	_	_	
55-9	5264-5268	déjà	_	_	_	
55-10	5269-5272	dit	_	_	_	
55-11	5272-5273	,	_	_	_	
55-12	5274-5280	cessez	_	_	_	
55-13	5281-5284	vos	_	_	_	
55-14	5285-5295	insolences	_	_	_	
55-15	5295-5296	,	_	_	_	
55-16	5297-5299	ou	_	_	_	
55-17	5300-5302	je	_	_	_	
55-18	5303-5308	ferai	_	_	_	
55-19	5309-5315	valoir	_	_	_	
55-20	5316-5319	mon	_	_	_	
55-21	5320-5329	caractère	_	_	_	
55-22	5329-5330	.	_	_	_	
55-23	5330-5331	.	_	_	_	
55-24	5331-5332	.	_	_	_	

#Text=---Que dis tu, mon petit ami ?
56-1	5332-5333	-	_	_	_	
56-2	5333-5334	-	_	_	_	
56-3	5334-5335	-	_	_	_	
56-4	5335-5338	Que	_	_	_	
56-5	5339-5342	dis	_	_	_	
56-6	5343-5345	tu	_	_	_	
56-7	5345-5346	,	_	_	_	
56-8	5347-5350	mon	_	_	_	
56-9	5351-5356	petit	_	_	_	
56-10	5357-5360	ami	_	_	_	
56-11	5361-5362	?	_	_	_	

#Text=Ah !
57-1	5363-5365	Ah	_	_	_	
57-2	5366-5367	!	_	_	_	

#Text=tu veux trancher de l'éconôme !
58-1	5368-5370	tu	_	_	_	
58-2	5371-5375	veux	_	_	_	
58-3	5376-5384	trancher	_	_	_	
58-4	5385-5387	de	_	_	_	
58-5	5388-5397	l'éconôme	_	_	_	
58-6	5398-5399	!	_	_	_	

#Text=bien, bien à toi, le plus déhonté de tes confrères en fait de pillage !
59-1	5400-5404	bien	_	_	_	
59-2	5404-5405	,	_	_	_	
59-3	5406-5410	bien	_	_	_	
59-4	5411-5412	à	_	_	_	
59-5	5413-5416	toi	_	_	_	
59-6	5416-5417	,	_	_	_	
59-7	5418-5420	le	_	_	_	
59-8	5421-5425	plus	_	_	_	
59-9	5426-5433	déhonté	_	_	_	
59-10	5434-5436	de	_	_	_	
59-11	5437-5440	tes	_	_	_	
59-12	5441-5450	confrères	_	_	_	
59-13	5451-5453	en	_	_	_	
59-14	5454-5458	fait	_	_	_	
59-15	5459-5461	de	_	_	_	
59-16	5462-5469	pillage	_	_	_	
59-17	5470-5471	!	_	_	_	

#Text=et saisissant un énorme jambon de Mayence, il ne tient à rien, brigand, que je ne lave tes iniquités avec cette savonnette.
60-1	5472-5474	et	_	_	_	
60-2	5475-5485	saisissant	_	_	_	
60-3	5486-5488	un	_	_	_	
60-4	5489-5495	énorme	_	_	_	
60-5	5496-5502	jambon	_	_	_	
60-6	5503-5505	de	_	_	_	
60-7	5506-5513	Mayence	_	_	_	
60-8	5513-5514	,	_	_	_	
60-9	5515-5517	il	_	_	_	
60-10	5518-5520	ne	_	_	_	
60-11	5521-5526	tient	_	_	_	
60-12	5527-5528	à	_	_	_	
60-13	5529-5533	rien	_	_	_	
60-14	5533-5534	,	_	_	_	
60-15	5535-5542	brigand	_	_	_	
60-16	5542-5543	,	_	_	_	
60-17	5544-5547	que	_	_	_	
60-18	5548-5550	je	_	_	_	
60-19	5551-5553	ne	_	_	_	
60-20	5554-5558	lave	_	_	_	
60-21	5559-5562	tes	_	_	_	
60-22	5563-5572	iniquités	_	_	_	
60-23	5573-5577	avec	_	_	_	
60-24	5578-5583	cette	_	_	_	
60-25	5584-5594	savonnette	_	_	_	
60-26	5594-5595	.	_	_	_	

#Text=Il a parbleu raison, s'écrie l'affamé Capucin.
61-1	5596-5598	Il	_	_	_	
61-2	5599-5600	a	_	_	_	
61-3	5601-5608	parbleu	_	_	_	
61-4	5609-5615	raison	_	_	_	
61-5	5615-5616	,	_	_	_	
61-6	5617-5624	s'écrie	_	_	_	
61-7	5625-5633	l'affamé	_	_	_	
61-8	5634-5641	Capucin	_	_	_	
61-9	5641-5642	.	_	_	_	

#Text=De quoi se mêle ce ladre parvenu.
62-1	5643-5645	De	_	_	_	
62-2	5646-5650	quoi	_	_	_	
62-3	5651-5653	se	_	_	_	
62-4	5654-5658	mêle	_	_	_	
62-5	5659-5661	ce	_	_	_	
62-6	5662-5667	ladre	_	_	_	
62-7	5668-5675	parvenu	_	_	_	
62-8	5675-5676	.	_	_	_	

#Text=Vas, tu as beau extorquer, rapiner, t'engraisser... tandis que tu sièges gravement au sénat dans ta chaise curule, on boit ton vin et on b... ta femme.
63-1	5677-5680	Vas	_	_	_	
63-2	5680-5681	,	_	_	_	
63-3	5682-5684	tu	_	_	_	
63-4	5685-5687	as	_	_	_	
63-5	5688-5692	beau	_	_	_	
63-6	5693-5702	extorquer	_	_	_	
63-7	5702-5703	,	_	_	_	
63-8	5704-5711	rapiner	_	_	_	
63-9	5711-5712	,	_	_	_	
63-10	5713-5725	t'engraisser	_	_	_	
63-11	5725-5726	.	_	_	_	
63-12	5726-5727	.	_	_	_	
63-13	5727-5728	.	_	_	_	
63-14	5729-5735	tandis	_	_	_	
63-15	5736-5739	que	_	_	_	
63-16	5740-5742	tu	_	_	_	
63-17	5743-5749	sièges	_	_	_	
63-18	5750-5759	gravement	_	_	_	
63-19	5760-5762	au	_	_	_	
63-20	5763-5768	sénat	_	_	_	
63-21	5769-5773	dans	_	_	_	
63-22	5774-5776	ta	_	_	_	
63-23	5777-5783	chaise	_	_	_	
63-24	5784-5790	curule	_	_	_	
63-25	5790-5791	,	_	_	_	
63-26	5792-5794	on	_	_	_	
63-27	5795-5799	boit	_	_	_	
63-28	5800-5803	ton	_	_	_	
63-29	5804-5807	vin	_	_	_	
63-30	5808-5810	et	_	_	_	
63-31	5811-5813	on	_	_	_	
63-32	5814-5815	b	_	_	_	
63-33	5815-5816	.	_	_	_	
63-34	5816-5817	.	_	_	_	
63-35	5817-5818	.	_	_	_	
63-36	5819-5821	ta	_	_	_	
63-37	5822-5827	femme	_	_	_	
63-38	5827-5828	.	_	_	_	

#Text=Oh !
64-1	5829-5831	Oh	_	_	_	
64-2	5832-5833	!	_	_	_	

#Text=que je rirais de bon cœur, s'il m'échéait un jour d'en faire autant avec elle !
65-1	5834-5837	que	_	_	_	
65-2	5838-5840	je	_	_	_	
65-3	5841-5847	rirais	_	_	_	
65-4	5848-5850	de	_	_	_	
65-5	5851-5854	bon	_	_	_	
65-6	5855-5859	cœur	_	_	_	
65-7	5859-5860	,	_	_	_	
65-8	5861-5865	s'il	_	_	_	
65-9	5866-5875	m'échéait	_	_	_	
65-10	5876-5878	un	_	_	_	
65-11	5879-5883	jour	_	_	_	
65-12	5884-5888	d'en	_	_	_	
65-13	5889-5894	faire	_	_	_	
65-14	5895-5901	autant	_	_	_	
65-15	5902-5906	avec	_	_	_	
65-16	5907-5911	elle	_	_	_	
65-17	5912-5913	!	_	_	_	

#Text=voilà mon ami, un front, en montrant celui de Fessinot ?
66-1	5914-5919	voilà	_	_	_	
66-2	5920-5923	mon	_	_	_	
66-3	5924-5927	ami	_	_	_	
66-4	5927-5928	,	_	_	_	
66-5	5929-5931	un	_	_	_	
66-6	5932-5937	front	_	_	_	
66-7	5937-5938	,	_	_	_	
66-8	5939-5941	en	_	_	_	
66-9	5942-5950	montrant	_	_	_	
66-10	5951-5956	celui	_	_	_	
66-11	5957-5959	de	_	_	_	
66-12	5960-5968	Fessinot	_	_	_	
66-13	5969-5970	?	_	_	_	

#Text=où brille la majesté d'un cocu.
67-1	5971-5973	où	_	_	_	
67-2	5974-5980	brille	_	_	_	
67-3	5981-5983	la	_	_	_	
67-4	5984-5991	majesté	_	_	_	
67-5	5992-5996	d'un	_	_	_	
67-6	5997-6001	cocu	_	_	_	
67-7	6001-6002	.	_	_	_	

#Text=Malgré son flegme et l'inégalité de la partie, il n'était pas possible que Fessinot restât insensible à ce déluge d'injures.
68-1	6004-6010	Malgré	_	_	_	
68-2	6011-6014	son	_	_	_	
68-3	6015-6021	flegme	_	_	_	
68-4	6022-6024	et	_	_	_	
68-5	6025-6036	l'inégalité	_	_	_	
68-6	6037-6039	de	_	_	_	
68-7	6040-6042	la	_	_	_	
68-8	6043-6049	partie	_	_	_	
68-9	6049-6050	,	_	_	_	
68-10	6051-6053	il	_	_	_	
68-11	6054-6061	n'était	_	_	_	
68-12	6062-6065	pas	_	_	_	
68-13	6066-6074	possible	_	_	_	
68-14	6075-6078	que	_	_	_	
68-15	6079-6087	Fessinot	_	_	_	
68-16	6088-6094	restât	_	_	_	
68-17	6095-6105	insensible	_	_	_	
68-18	6106-6107	à	_	_	_	
68-19	6108-6110	ce	_	_	_	
68-20	6111-6117	déluge	_	_	_	
68-21	6118-6127	d'injures	_	_	_	
68-22	6127-6128	.	_	_	_	

#Text=Ses yeux étincelaient de colère; sa bouche était bordée d'écume, sa figure toute décomposée et tout son corps en contraction.
69-1	6129-6132	Ses	_	_	_	
69-2	6133-6137	yeux	_	_	_	
69-3	6138-6150	étincelaient	_	_	_	
69-4	6151-6153	de	_	_	_	
69-5	6154-6160	colère	_	_	_	
69-6	6160-6161	;	_	_	_	
69-7	6162-6164	sa	_	_	_	
69-8	6165-6171	bouche	_	_	_	
69-9	6172-6177	était	_	_	_	
69-10	6178-6184	bordée	_	_	_	
69-11	6185-6192	d'écume	_	_	_	
69-12	6192-6193	,	_	_	_	
69-13	6194-6196	sa	_	_	_	
69-14	6197-6203	figure	_	_	_	
69-15	6204-6209	toute	_	_	_	
69-16	6210-6220	décomposée	_	_	_	
69-17	6221-6223	et	_	_	_	
69-18	6224-6228	tout	_	_	_	
69-19	6229-6232	son	_	_	_	
69-20	6233-6238	corps	_	_	_	
69-21	6239-6241	en	_	_	_	
69-22	6242-6253	contraction	_	_	_	
69-23	6253-6254	.	_	_	_	

#Text=La querelle ne pouvait manquer de dégénérer en voies de fait : mais aussi promptes, aussi agiles qu'un oiseau échappé de sa prison, les trois amies s'élancent, voilées, de leur niche, et interposent leurs grâces et leur autorité pour concilier les esprits.
70-1	6255-6257	La	_	_	_	
70-2	6258-6266	querelle	_	_	_	
70-3	6267-6269	ne	_	_	_	
70-4	6270-6277	pouvait	_	_	_	
70-5	6278-6285	manquer	_	_	_	
70-6	6286-6288	de	_	_	_	
70-7	6289-6298	dégénérer	_	_	_	
70-8	6299-6301	en	_	_	_	
70-9	6302-6307	voies	_	_	_	
70-10	6308-6310	de	_	_	_	
70-11	6311-6315	fait	_	_	_	
70-12	6316-6317	:	_	_	_	
70-13	6318-6322	mais	_	_	_	
70-14	6323-6328	aussi	_	_	_	
70-15	6329-6337	promptes	_	_	_	
70-16	6337-6338	,	_	_	_	
70-17	6339-6344	aussi	_	_	_	
70-18	6345-6351	agiles	_	_	_	
70-19	6352-6357	qu'un	_	_	_	
70-20	6358-6364	oiseau	_	_	_	
70-21	6365-6372	échappé	_	_	_	
70-22	6373-6375	de	_	_	_	
70-23	6376-6378	sa	_	_	_	
70-24	6379-6385	prison	_	_	_	
70-25	6385-6386	,	_	_	_	
70-26	6387-6390	les	_	_	_	
70-27	6391-6396	trois	_	_	_	
70-28	6397-6402	amies	_	_	_	
70-29	6403-6413	s'élancent	_	_	_	
70-30	6413-6414	,	_	_	_	
70-31	6415-6422	voilées	_	_	_	
70-32	6422-6423	,	_	_	_	
70-33	6424-6426	de	_	_	_	
70-34	6427-6431	leur	_	_	_	
70-35	6432-6437	niche	_	_	_	
70-36	6437-6438	,	_	_	_	
70-37	6439-6441	et	_	_	_	
70-38	6442-6453	interposent	_	_	_	
70-39	6454-6459	leurs	_	_	_	
70-40	6460-6466	grâces	_	_	_	
70-41	6467-6469	et	_	_	_	
70-42	6470-6474	leur	_	_	_	
70-43	6475-6483	autorité	_	_	_	
70-44	6484-6488	pour	_	_	_	
70-45	6489-6498	concilier	_	_	_	
70-46	6499-6502	les	_	_	_	
70-47	6503-6510	esprits	_	_	_	
70-48	6510-6511	.	_	_	_	

#Text=La paix, ou la porte, s'écrie Volsange d'un ton absolu.
71-1	6512-6514	La	_	_	_	
71-2	6515-6519	paix	_	_	_	
71-3	6519-6520	,	_	_	_	
71-4	6521-6523	ou	_	_	_	
71-5	6524-6526	la	_	_	_	
71-6	6527-6532	porte	_	_	_	
71-7	6532-6533	,	_	_	_	
71-8	6534-6541	s'écrie	_	_	_	
71-9	6542-6550	Volsange	_	_	_	
71-10	6551-6555	d'un	_	_	_	
71-11	6556-6559	ton	_	_	_	
71-12	6560-6566	absolu	_	_	_	
71-13	6566-6567	.	_	_	_	

#Text=Je ne conçois pas, messieurs, comment il se fait que d'honnêtes gens se permettent de s'exaspérer ainsi, sans nul motif.
72-1	6568-6570	Je	_	_	_	
72-2	6571-6573	ne	_	_	_	
72-3	6574-6581	conçois	_	_	_	
72-4	6582-6585	pas	_	_	_	
72-5	6585-6586	,	_	_	_	
72-6	6587-6596	messieurs	_	_	_	
72-7	6596-6597	,	_	_	_	
72-8	6598-6605	comment	_	_	_	
72-9	6606-6608	il	_	_	_	
72-10	6609-6611	se	_	_	_	
72-11	6612-6616	fait	_	_	_	
72-12	6617-6620	que	_	_	_	
72-13	6621-6631	d'honnêtes	_	_	_	
72-14	6632-6636	gens	_	_	_	
72-15	6637-6639	se	_	_	_	
72-16	6640-6650	permettent	_	_	_	
72-17	6651-6653	de	_	_	_	
72-18	6654-6665	s'exaspérer	_	_	_	
72-19	6666-6671	ainsi	_	_	_	
72-20	6671-6672	,	_	_	_	
72-21	6673-6677	sans	_	_	_	
72-22	6678-6681	nul	_	_	_	
72-23	6682-6687	motif	_	_	_	
72-24	6687-6688	.	_	_	_	

#Text=Quelle pitié de vous chamailler, vous tourmenter pour rien !
73-1	6689-6695	Quelle	_	_	_	
73-2	6696-6701	pitié	_	_	_	
73-3	6702-6704	de	_	_	_	
73-4	6705-6709	vous	_	_	_	
73-5	6710-6720	chamailler	_	_	_	
73-6	6720-6721	,	_	_	_	
73-7	6722-6726	vous	_	_	_	
73-8	6727-6737	tourmenter	_	_	_	
73-9	6738-6742	pour	_	_	_	
73-10	6743-6747	rien	_	_	_	
73-11	6748-6749	!	_	_	_	

#Text=et vous avez devant vous tout ce qui peut charmer les yeux et satisfaire le cœur !
74-1	6750-6752	et	_	_	_	
74-2	6753-6757	vous	_	_	_	
74-3	6758-6762	avez	_	_	_	
74-4	6763-6769	devant	_	_	_	
74-5	6770-6774	vous	_	_	_	
74-6	6775-6779	tout	_	_	_	
74-7	6780-6782	ce	_	_	_	
74-8	6783-6786	qui	_	_	_	
74-9	6787-6791	peut	_	_	_	
74-10	6792-6799	charmer	_	_	_	
74-11	6800-6803	les	_	_	_	
74-12	6804-6808	yeux	_	_	_	
74-13	6809-6811	et	_	_	_	
74-14	6812-6822	satisfaire	_	_	_	
74-15	6823-6825	le	_	_	_	
74-16	6826-6830	cœur	_	_	_	
74-17	6831-6832	!	_	_	_	

#Text=Puis prenant la main du héros Parmesan; asseyez-vous, dit-elle, vous avez bien d'autres choses à faire qu'à parler, pour prouver votre courage.
75-1	6833-6837	Puis	_	_	_	
75-2	6838-6845	prenant	_	_	_	
75-3	6846-6848	la	_	_	_	
75-4	6849-6853	main	_	_	_	
75-5	6854-6856	du	_	_	_	
75-6	6857-6862	héros	_	_	_	
75-7	6863-6871	Parmesan	_	_	_	
75-8	6871-6872	;	_	_	_	
75-9	6873-6885	asseyez-vous	_	_	_	
75-10	6885-6886	,	_	_	_	
75-11	6887-6895	dit-elle	_	_	_	
75-12	6895-6896	,	_	_	_	
75-13	6897-6901	vous	_	_	_	
75-14	6902-6906	avez	_	_	_	
75-15	6907-6911	bien	_	_	_	
75-16	6912-6920	d'autres	_	_	_	
75-17	6921-6927	choses	_	_	_	
75-18	6928-6929	à	_	_	_	
75-19	6930-6935	faire	_	_	_	
75-20	6936-6940	qu'à	_	_	_	
75-21	6941-6947	parler	_	_	_	
75-22	6947-6948	,	_	_	_	
75-23	6949-6953	pour	_	_	_	
75-24	6954-6961	prouver	_	_	_	
75-25	6962-6967	votre	_	_	_	
75-26	6968-6975	courage	_	_	_	
75-27	6975-6976	.	_	_	_	

#Text=Imitez-nous, messieurs et dames, et jouissons sans souci des biens qui nous sont offerts, n'importe de quelle main ils nous viennent.
76-1	6977-6988	Imitez-nous	_	_	_	
76-2	6988-6989	,	_	_	_	
76-3	6990-6999	messieurs	_	_	_	
76-4	7000-7002	et	_	_	_	
76-5	7003-7008	dames	_	_	_	
76-6	7008-7009	,	_	_	_	
76-7	7010-7012	et	_	_	_	
76-8	7013-7022	jouissons	_	_	_	
76-9	7023-7027	sans	_	_	_	
76-10	7028-7033	souci	_	_	_	
76-11	7034-7037	des	_	_	_	
76-12	7038-7043	biens	_	_	_	
76-13	7044-7047	qui	_	_	_	
76-14	7048-7052	nous	_	_	_	
76-15	7053-7057	sont	_	_	_	
76-16	7058-7065	offerts	_	_	_	
76-17	7065-7066	,	_	_	_	
76-18	7067-7076	n'importe	_	_	_	
76-19	7077-7079	de	_	_	_	
76-20	7080-7086	quelle	_	_	_	
76-21	7087-7091	main	_	_	_	
76-22	7092-7095	ils	_	_	_	
76-23	7096-7100	nous	_	_	_	
76-24	7101-7109	viennent	_	_	_	
76-25	7109-7110	.	_	_	_	

#Text=Il n'y avait pas moyen de tenir à une pareille invitation.
77-1	7112-7114	Il	_	_	_	
77-2	7115-7118	n'y	_	_	_	
77-3	7119-7124	avait	_	_	_	
77-4	7125-7128	pas	_	_	_	
77-5	7129-7134	moyen	_	_	_	
77-6	7135-7137	de	_	_	_	
77-7	7138-7143	tenir	_	_	_	
77-8	7144-7145	à	_	_	_	
77-9	7146-7149	une	_	_	_	
77-10	7150-7158	pareille	_	_	_	
77-11	7159-7169	invitation	_	_	_	
77-12	7169-7170	.	_	_	_	

#Text=Bientôt les assiettes sont couvertes de débris de poulets et autres mets plus succulens; les flancs des énormes pâtés sont ouverts, une large brêche se fait voir au superbe jambon; et à peine Pacôme et Parmesan ont recouvré la parole.
78-1	7171-7178	Bientôt	_	_	_	
78-2	7179-7182	les	_	_	_	
78-3	7183-7192	assiettes	_	_	_	
78-4	7193-7197	sont	_	_	_	
78-5	7198-7207	couvertes	_	_	_	
78-6	7208-7210	de	_	_	_	
78-7	7211-7217	débris	_	_	_	
78-8	7218-7220	de	_	_	_	
78-9	7221-7228	poulets	_	_	_	
78-10	7229-7231	et	_	_	_	
78-11	7232-7238	autres	_	_	_	
78-12	7239-7243	mets	_	_	_	
78-13	7244-7248	plus	_	_	_	
78-14	7249-7258	succulens	_	_	_	
78-15	7258-7259	;	_	_	_	
78-16	7260-7263	les	_	_	_	
78-17	7264-7270	flancs	_	_	_	
78-18	7271-7274	des	_	_	_	
78-19	7275-7282	énormes	_	_	_	
78-20	7283-7288	pâtés	_	_	_	
78-21	7289-7293	sont	_	_	_	
78-22	7294-7301	ouverts	_	_	_	
78-23	7301-7302	,	_	_	_	
78-24	7303-7306	une	_	_	_	
78-25	7307-7312	large	_	_	_	
78-26	7313-7319	brêche	_	_	_	
78-27	7320-7322	se	_	_	_	
78-28	7323-7327	fait	_	_	_	
78-29	7328-7332	voir	_	_	_	
78-30	7333-7335	au	_	_	_	
78-31	7336-7343	superbe	_	_	_	
78-32	7344-7350	jambon	_	_	_	
78-33	7350-7351	;	_	_	_	
78-34	7352-7354	et	_	_	_	
78-35	7355-7356	à	_	_	_	
78-36	7357-7362	peine	_	_	_	
78-37	7363-7369	Pacôme	_	_	_	
78-38	7370-7372	et	_	_	_	
78-39	7373-7381	Parmesan	_	_	_	
78-40	7382-7385	ont	_	_	_	
78-41	7386-7394	recouvré	_	_	_	
78-42	7395-7397	la	_	_	_	
78-43	7398-7404	parole	_	_	_	
78-44	7404-7405	.	_	_	_	

#Text=De grands laquais versaient dans le cristal un nectar qui embaumait l'odorat; ils ne pouvaient suffire à la soif insatiable du Froteur et du Capucin.
79-1	7406-7408	De	_	_	_	
79-2	7409-7415	grands	_	_	_	
79-3	7416-7423	laquais	_	_	_	
79-4	7424-7433	versaient	_	_	_	
79-5	7434-7438	dans	_	_	_	
79-6	7439-7441	le	_	_	_	
79-7	7442-7449	cristal	_	_	_	
79-8	7450-7452	un	_	_	_	
79-9	7453-7459	nectar	Smell\_Source	_	_	
79-10	7460-7463	qui	Effect[1]	_	_	
79-11	7464-7473	embaumait	Effect[1]	_	_	
79-12	7474-7482	l'odorat	Smell\_Word	*|*	79-9|79-10[1_0]	
79-13	7482-7483	;	_	_	_	
79-14	7484-7487	ils	_	_	_	
79-15	7488-7490	ne	_	_	_	
79-16	7491-7500	pouvaient	_	_	_	
79-17	7501-7508	suffire	_	_	_	
79-18	7509-7510	à	_	_	_	
79-19	7511-7513	la	_	_	_	
79-20	7514-7518	soif	_	_	_	
79-21	7519-7529	insatiable	_	_	_	
79-22	7530-7532	du	_	_	_	
79-23	7533-7540	Froteur	_	_	_	
79-24	7541-7543	et	_	_	_	
79-25	7544-7546	du	_	_	_	
79-26	7547-7554	Capucin	_	_	_	
79-27	7554-7555	.	_	_	_	

#Text=Le dessert parut enfin.
80-1	7556-7558	Le	_	_	_	
80-2	7559-7566	dessert	_	_	_	
80-3	7567-7572	parut	_	_	_	
80-4	7573-7578	enfin	_	_	_	
80-5	7578-7579	.	_	_	_	

#Text=Des franchipanes, des gâteaux, des beignets et mille autres friandises furent attaqués avec la même voracité.
81-1	7580-7583	Des	_	_	_	
81-2	7584-7596	franchipanes	_	_	_	
81-3	7596-7597	,	_	_	_	
81-4	7598-7601	des	_	_	_	
81-5	7602-7609	gâteaux	_	_	_	
81-6	7609-7610	,	_	_	_	
81-7	7611-7614	des	_	_	_	
81-8	7615-7623	beignets	_	_	_	
81-9	7624-7626	et	_	_	_	
81-10	7627-7632	mille	_	_	_	
81-11	7633-7639	autres	_	_	_	
81-12	7640-7650	friandises	_	_	_	
81-13	7651-7657	furent	_	_	_	
81-14	7658-7666	attaqués	_	_	_	
81-15	7667-7671	avec	_	_	_	
81-16	7672-7674	la	_	_	_	
81-17	7675-7679	même	_	_	_	
81-18	7680-7688	voracité	_	_	_	
81-19	7688-7689	.	_	_	_	

#Text=Si la lute qui allait suivre, avait la même ardeur, heureuses, mille fois heureuses devaient être Volsange et Lauréda !
82-1	7690-7692	Si	_	_	_	
82-2	7693-7695	la	_	_	_	
82-3	7696-7700	lute	_	_	_	
82-4	7701-7704	qui	_	_	_	
82-5	7705-7711	allait	_	_	_	
82-6	7712-7718	suivre	_	_	_	
82-7	7718-7719	,	_	_	_	
82-8	7720-7725	avait	_	_	_	
82-9	7726-7728	la	_	_	_	
82-10	7729-7733	même	_	_	_	
82-11	7734-7740	ardeur	_	_	_	
82-12	7740-7741	,	_	_	_	
82-13	7742-7751	heureuses	_	_	_	
82-14	7751-7752	,	_	_	_	
82-15	7753-7758	mille	_	_	_	
82-16	7759-7763	fois	_	_	_	
82-17	7764-7773	heureuses	_	_	_	
82-18	7774-7782	devaient	_	_	_	
82-19	7783-7787	être	_	_	_	
82-20	7788-7796	Volsange	_	_	_	
82-21	7797-7799	et	_	_	_	
82-22	7800-7807	Lauréda	_	_	_	
82-23	7808-7809	!	_	_	_	

#Text=Leurs champions auraient infiniment multiplié les rasades de Madère et autres liqueurs brûlantes; mais ces dames craignant avec raison que cette fréquente répétition ne nuîsit à leurs forces, tout en voulant les augmenter, arrêtèrent le flot qui allait déborder.
83-1	7810-7815	Leurs	_	_	_	
83-2	7816-7825	champions	_	_	_	
83-3	7826-7834	auraient	_	_	_	
83-4	7835-7845	infiniment	_	_	_	
83-5	7846-7855	multiplié	_	_	_	
83-6	7856-7859	les	_	_	_	
83-7	7860-7867	rasades	_	_	_	
83-8	7868-7870	de	_	_	_	
83-9	7871-7877	Madère	_	_	_	
83-10	7878-7880	et	_	_	_	
83-11	7881-7887	autres	_	_	_	
83-12	7888-7896	liqueurs	_	_	_	
83-13	7897-7906	brûlantes	_	_	_	
83-14	7906-7907	;	_	_	_	
83-15	7908-7912	mais	_	_	_	
83-16	7913-7916	ces	_	_	_	
83-17	7917-7922	dames	_	_	_	
83-18	7923-7932	craignant	_	_	_	
83-19	7933-7937	avec	_	_	_	
83-20	7938-7944	raison	_	_	_	
83-21	7945-7948	que	_	_	_	
83-22	7949-7954	cette	_	_	_	
83-23	7955-7964	fréquente	_	_	_	
83-24	7965-7975	répétition	_	_	_	
83-25	7976-7978	ne	_	_	_	
83-26	7979-7985	nuîsit	_	_	_	
83-27	7986-7987	à	_	_	_	
83-28	7988-7993	leurs	_	_	_	
83-29	7994-8000	forces	_	_	_	
83-30	8000-8001	,	_	_	_	
83-31	8002-8006	tout	_	_	_	
83-32	8007-8009	en	_	_	_	
83-33	8010-8017	voulant	_	_	_	
83-34	8018-8021	les	_	_	_	
83-35	8022-8031	augmenter	_	_	_	
83-36	8031-8032	,	_	_	_	
83-37	8033-8043	arrêtèrent	_	_	_	
83-38	8044-8046	le	_	_	_	
83-39	8047-8051	flot	_	_	_	
83-40	8052-8055	qui	_	_	_	
83-41	8056-8062	allait	_	_	_	
83-42	8063-8071	déborder	_	_	_	
83-43	8071-8072	.	_	_	_	
