#FORMAT=WebAnno TSV 3.3


#Text=Si rimisero in cammino, tornarono al luogo della riunione, sempre in silenzio.
1-1	0-2	Si	
1-2	3-11	rimisero	
1-3	12-14	in	
1-4	15-22	cammino	
1-5	22-23	,	
1-6	24-33	tornarono	
1-7	34-36	al	
1-8	37-42	luogo	
1-9	43-48	della	
1-10	49-57	riunione	
1-11	57-58	,	
1-12	59-65	sempre	
1-13	66-68	in	
1-14	69-77	silenzio	
1-15	77-78	.	

#Text=I merli fischiavano su le loro teste; fasci orizzontali di raggi attraversavano i loro passi; e il profumo del bosco cresceva in torno a loro.
2-1	79-80	I	
2-2	81-86	merli	
2-3	87-98	fischiavano	
2-4	99-101	su	
2-5	102-104	le	
2-6	105-109	loro	
2-7	110-115	teste	
2-8	115-116	;	
2-9	117-122	fasci	
2-10	123-134	orizzontali	
2-11	135-137	di	
2-12	138-143	raggi	
2-13	144-158	attraversavano	
2-14	159-160	i	
2-15	161-165	loro	
2-16	166-171	passi	
2-17	171-172	;	
2-18	173-174	e	
2-19	175-177	il	
2-20	178-185	profumo	
2-21	186-189	del	
2-22	190-195	bosco	
2-23	196-204	cresceva	
2-24	205-207	in	
2-25	208-213	torno	
2-26	214-215	a	
2-27	216-220	loro	
2-28	220-221	.	

#Text=Alcuni giorni dopo, Emidio partiva.
3-1	222-228	Alcuni	
3-2	229-235	giorni	
3-3	236-240	dopo	
3-4	240-241	,	
3-5	242-248	Emidio	
3-6	249-256	partiva	
3-7	256-257	.	

#Text=Alcuni mesi dopo, il fratello d’Emidio prendeva in moglie Rosa.
4-1	258-264	Alcuni	
4-2	265-269	mesi	
4-3	270-274	dopo	
4-4	274-275	,	
4-5	276-278	il	
4-6	279-287	fratello	
4-7	288-289	d	
4-8	289-290	’	
4-9	290-296	Emidio	
4-10	297-305	prendeva	
4-11	306-308	in	
4-12	309-315	moglie	
4-13	316-320	Rosa	
4-14	320-321	.	

#Text=Nei primi anni di seminario il cherico aveva pensato spesso alla nuova cognata.
5-1	322-325	Nei	
5-2	326-331	primi	
5-3	332-336	anni	
5-4	337-339	di	
5-5	340-349	seminario	
5-6	350-352	il	
5-7	353-360	cherico	
5-8	361-366	aveva	
5-9	367-374	pensato	
5-10	375-381	spesso	
5-11	382-386	alla	
5-12	387-392	nuova	
5-13	393-400	cognata	
5-14	400-401	.	

#Text=Nella scuola, mentre i preti spiegavano l’Epitome historiæ sacræ, egli aveva fantasticato di lei.
6-1	402-407	Nella	
6-2	408-414	scuola	
6-3	414-415	,	
6-4	416-422	mentre	
6-5	423-424	i	
6-6	425-430	preti	
6-7	431-441	spiegavano	
6-8	442-443	l	
6-9	443-444	’	
6-10	444-451	Epitome	
6-11	452-460	historiæ	
6-12	461-466	sacræ	
6-13	466-467	,	
6-14	468-472	egli	
6-15	473-478	aveva	
6-16	479-491	fantasticato	
6-17	492-494	di	
6-18	495-498	lei	
6-19	498-499	.	

#Text=Nello studio, mentre i suoi vicini, nascosti dai leggíi aperti, si davano fra loro a pratiche oscene, egli aveva chiusa la faccia tra le mani, e s’era abbandonato ad immaginazioni impure.
7-1	500-505	Nello	
7-2	506-512	studio	
7-3	512-513	,	
7-4	514-520	mentre	
7-5	521-522	i	
7-6	523-527	suoi	
7-7	528-534	vicini	
7-8	534-535	,	
7-9	536-544	nascosti	
7-10	545-548	dai	
7-11	549-555	leggíi	
7-12	556-562	aperti	
7-13	562-563	,	
7-14	564-566	si	
7-15	567-573	davano	
7-16	574-577	fra	
7-17	578-582	loro	
7-18	583-584	a	
7-19	585-593	pratiche	
7-20	594-600	oscene	
7-21	600-601	,	
7-22	602-606	egli	
7-23	607-612	aveva	
7-24	613-619	chiusa	
7-25	620-622	la	
7-26	623-629	faccia	
7-27	630-633	tra	
7-28	634-636	le	
7-29	637-641	mani	
7-30	641-642	,	
7-31	643-644	e	
7-32	645-646	s	
7-33	646-647	’	
7-34	647-650	era	
7-35	651-662	abbandonato	
7-36	663-665	ad	
7-37	666-679	immaginazioni	
7-38	680-686	impure	
7-39	686-687	.	

#Text=Nella chiesa, mentre le litanie alla Vergine sonavano, egli dietro l’invocazione alla Rosa mystica era fuggito lontano.
8-1	688-693	Nella	
8-2	694-700	chiesa	
8-3	700-701	,	
8-4	702-708	mentre	
8-5	709-711	le	
8-6	712-719	litanie	
8-7	720-724	alla	
8-8	725-732	Vergine	
8-9	733-741	sonavano	
8-10	741-742	,	
8-11	743-747	egli	
8-12	748-754	dietro	
8-13	755-756	l	
8-14	756-757	’	
8-15	757-768	invocazione	
8-16	769-773	alla	
8-17	774-778	Rosa	
8-18	779-786	mystica	
8-19	787-790	era	
8-20	791-798	fuggito	
8-21	799-806	lontano	
8-22	806-807	.	

#Text=E come aveva appreso dai condiscepoli la corruzione, la scena del bosco gli era apparsa in una nuova luce.
9-1	809-810	E	
9-2	811-815	come	
9-3	816-821	aveva	
9-4	822-829	appreso	
9-5	830-833	dai	
9-6	834-846	condiscepoli	
9-7	847-849	la	
9-8	850-860	corruzione	
9-9	860-861	,	
9-10	862-864	la	
9-11	865-870	scena	
9-12	871-874	del	
9-13	875-880	bosco	
9-14	881-884	gli	
9-15	885-888	era	
9-16	889-896	apparsa	
9-17	897-899	in	
9-18	900-903	una	
9-19	904-909	nuova	
9-20	910-914	luce	
9-21	914-915	.	

#Text=E il sospetto di non avere indovinato, il rammarico di non aver saputo cogliere un frutto che gli si offriva, allora lo tormentarono stranamente.
10-1	916-917	E	
10-2	918-920	il	
10-3	921-929	sospetto	
10-4	930-932	di	
10-5	933-936	non	
10-6	937-942	avere	
10-7	943-953	indovinato	
10-8	953-954	,	
10-9	955-957	il	
10-10	958-967	rammarico	
10-11	968-970	di	
10-12	971-974	non	
10-13	975-979	aver	
10-14	980-986	saputo	
10-15	987-995	cogliere	
10-16	996-998	un	
10-17	999-1005	frutto	
10-18	1006-1009	che	
10-19	1010-1013	gli	
10-20	1014-1016	si	
10-21	1017-1024	offriva	
10-22	1024-1025	,	
10-23	1026-1032	allora	
10-24	1033-1035	lo	
10-25	1036-1048	tormentarono	
10-26	1049-1060	stranamente	
10-27	1060-1061	.	

#Text=Dunque era così?
11-1	1062-1068	Dunque	
11-2	1069-1072	era	
11-3	1073-1077	così	
11-4	1077-1078	?	

#Text=Dunque Rosa un giorno lo aveva amato?
12-1	1079-1085	Dunque	
12-2	1086-1090	Rosa	
12-3	1091-1093	un	
12-4	1094-1100	giorno	
12-5	1101-1103	lo	
12-6	1104-1109	aveva	
12-7	1110-1115	amato	
12-8	1115-1116	?	

#Text=Dunque egli era passato inconsapevole a canto a una grande gioia?
13-1	1117-1123	Dunque	
13-2	1124-1128	egli	
13-3	1129-1132	era	
13-4	1133-1140	passato	
13-5	1141-1154	inconsapevole	
13-6	1155-1156	a	
13-7	1157-1162	canto	
13-8	1163-1164	a	
13-9	1165-1168	una	
13-10	1169-1175	grande	
13-11	1176-1181	gioia	
13-12	1181-1182	?	

#Text=E questo pensiero ogni giorno si faceva più acuto, più insistente, più incalzante, più angustioso.
14-1	1183-1184	E	
14-2	1185-1191	questo	
14-3	1192-1200	pensiero	
14-4	1201-1205	ogni	
14-5	1206-1212	giorno	
14-6	1213-1215	si	
14-7	1216-1222	faceva	
14-8	1223-1226	più	
14-9	1227-1232	acuto	
14-10	1232-1233	,	
14-11	1234-1237	più	
14-12	1238-1248	insistente	
14-13	1248-1249	,	
14-14	1250-1253	più	
14-15	1254-1264	incalzante	
14-16	1264-1265	,	
14-17	1266-1269	più	
14-18	1270-1280	angustioso	
14-19	1280-1281	.	

#Text=E ogni giorno egli se ne pasceva con maggiore intensità di sofferenza; finchè, nella lunga monotonia della vita sacerdotale, questo pensiero divenne per lui una specie di morbo immedicabile, e dinanzi alla irremediabilità della cosa egli fu preso da uno scoramento immenso, da una melanconia senza fine.
#Text=— Dunque egli non aveva saputo!
15-1	1282-1283	E	
15-2	1284-1288	ogni	
15-3	1289-1295	giorno	
15-4	1296-1300	egli	
15-5	1301-1303	se	
15-6	1304-1306	ne	
15-7	1307-1314	pasceva	
15-8	1315-1318	con	
15-9	1319-1327	maggiore	
15-10	1328-1337	intensità	
15-11	1338-1340	di	
15-12	1341-1351	sofferenza	
15-13	1351-1352	;	
15-14	1353-1359	finchè	
15-15	1359-1360	,	
15-16	1361-1366	nella	
15-17	1367-1372	lunga	
15-18	1373-1382	monotonia	
15-19	1383-1388	della	
15-20	1389-1393	vita	
15-21	1394-1405	sacerdotale	
15-22	1405-1406	,	
15-23	1407-1413	questo	
15-24	1414-1422	pensiero	
15-25	1423-1430	divenne	
15-26	1431-1434	per	
15-27	1435-1438	lui	
15-28	1439-1442	una	
15-29	1443-1449	specie	
15-30	1450-1452	di	
15-31	1453-1458	morbo	
15-32	1459-1471	immedicabile	
15-33	1471-1472	,	
15-34	1473-1474	e	
15-35	1475-1482	dinanzi	
15-36	1483-1487	alla	
15-37	1488-1503	irremediabilità	
15-38	1504-1509	della	
15-39	1510-1514	cosa	
15-40	1515-1519	egli	
15-41	1520-1522	fu	
15-42	1523-1528	preso	
15-43	1529-1531	da	
15-44	1532-1535	uno	
15-45	1536-1546	scoramento	
15-46	1547-1554	immenso	
15-47	1554-1555	,	
15-48	1556-1558	da	
15-49	1559-1562	una	
15-50	1563-1573	melanconia	
15-51	1574-1579	senza	
15-52	1580-1584	fine	
15-53	1584-1585	.	
15-54	1586-1587	—	
15-55	1588-1594	Dunque	
15-56	1595-1599	egli	
15-57	1600-1603	non	
15-58	1604-1609	aveva	
15-59	1610-1616	saputo	
15-60	1616-1617	!	

#Text=—
#Text=Nella stanza ora il lume oscillava con più lentezza.
16-1	1618-1619	—	
16-2	1620-1625	Nella	
16-3	1626-1632	stanza	
16-4	1633-1636	ora	
16-5	1637-1639	il	
16-6	1640-1644	lume	
16-7	1645-1654	oscillava	
16-8	1655-1658	con	
16-9	1659-1662	più	
16-10	1663-1671	lentezza	
16-11	1671-1672	.	

#Text=Di tra le stecche delle persiane chiuse entravano soffi di vento meno lievi, e facevano un poco inarcare le tende.
17-1	1673-1675	Di	
17-2	1676-1679	tra	
17-3	1680-1682	le	
17-4	1683-1690	stecche	
17-5	1691-1696	delle	
17-6	1697-1705	persiane	
17-7	1706-1712	chiuse	
17-8	1713-1722	entravano	
17-9	1723-1728	soffi	
17-10	1729-1731	di	
17-11	1732-1737	vento	
17-12	1738-1742	meno	
17-13	1743-1748	lievi	
17-14	1748-1749	,	
17-15	1750-1751	e	
17-16	1752-1760	facevano	
17-17	1761-1763	un	
17-18	1764-1768	poco	
17-19	1769-1777	inarcare	
17-20	1778-1780	le	
17-21	1781-1786	tende	
17-22	1786-1787	.	

#Text=Rosa, invasa pianamente da un sopore, chiudeva di tanto in tanto le palpebre; e come la testa le cadeva sul petto, le riapriva subitamente.
18-1	1788-1792	Rosa	
18-2	1792-1793	,	
18-3	1794-1800	invasa	
18-4	1801-1811	pianamente	
18-5	1812-1814	da	
18-6	1815-1817	un	
18-7	1818-1824	sopore	
18-8	1824-1825	,	
18-9	1826-1834	chiudeva	
18-10	1835-1837	di	
18-11	1838-1843	tanto	
18-12	1844-1846	in	
18-13	1847-1852	tanto	
18-14	1853-1855	le	
18-15	1856-1864	palpebre	
18-16	1864-1865	;	
18-17	1866-1867	e	
18-18	1868-1872	come	
18-19	1873-1875	la	
18-20	1876-1881	testa	
18-21	1882-1884	le	
18-22	1885-1891	cadeva	
18-23	1892-1895	sul	
18-24	1896-1901	petto	
18-25	1901-1902	,	
18-26	1903-1905	le	
18-27	1906-1914	riapriva	
18-28	1915-1926	subitamente	
18-29	1926-1927	.	

#Text=‟Siete stanca?”
19-1	1928-1929	‟	
19-2	1929-1934	Siete	
19-3	1935-1941	stanca	
19-4	1941-1942	?	
19-5	1942-1943	”	

#Text=chiese con molta dolcezza il cherico.
20-1	1944-1950	chiese	
20-2	1951-1954	con	
20-3	1955-1960	molta	
20-4	1961-1969	dolcezza	
20-5	1970-1972	il	
20-6	1973-1980	cherico	
20-7	1980-1981	.	

#Text=‟Io, no,” rispose la donna, riprendendo li spiriti, ed ergendosi su la vita.
21-1	1982-1983	‟	
21-2	1983-1985	Io	
21-3	1985-1986	,	
21-4	1987-1989	no	
21-5	1989-1990	,	
21-6	1990-1991	”	
21-7	1992-1999	rispose	
21-8	2000-2002	la	
21-9	2003-2008	donna	
21-10	2008-2009	,	
21-11	2010-2021	riprendendo	
21-12	2022-2024	li	
21-13	2025-2032	spiriti	
21-14	2032-2033	,	
21-15	2034-2036	ed	
21-16	2037-2046	ergendosi	
21-17	2047-2049	su	
21-18	2050-2052	la	
21-19	2053-2057	vita	
21-20	2057-2058	.	

#Text=Ma nel silenzio di nuovo il sopore le occupò i sensi.
22-1	2059-2061	Ma	
22-2	2062-2065	nel	
22-3	2066-2074	silenzio	
22-4	2075-2077	di	
22-5	2078-2083	nuovo	
22-6	2084-2086	il	
22-7	2087-2093	sopore	
22-8	2094-2096	le	
22-9	2097-2103	occupò	
22-10	2104-2105	i	
22-11	2106-2111	sensi	
22-12	2111-2112	.	

#Text=Ella teneva la testa appoggiata alla parete: i capelli le empivano tutto il collo, dalla bocca semiaperta le usciva la respirazione lenta e regolare.
23-1	2113-2117	Ella	
23-2	2118-2124	teneva	
23-3	2125-2127	la	
23-4	2128-2133	testa	
23-5	2134-2144	appoggiata	
23-6	2145-2149	alla	
23-7	2150-2156	parete	
23-8	2156-2157	:	
23-9	2158-2159	i	
23-10	2160-2167	capelli	
23-11	2168-2170	le	
23-12	2171-2179	empivano	
23-13	2180-2185	tutto	
23-14	2186-2188	il	
23-15	2189-2194	collo	
23-16	2194-2195	,	
23-17	2196-2201	dalla	
23-18	2202-2207	bocca	
23-19	2208-2218	semiaperta	
23-20	2219-2221	le	
23-21	2222-2228	usciva	
23-22	2229-2231	la	
23-23	2232-2244	respirazione	
23-24	2245-2250	lenta	
23-25	2251-2252	e	
23-26	2253-2261	regolare	
23-27	2261-2262	.	

#Text=Così ella era bella; e nulla in lei era più voluttuoso che il ritmo del seno e la visibile forma dei ginocchi sotto la gonna leggiera.
#Text=— S’io la baciassi?
24-1	2263-2267	Così	
24-2	2268-2272	ella	
24-3	2273-2276	era	
24-4	2277-2282	bella	
24-5	2282-2283	;	
24-6	2284-2285	e	
24-7	2286-2291	nulla	
24-8	2292-2294	in	
24-9	2295-2298	lei	
24-10	2299-2302	era	
24-11	2303-2306	più	
24-12	2307-2317	voluttuoso	
24-13	2318-2321	che	
24-14	2322-2324	il	
24-15	2325-2330	ritmo	
24-16	2331-2334	del	
24-17	2335-2339	seno	
24-18	2340-2341	e	
24-19	2342-2344	la	
24-20	2345-2353	visibile	
24-21	2354-2359	forma	
24-22	2360-2363	dei	
24-23	2364-2372	ginocchi	
24-24	2373-2378	sotto	
24-25	2379-2381	la	
24-26	2382-2387	gonna	
24-27	2388-2396	leggiera	
24-28	2396-2397	.	
24-29	2398-2399	—	
24-30	2400-2401	S	
24-31	2401-2402	’	
24-32	2402-2404	io	
24-33	2405-2407	la	
24-34	2408-2416	baciassi	
24-35	2416-2417	?	

#Text=— pensò Emidio, per una suggestione improvvisa della carne guardando l’assopita.
25-1	2418-2419	—	
25-2	2420-2425	pensò	
25-3	2426-2432	Emidio	
25-4	2432-2433	,	
25-5	2434-2437	per	
25-6	2438-2441	una	
25-7	2442-2453	suggestione	
25-8	2454-2464	improvvisa	
25-9	2465-2470	della	
25-10	2471-2476	carne	
25-11	2477-2486	guardando	
25-12	2487-2488	l	
25-13	2488-2489	’	
25-14	2489-2497	assopita	
25-15	2497-2498	.	

#Text=Ancora i canti umani si propagavano nella notte di giugno, con una certa solennità di cadenze liturgiche; e sorgevano di lontananza in lontananza le risposte in diversi toni, senza compagnia di stromenti.
26-1	2499-2505	Ancora	
26-2	2506-2507	i	
26-3	2508-2513	canti	
26-4	2514-2519	umani	
26-5	2520-2522	si	
26-6	2523-2534	propagavano	
26-7	2535-2540	nella	
26-8	2541-2546	notte	
26-9	2547-2549	di	
26-10	2550-2556	giugno	
26-11	2556-2557	,	
26-12	2558-2561	con	
26-13	2562-2565	una	
26-14	2566-2571	certa	
26-15	2572-2581	solennità	
26-16	2582-2584	di	
26-17	2585-2592	cadenze	
26-18	2593-2603	liturgiche	
26-19	2603-2604	;	
26-20	2605-2606	e	
26-21	2607-2616	sorgevano	
26-22	2617-2619	di	
26-23	2620-2630	lontananza	
26-24	2631-2633	in	
26-25	2634-2644	lontananza	
26-26	2645-2647	le	
26-27	2648-2656	risposte	
26-28	2657-2659	in	
26-29	2660-2667	diversi	
26-30	2668-2672	toni	
26-31	2672-2673	,	
26-32	2674-2679	senza	
26-33	2680-2689	compagnia	
26-34	2690-2692	di	
26-35	2693-2702	stromenti	
26-36	2702-2703	.	

#Text=Poichè il plenilunio doveva essere alto, il fioco lume interno non valeva a vincere l’albore che pioveva copioso su le persiane, e si versava fra li intervalli del legno.
27-1	2704-2710	Poichè	
27-2	2711-2713	il	
27-3	2714-2724	plenilunio	
27-4	2725-2731	doveva	
27-5	2732-2738	essere	
27-6	2739-2743	alto	
27-7	2743-2744	,	
27-8	2745-2747	il	
27-9	2748-2753	fioco	
27-10	2754-2758	lume	
27-11	2759-2766	interno	
27-12	2767-2770	non	
27-13	2771-2777	valeva	
27-14	2778-2779	a	
27-15	2780-2787	vincere	
27-16	2788-2789	l	
27-17	2789-2790	’	
27-18	2790-2796	albore	
27-19	2797-2800	che	
27-20	2801-2808	pioveva	
27-21	2809-2816	copioso	
27-22	2817-2819	su	
27-23	2820-2822	le	
27-24	2823-2831	persiane	
27-25	2831-2832	,	
27-26	2833-2834	e	
27-27	2835-2837	si	
27-28	2838-2845	versava	
27-29	2846-2849	fra	
27-30	2850-2852	li	
27-31	2853-2863	intervalli	
27-32	2864-2867	del	
27-33	2868-2873	legno	
27-34	2873-2874	.	

#Text=Emidio si volse verso il letto mortuario.
28-1	2875-2881	Emidio	
28-2	2882-2884	si	
28-3	2885-2890	volse	
28-4	2891-2896	verso	
28-5	2897-2899	il	
28-6	2900-2905	letto	
28-7	2906-2915	mortuario	
28-8	2915-2916	.	

#Text=I suoi occhi, scorrendo la linea rigida e nera del cadavere, si fermarono involontariamente su la mano, su una mano gonfia e giallastra, un po’ adunca, solcata di trame livide nel dorso; e prestamente si ritrassero.
29-1	2917-2918	I	
29-2	2919-2923	suoi	
29-3	2924-2929	occhi	
29-4	2929-2930	,	
29-5	2931-2940	scorrendo	
29-6	2941-2943	la	
29-7	2944-2949	linea	
29-8	2950-2956	rigida	
29-9	2957-2958	e	
29-10	2959-2963	nera	
29-11	2964-2967	del	
29-12	2968-2976	cadavere	
29-13	2976-2977	,	
29-14	2978-2980	si	
29-15	2981-2990	fermarono	
29-16	2991-3008	involontariamente	
29-17	3009-3011	su	
29-18	3012-3014	la	
29-19	3015-3019	mano	
29-20	3019-3020	,	
29-21	3021-3023	su	
29-22	3024-3027	una	
29-23	3028-3032	mano	
29-24	3033-3039	gonfia	
29-25	3040-3041	e	
29-26	3042-3052	giallastra	
29-27	3052-3053	,	
29-28	3054-3056	un	
29-29	3057-3059	po	
29-30	3059-3060	’	
29-31	3061-3067	adunca	
29-32	3067-3068	,	
29-33	3069-3076	solcata	
29-34	3077-3079	di	
29-35	3080-3085	trame	
29-36	3086-3092	livide	
29-37	3093-3096	nel	
29-38	3097-3102	dorso	
29-39	3102-3103	;	
29-40	3104-3105	e	
29-41	3106-3117	prestamente	
29-42	3118-3120	si	
29-43	3121-3131	ritrassero	
29-44	3131-3132	.	

#Text=Piano piano, nell’incoscienza del sonno, la testa di Rosa, quasi segnando su la parete un semicerchio, si chinò verso il cherico turbato.
30-1	3133-3138	Piano	
30-2	3139-3144	piano	
30-3	3144-3145	,	
30-4	3146-3150	nell	
30-5	3150-3151	’	
30-6	3151-3162	incoscienza	
30-7	3163-3166	del	
30-8	3167-3172	sonno	
30-9	3172-3173	,	
30-10	3174-3176	la	
30-11	3177-3182	testa	
30-12	3183-3185	di	
30-13	3186-3190	Rosa	
30-14	3190-3191	,	
30-15	3192-3197	quasi	
30-16	3198-3206	segnando	
30-17	3207-3209	su	
30-18	3210-3212	la	
30-19	3213-3219	parete	
30-20	3220-3222	un	
30-21	3223-3234	semicerchio	
30-22	3234-3235	,	
30-23	3236-3238	si	
30-24	3239-3244	chinò	
30-25	3245-3250	verso	
30-26	3251-3253	il	
30-27	3254-3261	cherico	
30-28	3262-3269	turbato	
30-29	3269-3270	.	

#Text=La reclinazione della bella testa muliebre fu in atto dolcissima; e, poichè il movimento alterò un poco il sonno, tra le palpebre a pena a pena sollevate apparve un lembo d’iride e scomparve nel bianco, quasi come una foglia di viola nel latte.
31-1	3271-3273	La	
31-2	3274-3286	reclinazione	
31-3	3287-3292	della	
31-4	3293-3298	bella	
31-5	3299-3304	testa	
31-6	3305-3313	muliebre	
31-7	3314-3316	fu	
31-8	3317-3319	in	
31-9	3320-3324	atto	
31-10	3325-3335	dolcissima	
31-11	3335-3336	;	
31-12	3337-3338	e	
31-13	3338-3339	,	
31-14	3340-3346	poichè	
31-15	3347-3349	il	
31-16	3350-3359	movimento	
31-17	3360-3366	alterò	
31-18	3367-3369	un	
31-19	3370-3374	poco	
31-20	3375-3377	il	
31-21	3378-3383	sonno	
31-22	3383-3384	,	
31-23	3385-3388	tra	
31-24	3389-3391	le	
31-25	3392-3400	palpebre	
31-26	3401-3402	a	
31-27	3403-3407	pena	
31-28	3408-3409	a	
31-29	3410-3414	pena	
31-30	3415-3424	sollevate	
31-31	3425-3432	apparve	
31-32	3433-3435	un	
31-33	3436-3441	lembo	
31-34	3442-3443	d	
31-35	3443-3444	’	
31-36	3444-3449	iride	
31-37	3450-3451	e	
31-38	3452-3461	scomparve	
31-39	3462-3465	nel	
31-40	3466-3472	bianco	
31-41	3472-3473	,	
31-42	3474-3479	quasi	
31-43	3480-3484	come	
31-44	3485-3488	una	
31-45	3489-3495	foglia	
31-46	3496-3498	di	
31-47	3499-3504	viola	
31-48	3505-3508	nel	
31-49	3509-3514	latte	
31-50	3514-3515	.	

#Text=Emidio rimase immobile, tenendo contro l’omero il peso.
32-1	3516-3522	Emidio	
32-2	3523-3529	rimase	
32-3	3530-3538	immobile	
32-4	3538-3539	,	
32-5	3540-3547	tenendo	
32-6	3548-3554	contro	
32-7	3555-3556	l	
32-8	3556-3557	’	
32-9	3557-3562	omero	
32-10	3563-3565	il	
32-11	3566-3570	peso	
32-12	3570-3571	.	

#Text=Egli frenava il respiro per tema di destare la dormiente, e un’angoscia enorme l’opprimeva per il battito del cuore e dei polsi e delle terapie, che pareva empire tutta la stanza.
33-1	3572-3576	Egli	
33-2	3577-3584	frenava	
33-3	3585-3587	il	
33-4	3588-3595	respiro	
33-5	3596-3599	per	
33-6	3600-3604	tema	
33-7	3605-3607	di	
33-8	3608-3615	destare	
33-9	3616-3618	la	
33-10	3619-3628	dormiente	
33-11	3628-3629	,	
33-12	3630-3631	e	
33-13	3632-3634	un	
33-14	3634-3635	’	
33-15	3635-3643	angoscia	
33-16	3644-3650	enorme	
33-17	3651-3652	l	
33-18	3652-3653	’	
33-19	3653-3662	opprimeva	
33-20	3663-3666	per	
33-21	3667-3669	il	
33-22	3670-3677	battito	
33-23	3678-3681	del	
33-24	3682-3687	cuore	
33-25	3688-3689	e	
33-26	3690-3693	dei	
33-27	3694-3699	polsi	
33-28	3700-3701	e	
33-29	3702-3707	delle	
33-30	3708-3715	terapie	
33-31	3715-3716	,	
33-32	3717-3720	che	
33-33	3721-3727	pareva	
33-34	3728-3734	empire	
33-35	3735-3740	tutta	
33-36	3741-3743	la	
33-37	3744-3750	stanza	
33-38	3750-3751	.	

#Text=Ma, come il sonno di Rosa continuava, a poco a poco egli si sentì illanguidire e mancare in una mollezza invincibile, guardando quella gola femminea che le collane di Venere segnavano di voluttà, aspirando quell’alito caldo e l’odor dei capelli.
34-1	3752-3754	Ma	
34-2	3754-3755	,	
34-3	3756-3760	come	
34-4	3761-3763	il	
34-5	3764-3769	sonno	
34-6	3770-3772	di	
34-7	3773-3777	Rosa	
34-8	3778-3788	continuava	
34-9	3788-3789	,	
34-10	3790-3791	a	
34-11	3792-3796	poco	
34-12	3797-3798	a	
34-13	3799-3803	poco	
34-14	3804-3808	egli	
34-15	3809-3811	si	
34-16	3812-3817	sentì	
34-17	3818-3830	illanguidire	
34-18	3831-3832	e	
34-19	3833-3840	mancare	
34-20	3841-3843	in	
34-21	3844-3847	una	
34-22	3848-3856	mollezza	
34-23	3857-3868	invincibile	
34-24	3868-3869	,	
34-25	3870-3879	guardando	
34-26	3880-3886	quella	
34-27	3887-3891	gola	
34-28	3892-3900	femminea	
34-29	3901-3904	che	
34-30	3905-3907	le	
34-31	3908-3915	collane	
34-32	3916-3918	di	
34-33	3919-3925	Venere	
34-34	3926-3935	segnavano	
34-35	3936-3938	di	
34-36	3939-3946	voluttà	
34-37	3946-3947	,	
34-38	3948-3957	aspirando	
34-39	3958-3963	quell	
34-40	3963-3964	’	
34-41	3964-3969	alito	
34-42	3970-3975	caldo	
34-43	3976-3977	e	
34-44	3978-3979	l	
34-45	3979-3980	’	
34-46	3980-3984	odor	
34-47	3985-3988	dei	
34-48	3989-3996	capelli	
34-49	3996-3997	.	

#Text=Allora senza più pensare, senza più temere, abbandonandosi tutto alla tentazione, egli baciò la donna in bocca.
35-1	3998-4004	Allora	
35-2	4005-4010	senza	
35-3	4011-4014	più	
35-4	4015-4022	pensare	
35-5	4022-4023	,	
35-6	4024-4029	senza	
35-7	4030-4033	più	
35-8	4034-4040	temere	
35-9	4040-4041	,	
35-10	4042-4056	abbandonandosi	
35-11	4057-4062	tutto	
35-12	4063-4067	alla	
35-13	4068-4078	tentazione	
35-14	4078-4079	,	
35-15	4080-4084	egli	
35-16	4085-4090	baciò	
35-17	4091-4093	la	
35-18	4094-4099	donna	
35-19	4100-4102	in	
35-20	4103-4108	bocca	
35-21	4108-4109	.	

#Text=Al contatto, ella si destò di soprassalto; aprì li occhi stupefatti in faccia al cognato, divenne pallida pallida.
36-1	4110-4112	Al	
36-2	4113-4121	contatto	
36-3	4121-4122	,	
36-4	4123-4127	ella	
36-5	4128-4130	si	
36-6	4131-4136	destò	
36-7	4137-4139	di	
36-8	4140-4151	soprassalto	
36-9	4151-4152	;	
36-10	4153-4157	aprì	
36-11	4158-4160	li	
36-12	4161-4166	occhi	
36-13	4167-4177	stupefatti	
36-14	4178-4180	in	
36-15	4181-4187	faccia	
36-16	4188-4190	al	
36-17	4191-4198	cognato	
36-18	4198-4199	,	
36-19	4200-4207	divenne	
36-20	4208-4215	pallida	
36-21	4216-4223	pallida	
36-22	4223-4224	.	

#Text=Poi, lentamente si raccolse i capelli su la nuca; e stette là, ´con il busto eretto, tutta vigile, guardando dinanzi a sè nelle ombre varianti, muta, quasi immobile.
37-1	4225-4228	Poi	
37-2	4228-4229	,	
37-3	4230-4240	lentamente	
37-4	4241-4243	si	
37-5	4244-4252	raccolse	
37-6	4253-4254	i	
37-7	4255-4262	capelli	
37-8	4263-4265	su	
37-9	4266-4268	la	
37-10	4269-4273	nuca	
37-11	4273-4274	;	
37-12	4275-4276	e	
37-13	4277-4283	stette	
37-14	4284-4286	là	
37-15	4286-4287	,	
37-16	4288-4289	´	
37-17	4289-4292	con	
37-18	4293-4295	il	
37-19	4296-4301	busto	
37-20	4302-4308	eretto	
37-21	4308-4309	,	
37-22	4310-4315	tutta	
37-23	4316-4322	vigile	
37-24	4322-4323	,	
37-25	4324-4333	guardando	
37-26	4334-4341	dinanzi	
37-27	4342-4343	a	
37-28	4344-4346	sè	
37-29	4347-4352	nelle	
37-30	4353-4358	ombre	
37-31	4359-4367	varianti	
37-32	4367-4368	,	
37-33	4369-4373	muta	
37-34	4373-4374	,	
37-35	4375-4380	quasi	
37-36	4381-4389	immobile	
37-37	4389-4390	.	

#Text=Anche Emidio taceva.
38-1	4391-4396	Anche	
38-2	4397-4403	Emidio	
38-3	4404-4410	taceva	
38-4	4410-4411	.	

#Text=Ambedue rimanevano sul cassone da nozze, come prima, seduti a canto, sfiorandosi con i gomiti, in un’incertezza penosa, evitando con una specie di artificio mentale che la loro coscienza giudicasse il fatto e lo condannasse.
39-1	4412-4419	Ambedue	
39-2	4420-4430	rimanevano	
39-3	4431-4434	sul	
39-4	4435-4442	cassone	
39-5	4443-4445	da	
39-6	4446-4451	nozze	
39-7	4451-4452	,	
39-8	4453-4457	come	
39-9	4458-4463	prima	
39-10	4463-4464	,	
39-11	4465-4471	seduti	
39-12	4472-4473	a	
39-13	4474-4479	canto	
39-14	4479-4480	,	
39-15	4481-4492	sfiorandosi	
39-16	4493-4496	con	
39-17	4497-4498	i	
39-18	4499-4505	gomiti	
39-19	4505-4506	,	
39-20	4507-4509	in	
39-21	4510-4512	un	
39-22	4512-4513	’	
39-23	4513-4523	incertezza	
39-24	4524-4530	penosa	
39-25	4530-4531	,	
39-26	4532-4540	evitando	
39-27	4541-4544	con	
39-28	4545-4548	una	
39-29	4549-4555	specie	
39-30	4556-4558	di	
39-31	4559-4568	artificio	
39-32	4569-4576	mentale	
39-33	4577-4580	che	
39-34	4581-4583	la	
39-35	4584-4588	loro	
39-36	4589-4598	coscienza	
39-37	4599-4609	giudicasse	
39-38	4610-4612	il	
39-39	4613-4618	fatto	
39-40	4619-4620	e	
39-41	4621-4623	lo	
39-42	4624-4635	condannasse	
39-43	4635-4636	.	

#Text=Spontaneamente ambedue rivolsero l’attenzione alle cose esteriori, in quest’operazione dello spirito mettendo un’intensità fittizia, concorrendovi pure con l’attitudine della persona.
40-1	4637-4651	Spontaneamente	
40-2	4652-4659	ambedue	
40-3	4660-4669	rivolsero	
40-4	4670-4671	l	
40-5	4671-4672	’	
40-6	4672-4682	attenzione	
40-7	4683-4687	alle	
40-8	4688-4692	cose	
40-9	4693-4702	esteriori	
40-10	4702-4703	,	
40-11	4704-4706	in	
40-12	4707-4712	quest	
40-13	4712-4713	’	
40-14	4713-4723	operazione	
40-15	4724-4729	dello	
40-16	4730-4737	spirito	
40-17	4738-4746	mettendo	
40-18	4747-4749	un	
40-19	4749-4750	’	
40-20	4750-4759	intensità	
40-21	4760-4768	fittizia	
40-22	4768-4769	,	
40-23	4770-4783	concorrendovi	
40-24	4784-4788	pure	
40-25	4789-4792	con	
40-26	4793-4794	l	
40-27	4794-4795	’	
40-28	4795-4805	attitudine	
40-29	4806-4811	della	
40-30	4812-4819	persona	
40-31	4819-4820	.	

#Text=E a poco a poco una specie di ebrietà li conquistava.
41-1	4821-4822	E	
41-2	4823-4824	a	
41-3	4825-4829	poco	
41-4	4830-4831	a	
41-5	4832-4836	poco	
41-6	4837-4840	una	
41-7	4841-4847	specie	
41-8	4848-4850	di	
41-9	4851-4858	ebrietà	
41-10	4859-4861	li	
41-11	4862-4873	conquistava	
41-12	4873-4874	.	

#Text=I canti, nella notte, seguitavano e s’indugiavano per l’aria lunghissimamente, e s’ammolivano lusinghevolmente di risposta in risposta.
42-1	4875-4876	I	
42-2	4877-4882	canti	
42-3	4882-4883	,	
42-4	4884-4889	nella	
42-5	4890-4895	notte	
42-6	4895-4896	,	
42-7	4897-4908	seguitavano	
42-8	4909-4910	e	
42-9	4911-4912	s	
42-10	4912-4913	’	
42-11	4913-4924	indugiavano	
42-12	4925-4928	per	
42-13	4929-4930	l	
42-14	4930-4931	’	
42-15	4931-4935	aria	
42-16	4936-4952	lunghissimamente	
42-17	4952-4953	,	
42-18	4954-4955	e	
42-19	4956-4957	s	
42-20	4957-4958	’	
42-21	4958-4968	ammolivano	
42-22	4969-4985	lusinghevolmente	
42-23	4986-4988	di	
42-24	4989-4997	risposta	
42-25	4998-5000	in	
42-26	5001-5009	risposta	
42-27	5009-5010	.	

#Text=Le voci maschili e le voci femminili facevano un componimento amoroso.
43-1	5011-5013	Le	
43-2	5014-5018	voci	
43-3	5019-5027	maschili	
43-4	5028-5029	e	
43-5	5030-5032	le	
43-6	5033-5037	voci	
43-7	5038-5047	femminili	
43-8	5048-5056	facevano	
43-9	5057-5059	un	
43-10	5060-5072	componimento	
43-11	5073-5080	amoroso	
43-12	5080-5081	.	

#Text=Talvolta una sola voce emergeva su le altre altissima, dando una nota unica, in torno a cui li accordi concorrevano come onde in torno al medio filo d’una corrente fluviatile.
44-1	5082-5090	Talvolta	
44-2	5091-5094	una	
44-3	5095-5099	sola	
44-4	5100-5104	voce	
44-5	5105-5113	emergeva	
44-6	5114-5116	su	
44-7	5117-5119	le	
44-8	5120-5125	altre	
44-9	5126-5135	altissima	
44-10	5135-5136	,	
44-11	5137-5142	dando	
44-12	5143-5146	una	
44-13	5147-5151	nota	
44-14	5152-5157	unica	
44-15	5157-5158	,	
44-16	5159-5161	in	
44-17	5162-5167	torno	
44-18	5168-5169	a	
44-19	5170-5173	cui	
44-20	5174-5176	li	
44-21	5177-5184	accordi	
44-22	5185-5197	concorrevano	
44-23	5198-5202	come	
44-24	5203-5207	onde	
44-25	5208-5210	in	
44-26	5211-5216	torno	
44-27	5217-5219	al	
44-28	5220-5225	medio	
44-29	5226-5230	filo	
44-30	5231-5232	d	
44-31	5232-5233	’	
44-32	5233-5236	una	
44-33	5237-5245	corrente	
44-34	5246-5256	fluviatile	
44-35	5256-5257	.	

#Text=Ora, ad intervalli, sul principio di ciascun canto, si udiva la vibrazione metallica di una chitarra accordata in diapente; e tra una ripresa e l’altra si udivano li urti misurati delle trebbio in sul terreno.
45-1	5258-5261	Ora	
45-2	5261-5262	,	
45-3	5263-5265	ad	
45-4	5266-5276	intervalli	
45-5	5276-5277	,	
45-6	5278-5281	sul	
45-7	5282-5291	principio	
45-8	5292-5294	di	
45-9	5295-5302	ciascun	
45-10	5303-5308	canto	
45-11	5308-5309	,	
45-12	5310-5312	si	
45-13	5313-5318	udiva	
45-14	5319-5321	la	
45-15	5322-5332	vibrazione	
45-16	5333-5342	metallica	
45-17	5343-5345	di	
45-18	5346-5349	una	
45-19	5350-5358	chitarra	
45-20	5359-5368	accordata	
45-21	5369-5371	in	
45-22	5372-5380	diapente	
45-23	5380-5381	;	
45-24	5382-5383	e	
45-25	5384-5387	tra	
45-26	5388-5391	una	
45-27	5392-5399	ripresa	
45-28	5400-5401	e	
45-29	5402-5403	l	
45-30	5403-5404	’	
45-31	5404-5409	altra	
45-32	5410-5412	si	
45-33	5413-5420	udivano	
45-34	5421-5423	li	
45-35	5424-5428	urti	
45-36	5429-5437	misurati	
45-37	5438-5443	delle	
45-38	5444-5451	trebbio	
45-39	5452-5454	in	
45-40	5455-5458	sul	
45-41	5459-5466	terreno	
45-42	5466-5467	.	

#Text=I due ascoltavano.
46-1	5468-5469	I	
46-2	5470-5473	due	
46-3	5474-5485	ascoltavano	
46-4	5485-5486	.	

#Text=Forse per una vicenda del vento, ora li odori non erano più li stessi.
47-1	5487-5492	Forse	
47-2	5493-5496	per	
47-3	5497-5500	una	
47-4	5501-5508	vicenda	
47-5	5509-5512	del	
47-6	5513-5518	vento	
47-7	5518-5519	,	
47-8	5520-5523	ora	
47-9	5524-5526	li	
47-10	5527-5532	odori	
47-11	5533-5536	non	
47-12	5537-5542	erano	
47-13	5543-5546	più	
47-14	5547-5549	li	
47-15	5550-5556	stessi	
47-16	5556-5557	.	

#Text=Veniva, forse dalla collina d’Orlando, il profumo dei limoni, così possente e così dolce e così sottilmente instigatore.
48-1	5558-5564	Veniva	
48-2	5564-5565	,	
48-3	5566-5571	forse	
48-4	5572-5577	dalla	
48-5	5578-5585	collina	
48-6	5586-5587	d	
48-7	5587-5588	’	
48-8	5588-5595	Orlando	
48-9	5595-5596	,	
48-10	5597-5599	il	
48-11	5600-5607	profumo	
48-12	5608-5611	dei	
48-13	5612-5618	limoni	
48-14	5618-5619	,	
48-15	5620-5624	così	
48-16	5625-5633	possente	
48-17	5634-5635	e	
48-18	5636-5640	così	
48-19	5641-5646	dolce	
48-20	5647-5648	e	
48-21	5649-5653	così	
48-22	5654-5665	sottilmente	
48-23	5666-5677	instigatore	
48-24	5677-5678	.	

#Text=Forse dai giardini di Scalia originavano i profumi delle rose, i profumi zuccherini che davano all’aria il sapore d’un’essenza aromale.
49-1	5679-5684	Forse	
49-2	5685-5688	dai	
49-3	5689-5697	giardini	
49-4	5698-5700	di	
49-5	5701-5707	Scalia	
49-6	5708-5719	originavano	
49-7	5720-5721	i	
49-8	5722-5729	profumi	
49-9	5730-5735	delle	
49-10	5736-5740	rose	
49-11	5740-5741	,	
49-12	5742-5743	i	
49-13	5744-5751	profumi	
49-14	5752-5762	zuccherini	
49-15	5763-5766	che	
49-16	5767-5773	davano	
49-17	5774-5777	all	
49-18	5777-5778	’	
49-19	5778-5782	aria	
49-20	5783-5785	il	
49-21	5786-5792	sapore	
49-22	5793-5794	d	
49-23	5794-5795	’	
49-24	5795-5797	un	
49-25	5797-5798	’	
49-26	5798-5805	essenza	
49-27	5806-5813	aromale	
49-28	5813-5814	.	

#Text=Montavano forse dal padùle della Farnia le fragranze umide dei gigli fiorentini, che respirate deliziavano come un sorso d’acqua.
50-1	5815-5824	Montavano	
50-2	5825-5830	forse	
50-3	5831-5834	dal	
50-4	5835-5841	padùle	
50-5	5842-5847	della	
50-6	5848-5854	Farnia	
50-7	5855-5857	le	
50-8	5858-5867	fragranze	
50-9	5868-5873	umide	
50-10	5874-5877	dei	
50-11	5878-5883	gigli	
50-12	5884-5894	fiorentini	
50-13	5894-5895	,	
50-14	5896-5899	che	
50-15	5900-5909	respirate	
50-16	5910-5921	deliziavano	
50-17	5922-5926	come	
50-18	5927-5929	un	
50-19	5930-5935	sorso	
50-20	5936-5937	d	
50-21	5937-5938	’	
50-22	5938-5943	acqua	
50-23	5943-5944	.	

#Text=I due rimanevano ancora taciturni, sul cassone, immobili, oppressi dalla voluttà della notte lunare.
51-1	5945-5946	I	
51-2	5947-5950	due	
51-3	5951-5961	rimanevano	
51-4	5962-5968	ancora	
51-5	5969-5978	taciturni	
51-6	5978-5979	,	
51-7	5980-5983	sul	
51-8	5984-5991	cassone	
51-9	5991-5992	,	
51-10	5993-6001	immobili	
51-11	6001-6002	,	
51-12	6003-6011	oppressi	
51-13	6012-6017	dalla	
51-14	6018-6025	voluttà	
51-15	6026-6031	della	
51-16	6032-6037	notte	
51-17	6038-6044	lunare	
51-18	6044-6045	.	

#Text=Dinanzi a loro la fiammella della lampada oscillava rapidamente, e curvavasi fino a lambire l’esilissimo cerchio d’olio, sul quale ancora galleggiava alimentandosi.
52-1	6046-6053	Dinanzi	
52-2	6054-6055	a	
52-3	6056-6060	loro	
52-4	6061-6063	la	
52-5	6064-6073	fiammella	
52-6	6074-6079	della	
52-7	6080-6087	lampada	
52-8	6088-6097	oscillava	
52-9	6098-6109	rapidamente	
52-10	6109-6110	,	
52-11	6111-6112	e	
52-12	6113-6122	curvavasi	
52-13	6123-6127	fino	
52-14	6128-6129	a	
52-15	6130-6137	lambire	
52-16	6138-6139	l	
52-17	6139-6140	’	
52-18	6140-6150	esilissimo	
52-19	6151-6158	cerchio	
52-20	6159-6160	d	
52-21	6160-6161	’	
52-22	6161-6165	olio	
52-23	6165-6166	,	
52-24	6167-6170	sul	
52-25	6171-6176	quale	
52-26	6177-6183	ancora	
52-27	6184-6195	galleggiava	
52-28	6196-6209	alimentandosi	
52-29	6209-6210	.	

#Text=Come la fiammella ebbe un primo stridore, i due si volsero; e stettero così, ansiosi, con li occhi dilatati e fissi, a guardare la fiammella che finiva di beversi le ultime stille.
53-1	6211-6215	Come	
53-2	6216-6218	la	
53-3	6219-6228	fiammella	
53-4	6229-6233	ebbe	
53-5	6234-6236	un	
53-6	6237-6242	primo	
53-7	6243-6251	stridore	
53-8	6251-6252	,	
53-9	6253-6254	i	
53-10	6255-6258	due	
53-11	6259-6261	si	
53-12	6262-6269	volsero	
53-13	6269-6270	;	
53-14	6271-6272	e	
53-15	6273-6281	stettero	
53-16	6282-6286	così	
53-17	6286-6287	,	
53-18	6288-6295	ansiosi	
53-19	6295-6296	,	
53-20	6297-6300	con	
53-21	6301-6303	li	
53-22	6304-6309	occhi	
53-23	6310-6318	dilatati	
53-24	6319-6320	e	
53-25	6321-6326	fissi	
53-26	6326-6327	,	
53-27	6328-6329	a	
53-28	6330-6338	guardare	
53-29	6339-6341	la	
53-30	6342-6351	fiammella	
53-31	6352-6355	che	
53-32	6356-6362	finiva	
53-33	6363-6365	di	
53-34	6366-6373	beversi	
53-35	6374-6376	le	
53-36	6377-6383	ultime	
53-37	6384-6390	stille	
53-38	6390-6391	.	

#Text=D’improvviso la fiammella si spense.
54-1	6392-6393	D	
54-2	6393-6394	’	
54-3	6394-6404	improvviso	
54-4	6405-6407	la	
54-5	6408-6417	fiammella	
54-6	6418-6420	si	
54-7	6421-6427	spense	
54-8	6427-6428	.	

#Text=Allora, tutt’a un tratto, con un’avidità concorde, nel tempo medesimo, essi si strinsero l’uno all’altra, si allacciarono, si cercarono con la bocca, perdutamente, ciecamente, senza parlare, soffocandosi di carezze.
55-1	6429-6435	Allora	
55-2	6435-6436	,	
55-3	6437-6441	tutt	
55-4	6441-6442	’	
55-5	6442-6443	a	
55-6	6444-6446	un	
55-7	6447-6453	tratto	
55-8	6453-6454	,	
55-9	6455-6458	con	
55-10	6459-6461	un	
55-11	6461-6462	’	
55-12	6462-6469	avidità	
55-13	6470-6478	concorde	
55-14	6478-6479	,	
55-15	6480-6483	nel	
55-16	6484-6489	tempo	
55-17	6490-6498	medesimo	
55-18	6498-6499	,	
55-19	6500-6504	essi	
55-20	6505-6507	si	
55-21	6508-6517	strinsero	
55-22	6518-6519	l	
55-23	6519-6520	’	
55-24	6520-6523	uno	
55-25	6524-6527	all	
55-26	6527-6528	’	
55-27	6528-6533	altra	
55-28	6533-6534	,	
55-29	6535-6537	si	
55-30	6538-6550	allacciarono	
55-31	6550-6551	,	
55-32	6552-6554	si	
55-33	6555-6564	cercarono	
55-34	6565-6568	con	
55-35	6569-6571	la	
55-36	6572-6577	bocca	
55-37	6577-6578	,	
55-38	6579-6591	perdutamente	
55-39	6591-6592	,	
55-40	6593-6603	ciecamente	
55-41	6603-6604	,	
55-42	6605-6610	senza	
55-43	6611-6618	parlare	
55-44	6618-6619	,	
55-45	6620-6632	soffocandosi	
55-46	6633-6635	di	
55-47	6636-6643	carezze	
55-48	6643-6644	.	

#Text=LA SIESTA.
56-1	6647-6649	LA	
56-2	6650-6656	SIESTA	
56-3	6656-6657	.	

#Text=Donna Laura Albónico stava nel giardino, sotto la pergola, prendendo il fresco all’ora meridiana.
57-1	6659-6664	Donna	
57-2	6665-6670	Laura	
57-3	6671-6679	Albónico	
57-4	6680-6685	stava	
57-5	6686-6689	nel	
57-6	6690-6698	giardino	
57-7	6698-6699	,	
57-8	6700-6705	sotto	
57-9	6706-6708	la	
57-10	6709-6716	pergola	
57-11	6716-6717	,	
57-12	6718-6727	prendendo	
57-13	6728-6730	il	
57-14	6731-6737	fresco	
57-15	6738-6741	all	
57-16	6741-6742	’	
57-17	6742-6745	ora	
57-18	6746-6755	meridiana	
57-19	6755-6756	.	

#Text=La villa taceva, tutta grigia, con le persiane chiuse tra le piante delli agrumi.
58-1	6757-6759	La	
58-2	6760-6765	villa	
58-3	6766-6772	taceva	
58-4	6772-6773	,	
58-5	6774-6779	tutta	
58-6	6780-6786	grigia	
58-7	6786-6787	,	
58-8	6788-6791	con	
58-9	6792-6794	le	
58-10	6795-6803	persiane	
58-11	6804-6810	chiuse	
58-12	6811-6814	tra	
58-13	6815-6817	le	
58-14	6818-6824	piante	
58-15	6825-6830	delli	
58-16	6831-6837	agrumi	
58-17	6837-6838	.	

#Text=Il sole raggiava un calore e un fulgore immensi.
59-1	6839-6841	Il	
59-2	6842-6846	sole	
59-3	6847-6855	raggiava	
59-4	6856-6858	un	
59-5	6859-6865	calore	
59-6	6866-6867	e	
59-7	6868-6870	un	
59-8	6871-6878	fulgore	
59-9	6879-6886	immensi	
59-10	6886-6887	.	

#Text=Era la metà di giugno; e i profumi delli aranci e dei limoni fioriti si mescolavano all’odor delle rose, nell’aria tranquilla.
60-1	6888-6891	Era	
60-2	6892-6894	la	
60-3	6895-6899	metà	
60-4	6900-6902	di	
60-5	6903-6909	giugno	
60-6	6909-6910	;	
60-7	6911-6912	e	
60-8	6913-6914	i	
60-9	6915-6922	profumi	
60-10	6923-6928	delli	
60-11	6929-6935	aranci	
60-12	6936-6937	e	
60-13	6938-6941	dei	
60-14	6942-6948	limoni	
60-15	6949-6956	fioriti	
60-16	6957-6959	si	
60-17	6960-6971	mescolavano	
60-18	6972-6975	all	
60-19	6975-6976	’	
60-20	6976-6980	odor	
60-21	6981-6986	delle	
60-22	6987-6991	rose	
60-23	6991-6992	,	
60-24	6993-6997	nell	
60-25	6997-6998	’	
60-26	6998-7002	aria	
60-27	7003-7013	tranquilla	
60-28	7013-7014	.	

#Text=Le rose crescevano da per tutto, nel giardino, con una forza indomabile.
61-1	7015-7017	Le	
61-2	7018-7022	rose	
61-3	7023-7033	crescevano	
61-4	7034-7036	da	
61-5	7037-7040	per	
61-6	7041-7046	tutto	
61-7	7046-7047	,	
61-8	7048-7051	nel	
61-9	7052-7060	giardino	
61-10	7060-7061	,	
61-11	7062-7065	con	
61-12	7066-7069	una	
61-13	7070-7075	forza	
61-14	7076-7086	indomabile	
61-15	7086-7087	.	

#Text=Le masse magnifiche delle rose bianche si movevano, lungo i viali, ad ogni soffio di vento, coprendo il terreno con l’abbondanza della loro neve odorante.
62-1	7088-7090	Le	
62-2	7091-7096	masse	
62-3	7097-7107	magnifiche	
62-4	7108-7113	delle	
62-5	7114-7118	rose	
62-6	7119-7126	bianche	
62-7	7127-7129	si	
62-8	7130-7138	movevano	
62-9	7138-7139	,	
62-10	7140-7145	lungo	
62-11	7146-7147	i	
62-12	7148-7153	viali	
62-13	7153-7154	,	
62-14	7155-7157	ad	
62-15	7158-7162	ogni	
62-16	7163-7169	soffio	
62-17	7170-7172	di	
62-18	7173-7178	vento	
62-19	7178-7179	,	
62-20	7180-7188	coprendo	
62-21	7189-7191	il	
62-22	7192-7199	terreno	
62-23	7200-7203	con	
62-24	7204-7205	l	
62-25	7205-7206	’	
62-26	7206-7216	abbondanza	
62-27	7217-7222	della	
62-28	7223-7227	loro	
62-29	7228-7232	neve	
62-30	7233-7241	odorante	
62-31	7241-7242	.	

#Text=In certi momenti l’aria, pregna dell’aroma, aveva un sapore dolce e possente come quello di un vino prelibato.
63-1	7243-7245	In	
63-2	7246-7251	certi	
63-3	7252-7259	momenti	
63-4	7260-7261	l	
63-5	7261-7262	’	
63-6	7262-7266	aria	
63-7	7266-7267	,	
63-8	7268-7274	pregna	
63-9	7275-7279	dell	
63-10	7279-7280	’	
63-11	7280-7285	aroma	
63-12	7285-7286	,	
63-13	7287-7292	aveva	
63-14	7293-7295	un	
63-15	7296-7302	sapore	
63-16	7303-7308	dolce	
63-17	7309-7310	e	
63-18	7311-7319	possente	
63-19	7320-7324	come	
63-20	7325-7331	quello	
63-21	7332-7334	di	
63-22	7335-7337	un	
63-23	7338-7342	vino	
63-24	7343-7352	prelibato	
63-25	7352-7353	.	

#Text=Le fontane, invisibili tra la verzura, mormoravano.
64-1	7354-7356	Le	
64-2	7357-7364	fontane	
64-3	7364-7365	,	
64-4	7366-7376	invisibili	
64-5	7377-7380	tra	
64-6	7381-7383	la	
64-7	7384-7391	verzura	
64-8	7391-7392	,	
64-9	7393-7404	mormoravano	
64-10	7404-7405	.	

#Text=A tratti, la cima mobile scintillante delli zampilli appariva fuor del fogliame, scompariva, riappariva, con vari giochi; e alcuni zampilli bassi producevano nei fiori e nelle erbe un fruscio e uno scompiglio singolari, sembrando bestie vive che vi corressero a traverso o vi pascolassero o vi scavassero tane.
65-1	7406-7407	A	
65-2	7408-7414	tratti	
65-3	7414-7415	,	
65-4	7416-7418	la	
65-5	7419-7423	cima	
65-6	7424-7430	mobile	
65-7	7431-7443	scintillante	
65-8	7444-7449	delli	
65-9	7450-7458	zampilli	
65-10	7459-7467	appariva	
65-11	7468-7472	fuor	
65-12	7473-7476	del	
65-13	7477-7485	fogliame	
65-14	7485-7486	,	
65-15	7487-7497	scompariva	
65-16	7497-7498	,	
65-17	7499-7509	riappariva	
65-18	7509-7510	,	
65-19	7511-7514	con	
65-20	7515-7519	vari	
65-21	7520-7526	giochi	
65-22	7526-7527	;	
65-23	7528-7529	e	
65-24	7530-7536	alcuni	
65-25	7537-7545	zampilli	
65-26	7546-7551	bassi	
65-27	7552-7563	producevano	
65-28	7564-7567	nei	
65-29	7568-7573	fiori	
65-30	7574-7575	e	
65-31	7576-7581	nelle	
65-32	7582-7586	erbe	
65-33	7587-7589	un	
65-34	7590-7597	fruscio	
65-35	7598-7599	e	
65-36	7600-7603	uno	
65-37	7604-7614	scompiglio	
65-38	7615-7624	singolari	
65-39	7624-7625	,	
65-40	7626-7635	sembrando	
65-41	7636-7642	bestie	
65-42	7643-7647	vive	
65-43	7648-7651	che	
65-44	7652-7654	vi	
65-45	7655-7665	corressero	
65-46	7666-7667	a	
65-47	7668-7676	traverso	
65-48	7677-7678	o	
65-49	7679-7681	vi	
65-50	7682-7694	pascolassero	
65-51	7695-7696	o	
65-52	7697-7699	vi	
65-53	7700-7710	scavassero	
65-54	7711-7715	tane	
65-55	7715-7716	.	

#Text=Li uccelli, invisibili, cantavano.
66-1	7717-7719	Li	
66-2	7720-7727	uccelli	
66-3	7727-7728	,	
66-4	7729-7739	invisibili	
66-5	7739-7740	,	
66-6	7741-7750	cantavano	
66-7	7750-7751	.	

#Text=Donna Laura, seduta sotto la pergola, meditava.
67-1	7752-7757	Donna	
67-2	7758-7763	Laura	
67-3	7763-7764	,	
67-4	7765-7771	seduta	
67-5	7772-7777	sotto	
67-6	7778-7780	la	
67-7	7781-7788	pergola	
67-8	7788-7789	,	
67-9	7790-7798	meditava	
67-10	7798-7799	.	

#Text=Ella era una donna già vecchia.
68-1	7800-7804	Ella	
68-2	7805-7808	era	
68-3	7809-7812	una	
68-4	7813-7818	donna	
68-5	7819-7822	già	
68-6	7823-7830	vecchia	
68-7	7830-7831	.	

#Text=Aveva il profilo fine e signorile; il naso lungo, lievemente aquilino, la fronte un po’ troppo ampia, la bocca perfetta, ancora fresca, piena di benignità.
69-1	7832-7837	Aveva	
69-2	7838-7840	il	
69-3	7841-7848	profilo	
69-4	7849-7853	fine	
69-5	7854-7855	e	
69-6	7856-7865	signorile	
69-7	7865-7866	;	
69-8	7867-7869	il	
69-9	7870-7874	naso	
69-10	7875-7880	lungo	
69-11	7880-7881	,	
69-12	7882-7892	lievemente	
69-13	7893-7901	aquilino	
69-14	7901-7902	,	
69-15	7903-7905	la	
69-16	7906-7912	fronte	
69-17	7913-7915	un	
69-18	7916-7918	po	
69-19	7918-7919	’	
69-20	7920-7926	troppo	
69-21	7927-7932	ampia	
69-22	7932-7933	,	
69-23	7934-7936	la	
69-24	7937-7942	bocca	
69-25	7943-7951	perfetta	
69-26	7951-7952	,	
69-27	7953-7959	ancora	
69-28	7960-7966	fresca	
69-29	7966-7967	,	
69-30	7968-7973	piena	
69-31	7974-7976	di	
69-32	7977-7986	benignità	
69-33	7986-7987	.	

#Text=I capelli, tutti bianchi, le si piegavano su le tempie e le facevano intorno al capo una specie di corona.
70-1	7988-7989	I	
70-2	7990-7997	capelli	
70-3	7997-7998	,	
70-4	7999-8004	tutti	
70-5	8005-8012	bianchi	
70-6	8012-8013	,	
70-7	8014-8016	le	
70-8	8017-8019	si	
70-9	8020-8029	piegavano	
70-10	8030-8032	su	
70-11	8033-8035	le	
70-12	8036-8042	tempie	
70-13	8043-8044	e	
70-14	8045-8047	le	
70-15	8048-8056	facevano	
70-16	8057-8064	intorno	
70-17	8065-8067	al	
70-18	8068-8072	capo	
70-19	8073-8076	una	
70-20	8077-8083	specie	
70-21	8084-8086	di	
70-22	8087-8093	corona	
70-23	8093-8094	.	

#Text=Doveva essere stata molto bella, nella gioventù, ed amabile.
71-1	8095-8101	Doveva	
71-2	8102-8108	essere	
71-3	8109-8114	stata	
71-4	8115-8120	molto	
71-5	8121-8126	bella	
71-6	8126-8127	,	
71-7	8128-8133	nella	
71-8	8134-8142	gioventù	
71-9	8142-8143	,	
71-10	8144-8146	ed	
71-11	8147-8154	amabile	
71-12	8154-8155	.	

#Text=Era venuta da due soli giorni in quella casa solitaria, col marito e con pochi servi.
72-1	8156-8159	Era	
72-2	8160-8166	venuta	
72-3	8167-8169	da	
72-4	8170-8173	due	
72-5	8174-8178	soli	
72-6	8179-8185	giorni	
72-7	8186-8188	in	
72-8	8189-8195	quella	
72-9	8196-8200	casa	
72-10	8201-8210	solitaria	
72-11	8210-8211	,	
72-12	8212-8215	col	
72-13	8216-8222	marito	
72-14	8223-8224	e	
72-15	8225-8228	con	
72-16	8229-8234	pochi	
72-17	8235-8240	servi	
72-18	8240-8241	.	

#Text=Aveva rinunziato alla villa magnatizia che sorgeva, sopra un colle del Piemonte, abituale soggiorno estivo; aveva rinunziato al mare, per quella campagna deserta e quasi arida.
73-1	8242-8247	Aveva	
73-2	8248-8258	rinunziato	
73-3	8259-8263	alla	
73-4	8264-8269	villa	
73-5	8270-8280	magnatizia	
73-6	8281-8284	che	
73-7	8285-8292	sorgeva	
73-8	8292-8293	,	
73-9	8294-8299	sopra	
73-10	8300-8302	un	
73-11	8303-8308	colle	
73-12	8309-8312	del	
73-13	8313-8321	Piemonte	
73-14	8321-8322	,	
73-15	8323-8331	abituale	
73-16	8332-8341	soggiorno	
73-17	8342-8348	estivo	
73-18	8348-8349	;	
73-19	8350-8355	aveva	
73-20	8356-8366	rinunziato	
73-21	8367-8369	al	
73-22	8370-8374	mare	
73-23	8374-8375	,	
73-24	8376-8379	per	
73-25	8380-8386	quella	
73-26	8387-8395	campagna	
73-27	8396-8403	deserta	
73-28	8404-8405	e	
73-29	8406-8411	quasi	
73-30	8412-8417	arida	
73-31	8417-8418	.	

#Text=‟Ti prego, andiamo a Penti,” aveva detto al marito.
74-1	8419-8420	‟	
74-2	8420-8422	Ti	
74-3	8423-8428	prego	
74-4	8428-8429	,	
74-5	8430-8437	andiamo	
74-6	8438-8439	a	
74-7	8440-8445	Penti	
74-8	8445-8446	,	
74-9	8446-8447	”	
74-10	8448-8453	aveva	
74-11	8454-8459	detto	
74-12	8460-8462	al	
74-13	8463-8469	marito	
74-14	8469-8470	.	

#Text=Il barone settuagenario era rimasto da prima un po’ sorpreso e stupefatto, a quello strano desiderio della moglie.
75-1	8471-8473	Il	
75-2	8474-8480	barone	
75-3	8481-8494	settuagenario	
75-4	8495-8498	era	
75-5	8499-8506	rimasto	
75-6	8507-8509	da	
75-7	8510-8515	prima	
75-8	8516-8518	un	
75-9	8519-8521	po	
75-10	8521-8522	’	
75-11	8523-8531	sorpreso	
75-12	8532-8533	e	
75-13	8534-8544	stupefatto	
75-14	8544-8545	,	
75-15	8546-8547	a	
75-16	8548-8554	quello	
75-17	8555-8561	strano	
75-18	8562-8571	desiderio	
75-19	8572-8577	della	
75-20	8578-8584	moglie	
75-21	8584-8585	.	

#Text=‟Perchè a Penti?
76-1	8586-8587	‟	
76-2	8587-8593	Perchè	
76-3	8594-8595	a	
76-4	8596-8601	Penti	
76-5	8601-8602	?	

#Text=Che s’andava a fare a Penti?”
77-1	8603-8606	Che	
77-2	8607-8608	s	
77-3	8608-8609	’	
77-4	8609-8615	andava	
77-5	8616-8617	a	
77-6	8618-8622	fare	
77-7	8623-8624	a	
77-8	8625-8630	Penti	
77-9	8630-8631	?	
77-10	8631-8632	”	

#Text=‟Ti prego, andiamo.
78-1	8633-8634	‟	
78-2	8634-8636	Ti	
78-3	8637-8642	prego	
78-4	8642-8643	,	
78-5	8644-8651	andiamo	
78-6	8651-8652	.	

#Text=Per mutare,” aveva insistito Donna Laura.
79-1	8653-8656	Per	
79-2	8657-8663	mutare	
79-3	8663-8664	,	
79-4	8664-8665	”	
79-5	8666-8671	aveva	
79-6	8672-8681	insistito	
79-7	8682-8687	Donna	
79-8	8688-8693	Laura	
79-9	8693-8694	.	

#Text=Il barone, come sempre, s’era lasciato persuadere.
80-1	8695-8697	Il	
80-2	8698-8704	barone	
80-3	8704-8705	,	
80-4	8706-8710	come	
80-5	8711-8717	sempre	
80-6	8717-8718	,	
80-7	8719-8720	s	
80-8	8720-8721	’	
80-9	8721-8724	era	
80-10	8725-8733	lasciato	
80-11	8734-8744	persuadere	
80-12	8744-8745	.	

#Text=‟Andiamo.”
81-1	8746-8747	‟	
81-2	8747-8754	Andiamo	
81-3	8754-8755	.	
81-4	8755-8756	”	

#Text=Ora, Donna Laura custodiva un segreto.
82-1	8757-8760	Ora	
82-2	8760-8761	,	
82-3	8762-8767	Donna	
82-4	8768-8773	Laura	
82-5	8774-8783	custodiva	
82-6	8784-8786	un	
82-7	8787-8794	segreto	
82-8	8794-8795	.	

#Text=Nella giovinezza, la sua vita era stata attraversata da una passione.
83-1	8796-8801	Nella	
83-2	8802-8812	giovinezza	
83-3	8812-8813	,	
83-4	8814-8816	la	
83-5	8817-8820	sua	
83-6	8821-8825	vita	
83-7	8826-8829	era	
83-8	8830-8835	stata	
83-9	8836-8848	attraversata	
83-10	8849-8851	da	
83-11	8852-8855	una	
83-12	8856-8864	passione	
83-13	8864-8865	.	

#Text=A diciotto anni aveva sposato il barone Albónico, per ragioni di convenienza familiare.
84-1	8866-8867	A	
84-2	8868-8876	diciotto	
84-3	8877-8881	anni	
84-4	8882-8887	aveva	
84-5	8888-8895	sposato	
84-6	8896-8898	il	
84-7	8899-8905	barone	
84-8	8906-8914	Albónico	
84-9	8914-8915	,	
84-10	8916-8919	per	
84-11	8920-8927	ragioni	
84-12	8928-8930	di	
84-13	8931-8942	convenienza	
84-14	8943-8952	familiare	
84-15	8952-8953	.	

#Text=Il barone militava sotto il primo Napoleone, con molta prodezza; egli stava quasi sempre assente dalla sua casa, poichè seguiva ovunque il volo delle aquile imperiali.
85-1	8954-8956	Il	
85-2	8957-8963	barone	
85-3	8964-8972	militava	
85-4	8973-8978	sotto	
85-5	8979-8981	il	
85-6	8982-8987	primo	
85-7	8988-8997	Napoleone	
85-8	8997-8998	,	
85-9	8999-9002	con	
85-10	9003-9008	molta	
85-11	9009-9017	prodezza	
85-12	9017-9018	;	
85-13	9019-9023	egli	
85-14	9024-9029	stava	
85-15	9030-9035	quasi	
85-16	9036-9042	sempre	
85-17	9043-9050	assente	
85-18	9051-9056	dalla	
85-19	9057-9060	sua	
85-20	9061-9065	casa	
85-21	9065-9066	,	
85-22	9067-9073	poichè	
85-23	9074-9081	seguiva	
85-24	9082-9089	ovunque	
85-25	9090-9092	il	
85-26	9093-9097	volo	
85-27	9098-9103	delle	
85-28	9104-9110	aquile	
85-29	9111-9120	imperiali	
85-30	9120-9121	.	

#Text=In una di quelle lunghe assenze, il marchese di Fontanella, un giovine signore che aveva moglie e figliuoli, fu preso d’amore per Donna Laura; e, come egli era bellissimo ed ardente, vinse alfine ogni resistenza dell’amata.
86-1	9122-9124	In	
86-2	9125-9128	una	
86-3	9129-9131	di	
86-4	9132-9138	quelle	
86-5	9139-9145	lunghe	
86-6	9146-9153	assenze	
86-7	9153-9154	,	
86-8	9155-9157	il	
86-9	9158-9166	marchese	
86-10	9167-9169	di	
86-11	9170-9180	Fontanella	
86-12	9180-9181	,	
86-13	9182-9184	un	
86-14	9185-9192	giovine	
86-15	9193-9200	signore	
86-16	9201-9204	che	
86-17	9205-9210	aveva	
86-18	9211-9217	moglie	
86-19	9218-9219	e	
86-20	9220-9229	figliuoli	
86-21	9229-9230	,	
86-22	9231-9233	fu	
86-23	9234-9239	preso	
86-24	9240-9241	d	
86-25	9241-9242	’	
86-26	9242-9247	amore	
86-27	9248-9251	per	
86-28	9252-9257	Donna	
86-29	9258-9263	Laura	
86-30	9263-9264	;	
86-31	9265-9266	e	
86-32	9266-9267	,	
86-33	9268-9272	come	
86-34	9273-9277	egli	
86-35	9278-9281	era	
86-36	9282-9292	bellissimo	
86-37	9293-9295	ed	
86-38	9296-9303	ardente	
86-39	9303-9304	,	
86-40	9305-9310	vinse	
86-41	9311-9317	alfine	
86-42	9318-9322	ogni	
86-43	9323-9333	resistenza	
86-44	9334-9338	dell	
86-45	9338-9339	’	
86-46	9339-9344	amata	
86-47	9344-9345	.	

#Text=Allora pe’ i due amanti una stagione, passò nella felicità più dolce.
87-1	9346-9352	Allora	
87-2	9353-9355	pe	
87-3	9355-9356	’	
87-4	9357-9358	i	
87-5	9359-9362	due	
87-6	9363-9369	amanti	
87-7	9370-9373	una	
87-8	9374-9382	stagione	
87-9	9382-9383	,	
87-10	9384-9389	passò	
87-11	9390-9395	nella	
87-12	9396-9404	felicità	
87-13	9405-9408	più	
87-14	9409-9414	dolce	
87-15	9414-9415	.	

#Text=Essi vivevano nell’oblio di tutte le cose.
88-1	9416-9420	Essi	
88-2	9421-9429	vivevano	
88-3	9430-9434	nell	
88-4	9434-9435	’	
88-5	9435-9440	oblio	
88-6	9441-9443	di	
88-7	9444-9449	tutte	
88-8	9450-9452	le	
88-9	9453-9457	cose	
88-10	9457-9458	.	

#Text=Ma un giorno Donna Laura s’accorse d’essere incinta; pianse, si disperò, rimase in una terribile angoscia, non sapendo che risolvere, come salvarsi.
89-1	9459-9461	Ma	
89-2	9462-9464	un	
89-3	9465-9471	giorno	
89-4	9472-9477	Donna	
89-5	9478-9483	Laura	
89-6	9484-9485	s	
89-7	9485-9486	’	
89-8	9486-9493	accorse	
89-9	9494-9495	d	
89-10	9495-9496	’	
89-11	9496-9502	essere	
89-12	9503-9510	incinta	
89-13	9510-9511	;	
89-14	9512-9518	pianse	
89-15	9518-9519	,	
89-16	9520-9522	si	
89-17	9523-9530	disperò	
89-18	9530-9531	,	
89-19	9532-9538	rimase	
89-20	9539-9541	in	
89-21	9542-9545	una	
89-22	9546-9555	terribile	
89-23	9556-9564	angoscia	
89-24	9564-9565	,	
89-25	9566-9569	non	
89-26	9570-9577	sapendo	
89-27	9578-9581	che	
89-28	9582-9591	risolvere	
89-29	9591-9592	,	
89-30	9593-9597	come	
89-31	9598-9606	salvarsi	
89-32	9606-9607	.	

#Text=Per consiglio del marchese di Fontanella, partì
#Text=la siesta.113alla volta della Francia; si nascose in un piccolo paese della Provenza, in una di quelle terre solatie piene di verzieri, dove le donne parlano l’idioma dei trovatori.
90-1	9608-9611	Per	
90-2	9612-9621	consiglio	
90-3	9622-9625	del	
90-4	9626-9634	marchese	
90-5	9635-9637	di	
90-6	9638-9648	Fontanella	
90-7	9648-9649	,	
90-8	9650-9655	partì	
90-9	9656-9658	la	
90-10	9659-9665	siesta	
90-11	9665-9673	.113alla	
90-12	9674-9679	volta	
90-13	9680-9685	della	
90-14	9686-9693	Francia	
90-15	9693-9694	;	
90-16	9695-9697	si	
90-17	9698-9705	nascose	
90-18	9706-9708	in	
90-19	9709-9711	un	
90-20	9712-9719	piccolo	
90-21	9720-9725	paese	
90-22	9726-9731	della	
90-23	9732-9740	Provenza	
90-24	9740-9741	,	
90-25	9742-9744	in	
90-26	9745-9748	una	
90-27	9749-9751	di	
90-28	9752-9758	quelle	
90-29	9759-9764	terre	
90-30	9765-9772	solatie	
90-31	9773-9778	piene	
90-32	9779-9781	di	
90-33	9782-9790	verzieri	
90-34	9790-9791	,	
90-35	9792-9796	dove	
90-36	9797-9799	le	
90-37	9800-9805	donne	
90-38	9806-9813	parlano	
90-39	9814-9815	l	
90-40	9815-9816	’	
90-41	9816-9822	idioma	
90-42	9823-9826	dei	
90-43	9827-9836	trovatori	
90-44	9836-9837	.	

#Text=Abitava una casa di campagna, circondata da un grande orto.
91-1	9838-9845	Abitava	
91-2	9846-9849	una	
91-3	9850-9854	casa	
91-4	9855-9857	di	
91-5	9858-9866	campagna	
91-6	9866-9867	,	
91-7	9868-9878	circondata	
91-8	9879-9881	da	
91-9	9882-9884	un	
91-10	9885-9891	grande	
91-11	9892-9896	orto	
91-12	9896-9897	.	

#Text=Li alberi fiorivano: era la primavera.
92-1	9898-9900	Li	
92-2	9901-9907	alberi	
92-3	9908-9917	fiorivano	
92-4	9917-9918	:	
92-5	9919-9922	era	
92-6	9923-9925	la	
92-7	9926-9935	primavera	
92-8	9935-9936	.	

#Text=Fra i terrori e le nere malinconie, ella aveva intervalli d’una indefinita dolcezza.
93-1	9937-9940	Fra	
93-2	9941-9942	i	
93-3	9943-9950	terrori	
93-4	9951-9952	e	
93-5	9953-9955	le	
93-6	9956-9960	nere	
93-7	9961-9971	malinconie	
93-8	9971-9972	,	
93-9	9973-9977	ella	
93-10	9978-9983	aveva	
93-11	9984-9994	intervalli	
93-12	9995-9996	d	
93-13	9996-9997	’	
93-14	9997-10000	una	
93-15	10001-10011	indefinita	
93-16	10012-10020	dolcezza	
93-17	10020-10021	.	

#Text=Passava lunghe ore seduta all’ombra, in una specie d’inconscienza, mentre il sentimento vago della maternità le dava a tratti a tratti un brivido profondo.
94-1	10022-10029	Passava	
94-2	10030-10036	lunghe	
94-3	10037-10040	ore	
94-4	10041-10047	seduta	
94-5	10048-10051	all	
94-6	10051-10052	’	
94-7	10052-10057	ombra	
94-8	10057-10058	,	
94-9	10059-10061	in	
94-10	10062-10065	una	
94-11	10066-10072	specie	
94-12	10073-10074	d	
94-13	10074-10075	’	
94-14	10075-10087	inconscienza	
94-15	10087-10088	,	
94-16	10089-10095	mentre	
94-17	10096-10098	il	
94-18	10099-10109	sentimento	
94-19	10110-10114	vago	
94-20	10115-10120	della	
94-21	10121-10130	maternità	
94-22	10131-10133	le	
94-23	10134-10138	dava	
94-24	10139-10140	a	
94-25	10141-10147	tratti	
94-26	10148-10149	a	
94-27	10150-10156	tratti	
94-28	10157-10159	un	
94-29	10160-10167	brivido	
94-30	10168-10176	profondo	
94-31	10176-10177	.	

#Text=I fiori in torno a lei emanavano un profumo acuto: leggiere nausee le salivano alla gola e le mettevano per tutte le membra una lassitudine immensa.
95-1	10178-10179	I	
95-2	10180-10185	fiori	
95-3	10186-10188	in	
95-4	10189-10194	torno	
95-5	10195-10196	a	
95-6	10197-10200	lei	
95-7	10201-10210	emanavano	
95-8	10211-10213	un	
95-9	10214-10221	profumo	
95-10	10222-10227	acuto	
95-11	10227-10228	:	
95-12	10229-10237	leggiere	
95-13	10238-10244	nausee	
95-14	10245-10247	le	
95-15	10248-10256	salivano	
95-16	10257-10261	alla	
95-17	10262-10266	gola	
95-18	10267-10268	e	
95-19	10269-10271	le	
95-20	10272-10281	mettevano	
95-21	10282-10285	per	
95-22	10286-10291	tutte	
95-23	10292-10294	le	
95-24	10295-10301	membra	
95-25	10302-10305	una	
95-26	10306-10317	lassitudine	
95-27	10318-10325	immensa	
95-28	10325-10326	.	

#Text=Che giorni indimenticabili!
96-1	10327-10330	Che	
96-2	10331-10337	giorni	
96-3	10338-10353	indimenticabili	
96-4	10353-10354	!	

#Text=E, quando il momento solenne si avvicinava, giunse, desiderato, Fontanella.
97-1	10355-10356	E	
97-2	10356-10357	,	
97-3	10358-10364	quando	
97-4	10365-10367	il	
97-5	10368-10375	momento	
97-6	10376-10383	solenne	
97-7	10384-10386	si	
97-8	10387-10397	avvicinava	
97-9	10397-10398	,	
97-10	10399-10405	giunse	
97-11	10405-10406	,	
97-12	10407-10417	desiderato	
97-13	10417-10418	,	
97-14	10419-10429	Fontanella	
97-15	10429-10430	.	

#Text=La povera donna soffriva.
98-1	10431-10433	La	
98-2	10434-10440	povera	
98-3	10441-10446	donna	
98-4	10447-10455	soffriva	
98-5	10455-10456	.	

#Text=Egli le stava a canto, pallido in viso, parlando poco, baciandole spesso le mani.
99-1	10457-10461	Egli	
99-2	10462-10464	le	
99-3	10465-10470	stava	
99-4	10471-10472	a	
99-5	10473-10478	canto	
99-6	10478-10479	,	
99-7	10480-10487	pallido	
99-8	10488-10490	in	
99-9	10491-10495	viso	
99-10	10495-10496	,	
99-11	10497-10505	parlando	
99-12	10506-10510	poco	
99-13	10510-10511	,	
99-14	10512-10522	baciandole	
99-15	10523-10529	spesso	
99-16	10530-10532	le	
99-17	10533-10537	mani	
99-18	10537-10538	.	

#Text=Ella partorì di notte; gridava, fra li spasimi; si afferrava convulsamente alla lettiera; credeva di morire.
100-1	10539-10543	Ella	
100-2	10544-10551	partorì	
100-3	10552-10554	di	
100-4	10555-10560	notte	
100-5	10560-10561	;	
100-6	10562-10569	gridava	
100-7	10569-10570	,	
100-8	10571-10574	fra	
100-9	10575-10577	li	
100-10	10578-10585	spasimi	
100-11	10585-10586	;	
100-12	10587-10589	si	
100-13	10590-10599	afferrava	
100-14	10600-10613	convulsamente	
100-15	10614-10618	alla	
100-16	10619-10627	lettiera	
100-17	10627-10628	;	
100-18	10629-10636	credeva	
100-19	10637-10639	di	
100-20	10640-10646	morire	
100-21	10646-10647	.	

#Text=I primi vagiti dell’infante la gittarono in una stupefazione di gioia.
101-1	10648-10649	I	
101-2	10650-10655	primi	
101-3	10656-10662	vagiti	
101-4	10663-10667	dell	
101-5	10667-10668	’	
101-6	10668-10675	infante	
101-7	10676-10678	la	
101-8	10679-10688	gittarono	
101-9	10689-10691	in	
101-10	10692-10695	una	
101-11	10696-10708	stupefazione	
101-12	10709-10711	di	
101-13	10712-10717	gioia	
101-14	10717-10718	.	

#Text=Ella, supina, con la testa un po’ arrovesciata oltre i guanciali, bianca bianca, senza più voce, senza più forza per tenere aperte le palpebre, agitava dinanzi a sè le mani esangui, debolmente, in certi piccoli movimenti vaghi, come fanno talvolta i moribondi verso la luce.
102-1	10719-10723	Ella	
102-2	10723-10724	,	
102-3	10725-10731	supina	
102-4	10731-10732	,	
102-5	10733-10736	con	
102-6	10737-10739	la	
102-7	10740-10745	testa	
102-8	10746-10748	un	
102-9	10749-10751	po	
102-10	10751-10752	’	
102-11	10753-10765	arrovesciata	
102-12	10766-10771	oltre	
102-13	10772-10773	i	
102-14	10774-10783	guanciali	
102-15	10783-10784	,	
102-16	10785-10791	bianca	
102-17	10792-10798	bianca	
102-18	10798-10799	,	
102-19	10800-10805	senza	
102-20	10806-10809	più	
102-21	10810-10814	voce	
102-22	10814-10815	,	
102-23	10816-10821	senza	
102-24	10822-10825	più	
102-25	10826-10831	forza	
102-26	10832-10835	per	
102-27	10836-10842	tenere	
102-28	10843-10849	aperte	
102-29	10850-10852	le	
102-30	10853-10861	palpebre	
102-31	10861-10862	,	
102-32	10863-10870	agitava	
102-33	10871-10878	dinanzi	
102-34	10879-10880	a	
102-35	10881-10883	sè	
102-36	10884-10886	le	
102-37	10887-10891	mani	
102-38	10892-10899	esangui	
102-39	10899-10900	,	
102-40	10901-10911	debolmente	
102-41	10911-10912	,	
102-42	10913-10915	in	
102-43	10916-10921	certi	
102-44	10922-10929	piccoli	
102-45	10930-10939	movimenti	
102-46	10940-10945	vaghi	
102-47	10945-10946	,	
102-48	10947-10951	come	
102-49	10952-10957	fanno	
102-50	10958-10966	talvolta	
102-51	10967-10968	i	
102-52	10969-10978	moribondi	
102-53	10979-10984	verso	
102-54	10985-10987	la	
102-55	10988-10992	luce	
102-56	10992-10993	.	

#Text=Il giorno dopo, tutto il giorno, ella tenne seco, nel medesimo letto, sotto la medesima coperta, il bambino.
103-1	10994-10996	Il	
103-2	10997-11003	giorno	
103-3	11004-11008	dopo	
103-4	11008-11009	,	
103-5	11010-11015	tutto	
103-6	11016-11018	il	
103-7	11019-11025	giorno	
103-8	11025-11026	,	
103-9	11027-11031	ella	
103-10	11032-11037	tenne	
103-11	11038-11042	seco	
103-12	11042-11043	,	
103-13	11044-11047	nel	
103-14	11048-11056	medesimo	
103-15	11057-11062	letto	
103-16	11062-11063	,	
103-17	11064-11069	sotto	
103-18	11070-11072	la	
103-19	11073-11081	medesima	
103-20	11082-11089	coperta	
103-21	11089-11090	,	
103-22	11091-11093	il	
103-23	11094-11101	bambino	
103-24	11101-11102	.	

#Text=Era un essere fragile, molle, un po’ rossiccio, che vibrava d’una palpitazione incessante, di una vita palese, e in cui le forme umane non avevano certezza.
104-1	11103-11106	Era	
104-2	11107-11109	un	
104-3	11110-11116	essere	
104-4	11117-11124	fragile	
104-5	11124-11125	,	
104-6	11126-11131	molle	
104-7	11131-11132	,	
104-8	11133-11135	un	
104-9	11136-11138	po	
104-10	11138-11139	’	
104-11	11140-11149	rossiccio	
104-12	11149-11150	,	
104-13	11151-11154	che	
104-14	11155-11162	vibrava	
104-15	11163-11164	d	
104-16	11164-11165	’	
104-17	11165-11168	una	
104-18	11169-11181	palpitazione	
104-19	11182-11192	incessante	
104-20	11192-11193	,	
104-21	11194-11196	di	
104-22	11197-11200	una	
104-23	11201-11205	vita	
104-24	11206-11212	palese	
104-25	11212-11213	,	
104-26	11214-11215	e	
104-27	11216-11218	in	
104-28	11219-11222	cui	
104-29	11223-11225	le	
104-30	11226-11231	forme	
104-31	11232-11237	umane	
104-32	11238-11241	non	
104-33	11242-11249	avevano	
104-34	11250-11258	certezza	
104-35	11258-11259	.	

#Text=Li occhi stavano ancora chiusi, un po’ gonfi; e dalla bocca usciva un lamento fioco, quasi un miagolio indistinto.
105-1	11260-11262	Li	
105-2	11263-11268	occhi	
105-3	11269-11276	stavano	
105-4	11277-11283	ancora	
105-5	11284-11290	chiusi	
105-6	11290-11291	,	
105-7	11292-11294	un	
105-8	11295-11297	po	
105-9	11297-11298	’	
105-10	11299-11304	gonfi	
105-11	11304-11305	;	
105-12	11306-11307	e	
105-13	11308-11313	dalla	
105-14	11314-11319	bocca	
105-15	11320-11326	usciva	
105-16	11327-11329	un	
105-17	11330-11337	lamento	
105-18	11338-11343	fioco	
105-19	11343-11344	,	
105-20	11345-11350	quasi	
105-21	11351-11353	un	
105-22	11354-11362	miagolio	
105-23	11363-11373	indistinto	
105-24	11373-11374	.	

#Text=La madre, rapita, non si saziava di riguardare, di toccare, di sentirsi su la guancia l’alito filiale.
106-1	11375-11377	La	
106-2	11378-11383	madre	
106-3	11383-11384	,	
106-4	11385-11391	rapita	
106-5	11391-11392	,	
106-6	11393-11396	non	
106-7	11397-11399	si	
106-8	11400-11407	saziava	
106-9	11408-11410	di	
106-10	11411-11421	riguardare	
106-11	11421-11422	,	
106-12	11423-11425	di	
106-13	11426-11433	toccare	
106-14	11433-11434	,	
106-15	11435-11437	di	
106-16	11438-11446	sentirsi	
106-17	11447-11449	su	
106-18	11450-11452	la	
106-19	11453-11460	guancia	
106-20	11461-11462	l	
106-21	11462-11463	’	
106-22	11463-11468	alito	
106-23	11469-11476	filiale	
106-24	11476-11477	.	

#Text=Dalla finestra entrava una luce bionda e si vedevano le terre provenzane tutte coperte di mèssi.
107-1	11478-11483	Dalla	
107-2	11484-11492	finestra	
107-3	11493-11500	entrava	
107-4	11501-11504	una	
107-5	11505-11509	luce	
107-6	11510-11516	bionda	
107-7	11517-11518	e	
107-8	11519-11521	si	
107-9	11522-11530	vedevano	
107-10	11531-11533	le	
107-11	11534-11539	terre	
107-12	11540-11550	provenzane	
107-13	11551-11556	tutte	
107-14	11557-11564	coperte	
107-15	11565-11567	di	
107-16	11568-11573	mèssi	
107-17	11573-11574	.	

#Text=Il giorno aveva una specie di santità.
108-1	11575-11577	Il	
108-2	11578-11584	giorno	
108-3	11585-11590	aveva	
108-4	11591-11594	una	
108-5	11595-11601	specie	
108-6	11602-11604	di	
108-7	11605-11612	santità	
108-8	11612-11613	.	

#Text=I canti dal fromento si avvicendavano, nell’aria quieta.
109-1	11614-11615	I	
109-2	11616-11621	canti	
109-3	11622-11625	dal	
109-4	11626-11634	fromento	
109-5	11635-11637	si	
109-6	11638-11651	avvicendavano	
109-7	11651-11652	,	
109-8	11653-11657	nell	
109-9	11657-11658	’	
109-10	11658-11662	aria	
109-11	11663-11669	quieta	
109-12	11669-11670	.	

#Text=Dopo, il bambino le fu tolto, fu nascosto, fu portato chi sa dove.
110-1	11671-11675	Dopo	
110-2	11675-11676	,	
110-3	11677-11679	il	
110-4	11680-11687	bambino	
110-5	11688-11690	le	
110-6	11691-11693	fu	
110-7	11694-11699	tolto	
110-8	11699-11700	,	
110-9	11701-11703	fu	
110-10	11704-11712	nascosto	
110-11	11712-11713	,	
110-12	11714-11716	fu	
110-13	11717-11724	portato	
110-14	11725-11728	chi	
110-15	11729-11731	sa	
110-16	11732-11736	dove	
110-17	11736-11737	.	

#Text=Ella non lo rivide più.
111-1	11738-11742	Ella	
111-2	11743-11746	non	
111-3	11747-11749	lo	
111-4	11750-11756	rivide	
111-5	11757-11760	più	
111-6	11760-11761	.	

#Text=Ella tornò alla sua casa; e visse col marito la vita di tutte le donne, senza che nessun altro avvenimento sopraggiungesse a turbarla.
112-1	11762-11766	Ella	
112-2	11767-11772	tornò	
112-3	11773-11777	alla	
112-4	11778-11781	sua	
112-5	11782-11786	casa	
112-6	11786-11787	;	
112-7	11788-11789	e	
112-8	11790-11795	visse	
112-9	11796-11799	col	
112-10	11800-11806	marito	
112-11	11807-11809	la	
112-12	11810-11814	vita	
112-13	11815-11817	di	
112-14	11818-11823	tutte	
112-15	11824-11826	le	
112-16	11827-11832	donne	
112-17	11832-11833	,	
112-18	11834-11839	senza	
112-19	11840-11843	che	
112-20	11844-11850	nessun	
112-21	11851-11856	altro	
112-22	11857-11868	avvenimento	
112-23	11869-11884	sopraggiungesse	
112-24	11885-11886	a	
112-25	11887-11895	turbarla	
112-26	11895-11896	.	

#Text=Non ebbe altri figliuoli.
113-1	11897-11900	Non	
113-2	11901-11905	ebbe	
113-3	11906-11911	altri	
113-4	11912-11921	figliuoli	
113-5	11921-11922	.	

#Text=Ma il ricordo, ma l’adorazione ideale di quella creatura ch’ella non vedeva più, ch’ella non sapeva più dove fosse, le occuparono l’anima per sempre.
114-1	11923-11925	Ma	
114-2	11926-11928	il	
114-3	11929-11936	ricordo	
114-4	11936-11937	,	
114-5	11938-11940	ma	
114-6	11941-11942	l	
114-7	11942-11943	’	
114-8	11943-11953	adorazione	
114-9	11954-11960	ideale	
114-10	11961-11963	di	
114-11	11964-11970	quella	
114-12	11971-11979	creatura	
114-13	11980-11982	ch	
114-14	11982-11983	’	
114-15	11983-11987	ella	
114-16	11988-11991	non	
114-17	11992-11998	vedeva	
114-18	11999-12002	più	
114-19	12002-12003	,	
114-20	12004-12006	ch	
114-21	12006-12007	’	
114-22	12007-12011	ella	
114-23	12012-12015	non	
114-24	12016-12022	sapeva	
114-25	12023-12026	più	
114-26	12027-12031	dove	
114-27	12032-12037	fosse	
114-28	12037-12038	,	
114-29	12039-12041	le	
114-30	12042-12052	occuparono	
114-31	12053-12054	l	
114-32	12054-12055	’	
114-33	12055-12060	anima	
114-34	12061-12064	per	
114-35	12065-12071	sempre	
114-36	12071-12072	.	

#Text=Ella non aveva che quel pensiero; rammentava tutte le minime particolarità di quei giorni; rivedeva chiaramente il paese, la forma di certi alberi che stavano dinanzi alla casa, la linea d’una collina che chiudeva l’orizzonte, il colore e i disegni del tessuto che copriva il letto, una macchia che stava nella vôlta della stanza, un piccolo piatto figurato su cui le portavano il bicchiere, tutto, tutto, chiaramente, minutamente.
115-1	12073-12077	Ella	
115-2	12078-12081	non	
115-3	12082-12087	aveva	
115-4	12088-12091	che	
115-5	12092-12096	quel	
115-6	12097-12105	pensiero	
115-7	12105-12106	;	
115-8	12107-12117	rammentava	
115-9	12118-12123	tutte	
115-10	12124-12126	le	
115-11	12127-12133	minime	
115-12	12134-12147	particolarità	
115-13	12148-12150	di	
115-14	12151-12155	quei	
115-15	12156-12162	giorni	
115-16	12162-12163	;	
115-17	12164-12172	rivedeva	
115-18	12173-12184	chiaramente	
115-19	12185-12187	il	
115-20	12188-12193	paese	
115-21	12193-12194	,	
115-22	12195-12197	la	
115-23	12198-12203	forma	
115-24	12204-12206	di	
115-25	12207-12212	certi	
115-26	12213-12219	alberi	
115-27	12220-12223	che	
115-28	12224-12231	stavano	
115-29	12232-12239	dinanzi	
115-30	12240-12244	alla	
115-31	12245-12249	casa	
115-32	12249-12250	,	
115-33	12251-12253	la	
115-34	12254-12259	linea	
115-35	12260-12261	d	
115-36	12261-12262	’	
115-37	12262-12265	una	
115-38	12266-12273	collina	
115-39	12274-12277	che	
115-40	12278-12286	chiudeva	
115-41	12287-12288	l	
115-42	12288-12289	’	
115-43	12289-12298	orizzonte	
115-44	12298-12299	,	
115-45	12300-12302	il	
115-46	12303-12309	colore	
115-47	12310-12311	e	
115-48	12312-12313	i	
115-49	12314-12321	disegni	
115-50	12322-12325	del	
115-51	12326-12333	tessuto	
115-52	12334-12337	che	
115-53	12338-12345	copriva	
115-54	12346-12348	il	
115-55	12349-12354	letto	
115-56	12354-12355	,	
115-57	12356-12359	una	
115-58	12360-12367	macchia	
115-59	12368-12371	che	
115-60	12372-12377	stava	
115-61	12378-12383	nella	
115-62	12384-12389	vôlta	
115-63	12390-12395	della	
115-64	12396-12402	stanza	
115-65	12402-12403	,	
115-66	12404-12406	un	
115-67	12407-12414	piccolo	
115-68	12415-12421	piatto	
115-69	12422-12430	figurato	
115-70	12431-12433	su	
115-71	12434-12437	cui	
115-72	12438-12440	le	
115-73	12441-12450	portavano	
115-74	12451-12453	il	
115-75	12454-12463	bicchiere	
115-76	12463-12464	,	
115-77	12465-12470	tutto	
115-78	12470-12471	,	
115-79	12472-12477	tutto	
115-80	12477-12478	,	
115-81	12479-12490	chiaramente	
115-82	12490-12491	,	
115-83	12492-12503	minutamente	
115-84	12503-12504	.	

#Text=Ad ogni momento il fantasma di quelle cose lontane le sorgeva nella memoria, così, senza ordine, senza legame, come nei sogni.
116-1	12505-12507	Ad	
116-2	12508-12512	ogni	
116-3	12513-12520	momento	
116-4	12521-12523	il	
116-5	12524-12532	fantasma	
116-6	12533-12535	di	
116-7	12536-12542	quelle	
116-8	12543-12547	cose	
116-9	12548-12555	lontane	
116-10	12556-12558	le	
116-11	12559-12566	sorgeva	
116-12	12567-12572	nella	
116-13	12573-12580	memoria	
116-14	12580-12581	,	
116-15	12582-12586	così	
116-16	12586-12587	,	
116-17	12588-12593	senza	
116-18	12594-12600	ordine	
116-19	12600-12601	,	
116-20	12602-12607	senza	
116-21	12608-12614	legame	
116-22	12614-12615	,	
116-23	12616-12620	come	
116-24	12621-12624	nei	
116-25	12625-12630	sogni	
116-26	12630-12631	.	

#Text=A volte ella ne rimaneva quasi stupita.
117-1	12632-12633	A	
117-2	12634-12639	volte	
117-3	12640-12644	ella	
117-4	12645-12647	ne	
117-5	12648-12656	rimaneva	
117-6	12657-12662	quasi	
117-7	12663-12670	stupita	
117-8	12670-12671	.	

#Text=Le tornavano dinanzi, precisi e viventi, i volti di certe persone vedute laggiù, i loro moti, un loro gesto insignificante, una loro attitudine, un loro sguardo.
118-1	12672-12674	Le	
118-2	12675-12684	tornavano	
118-3	12685-12692	dinanzi	
118-4	12692-12693	,	
118-5	12694-12701	precisi	
118-6	12702-12703	e	
118-7	12704-12711	viventi	
118-8	12711-12712	,	
118-9	12713-12714	i	
118-10	12715-12720	volti	
118-11	12721-12723	di	
118-12	12724-12729	certe	
118-13	12730-12737	persone	
118-14	12738-12744	vedute	
118-15	12745-12751	laggiù	
118-16	12751-12752	,	
118-17	12753-12754	i	
118-18	12755-12759	loro	
118-19	12760-12764	moti	
118-20	12764-12765	,	
118-21	12766-12768	un	
118-22	12769-12773	loro	
118-23	12774-12779	gesto	
118-24	12780-12794	insignificante	
118-25	12794-12795	,	
118-26	12796-12799	una	
118-27	12800-12804	loro	
118-28	12805-12815	attitudine	
118-29	12815-12816	,	
118-30	12817-12819	un	
118-31	12820-12824	loro	
118-32	12825-12832	sguardo	
118-33	12832-12833	.	

#Text=Le pareva di avere nelli orecchi il vagito della creatura, di toccare le mani esilissime, rosee, molli, quelle manine che forse erano la sola parte già tutta formata perfettamente, simile alla miniatura d’una mano d’uomo, con le vene quasi impercettibili, con le falangi segnate di pieghe sottili, con le unghie trasparenti, tenere, appena appena suffuse di viola.
119-1	12834-12836	Le	
119-2	12837-12843	pareva	
119-3	12844-12846	di	
119-4	12847-12852	avere	
119-5	12853-12858	nelli	
119-6	12859-12866	orecchi	
119-7	12867-12869	il	
119-8	12870-12876	vagito	
119-9	12877-12882	della	
119-10	12883-12891	creatura	
119-11	12891-12892	,	
119-12	12893-12895	di	
119-13	12896-12903	toccare	
119-14	12904-12906	le	
119-15	12907-12911	mani	
119-16	12912-12922	esilissime	
119-17	12922-12923	,	
119-18	12924-12929	rosee	
119-19	12929-12930	,	
119-20	12931-12936	molli	
119-21	12936-12937	,	
119-22	12938-12944	quelle	
119-23	12945-12951	manine	
119-24	12952-12955	che	
119-25	12956-12961	forse	
119-26	12962-12967	erano	
119-27	12968-12970	la	
119-28	12971-12975	sola	
119-29	12976-12981	parte	
119-30	12982-12985	già	
119-31	12986-12991	tutta	
119-32	12992-12999	formata	
119-33	13000-13013	perfettamente	
119-34	13013-13014	,	
119-35	13015-13021	simile	
119-36	13022-13026	alla	
119-37	13027-13036	miniatura	
119-38	13037-13038	d	
119-39	13038-13039	’	
119-40	13039-13042	una	
119-41	13043-13047	mano	
119-42	13048-13049	d	
119-43	13049-13050	’	
119-44	13050-13054	uomo	
119-45	13054-13055	,	
119-46	13056-13059	con	
119-47	13060-13062	le	
119-48	13063-13067	vene	
119-49	13068-13073	quasi	
119-50	13074-13088	impercettibili	
119-51	13088-13089	,	
119-52	13090-13093	con	
119-53	13094-13096	le	
119-54	13097-13104	falangi	
119-55	13105-13112	segnate	
119-56	13113-13115	di	
119-57	13116-13122	pieghe	
119-58	13123-13130	sottili	
119-59	13130-13131	,	
119-60	13132-13135	con	
119-61	13136-13138	le	
119-62	13139-13145	unghie	
119-63	13146-13157	trasparenti	
119-64	13157-13158	,	
119-65	13159-13165	tenere	
119-66	13165-13166	,	
119-67	13167-13173	appena	
119-68	13174-13180	appena	
119-69	13181-13188	suffuse	
119-70	13189-13191	di	
119-71	13192-13197	viola	
119-72	13197-13198	.	

#Text=Oh, quelle mani!
120-1	13199-13201	Oh	
120-2	13201-13202	,	
120-3	13203-13209	quelle	
120-4	13210-13214	mani	
120-5	13214-13215	!	

#Text=Con che strano brivido la madre pensava alla loro carezza inconsciente!
121-1	13216-13219	Con	
121-2	13220-13223	che	
121-3	13224-13230	strano	
121-4	13231-13238	brivido	
121-5	13239-13241	la	
121-6	13242-13247	madre	
121-7	13248-13255	pensava	
121-8	13256-13260	alla	
121-9	13261-13265	loro	
121-10	13266-13273	carezza	
121-11	13274-13286	inconsciente	
121-12	13286-13287	!	

#Text=Come ne sentiva l’odore, l’odore singolare che ricorda quello dei colombi nella prima piuma!
122-1	13288-13292	Come	
122-2	13293-13295	ne	
122-3	13296-13303	sentiva	
122-4	13304-13305	l	
122-5	13305-13306	’	
122-6	13306-13311	odore	
122-7	13311-13312	,	
122-8	13313-13314	l	
122-9	13314-13315	’	
122-10	13315-13320	odore	
122-11	13321-13330	singolare	
122-12	13331-13334	che	
122-13	13335-13342	ricorda	
122-14	13343-13349	quello	
122-15	13350-13353	dei	
122-16	13354-13361	colombi	
122-17	13362-13367	nella	
122-18	13368-13373	prima	
122-19	13374-13379	piuma	
122-20	13379-13380	!	

#Text=Così Donna Laura, chiusa in questa specie di mondo interiore che ogni giorno più assumeva le apparenze della vita, passò li anni, molti anni, sino alla vecchiezza.
123-1	13381-13385	Così	
123-2	13386-13391	Donna	
123-3	13392-13397	Laura	
123-4	13397-13398	,	
123-5	13399-13405	chiusa	
123-6	13406-13408	in	
123-7	13409-13415	questa	
123-8	13416-13422	specie	
123-9	13423-13425	di	
123-10	13426-13431	mondo	
123-11	13432-13441	interiore	
123-12	13442-13445	che	
123-13	13446-13450	ogni	
123-14	13451-13457	giorno	
123-15	13458-13461	più	
123-16	13462-13470	assumeva	
123-17	13471-13473	le	
123-18	13474-13483	apparenze	
123-19	13484-13489	della	
123-20	13490-13494	vita	
123-21	13494-13495	,	
123-22	13496-13501	passò	
123-23	13502-13504	li	
123-24	13505-13509	anni	
123-25	13509-13510	,	
123-26	13511-13516	molti	
123-27	13517-13521	anni	
123-28	13521-13522	,	
123-29	13523-13527	sino	
123-30	13528-13532	alla	
123-31	13533-13543	vecchiezza	
123-32	13543-13544	.	

#Text=Tante volte aveva chiesto all’antico amante notizie del figliuolo.
124-1	13545-13550	Tante	
124-2	13551-13556	volte	
124-3	13557-13562	aveva	
124-4	13563-13570	chiesto	
124-5	13571-13574	all	
124-6	13574-13575	’	
124-7	13575-13581	antico	
124-8	13582-13588	amante	
124-9	13589-13596	notizie	
124-10	13597-13600	del	
124-11	13601-13610	figliuolo	
124-12	13610-13611	.	

#Text=Ella avrebbe voluto rivederlo, sapere il suo stato.
125-1	13612-13616	Ella	
125-2	13617-13624	avrebbe	
125-3	13625-13631	voluto	
125-4	13632-13641	rivederlo	
125-5	13641-13642	,	
125-6	13643-13649	sapere	
125-7	13650-13652	il	
125-8	13653-13656	suo	
125-9	13657-13662	stato	
125-10	13662-13663	.	

#Text=‟Ditemi dov’è, almeno.
126-1	13664-13665	‟	
126-2	13665-13671	Ditemi	
126-3	13672-13675	dov	
126-4	13675-13676	’	
126-5	13676-13677	è	
126-6	13677-13678	,	
126-7	13679-13685	almeno	
126-8	13685-13686	.	

#Text=Vi prego.”
127-1	13687-13689	Vi	
127-2	13690-13695	prego	
127-3	13695-13696	.	
127-4	13696-13697	”	

#Text=Il marchese, temendo un’imprudenza, si rifiutava. — Ella non doveva vederlo.
128-1	13698-13700	Il	
128-2	13701-13709	marchese	
128-3	13709-13710	,	
128-4	13711-13718	temendo	
128-5	13719-13721	un	
128-6	13721-13722	’	
128-7	13722-13732	imprudenza	
128-8	13732-13733	,	
128-9	13734-13736	si	
128-10	13737-13746	rifiutava	
128-11	13746-13747	.	
128-12	13748-13749	—	
128-13	13750-13754	Ella	
128-14	13755-13758	non	
128-15	13759-13765	doveva	
128-16	13766-13773	vederlo	
128-17	13773-13774	.	

#Text=Ella non avrebbe saputo contenersi.
129-1	13775-13779	Ella	
129-2	13780-13783	non	
129-3	13784-13791	avrebbe	
129-4	13792-13798	saputo	
129-5	13799-13809	contenersi	
129-6	13809-13810	.	

#Text=Il figlio avrebbe indovinato tutto; si sarebbe valso del segreto per i suoi fini; avrebbe forse rivelato ogni cosa....
130-1	13811-13813	Il	
130-2	13814-13820	figlio	
130-3	13821-13828	avrebbe	
130-4	13829-13839	indovinato	
130-5	13840-13845	tutto	
130-6	13845-13846	;	
130-7	13847-13849	si	
130-8	13850-13857	sarebbe	
130-9	13858-13863	valso	
130-10	13864-13867	del	
130-11	13868-13875	segreto	
130-12	13876-13879	per	
130-13	13880-13881	i	
130-14	13882-13886	suoi	
130-15	13887-13891	fini	
130-16	13891-13892	;	
130-17	13893-13900	avrebbe	
130-18	13901-13906	forse	
130-19	13907-13915	rivelato	
130-20	13916-13920	ogni	
130-21	13921-13925	cosa	
130-22	13925-13926	.	
130-23	13926-13927	.	
130-24	13927-13928	.	
130-25	13928-13929	.	

#Text=No, no, ella non doveva vederlo.
131-1	13930-13932	No	
131-2	13932-13933	,	
131-3	13934-13936	no	
131-4	13936-13937	,	
131-5	13938-13942	ella	
131-6	13943-13946	non	
131-7	13947-13953	doveva	
131-8	13954-13961	vederlo	
131-9	13961-13962	.	

#Text=Donna Laura, dinanzi a queste argomentazioni d’uomo pratico, rimaneva smarrita.
132-1	13963-13968	Donna	
132-2	13969-13974	Laura	
132-3	13974-13975	,	
132-4	13976-13983	dinanzi	
132-5	13984-13985	a	
132-6	13986-13992	queste	
132-7	13993-14007	argomentazioni	
132-8	14008-14009	d	
132-9	14009-14010	’	
132-10	14010-14014	uomo	
132-11	14015-14022	pratico	
132-12	14022-14023	,	
132-13	14024-14032	rimaneva	
132-14	14033-14041	smarrita	
132-15	14041-14042	.	

#Text=Ella non sapeva imaginarsi che la sua creatura fosse cresciuta, fosse già adulta, fosse già presso al limitare della vecchiaia.
133-1	14043-14047	Ella	
133-2	14048-14051	non	
133-3	14052-14058	sapeva	
133-4	14059-14069	imaginarsi	
133-5	14070-14073	che	
133-6	14074-14076	la	
133-7	14077-14080	sua	
133-8	14081-14089	creatura	
133-9	14090-14095	fosse	
133-10	14096-14105	cresciuta	
133-11	14105-14106	,	
133-12	14107-14112	fosse	
133-13	14113-14116	già	
133-14	14117-14123	adulta	
133-15	14123-14124	,	
133-16	14125-14130	fosse	
133-17	14131-14134	già	
133-18	14135-14141	presso	
133-19	14142-14144	al	
133-20	14145-14153	limitare	
133-21	14154-14159	della	
133-22	14160-14169	vecchiaia	
133-23	14169-14170	.	

#Text=Oramai erano passati circa quarant’anni dal giorno della nascita; eppure ella nel suo pensiero non vedeva che un bambino, roseo, con li occhi ancora chiusi.
134-1	14171-14177	Oramai	
134-2	14178-14183	erano	
134-3	14184-14191	passati	
134-4	14192-14197	circa	
134-5	14198-14205	quarant	
134-6	14205-14206	’	
134-7	14206-14210	anni	
134-8	14211-14214	dal	
134-9	14215-14221	giorno	
134-10	14222-14227	della	
134-11	14228-14235	nascita	
134-12	14235-14236	;	
134-13	14237-14243	eppure	
134-14	14244-14248	ella	
134-15	14249-14252	nel	
134-16	14253-14256	suo	
134-17	14257-14265	pensiero	
134-18	14266-14269	non	
134-19	14270-14276	vedeva	
134-20	14277-14280	che	
134-21	14281-14283	un	
134-22	14284-14291	bambino	
134-23	14291-14292	,	
134-24	14293-14298	roseo	
134-25	14298-14299	,	
134-26	14300-14303	con	
134-27	14304-14306	li	
134-28	14307-14312	occhi	
134-29	14313-14319	ancora	
134-30	14320-14326	chiusi	
134-31	14326-14327	.	

#Text=Ma il marchese di Fontanella venne a morire.
135-1	14328-14330	Ma	
135-2	14331-14333	il	
135-3	14334-14342	marchese	
135-4	14343-14345	di	
135-5	14346-14356	Fontanella	
135-6	14357-14362	venne	
135-7	14363-14364	a	
135-8	14365-14371	morire	
135-9	14371-14372	.	
