#FORMAT=WebAnno TSV 3.3
#T_SP=custom.Span|label
#T_RL=custom.Relation|label|BT_custom.Span


#Text=CHAPITRE IX.
1-1	1-9	CHAPITRE	_	_	_	
1-2	10-12	IX	_	_	_	
1-3	12-13	.	_	_	_	

#Text=Où est raporté comme Louis fut conduit en un lieu delicieux, où il vit la Gloire des Bienheureux, & ce qui se passa en leur compagnie.
2-1	15-17	Où	_	_	_	
2-2	18-21	est	_	_	_	
2-3	22-29	raporté	_	_	_	
2-4	30-35	comme	_	_	_	
2-5	36-41	Louis	_	_	_	
2-6	42-45	fut	_	_	_	
2-7	46-53	conduit	_	_	_	
2-8	54-56	en	_	_	_	
2-9	57-59	un	_	_	_	
2-10	60-64	lieu	_	_	_	
2-11	65-74	delicieux	_	_	_	
2-12	74-75	,	_	_	_	
2-13	76-78	où	_	_	_	
2-14	79-81	il	_	_	_	
2-15	82-85	vit	_	_	_	
2-16	86-88	la	_	_	_	
2-17	89-95	Gloire	_	_	_	
2-18	96-99	des	_	_	_	
2-19	100-111	Bienheureux	_	_	_	
2-20	111-112	,	_	_	_	
2-21	113-114	&	_	_	_	
2-22	115-117	ce	_	_	_	
2-23	118-121	qui	_	_	_	
2-24	122-124	se	_	_	_	
2-25	125-130	passa	_	_	_	
2-26	131-133	en	_	_	_	
2-27	134-138	leur	_	_	_	
2-28	139-148	compagnie	_	_	_	
2-29	148-149	.	_	_	_	

#Text=Des lors que par la misericordieuse bonté de Dieu, j'eûs évité ce péril, mes ennemis n'eûrent plus aucun pouvoir de me nuire, & soudain je me trouvai en une si belle Vallée, que sa beauté me confioit d'y faire ma demeure, & goûter à longs traits des contentemens si purs.
3-1	151-154	Des	_	_	_	
3-2	155-159	lors	_	_	_	
3-3	160-163	que	_	_	_	
3-4	164-167	par	_	_	_	
3-5	168-170	la	_	_	_	
3-6	171-186	misericordieuse	_	_	_	
3-7	187-192	bonté	_	_	_	
3-8	193-195	de	_	_	_	
3-9	196-200	Dieu	_	_	_	
3-10	200-201	,	_	_	_	
3-11	202-207	j'eûs	_	_	_	
3-12	208-213	évité	_	_	_	
3-13	214-216	ce	_	_	_	
3-14	217-222	péril	_	_	_	
3-15	222-223	,	_	_	_	
3-16	224-227	mes	_	_	_	
3-17	228-235	ennemis	_	_	_	
3-18	236-244	n'eûrent	_	_	_	
3-19	245-249	plus	_	_	_	
3-20	250-255	aucun	_	_	_	
3-21	256-263	pouvoir	_	_	_	
3-22	264-266	de	_	_	_	
3-23	267-269	me	_	_	_	
3-24	270-275	nuire	_	_	_	
3-25	275-276	,	_	_	_	
3-26	277-278	&	_	_	_	
3-27	279-286	soudain	_	_	_	
3-28	287-289	je	_	_	_	
3-29	290-292	me	_	_	_	
3-30	293-300	trouvai	_	_	_	
3-31	301-303	en	_	_	_	
3-32	304-307	une	_	_	_	
3-33	308-310	si	_	_	_	
3-34	311-316	belle	_	_	_	
3-35	317-323	Vallée	Location	_	_	
3-36	323-324	,	_	_	_	
3-37	325-328	que	_	_	_	
3-38	329-331	sa	_	_	_	
3-39	332-338	beauté	_	_	_	
3-40	339-341	me	_	_	_	
3-41	342-350	confioit	_	_	_	
3-42	351-354	d'y	_	_	_	
3-43	355-360	faire	_	_	_	
3-44	361-363	ma	_	_	_	
3-45	364-371	demeure	_	_	_	
3-46	371-372	,	_	_	_	
3-47	373-374	&	_	_	_	
3-48	375-381	goûter	_	_	_	
3-49	382-383	à	_	_	_	
3-50	384-389	longs	_	_	_	
3-51	390-396	traits	_	_	_	
3-52	397-400	des	_	_	_	
3-53	401-413	contentemens	_	_	_	
3-54	414-416	si	_	_	_	
3-55	417-421	purs	_	_	_	
3-56	421-422	.	_	_	_	

#Text=Mais comme je desirois bien de contempler tout à mon aise, le séjour & la demeure des Bienheureux Saints, ainsi que j'avois été spectateur des suplices des malheureux, selon que l'on m'avoit prédit en entrant: je ne m'arrêtai en ce lieu qu'autant qu'il me fut nécessaire pour reprendre un peu haleine & me délasser des travaux, que  j'avois endurez dans ce voyage.
4-1	423-427	Mais	_	_	_	
4-2	428-433	comme	_	_	_	
4-3	434-436	je	_	_	_	
4-4	437-445	desirois	_	_	_	
4-5	446-450	bien	_	_	_	
4-6	451-453	de	_	_	_	
4-7	454-464	contempler	_	_	_	
4-8	465-469	tout	_	_	_	
4-9	470-471	à	_	_	_	
4-10	472-475	mon	_	_	_	
4-11	476-480	aise	_	_	_	
4-12	480-481	,	_	_	_	
4-13	482-484	le	_	_	_	
4-14	485-491	séjour	_	_	_	
4-15	492-493	&	_	_	_	
4-16	494-496	la	_	_	_	
4-17	497-504	demeure	_	_	_	
4-18	505-508	des	_	_	_	
4-19	509-520	Bienheureux	_	_	_	
4-20	521-527	Saints	_	_	_	
4-21	527-528	,	_	_	_	
4-22	529-534	ainsi	_	_	_	
4-23	535-538	que	_	_	_	
4-24	539-546	j'avois	_	_	_	
4-25	547-550	été	_	_	_	
4-26	551-561	spectateur	_	_	_	
4-27	562-565	des	_	_	_	
4-28	566-574	suplices	_	_	_	
4-29	575-578	des	_	_	_	
4-30	579-589	malheureux	_	_	_	
4-31	589-590	,	_	_	_	
4-32	591-596	selon	_	_	_	
4-33	597-600	que	_	_	_	
4-34	601-605	l'on	_	_	_	
4-35	606-613	m'avoit	_	_	_	
4-36	614-620	prédit	_	_	_	
4-37	621-623	en	_	_	_	
4-38	624-631	entrant	_	_	_	
4-39	631-632	:	_	_	_	
4-40	633-635	je	_	_	_	
4-41	636-638	ne	_	_	_	
4-42	639-648	m'arrêtai	_	_	_	
4-43	649-651	en	_	_	_	
4-44	652-654	ce	_	_	_	
4-45	655-659	lieu	_	_	_	
4-46	660-669	qu'autant	_	_	_	
4-47	670-675	qu'il	_	_	_	
4-48	676-678	me	_	_	_	
4-49	679-682	fut	_	_	_	
4-50	683-693	nécessaire	_	_	_	
4-51	694-698	pour	_	_	_	
4-52	699-708	reprendre	_	_	_	
4-53	709-711	un	_	_	_	
4-54	712-715	peu	_	_	_	
4-55	716-723	haleine	_	_	_	
4-56	724-725	&	_	_	_	
4-57	726-728	me	_	_	_	
4-58	729-737	délasser	_	_	_	
4-59	738-741	des	_	_	_	
4-60	742-749	travaux	_	_	_	
4-61	749-750	,	_	_	_	
4-62	751-754	que	_	_	_	
4-63	756-763	j'avois	_	_	_	
4-64	764-771	endurez	_	_	_	
4-65	772-776	dans	_	_	_	
4-66	777-779	ce	_	_	_	
4-67	780-786	voyage	_	_	_	
4-68	786-787	.	_	_	_	

#Text=Voyant donc une petite fente vers la main droite, enjolivée de part & d'autre, de roses & de Jasemins, je pris ma route par cet endroit, contenant mes sens de tant de beauté, mes yeux & mon odorat de la couleur & de l'odeur des roses, dont les feüilles tomboient à terre, ionchoient & parfumoient le chemin de leur douceur & de leur beauté, & mes oreilles du doux gazoüillement que faisoient les ondes argentines, la quantité des petits ruisseaux qui couloient le long de ce sentier.
5-1	788-794	Voyant	_	_	_	
5-2	795-799	donc	_	_	_	
5-3	800-803	une	_	_	_	
5-4	804-810	petite	_	_	_	
5-5	811-816	fente	_	_	_	
5-6	817-821	vers	_	_	_	
5-7	822-824	la	_	_	_	
5-8	825-829	main	_	_	_	
5-9	830-836	droite	_	_	_	
5-10	836-837	,	_	_	_	
5-11	838-847	enjolivée	_	_	_	
5-12	848-850	de	_	_	_	
5-13	851-855	part	_	_	_	
5-14	856-857	&	_	_	_	
5-15	858-865	d'autre	_	_	_	
5-16	865-866	,	_	_	_	
5-17	867-869	de	_	_	_	
5-18	870-875	roses	Smell\_Source	_	_	
5-19	876-877	&	_	_	_	
5-20	878-880	de	_	_	_	
5-21	881-889	Jasemins	Smell\_Source	_	_	
5-22	889-890	,	_	_	_	
5-23	891-893	je	_	_	_	
5-24	894-898	pris	_	_	_	
5-25	899-901	ma	_	_	_	
5-26	902-907	route	_	_	_	
5-27	908-911	par	_	_	_	
5-28	912-915	cet	_	_	_	
5-29	916-923	endroit	_	_	_	
5-30	923-924	,	_	_	_	
5-31	925-934	contenant	_	_	_	
5-32	935-938	mes	_	_	_	
5-33	939-943	sens	_	_	_	
5-34	944-946	de	_	_	_	
5-35	947-951	tant	_	_	_	
5-36	952-954	de	_	_	_	
5-37	955-961	beauté	_	_	_	
5-38	961-962	,	_	_	_	
5-39	963-966	mes	_	_	_	
5-40	967-971	yeux	_	_	_	
5-41	972-973	&	_	_	_	
5-42	974-977	mon	_	_	_	
5-43	978-984	odorat	Smell\_Word	*|*	5-18|5-21	
5-44	985-987	de	_	_	_	
5-45	988-990	la	_	_	_	
5-46	991-998	couleur	_	_	_	
5-47	999-1000	&	_	_	_	
5-48	1001-1003	de	_	_	_	
5-49	1004-1011	l'odeur	Smell\_Word	*|*	5-51|3-35	
5-50	1012-1015	des	_	_	_	
5-51	1016-1021	roses	Smell\_Source	_	_	
5-52	1021-1022	,	_	_	_	
5-53	1023-1027	dont	_	_	_	
5-54	1028-1031	les	_	_	_	
5-55	1032-1040	feüilles	_	_	_	
5-56	1041-1050	tomboient	_	_	_	
5-57	1051-1052	à	_	_	_	
5-58	1053-1058	terre	_	_	_	
5-59	1058-1059	,	_	_	_	
5-60	1060-1070	ionchoient	_	_	_	
5-61	1071-1072	&	_	_	_	
5-62	1073-1084	parfumoient	_	_	_	
5-63	1085-1087	le	_	_	_	
5-64	1088-1094	chemin	_	_	_	
5-65	1095-1097	de	_	_	_	
5-66	1098-1102	leur	_	_	_	
5-67	1103-1110	douceur	_	_	_	
5-68	1111-1112	&	_	_	_	
5-69	1113-1115	de	_	_	_	
5-70	1116-1120	leur	_	_	_	
5-71	1121-1127	beauté	_	_	_	
5-72	1127-1128	,	_	_	_	
5-73	1129-1130	&	_	_	_	
5-74	1131-1134	mes	_	_	_	
5-75	1135-1143	oreilles	_	_	_	
5-76	1144-1146	du	_	_	_	
5-77	1147-1151	doux	_	_	_	
5-78	1152-1165	gazoüillement	_	_	_	
5-79	1166-1169	que	_	_	_	
5-80	1170-1179	faisoient	_	_	_	
5-81	1180-1183	les	_	_	_	
5-82	1184-1189	ondes	_	_	_	
5-83	1190-1200	argentines	_	_	_	
5-84	1200-1201	,	_	_	_	
5-85	1202-1204	la	_	_	_	
5-86	1205-1213	quantité	_	_	_	
5-87	1214-1217	des	_	_	_	
5-88	1218-1224	petits	_	_	_	
5-89	1225-1234	ruisseaux	_	_	_	
5-90	1235-1238	qui	_	_	_	
5-91	1239-1248	couloient	_	_	_	
5-92	1249-1251	le	_	_	_	
5-93	1252-1256	long	_	_	_	
5-94	1257-1259	de	_	_	_	
5-95	1260-1262	ce	_	_	_	
5-96	1263-1270	sentier	_	_	_	
5-97	1270-1271	.	_	_	_	

#Text=Je cheminai long tems par cette voïe délicieuse, d'où je passai en un champ spaciéux, rempli de beaux vergers, de jardins agréables enrichi de claires fontaines, baties de marbres & jaspe, & enrichis de quantité de figures d'argent richement travaillées.
6-1	1272-1274	Je	_	_	_	
6-2	1275-1283	cheminai	_	_	_	
6-3	1284-1288	long	_	_	_	
6-4	1289-1293	tems	_	_	_	
6-5	1294-1297	par	_	_	_	
6-6	1298-1303	cette	_	_	_	
6-7	1304-1308	voïe	_	_	_	
6-8	1309-1319	délicieuse	_	_	_	
6-9	1319-1320	,	_	_	_	
6-10	1321-1325	d'où	_	_	_	
6-11	1326-1328	je	_	_	_	
6-12	1329-1335	passai	_	_	_	
6-13	1336-1338	en	_	_	_	
6-14	1339-1341	un	_	_	_	
6-15	1342-1347	champ	_	_	_	
6-16	1348-1356	spaciéux	_	_	_	
6-17	1356-1357	,	_	_	_	
6-18	1358-1364	rempli	_	_	_	
6-19	1365-1367	de	_	_	_	
6-20	1368-1373	beaux	_	_	_	
6-21	1374-1381	vergers	_	_	_	
6-22	1381-1382	,	_	_	_	
6-23	1383-1385	de	_	_	_	
6-24	1386-1393	jardins	_	_	_	
6-25	1394-1403	agréables	_	_	_	
6-26	1404-1411	enrichi	_	_	_	
6-27	1412-1414	de	_	_	_	
6-28	1415-1422	claires	_	_	_	
6-29	1423-1432	fontaines	_	_	_	
6-30	1432-1433	,	_	_	_	
6-31	1434-1440	baties	_	_	_	
6-32	1441-1443	de	_	_	_	
6-33	1444-1451	marbres	_	_	_	
6-34	1452-1453	&	_	_	_	
6-35	1454-1459	jaspe	_	_	_	
6-36	1459-1460	,	_	_	_	
6-37	1461-1462	&	_	_	_	
6-38	1463-1471	enrichis	_	_	_	
6-39	1472-1474	de	_	_	_	
6-40	1475-1483	quantité	_	_	_	
6-41	1484-1486	de	_	_	_	
6-42	1487-1494	figures	_	_	_	
6-43	1495-1503	d'argent	_	_	_	
6-44	1504-1513	richement	_	_	_	
6-45	1514-1525	travaillées	_	_	_	
6-46	1525-1526	.	_	_	_	

#Text=En chaque jardin il y avoit des parterres, dont la broderie étoit des chiffres artificiellement composez; le Romain saisoit l'office des lettres qui annonçoient ce qu'il y avoit de mysterieux dans chacune des fleurs.
7-1	1527-1529	En	_	_	_	
7-2	1530-1536	chaque	_	_	_	
7-3	1537-1543	jardin	_	_	_	
7-4	1544-1546	il	_	_	_	
7-5	1547-1548	y	_	_	_	
7-6	1549-1554	avoit	_	_	_	
7-7	1555-1558	des	_	_	_	
7-8	1559-1568	parterres	_	_	_	
7-9	1568-1569	,	_	_	_	
7-10	1570-1574	dont	_	_	_	
7-11	1575-1577	la	_	_	_	
7-12	1578-1586	broderie	_	_	_	
7-13	1587-1592	étoit	_	_	_	
7-14	1593-1596	des	_	_	_	
7-15	1597-1605	chiffres	_	_	_	
7-16	1606-1622	artificiellement	_	_	_	
7-17	1623-1631	composez	_	_	_	
7-18	1631-1632	;	_	_	_	
7-19	1633-1635	le	_	_	_	
7-20	1636-1642	Romain	_	_	_	
7-21	1643-1650	saisoit	_	_	_	
7-22	1651-1659	l'office	_	_	_	
7-23	1660-1663	des	_	_	_	
7-24	1664-1671	lettres	_	_	_	
7-25	1672-1675	qui	_	_	_	
7-26	1676-1687	annonçoient	_	_	_	
7-27	1688-1690	ce	_	_	_	
7-28	1691-1696	qu'il	_	_	_	
7-29	1697-1698	y	_	_	_	
7-30	1699-1704	avoit	_	_	_	
7-31	1705-1707	de	_	_	_	
7-32	1708-1718	mysterieux	_	_	_	
7-33	1719-1723	dans	_	_	_	
7-34	1724-1731	chacune	_	_	_	
7-35	1732-1735	des	_	_	_	
7-36	1736-1742	fleurs	_	_	_	
7-37	1742-1743	.	_	_	_	

#Text=Au coin de chaque carré il y avoit une belle fontaine, dont les canaux, au lieu de monter droit en haut, se divisoient par un artifice ingenieux, & se ramassoient pour rejoindre toutes les eaux ensemble dans un grand baffin de bronze doré, qui sortant par de petits soûpiraux de même maniere, arrosant les pots d'œillets & les autres plantes qui y étoient de toutes parts.
8-1	1744-1746	Au	_	_	_	
8-2	1747-1751	coin	_	_	_	
8-3	1752-1754	de	_	_	_	
8-4	1755-1761	chaque	_	_	_	
8-5	1762-1767	carré	_	_	_	
8-6	1768-1770	il	_	_	_	
8-7	1771-1772	y	_	_	_	
8-8	1773-1778	avoit	_	_	_	
8-9	1779-1782	une	_	_	_	
8-10	1783-1788	belle	_	_	_	
8-11	1789-1797	fontaine	_	_	_	
8-12	1797-1798	,	_	_	_	
8-13	1799-1803	dont	_	_	_	
8-14	1804-1807	les	_	_	_	
8-15	1808-1814	canaux	_	_	_	
8-16	1814-1815	,	_	_	_	
8-17	1816-1818	au	_	_	_	
8-18	1819-1823	lieu	_	_	_	
8-19	1824-1826	de	_	_	_	
8-20	1827-1833	monter	_	_	_	
8-21	1834-1839	droit	_	_	_	
8-22	1840-1842	en	_	_	_	
8-23	1843-1847	haut	_	_	_	
8-24	1847-1848	,	_	_	_	
8-25	1849-1851	se	_	_	_	
8-26	1852-1862	divisoient	_	_	_	
8-27	1863-1866	par	_	_	_	
8-28	1867-1869	un	_	_	_	
8-29	1870-1878	artifice	_	_	_	
8-30	1879-1888	ingenieux	_	_	_	
8-31	1888-1889	,	_	_	_	
8-32	1890-1891	&	_	_	_	
8-33	1892-1894	se	_	_	_	
8-34	1895-1906	ramassoient	_	_	_	
8-35	1907-1911	pour	_	_	_	
8-36	1912-1921	rejoindre	_	_	_	
8-37	1922-1928	toutes	_	_	_	
8-38	1929-1932	les	_	_	_	
8-39	1933-1937	eaux	_	_	_	
8-40	1938-1946	ensemble	_	_	_	
8-41	1947-1951	dans	_	_	_	
8-42	1952-1954	un	_	_	_	
8-43	1955-1960	grand	_	_	_	
8-44	1961-1967	baffin	_	_	_	
8-45	1968-1970	de	_	_	_	
8-46	1971-1977	bronze	_	_	_	
8-47	1978-1982	doré	_	_	_	
8-48	1982-1983	,	_	_	_	
8-49	1984-1987	qui	_	_	_	
8-50	1988-1995	sortant	_	_	_	
8-51	1996-1999	par	_	_	_	
8-52	2000-2002	de	_	_	_	
8-53	2003-2009	petits	_	_	_	
8-54	2010-2019	soûpiraux	_	_	_	
8-55	2020-2022	de	_	_	_	
8-56	2023-2027	même	_	_	_	
8-57	2028-2035	maniere	_	_	_	
8-58	2035-2036	,	_	_	_	
8-59	2037-2045	arrosant	_	_	_	
8-60	2046-2049	les	_	_	_	
8-61	2050-2054	pots	_	_	_	
8-62	2055-2064	d'œillets	_	_	_	
8-63	2065-2066	&	_	_	_	
8-64	2067-2070	les	_	_	_	
8-65	2071-2077	autres	_	_	_	
8-66	2078-2085	plantes	_	_	_	
8-67	2086-2089	qui	_	_	_	
8-68	2090-2091	y	_	_	_	
8-69	2092-2099	étoient	_	_	_	
8-70	2100-2102	de	_	_	_	
8-71	2103-2109	toutes	_	_	_	
8-72	2110-2115	parts	_	_	_	
8-73	2115-2116	.	_	_	_	

#Text=D'un côté il y avoit de longues allées couvertes d'arbres fruitiers, chargez d'une si grande abondance de fruits que la puissante charge de leurs poids affoiblissoit les branches; ensorte qu'elles panchoient presque jusqu'a terre.
9-1	2117-2121	D'un	_	_	_	
9-2	2122-2126	côté	_	_	_	
9-3	2127-2129	il	_	_	_	
9-4	2130-2131	y	_	_	_	
9-5	2132-2137	avoit	_	_	_	
9-6	2138-2140	de	_	_	_	
9-7	2141-2148	longues	_	_	_	
9-8	2149-2155	allées	_	_	_	
9-9	2156-2165	couvertes	_	_	_	
9-10	2166-2174	d'arbres	_	_	_	
9-11	2175-2184	fruitiers	_	_	_	
9-12	2184-2185	,	_	_	_	
9-13	2186-2193	chargez	_	_	_	
9-14	2194-2199	d'une	_	_	_	
9-15	2200-2202	si	_	_	_	
9-16	2203-2209	grande	_	_	_	
9-17	2210-2219	abondance	_	_	_	
9-18	2220-2222	de	_	_	_	
9-19	2223-2229	fruits	_	_	_	
9-20	2230-2233	que	_	_	_	
9-21	2234-2236	la	_	_	_	
9-22	2237-2246	puissante	_	_	_	
9-23	2247-2253	charge	_	_	_	
9-24	2254-2256	de	_	_	_	
9-25	2257-2262	leurs	_	_	_	
9-26	2263-2268	poids	_	_	_	
9-27	2269-2282	affoiblissoit	_	_	_	
9-28	2283-2286	les	_	_	_	
9-29	2287-2295	branches	_	_	_	
9-30	2295-2296	;	_	_	_	
9-31	2297-2304	ensorte	_	_	_	
9-32	2305-2313	qu'elles	_	_	_	
9-33	2314-2324	panchoient	_	_	_	
9-34	2325-2332	presque	_	_	_	
9-35	2333-2340	jusqu'a	_	_	_	
9-36	2341-2346	terre	_	_	_	
9-37	2346-2347	.	_	_	_	

#Text=De l'autre côté, je voyois quantité de Vases d'or & d'argent émaillez de pierres précieuses d'un prix inestimable, & toutes remplies de si belles fleurs & si odoriferentes, qu'elle embaumoient ce lieu de volupté.
10-1	2348-2350	De	_	_	_	
10-2	2351-2358	l'autre	_	_	_	
10-3	2359-2363	côté	_	_	_	
10-4	2363-2364	,	_	_	_	
10-5	2365-2367	je	_	_	_	
10-6	2368-2374	voyois	_	_	_	
10-7	2375-2383	quantité	_	_	_	
10-8	2384-2386	de	_	_	_	
10-9	2387-2392	Vases	_	_	_	
10-10	2393-2397	d'or	_	_	_	
10-11	2398-2399	&	_	_	_	
10-12	2400-2408	d'argent	_	_	_	
10-13	2409-2417	émaillez	_	_	_	
10-14	2418-2420	de	_	_	_	
10-15	2421-2428	pierres	_	_	_	
10-16	2429-2439	précieuses	_	_	_	
10-17	2440-2444	d'un	_	_	_	
10-18	2445-2449	prix	_	_	_	
10-19	2450-2461	inestimable	_	_	_	
10-20	2461-2462	,	_	_	_	
10-21	2463-2464	&	_	_	_	
10-22	2465-2471	toutes	_	_	_	
10-23	2472-2480	remplies	_	_	_	
10-24	2481-2483	de	_	_	_	
10-25	2484-2486	si	_	_	_	
10-26	2487-2493	belles	_	_	_	
10-27	2494-2500	fleurs	Smell\_Source	_	_	
10-28	2501-2502	&	_	_	_	
10-29	2503-2505	si	_	_	_	
10-30	2506-2519	odoriferentes	Smell\_Word	*	10-27	
10-31	2519-2520	,	_	_	_	
10-32	2521-2528	qu'elle	_	_	_	
10-33	2529-2540	embaumoient	_	_	_	
10-34	2541-2543	ce	_	_	_	
10-35	2544-2548	lieu	_	_	_	
10-36	2549-2551	de	_	_	_	
10-37	2552-2559	volupté	_	_	_	
10-38	2559-2560	.	_	_	_	
