#FORMAT=WebAnno TSV 3.3
#T_SP=custom.Span|label
#T_RL=custom.Relation|label|BT_custom.Span


#Text=Voici Osaka avec ses ponts et, au fond, l'ancien château impérial
#Text=péennes.
1-1	0-5	Voici	_	_	_	
1-2	6-11	Osaka	_	_	_	
1-3	12-16	avec	_	_	_	
1-4	17-20	ses	_	_	_	
1-5	21-26	ponts	_	_	_	
1-6	27-29	et	_	_	_	
1-7	29-30	,	_	_	_	
1-8	31-33	au	_	_	_	
1-9	34-38	fond	_	_	_	
1-10	38-39	,	_	_	_	
1-11	40-48	l'ancien	_	_	_	
1-12	49-56	château	_	_	_	
1-13	57-65	impérial	_	_	_	
1-14	66-73	péennes	_	_	_	
1-15	73-74	.	_	_	_	

#Text=Il surgit alors des métiers
#Text=nocturnes comme le vendeur de
#Text=nouilles (chaudes) qui traîne une
#Text=carriole et qui tire quelques notes
#Text=acides d'une cornette.
2-1	75-77	Il	_	_	_	
2-2	78-84	surgit	_	_	_	
2-3	85-90	alors	_	_	_	
2-4	91-94	des	_	_	_	
2-5	95-102	métiers	_	_	_	
2-6	103-112	nocturnes	_	_	_	
2-7	113-118	comme	_	_	_	
2-8	119-121	le	_	_	_	
2-9	122-129	vendeur	_	_	_	
2-10	130-132	de	_	_	_	
2-11	133-141	nouilles	_	_	_	
2-12	142-143	(	_	_	_	
2-13	143-150	chaudes	_	_	_	
2-14	150-151	)	_	_	_	
2-15	152-155	qui	_	_	_	
2-16	156-162	traîne	_	_	_	
2-17	163-166	une	_	_	_	
2-18	167-175	carriole	_	_	_	
2-19	176-178	et	_	_	_	
2-20	179-182	qui	_	_	_	
2-21	183-187	tire	_	_	_	
2-22	188-196	quelques	_	_	_	
2-23	197-202	notes	_	_	_	
2-24	203-209	acides	_	_	_	
2-25	210-215	d'une	_	_	_	
2-26	216-224	cornette	_	_	_	
2-27	224-225	.	_	_	_	

#Text=A Nagoya,
#Text=on voit, le long des rues, des
#Text=baraques en bois qui répandent une forte
#Text=odeur de fritures.
3-1	226-227	A	_	_	_	
3-2	228-234	Nagoya	Location	_	_	
3-3	234-235	,	_	_	_	
3-4	236-238	on	_	_	_	
3-5	239-243	voit	_	_	_	
3-6	243-244	,	_	_	_	
3-7	245-247	le	_	_	_	
3-8	248-252	long	_	_	_	
3-9	253-256	des	_	_	_	
3-10	257-261	rues	_	_	_	
3-11	261-262	,	_	_	_	
3-12	263-266	des	_	_	_	
3-13	267-275	baraques	Location[1]	_	_	
3-14	276-278	en	Location[1]	_	_	
3-15	279-283	bois	Location[1]	_	_	
3-16	284-287	qui	_	_	_	
3-17	288-297	répandent	_	_	_	
3-18	298-301	une	_	_	_	
3-19	302-307	forte	Quality	_	_	
3-20	308-313	odeur	Smell\_Word	*|*|*|*	3-19|3-22|3-13[1_0]|3-2	
3-21	314-316	de	_	_	_	
3-22	317-325	fritures	Smell\_Source	_	_	
3-23	325-326	.	_	_	_	

#Text=Ce sont de
#Text=minuscules restaurants, grands comme les
#Text=cabanes de nos marchands de marrons.
4-1	327-329	Ce	_	_	_	
4-2	330-334	sont	_	_	_	
4-3	335-337	de	_	_	_	
4-4	338-348	minuscules	_	_	_	
4-5	349-360	restaurants	_	_	_	
4-6	360-361	,	_	_	_	
4-7	362-368	grands	_	_	_	
4-8	369-374	comme	_	_	_	
4-9	375-378	les	_	_	_	
4-10	379-386	cabanes	_	_	_	
4-11	387-389	de	_	_	_	
4-12	390-393	nos	_	_	_	
4-13	394-403	marchands	_	_	_	
4-14	404-406	de	_	_	_	
4-15	407-414	marrons	_	_	_	
4-16	414-415	.	_	_	_	

#Text=Tous ces fragiles édifices ont disparu
#Text=le lendemain matin.
5-1	416-420	Tous	_	_	_	
5-2	421-424	ces	_	_	_	
5-3	425-433	fragiles	_	_	_	
5-4	434-442	édifices	_	_	_	
5-5	443-446	ont	_	_	_	
5-6	447-454	disparu	_	_	_	
5-7	455-457	le	_	_	_	
5-8	458-467	lendemain	_	_	_	
5-9	468-473	matin	_	_	_	
5-10	473-474	.	_	_	_	
