#FORMAT=WebAnno TSV 3.3


#Text=Onde rendere gli stampi di cera, di stearina o di gesso, capaci di condurre la corrente, conviene rivestirli di una sostanza conduttrice, e a questo effetto si può usare e si è usata una foglia d ' oro, benchè di rado con questo metodo si riesca ad avere il rame precipitato uniformemente sopra tutta la superficie.
1-1	0-4	Onde	
1-2	5-12	rendere	
1-3	13-16	gli	
1-4	17-23	stampi	
1-5	24-26	di	
1-6	27-31	cera	
1-7	31-32	,	
1-8	33-35	di	
1-9	36-44	stearina	
1-10	45-46	o	
1-11	47-49	di	
1-12	50-55	gesso	
1-13	55-56	,	
1-14	57-63	capaci	
1-15	64-66	di	
1-16	67-75	condurre	
1-17	76-78	la	
1-18	79-87	corrente	
1-19	87-88	,	
1-20	89-97	conviene	
1-21	98-108	rivestirli	
1-22	109-111	di	
1-23	112-115	una	
1-24	116-124	sostanza	
1-25	125-136	conduttrice	
1-26	136-137	,	
1-27	138-139	e	
1-28	140-141	a	
1-29	142-148	questo	
1-30	149-156	effetto	
1-31	157-159	si	
1-32	160-163	può	
1-33	164-169	usare	
1-34	170-171	e	
1-35	172-174	si	
1-36	175-176	è	
1-37	177-182	usata	
1-38	183-186	una	
1-39	187-193	foglia	
1-40	194-195	d	
1-41	196-197	'	
1-42	198-201	oro	
1-43	201-202	,	
1-44	203-209	benchè	
1-45	210-212	di	
1-46	213-217	rado	
1-47	218-221	con	
1-48	222-228	questo	
1-49	229-235	metodo	
1-50	236-238	si	
1-51	239-245	riesca	
1-52	246-248	ad	
1-53	249-254	avere	
1-54	255-257	il	
1-55	258-262	rame	
1-56	263-274	precipitato	
1-57	275-288	uniformemente	
1-58	289-294	sopra	
1-59	295-300	tutta	
1-60	301-303	la	
1-61	304-314	superficie	
1-62	314-315	.	

#Text=La sostanza che meglio di ogni altra si applica a questo fine è la piombagine, conosciuta in commercio sotto il nome di grafite, la quale, come i chimici l ' hanno recentemente dimostrato, non è altro che carbonio puro in un certo stato molecolare.
2-1	316-318	La	
2-2	319-327	sostanza	
2-3	328-331	che	
2-4	332-338	meglio	
2-5	339-341	di	
2-6	342-346	ogni	
2-7	347-352	altra	
2-8	353-355	si	
2-9	356-363	applica	
2-10	364-365	a	
2-11	366-372	questo	
2-12	373-377	fine	
2-13	378-379	è	
2-14	380-382	la	
2-15	383-393	piombagine	
2-16	393-394	,	
2-17	395-405	conosciuta	
2-18	406-408	in	
2-19	409-418	commercio	
2-20	419-424	sotto	
2-21	425-427	il	
2-22	428-432	nome	
2-23	433-435	di	
2-24	436-443	grafite	
2-25	443-444	,	
2-26	445-447	la	
2-27	448-453	quale	
2-28	453-454	,	
2-29	455-459	come	
2-30	460-461	i	
2-31	462-469	chimici	
2-32	470-471	l	
2-33	472-473	'	
2-34	474-479	hanno	
2-35	480-492	recentemente	
2-36	493-503	dimostrato	
2-37	503-504	,	
2-38	505-508	non	
2-39	509-510	è	
2-40	511-516	altro	
2-41	517-520	che	
2-42	521-529	carbonio	
2-43	530-534	puro	
2-44	535-537	in	
2-45	538-540	un	
2-46	541-546	certo	
2-47	547-552	stato	
2-48	553-563	molecolare	
2-49	563-564	.	

#Text=Si distende la piombagine minutamente polverizzata per mezzo di un pennello, e si ha cura di persistere nell ' operazione sin che si vede che tutto lo stampo ha preso il color lucido della piombagine stessa.
3-1	565-567	Si	
3-2	568-576	distende	
3-3	577-579	la	
3-4	580-590	piombagine	
3-5	591-602	minutamente	
3-6	603-615	polverizzata	
3-7	616-619	per	
3-8	620-625	mezzo	
3-9	626-628	di	
3-10	629-631	un	
3-11	632-640	pennello	
3-12	640-641	,	
3-13	642-643	e	
3-14	644-646	si	
3-15	647-649	ha	
3-16	650-654	cura	
3-17	655-657	di	
3-18	658-668	persistere	
3-19	669-673	nell	
3-20	674-675	'	
3-21	676-686	operazione	
3-22	687-690	sin	
3-23	691-694	che	
3-24	695-697	si	
3-25	698-702	vede	
3-26	703-706	che	
3-27	707-712	tutto	
3-28	713-715	lo	
3-29	716-722	stampo	
3-30	723-725	ha	
3-31	726-731	preso	
3-32	732-734	il	
3-33	735-740	color	
3-34	741-747	lucido	
3-35	748-753	della	
3-36	754-764	piombagine	
3-37	765-771	stessa	
3-38	771-772	.	

#Text=Si fissa in fine con un poco di cera un filo metallico sull ' orlo dello stampo, e si sparge della piombagine intorno al filo, onde esser ben certi che il filo e la superfìcie preparata dello stampo comunicano insieme.
4-1	773-775	Si	
4-2	776-781	fissa	
4-3	782-784	in	
4-4	785-789	fine	
4-5	790-793	con	
4-6	794-796	un	
4-7	797-801	poco	
4-8	802-804	di	
4-9	805-809	cera	
4-10	810-812	un	
4-11	813-817	filo	
4-12	818-827	metallico	
4-13	828-832	sull	
4-14	833-834	'	
4-15	835-839	orlo	
4-16	840-845	dello	
4-17	846-852	stampo	
4-18	852-853	,	
4-19	854-855	e	
4-20	856-858	si	
4-21	859-865	sparge	
4-22	866-871	della	
4-23	872-882	piombagine	
4-24	883-890	intorno	
4-25	891-893	al	
4-26	894-898	filo	
4-27	898-899	,	
4-28	900-904	onde	
4-29	905-910	esser	
4-30	911-914	ben	
4-31	915-920	certi	
4-32	921-924	che	
4-33	925-927	il	
4-34	928-932	filo	
4-35	933-934	e	
4-36	935-937	la	
4-37	938-948	superfìcie	
4-38	949-958	preparata	
4-39	959-964	dello	
4-40	965-971	stampo	
4-41	972-982	comunicano	
4-42	983-990	insieme	
4-43	990-991	.	

#Text=Si preferisce oggi da qualcuno l ' argentatura degli stampi di gesso, all ' uso della piombagine.
5-1	992-994	Si	
5-2	995-1005	preferisce	
5-3	1006-1010	oggi	
5-4	1011-1013	da	
5-5	1014-1022	qualcuno	
5-6	1023-1024	l	
5-7	1025-1026	'	
5-8	1027-1038	argentatura	
5-9	1039-1044	degli	
5-10	1045-1051	stampi	
5-11	1052-1054	di	
5-12	1055-1060	gesso	
5-13	1060-1061	,	
5-14	1062-1065	all	
5-15	1066-1067	'	
5-16	1068-1071	uso	
5-17	1072-1077	della	
5-18	1078-1088	piombagine	
5-19	1088-1089	.	

#Text=A questo fine s ' immerge lo stampo di gesso in una soluzione di nitrato d ' argento sino a tanto che ne è bene imbevuto: allora si espone ai vapori che si svolgono scaldando una soluzione di fosforo nel alcool o nella trementina.
6-1	1090-1091	A	
6-2	1092-1098	questo	
6-3	1099-1103	fine	
6-4	1104-1105	s	
6-5	1106-1107	'	
6-6	1108-1115	immerge	
6-7	1116-1118	lo	
6-8	1119-1125	stampo	
6-9	1126-1128	di	
6-10	1129-1134	gesso	
6-11	1135-1137	in	
6-12	1138-1141	una	
6-13	1142-1151	soluzione	
6-14	1152-1154	di	
6-15	1155-1162	nitrato	
6-16	1163-1164	d	
6-17	1165-1166	'	
6-18	1167-1174	argento	
6-19	1175-1179	sino	
6-20	1180-1181	a	
6-21	1182-1187	tanto	
6-22	1188-1191	che	
6-23	1192-1194	ne	
6-24	1195-1196	è	
6-25	1197-1201	bene	
6-26	1202-1210	imbevuto	
6-27	1210-1211	:	
6-28	1212-1218	allora	
6-29	1219-1221	si	
6-30	1222-1228	espone	
6-31	1229-1231	ai	
6-32	1232-1238	vapori	
6-33	1239-1242	che	
6-34	1243-1245	si	
6-35	1246-1254	svolgono	
6-36	1255-1264	scaldando	
6-37	1265-1268	una	
6-38	1269-1278	soluzione	
6-39	1279-1281	di	
6-40	1282-1289	fosforo	
6-41	1290-1293	nel	
6-42	1294-1300	alcool	
6-43	1301-1302	o	
6-44	1303-1308	nella	
6-45	1309-1319	trementina	
6-46	1319-1320	.	

#Text=Si vede la superficie dello stampo cambiar colore, divenire nera, ed a quel punto essa è ricoperta d ' uno strato d ' argento ridotto.
7-1	1321-1323	Si	
7-2	1324-1328	vede	
7-3	1329-1331	la	
7-4	1332-1342	superficie	
7-5	1343-1348	dello	
7-6	1349-1355	stampo	
7-7	1356-1363	cambiar	
7-8	1364-1370	colore	
7-9	1370-1371	,	
7-10	1372-1380	divenire	
7-11	1381-1385	nera	
7-12	1385-1386	,	
7-13	1387-1389	ed	
7-14	1390-1391	a	
7-15	1392-1396	quel	
7-16	1397-1402	punto	
7-17	1403-1407	essa	
7-18	1408-1409	è	
7-19	1410-1419	ricoperta	
7-20	1420-1421	d	
7-21	1422-1423	'	
7-22	1424-1427	uno	
7-23	1428-1434	strato	
7-24	1435-1436	d	
7-25	1437-1438	'	
7-26	1439-1446	argento	
7-27	1447-1454	ridotto	
7-28	1454-1455	.	

#Text=È inutile di dire che egualmente si preparano gli stampi con cui si vogliono eseguire delle statue: si hanno allora le due metà dello stampo che si uniscono assieme, come si farebbe se si dovesse colarvi dentro il metallo.
8-1	1456-1457	È	
8-2	1458-1465	inutile	
8-3	1466-1468	di	
8-4	1469-1473	dire	
8-5	1474-1477	che	
8-6	1478-1488	egualmente	
8-7	1489-1491	si	
8-8	1492-1501	preparano	
8-9	1502-1505	gli	
8-10	1506-1512	stampi	
8-11	1513-1516	con	
8-12	1517-1520	cui	
8-13	1521-1523	si	
8-14	1524-1532	vogliono	
8-15	1533-1541	eseguire	
8-16	1542-1547	delle	
8-17	1548-1554	statue	
8-18	1554-1555	:	
8-19	1556-1558	si	
8-20	1559-1564	hanno	
8-21	1565-1571	allora	
8-22	1572-1574	le	
8-23	1575-1578	due	
8-24	1579-1583	metà	
8-25	1584-1589	dello	
8-26	1590-1596	stampo	
8-27	1597-1600	che	
8-28	1601-1603	si	
8-29	1604-1612	uniscono	
8-30	1613-1620	assieme	
8-31	1620-1621	,	
8-32	1622-1626	come	
8-33	1627-1629	si	
8-34	1630-1637	farebbe	
8-35	1638-1640	se	
8-36	1641-1643	si	
8-37	1644-1651	dovesse	
8-38	1652-1659	colarvi	
8-39	1660-1666	dentro	
8-40	1667-1669	il	
8-41	1670-1677	metallo	
8-42	1677-1678	.	

#Text=Vedremo più innanzi come si riesca ad avere nell ' interno di questo stampo, che comunica colla massa della soluzione di rame per mezzo di uno o due fori, le condizioni richieste per ottenere un buon risultato.
9-1	1679-1686	Vedremo	
9-2	1687-1690	più	
9-3	1691-1698	innanzi	
9-4	1699-1703	come	
9-5	1704-1706	si	
9-6	1707-1713	riesca	
9-7	1714-1716	ad	
9-8	1717-1722	avere	
9-9	1723-1727	nell	
9-10	1728-1729	'	
9-11	1730-1737	interno	
9-12	1738-1740	di	
9-13	1741-1747	questo	
9-14	1748-1754	stampo	
9-15	1754-1755	,	
9-16	1756-1759	che	
9-17	1760-1768	comunica	
9-18	1769-1774	colla	
9-19	1775-1780	massa	
9-20	1781-1786	della	
9-21	1787-1796	soluzione	
9-22	1797-1799	di	
9-23	1800-1804	rame	
9-24	1805-1808	per	
9-25	1809-1814	mezzo	
9-26	1815-1817	di	
9-27	1818-1821	uno	
9-28	1822-1823	o	
9-29	1824-1827	due	
9-30	1828-1832	fori	
9-31	1832-1833	,	
9-32	1834-1836	le	
9-33	1837-1847	condizioni	
9-34	1848-1857	richieste	
9-35	1858-1861	per	
9-36	1862-1870	ottenere	
9-37	1871-1873	un	
9-38	1874-1878	buon	
9-39	1879-1888	risultato	
9-40	1888-1889	.	

#Text=Così preparato lo stampo basterà di sostituirlo all ' elettrode negativo di una pila di cui la corrente traversa una soluzione di solfato di rame, per ottenere il rame precipitatovi sopra, e quindi la medaglia.
10-1	1890-1894	Così	
10-2	1895-1904	preparato	
10-3	1905-1907	lo	
10-4	1908-1914	stampo	
10-5	1915-1922	basterà	
10-6	1923-1925	di	
10-7	1926-1937	sostituirlo	
10-8	1938-1941	all	
10-9	1942-1943	'	
10-10	1944-1953	elettrode	
10-11	1954-1962	negativo	
10-12	1963-1965	di	
10-13	1966-1969	una	
10-14	1970-1974	pila	
10-15	1975-1977	di	
10-16	1978-1981	cui	
10-17	1982-1984	la	
10-18	1985-1993	corrente	
10-19	1994-2002	traversa	
10-20	2003-2006	una	
10-21	2007-2016	soluzione	
10-22	2017-2019	di	
10-23	2020-2027	solfato	
10-24	2028-2030	di	
10-25	2031-2035	rame	
10-26	2035-2036	,	
10-27	2037-2040	per	
10-28	2041-2049	ottenere	
10-29	2050-2052	il	
10-30	2053-2057	rame	
10-31	2058-2071	precipitatovi	
10-32	2072-2077	sopra	
10-33	2077-2078	,	
10-34	2079-2080	e	
10-35	2081-2087	quindi	
10-36	2088-2090	la	
10-37	2091-2099	medaglia	
10-38	2099-2100	.	

#Text=Non si creda però di riescire sulle prime e senza alcuna precauzione ad un risultato soddisfacente.
11-1	2101-2104	Non	
11-2	2105-2107	si	
11-3	2108-2113	creda	
11-4	2114-2118	però	
11-5	2119-2121	di	
11-6	2122-2130	riescire	
11-7	2131-2136	sulle	
11-8	2137-2142	prime	
11-9	2143-2144	e	
11-10	2145-2150	senza	
11-11	2151-2157	alcuna	
11-12	2158-2169	precauzione	
11-13	2170-2172	ad	
11-14	2173-2175	un	
11-15	2176-2185	risultato	
11-16	2186-2199	soddisfacente	
11-17	2199-2200	.	

#Text=Colui che si propone dei lavori di galvano-plastica troverà vantaggio a studiar prima la decomposizione elettro-chimica della soluzione del solfato di rame, nelle varie circostanze.
12-1	2201-2206	Colui	
12-2	2207-2210	che	
12-3	2211-2213	si	
12-4	2214-2221	propone	
12-5	2222-2225	dei	
12-6	2226-2232	lavori	
12-7	2233-2235	di	
12-8	2236-2252	galvano-plastica	
12-9	2253-2260	troverà	
12-10	2261-2270	vantaggio	
12-11	2271-2272	a	
12-12	2273-2280	studiar	
12-13	2281-2286	prima	
12-14	2287-2289	la	
12-15	2290-2304	decomposizione	
12-16	2305-2320	elettro-chimica	
12-17	2321-2326	della	
12-18	2327-2336	soluzione	
12-19	2337-2340	del	
12-20	2341-2348	solfato	
12-21	2349-2351	di	
12-22	2352-2356	rame	
12-23	2356-2357	,	
12-24	2358-2363	nelle	
12-25	2364-2369	varie	
12-26	2370-2381	circostanze	
12-27	2381-2382	.	

#Text=Credo utile di entrare a questo proposito in qualche particolarità.
13-1	2383-2388	Credo	
13-2	2389-2394	utile	
13-3	2395-2397	di	
13-4	2398-2405	entrare	
13-5	2406-2407	a	
13-6	2408-2414	questo	
13-7	2415-2424	proposito	
13-8	2425-2427	in	
13-9	2428-2435	qualche	
13-10	2436-2449	particolarità	
13-11	2449-2450	.	

#Text=Si supponga di avere una soluzione satura di solfato di rame che dovrà esser stata filtrata; si apparecchi una esperienza di elettrotipia avendo una pila molto forte, come sarebbe una di 15 o 20 elementi di Bunsen, e per riunire in un sol caso tutte le circostanze che tendono a produrre un ' azione elettro-chimica troppo viva, si usino degli elettrodi assai stretti, e la soluzione del solfato di rame sia calda.
14-1	2451-2453	Si	
14-2	2454-2462	supponga	
14-3	2463-2465	di	
14-4	2466-2471	avere	
14-5	2472-2475	una	
14-6	2476-2485	soluzione	
14-7	2486-2492	satura	
14-8	2493-2495	di	
14-9	2496-2503	solfato	
14-10	2504-2506	di	
14-11	2507-2511	rame	
14-12	2512-2515	che	
14-13	2516-2521	dovrà	
14-14	2522-2527	esser	
14-15	2528-2533	stata	
14-16	2534-2542	filtrata	
14-17	2542-2543	;	
14-18	2544-2546	si	
14-19	2547-2557	apparecchi	
14-20	2558-2561	una	
14-21	2562-2572	esperienza	
14-22	2573-2575	di	
14-23	2576-2588	elettrotipia	
14-24	2589-2595	avendo	
14-25	2596-2599	una	
14-26	2600-2604	pila	
14-27	2605-2610	molto	
14-28	2611-2616	forte	
14-29	2616-2617	,	
14-30	2618-2622	come	
14-31	2623-2630	sarebbe	
14-32	2631-2634	una	
14-33	2635-2637	di	
14-34	2638-2640	15	
14-35	2641-2642	o	
14-36	2643-2645	20	
14-37	2646-2654	elementi	
14-38	2655-2657	di	
14-39	2658-2664	Bunsen	
14-40	2664-2665	,	
14-41	2666-2667	e	
14-42	2668-2671	per	
14-43	2672-2679	riunire	
14-44	2680-2682	in	
14-45	2683-2685	un	
14-46	2686-2689	sol	
14-47	2690-2694	caso	
14-48	2695-2700	tutte	
14-49	2701-2703	le	
14-50	2704-2715	circostanze	
14-51	2716-2719	che	
14-52	2720-2727	tendono	
14-53	2728-2729	a	
14-54	2730-2738	produrre	
14-55	2739-2741	un	
14-56	2742-2743	'	
14-57	2744-2750	azione	
14-58	2751-2766	elettro-chimica	
14-59	2767-2773	troppo	
14-60	2774-2778	viva	
14-61	2778-2779	,	
14-62	2780-2782	si	
14-63	2783-2788	usino	
14-64	2789-2794	degli	
14-65	2795-2804	elettrodi	
14-66	2805-2810	assai	
14-67	2811-2818	stretti	
14-68	2818-2819	,	
14-69	2820-2821	e	
14-70	2822-2824	la	
14-71	2825-2834	soluzione	
14-72	2835-2838	del	
14-73	2839-2846	solfato	
14-74	2847-2849	di	
14-75	2850-2854	rame	
14-76	2855-2858	sia	
14-77	2859-2864	calda	
14-78	2864-2865	.	

#Text=In queste circostanze la decomposizione elettro-chimica sarà assai viva, vi sarà dell ' idrogene che si svilupperà assieme al rame sul polo negativo e in vece di aver il rame precipitato ben lucente ed aggregato, si avrà una polvere bruna di cui le parti non hanno alcuna coesione fra loro.
15-1	2866-2868	In	
15-2	2869-2875	queste	
15-3	2876-2887	circostanze	
15-4	2888-2890	la	
15-5	2891-2905	decomposizione	
15-6	2906-2921	elettro-chimica	
15-7	2922-2926	sarà	
15-8	2927-2932	assai	
15-9	2933-2937	viva	
15-10	2937-2938	,	
15-11	2939-2941	vi	
15-12	2942-2946	sarà	
15-13	2947-2951	dell	
15-14	2952-2953	'	
15-15	2954-2962	idrogene	
15-16	2963-2966	che	
15-17	2967-2969	si	
15-18	2970-2980	svilupperà	
15-19	2981-2988	assieme	
15-20	2989-2991	al	
15-21	2992-2996	rame	
15-22	2997-3000	sul	
15-23	3001-3005	polo	
15-24	3006-3014	negativo	
15-25	3015-3016	e	
15-26	3017-3019	in	
15-27	3020-3024	vece	
15-28	3025-3027	di	
15-29	3028-3032	aver	
15-30	3033-3035	il	
15-31	3036-3040	rame	
15-32	3041-3052	precipitato	
15-33	3053-3056	ben	
15-34	3057-3064	lucente	
15-35	3065-3067	ed	
15-36	3068-3077	aggregato	
15-37	3077-3078	,	
15-38	3079-3081	si	
15-39	3082-3086	avrà	
15-40	3087-3090	una	
15-41	3091-3098	polvere	
15-42	3099-3104	bruna	
15-43	3105-3107	di	
15-44	3108-3111	cui	
15-45	3112-3114	le	
15-46	3115-3120	parti	
15-47	3121-3124	non	
15-48	3125-3130	hanno	
15-49	3131-3137	alcuna	
15-50	3138-3146	coesione	
15-51	3147-3150	fra	
15-52	3151-3155	loro	
15-53	3155-3156	.	

#Text=Oltre di che per la decomposizione tanto rapida, la soluzione sarà presto carica di acido solforico reso libero, per cui il rame precipitato al polo negativo non tarderà ad essere ossidato.
16-1	3157-3162	Oltre	
16-2	3163-3165	di	
16-3	3166-3169	che	
16-4	3170-3173	per	
16-5	3174-3176	la	
16-6	3177-3191	decomposizione	
16-7	3192-3197	tanto	
16-8	3198-3204	rapida	
16-9	3204-3205	,	
16-10	3206-3208	la	
16-11	3209-3218	soluzione	
16-12	3219-3223	sarà	
16-13	3224-3230	presto	
16-14	3231-3237	carica	
16-15	3238-3240	di	
16-16	3241-3246	acido	
16-17	3247-3256	solforico	
16-18	3257-3261	reso	
16-19	3262-3268	libero	
16-20	3268-3269	,	
16-21	3270-3273	per	
16-22	3274-3277	cui	
16-23	3278-3280	il	
16-24	3281-3285	rame	
16-25	3286-3297	precipitato	
16-26	3298-3300	al	
16-27	3301-3305	polo	
16-28	3306-3314	negativo	
16-29	3315-3318	non	
16-30	3319-3326	tarderà	
16-31	3327-3329	ad	
16-32	3330-3336	essere	
16-33	3337-3345	ossidato	
16-34	3345-3346	.	

#Text=Lo sperimentatore imparerà da questo primo saggio che con una decomposizione troppo viva e colla soluzione di rame non perfettamente neutra, non si riesce mai bene, e che il rame si precipita in questi casi con qualità contrarie a formare una medaglia.
17-1	3347-3349	Lo	
17-2	3350-3364	sperimentatore	
17-3	3365-3373	imparerà	
17-4	3374-3376	da	
17-5	3377-3383	questo	
17-6	3384-3389	primo	
17-7	3390-3396	saggio	
17-8	3397-3400	che	
17-9	3401-3404	con	
17-10	3405-3408	una	
17-11	3409-3423	decomposizione	
17-12	3424-3430	troppo	
17-13	3431-3435	viva	
17-14	3436-3437	e	
17-15	3438-3443	colla	
17-16	3444-3453	soluzione	
17-17	3454-3456	di	
17-18	3457-3461	rame	
17-19	3462-3465	non	
17-20	3466-3479	perfettamente	
17-21	3480-3486	neutra	
17-22	3486-3487	,	
17-23	3488-3491	non	
17-24	3492-3494	si	
17-25	3495-3501	riesce	
17-26	3502-3505	mai	
17-27	3506-3510	bene	
17-28	3510-3511	,	
17-29	3512-3513	e	
17-30	3514-3517	che	
17-31	3518-3520	il	
17-32	3521-3525	rame	
17-33	3526-3528	si	
17-34	3529-3538	precipita	
17-35	3539-3541	in	
17-36	3542-3548	questi	
17-37	3549-3553	casi	
17-38	3554-3557	con	
17-39	3558-3565	qualità	
17-40	3566-3575	contrarie	
17-41	3576-3577	a	
17-42	3578-3585	formare	
17-43	3586-3589	una	
17-44	3590-3598	medaglia	
17-45	3598-3599	.	

#Text=Sarà pur facile di assicurarsi che il risultato non è buono, usando una soluzione di solfato di rame non satura, nel qual caso la corrente scompone nello stesso tempo il sale e l ' acqua, per cui il gaz idrogene svolto insieme al rame impedisce a quest ' ultimo di aggregarsi.
18-1	3600-3604	Sarà	
18-2	3605-3608	pur	
18-3	3609-3615	facile	
18-4	3616-3618	di	
18-5	3619-3630	assicurarsi	
18-6	3631-3634	che	
18-7	3635-3637	il	
18-8	3638-3647	risultato	
18-9	3648-3651	non	
18-10	3652-3653	è	
18-11	3654-3659	buono	
18-12	3659-3660	,	
18-13	3661-3667	usando	
18-14	3668-3671	una	
18-15	3672-3681	soluzione	
18-16	3682-3684	di	
18-17	3685-3692	solfato	
18-18	3693-3695	di	
18-19	3696-3700	rame	
18-20	3701-3704	non	
18-21	3705-3711	satura	
18-22	3711-3712	,	
18-23	3713-3716	nel	
18-24	3717-3721	qual	
18-25	3722-3726	caso	
18-26	3727-3729	la	
18-27	3730-3738	corrente	
18-28	3739-3747	scompone	
18-29	3748-3753	nello	
18-30	3754-3760	stesso	
18-31	3761-3766	tempo	
18-32	3767-3769	il	
18-33	3770-3774	sale	
18-34	3775-3776	e	
18-35	3777-3778	l	
18-36	3779-3780	'	
18-37	3781-3786	acqua	
18-38	3786-3787	,	
18-39	3788-3791	per	
18-40	3792-3795	cui	
18-41	3796-3798	il	
18-42	3799-3802	gaz	
18-43	3803-3811	idrogene	
18-44	3812-3818	svolto	
18-45	3819-3826	insieme	
18-46	3827-3829	al	
18-47	3830-3834	rame	
18-48	3835-3844	impedisce	
18-49	3845-3846	a	
18-50	3847-3852	quest	
18-51	3853-3854	'	
18-52	3855-3861	ultimo	
18-53	3862-3864	di	
18-54	3865-3875	aggregarsi	
18-55	3875-3876	.	

#Text=Verrà in tal guisa l ' operatore ammaestrato a non usare mai una corrente troppo forte e ad avere la soluzione del solfato di rame satura e neutra costantemente.
19-1	3877-3882	Verrà	
19-2	3883-3885	in	
19-3	3886-3889	tal	
19-4	3890-3895	guisa	
19-5	3896-3897	l	
19-6	3898-3899	'	
19-7	3900-3909	operatore	
19-8	3910-3921	ammaestrato	
19-9	3922-3923	a	
19-10	3924-3927	non	
19-11	3928-3933	usare	
19-12	3934-3937	mai	
19-13	3938-3941	una	
19-14	3942-3950	corrente	
19-15	3951-3957	troppo	
19-16	3958-3963	forte	
19-17	3964-3965	e	
19-18	3966-3968	ad	
19-19	3969-3974	avere	
19-20	3975-3977	la	
19-21	3978-3987	soluzione	
19-22	3988-3991	del	
19-23	3992-3999	solfato	
19-24	4000-4002	di	
19-25	4003-4007	rame	
19-26	4008-4014	satura	
19-27	4015-4016	e	
19-28	4017-4023	neutra	
19-29	4024-4037	costantemente	
19-30	4037-4038	.	

#Text=Mi è impossibile di descrivere minutamente tutte le regole precise per ottenere l ' intensità della corrente necessaria ad assicurare un buon risultato, poichè questa varia coll ' estensione della superficie su cui il rame deve precipitarsi, colla forza della pila e colla conducibilità della soluzione.
20-1	4039-4041	Mi	
20-2	4042-4043	è	
20-3	4044-4055	impossibile	
20-4	4056-4058	di	
20-5	4059-4069	descrivere	
20-6	4070-4081	minutamente	
20-7	4082-4087	tutte	
20-8	4088-4090	le	
20-9	4091-4097	regole	
20-10	4098-4105	precise	
20-11	4106-4109	per	
20-12	4110-4118	ottenere	
20-13	4119-4120	l	
20-14	4121-4122	'	
20-15	4123-4132	intensità	
20-16	4133-4138	della	
20-17	4139-4147	corrente	
20-18	4148-4158	necessaria	
20-19	4159-4161	ad	
20-20	4162-4172	assicurare	
20-21	4173-4175	un	
20-22	4176-4180	buon	
20-23	4181-4190	risultato	
20-24	4190-4191	,	
20-25	4192-4198	poichè	
20-26	4199-4205	questa	
20-27	4206-4211	varia	
20-28	4212-4216	coll	
20-29	4217-4218	'	
20-30	4219-4229	estensione	
20-31	4230-4235	della	
20-32	4236-4246	superficie	
20-33	4247-4249	su	
20-34	4250-4253	cui	
20-35	4254-4256	il	
20-36	4257-4261	rame	
20-37	4262-4266	deve	
20-38	4267-4279	precipitarsi	
20-39	4279-4280	,	
20-40	4281-4286	colla	
20-41	4287-4292	forza	
20-42	4293-4298	della	
20-43	4299-4303	pila	
20-44	4304-4305	e	
20-45	4306-4311	colla	
20-46	4312-4325	conducibilità	
20-47	4326-4331	della	
20-48	4332-4341	soluzione	
20-49	4341-4342	.	

#Text=Ma per poco che si acquisti pratica, si vedrà sin da principio dal colore del primo rame che sì precipita e dalla rapidità della precipitazione, se la corrente è troppo forte, nel qual caso si diminuisce il numero delle coppie della pila o si usano soluzioni meno acide in contatto dei metalli delle coppie, o si tiene la soluzione di rame ad una bassa temperatura o in fine si allontanano convenientemente i due elettrodi.
21-1	4343-4345	Ma	
21-2	4346-4349	per	
21-3	4350-4354	poco	
21-4	4355-4358	che	
21-5	4359-4361	si	
21-6	4362-4370	acquisti	
21-7	4371-4378	pratica	
21-8	4378-4379	,	
21-9	4380-4382	si	
21-10	4383-4388	vedrà	
21-11	4389-4392	sin	
21-12	4393-4395	da	
21-13	4396-4405	principio	
21-14	4406-4409	dal	
21-15	4410-4416	colore	
21-16	4417-4420	del	
21-17	4421-4426	primo	
21-18	4427-4431	rame	
21-19	4432-4435	che	
21-20	4436-4438	sì	
21-21	4439-4448	precipita	
21-22	4449-4450	e	
21-23	4451-4456	dalla	
21-24	4457-4465	rapidità	
21-25	4466-4471	della	
21-26	4472-4486	precipitazione	
21-27	4486-4487	,	
21-28	4488-4490	se	
21-29	4491-4493	la	
21-30	4494-4502	corrente	
21-31	4503-4504	è	
21-32	4505-4511	troppo	
21-33	4512-4517	forte	
21-34	4517-4518	,	
21-35	4519-4522	nel	
21-36	4523-4527	qual	
21-37	4528-4532	caso	
21-38	4533-4535	si	
21-39	4536-4546	diminuisce	
21-40	4547-4549	il	
21-41	4550-4556	numero	
21-42	4557-4562	delle	
21-43	4563-4569	coppie	
21-44	4570-4575	della	
21-45	4576-4580	pila	
21-46	4581-4582	o	
21-47	4583-4585	si	
21-48	4586-4591	usano	
21-49	4592-4601	soluzioni	
21-50	4602-4606	meno	
21-51	4607-4612	acide	
21-52	4613-4615	in	
21-53	4616-4624	contatto	
21-54	4625-4628	dei	
21-55	4629-4636	metalli	
21-56	4637-4642	delle	
21-57	4643-4649	coppie	
21-58	4649-4650	,	
21-59	4651-4652	o	
21-60	4653-4655	si	
21-61	4656-4661	tiene	
21-62	4662-4664	la	
21-63	4665-4674	soluzione	
21-64	4675-4677	di	
21-65	4678-4682	rame	
21-66	4683-4685	ad	
21-67	4686-4689	una	
21-68	4690-4695	bassa	
21-69	4696-4707	temperatura	
21-70	4708-4709	o	
21-71	4710-4712	in	
21-72	4713-4717	fine	
21-73	4718-4720	si	
21-74	4721-4732	allontanano	
21-75	4733-4749	convenientemente	
21-76	4750-4751	i	
21-77	4752-4755	due	
21-78	4756-4765	elettrodi	
21-79	4765-4766	.	

#Text=Si può anche e con utilità far passare la corrente in un galvanometro onde misurarne esattamente la forza: in questo modo è facile di diminuirla o di accrescerla e di ridurla sempre alla stessa intensità, avendo nel circuito un filo sottile d ' ottone o uno strato d ' acqua di cui si usa una lunghezza più o meno grande secondo che si vuole indebolire o rafforzare la corrente stessa.
22-1	4767-4769	Si	
22-2	4770-4773	può	
22-3	4774-4779	anche	
22-4	4780-4781	e	
22-5	4782-4785	con	
22-6	4786-4793	utilità	
22-7	4794-4797	far	
22-8	4798-4805	passare	
22-9	4806-4808	la	
22-10	4809-4817	corrente	
22-11	4818-4820	in	
22-12	4821-4823	un	
22-13	4824-4836	galvanometro	
22-14	4837-4841	onde	
22-15	4842-4851	misurarne	
22-16	4852-4863	esattamente	
22-17	4864-4866	la	
22-18	4867-4872	forza	
22-19	4872-4873	:	
22-20	4874-4876	in	
22-21	4877-4883	questo	
22-22	4884-4888	modo	
22-23	4889-4890	è	
22-24	4891-4897	facile	
22-25	4898-4900	di	
22-26	4901-4911	diminuirla	
22-27	4912-4913	o	
22-28	4914-4916	di	
22-29	4917-4928	accrescerla	
22-30	4929-4930	e	
22-31	4931-4933	di	
22-32	4934-4941	ridurla	
22-33	4942-4948	sempre	
22-34	4949-4953	alla	
22-35	4954-4960	stessa	
22-36	4961-4970	intensità	
22-37	4970-4971	,	
22-38	4972-4978	avendo	
22-39	4979-4982	nel	
22-40	4983-4991	circuito	
22-41	4992-4994	un	
22-42	4995-4999	filo	
22-43	5000-5007	sottile	
22-44	5008-5009	d	
22-45	5010-5011	'	
22-46	5012-5018	ottone	
22-47	5019-5020	o	
22-48	5021-5024	uno	
22-49	5025-5031	strato	
22-50	5032-5033	d	
22-51	5034-5035	'	
22-52	5036-5041	acqua	
22-53	5042-5044	di	
22-54	5045-5048	cui	
22-55	5049-5051	si	
22-56	5052-5055	usa	
22-57	5056-5059	una	
22-58	5060-5069	lunghezza	
22-59	5070-5073	più	
22-60	5074-5075	o	
22-61	5076-5080	meno	
22-62	5081-5087	grande	
22-63	5088-5095	secondo	
22-64	5096-5099	che	
22-65	5100-5102	si	
22-66	5103-5108	vuole	
22-67	5109-5119	indebolire	
22-68	5120-5121	o	
22-69	5122-5132	rafforzare	
22-70	5133-5135	la	
22-71	5136-5144	corrente	
22-72	5145-5151	stessa	
22-73	5151-5152	.	

#Text=Onde esser ben certi che la soluzione di rame rimane sempre satura, si fa pescare nel liquido un sacchetto di tela in cui si tengono dei cristalli di solfato di rame.
23-1	5153-5157	Onde	
23-2	5158-5163	esser	
23-3	5164-5167	ben	
23-4	5168-5173	certi	
23-5	5174-5177	che	
23-6	5178-5180	la	
23-7	5181-5190	soluzione	
23-8	5191-5193	di	
23-9	5194-5198	rame	
23-10	5199-5205	rimane	
23-11	5206-5212	sempre	
23-12	5213-5219	satura	
23-13	5219-5220	,	
23-14	5221-5223	si	
23-15	5224-5226	fa	
23-16	5227-5234	pescare	
23-17	5235-5238	nel	
23-18	5239-5246	liquido	
23-19	5247-5249	un	
23-20	5250-5259	sacchetto	
23-21	5260-5262	di	
23-22	5263-5267	tela	
23-23	5268-5270	in	
23-24	5271-5274	cui	
23-25	5275-5277	si	
23-26	5278-5285	tengono	
23-27	5286-5289	dei	
23-28	5290-5299	cristalli	
23-29	5300-5302	di	
23-30	5303-5310	solfato	
23-31	5311-5313	di	
23-32	5314-5318	rame	
23-33	5318-5319	.	

#Text=Perchè poi la soluzione non divenga acida, l ' elettrode positivo sarà formato di una lastra di rame su cui portandosi l ' ossigene e l ' acido, si viene a riprodurre costantemente una quantità di solfato eguale a quella che si decompone.
24-1	5320-5326	Perchè	
24-2	5327-5330	poi	
24-3	5331-5333	la	
24-4	5334-5343	soluzione	
24-5	5344-5347	non	
24-6	5348-5355	divenga	
24-7	5356-5361	acida	
24-8	5361-5362	,	
24-9	5363-5364	l	
24-10	5365-5366	'	
24-11	5367-5376	elettrode	
24-12	5377-5385	positivo	
24-13	5386-5390	sarà	
24-14	5391-5398	formato	
24-15	5399-5401	di	
24-16	5402-5405	una	
24-17	5406-5412	lastra	
24-18	5413-5415	di	
24-19	5416-5420	rame	
24-20	5421-5423	su	
24-21	5424-5427	cui	
24-22	5428-5438	portandosi	
24-23	5439-5440	l	
24-24	5441-5442	'	
24-25	5443-5451	ossigene	
24-26	5452-5453	e	
24-27	5454-5455	l	
24-28	5456-5457	'	
24-29	5458-5463	acido	
24-30	5463-5464	,	
24-31	5465-5467	si	
24-32	5468-5473	viene	
24-33	5474-5475	a	
24-34	5476-5486	riprodurre	
24-35	5487-5500	costantemente	
24-36	5501-5504	una	
24-37	5505-5513	quantità	
24-38	5514-5516	di	
24-39	5517-5524	solfato	
24-40	5525-5531	eguale	
24-41	5532-5533	a	
24-42	5534-5540	quella	
24-43	5541-5544	che	
24-44	5545-5547	si	
24-45	5548-5557	decompone	
24-46	5557-5558	.	

#Text=Possono ancora incontrarsi altri ostacoli che meritano di essere notati onde ottenere un buon precipitato, i quali si verificano se la pila è troppo debole, e se la superficie dello stampo è proporzionalmente troppo estesa.
25-1	5559-5566	Possono	
25-2	5567-5573	ancora	
25-3	5574-5585	incontrarsi	
25-4	5586-5591	altri	
25-5	5592-5600	ostacoli	
25-6	5601-5604	che	
25-7	5605-5613	meritano	
25-8	5614-5616	di	
25-9	5617-5623	essere	
25-10	5624-5630	notati	
25-11	5631-5635	onde	
25-12	5636-5644	ottenere	
25-13	5645-5647	un	
25-14	5648-5652	buon	
25-15	5653-5664	precipitato	
25-16	5664-5665	,	
25-17	5666-5667	i	
25-18	5668-5673	quali	
25-19	5674-5676	si	
25-20	5677-5687	verificano	
25-21	5688-5690	se	
25-22	5691-5693	la	
25-23	5694-5698	pila	
25-24	5699-5700	è	
25-25	5701-5707	troppo	
25-26	5708-5714	debole	
25-27	5714-5715	,	
25-28	5716-5717	e	
25-29	5718-5720	se	
25-30	5721-5723	la	
25-31	5724-5734	superficie	
25-32	5735-5740	dello	
25-33	5741-5747	stampo	
25-34	5748-5749	è	
25-35	5750-5767	proporzionalmente	
25-36	5768-5774	troppo	
25-37	5775-5781	estesa	
25-38	5781-5782	.	

#Text=In questi casi il rame si precipita troppo lentamente ed è allora cristallizzato, friabile, di un rosso bruno.
26-1	5783-5785	In	
26-2	5786-5792	questi	
26-3	5793-5797	casi	
26-4	5798-5800	il	
26-5	5801-5805	rame	
26-6	5806-5808	si	
26-7	5809-5818	precipita	
26-8	5819-5825	troppo	
26-9	5826-5836	lentamente	
26-10	5837-5839	ed	
26-11	5840-5841	è	
26-12	5842-5848	allora	
26-13	5849-5863	cristallizzato	
26-14	5863-5864	,	
26-15	5865-5873	friabile	
26-16	5873-5874	,	
26-17	5875-5877	di	
26-18	5878-5880	un	
26-19	5881-5886	rosso	
26-20	5887-5892	bruno	
26-21	5892-5893	.	

#Text=In questi casi si giunge con facilità a riparare all ' inconveniente indicato, accrescendo convenientemente la forza della corrente.
27-1	5894-5896	In	
27-2	5897-5903	questi	
27-3	5904-5908	casi	
27-4	5909-5911	si	
27-5	5912-5918	giunge	
27-6	5919-5922	con	
27-7	5923-5931	facilità	
27-8	5932-5933	a	
27-9	5934-5942	riparare	
27-10	5943-5946	all	
27-11	5947-5948	'	
27-12	5949-5962	inconveniente	
27-13	5963-5971	indicato	
27-14	5971-5972	,	
27-15	5973-5984	accrescendo	
27-16	5985-6001	convenientemente	
27-17	6002-6004	la	
27-18	6005-6010	forza	
27-19	6011-6016	della	
27-20	6017-6025	corrente	
27-21	6025-6026	.	

#Text=In generale è sempre più a temere la troppa forza della corrente, di quello che la poca.
28-1	6027-6029	In	
28-2	6030-6038	generale	
28-3	6039-6040	è	
28-4	6041-6047	sempre	
28-5	6048-6051	più	
28-6	6052-6053	a	
28-7	6054-6060	temere	
28-8	6061-6063	la	
28-9	6064-6070	troppa	
28-10	6071-6076	forza	
28-11	6077-6082	della	
28-12	6083-6091	corrente	
28-13	6091-6092	,	
28-14	6093-6095	di	
28-15	6096-6102	quello	
28-16	6103-6106	che	
28-17	6107-6109	la	
28-18	6110-6114	poca	
28-19	6114-6115	.	

#Text=Onde esser certi che l ' operazione procede bene, si estrae di tanto in tanto lo stampo dal liquido, ciò che può farsi senza pericolo di turbare l ' esperimento, e allorchè si vede che tutta la superficie ha un colore di rame eguale e lucido, si è certi del risultato.
29-1	6116-6120	Onde	
29-2	6121-6126	esser	
29-3	6127-6132	certi	
29-4	6133-6136	che	
29-5	6137-6138	l	
29-6	6139-6140	'	
29-7	6141-6151	operazione	
29-8	6152-6159	procede	
29-9	6160-6164	bene	
29-10	6164-6165	,	
29-11	6166-6168	si	
29-12	6169-6175	estrae	
29-13	6176-6178	di	
29-14	6179-6184	tanto	
29-15	6185-6187	in	
29-16	6188-6193	tanto	
29-17	6194-6196	lo	
29-18	6197-6203	stampo	
29-19	6204-6207	dal	
29-20	6208-6215	liquido	
29-21	6215-6216	,	
29-22	6217-6220	ciò	
29-23	6221-6224	che	
29-24	6225-6228	può	
29-25	6229-6234	farsi	
29-26	6235-6240	senza	
29-27	6241-6249	pericolo	
29-28	6250-6252	di	
29-29	6253-6260	turbare	
29-30	6261-6262	l	
29-31	6263-6264	'	
29-32	6265-6276	esperimento	
29-33	6276-6277	,	
29-34	6278-6279	e	
29-35	6280-6288	allorchè	
29-36	6289-6291	si	
29-37	6292-6296	vede	
29-38	6297-6300	che	
29-39	6301-6306	tutta	
29-40	6307-6309	la	
29-41	6310-6320	superficie	
29-42	6321-6323	ha	
29-43	6324-6326	un	
29-44	6327-6333	colore	
29-45	6334-6336	di	
29-46	6337-6341	rame	
29-47	6342-6348	eguale	
29-48	6349-6350	e	
29-49	6351-6357	lucido	
29-50	6357-6358	,	
29-51	6359-6361	si	
29-52	6362-6363	è	
29-53	6364-6369	certi	
29-54	6370-6373	del	
29-55	6374-6383	risultato	
29-56	6383-6384	.	

#Text=Si continua l ' esperienza sino a che la lamina di rame precipitato ha raggiunta la debita grossezza; è sopratutto nei primi momenti dell ' esperienza che è necessaria la maggiore attenzione.
30-1	6385-6387	Si	
30-2	6388-6396	continua	
30-3	6397-6398	l	
30-4	6399-6400	'	
30-5	6401-6411	esperienza	
30-6	6412-6416	sino	
30-7	6417-6418	a	
30-8	6419-6422	che	
30-9	6423-6425	la	
30-10	6426-6432	lamina	
30-11	6433-6435	di	
30-12	6436-6440	rame	
30-13	6441-6452	precipitato	
30-14	6453-6455	ha	
30-15	6456-6465	raggiunta	
30-16	6466-6468	la	
30-17	6469-6475	debita	
30-18	6476-6485	grossezza	
30-19	6485-6486	;	
30-20	6487-6488	è	
30-21	6489-6499	sopratutto	
30-22	6500-6503	nei	
30-23	6504-6509	primi	
30-24	6510-6517	momenti	
30-25	6518-6522	dell	
30-26	6523-6524	'	
30-27	6525-6535	esperienza	
30-28	6536-6539	che	
30-29	6540-6541	è	
30-30	6542-6552	necessaria	
30-31	6553-6555	la	
30-32	6556-6564	maggiore	
30-33	6565-6575	attenzione	
30-34	6575-6576	.	

#Text=Dirò anche che per ben riescire, conviene immergere lo stampo nella soluzione del solfato di rame prima dell ' elettrode positivo: in questa guisa lo stampo è interamente immerso allorchè il circuito si chiude.
31-1	6577-6581	Dirò	
31-2	6582-6587	anche	
31-3	6588-6591	che	
31-4	6592-6595	per	
31-5	6596-6599	ben	
31-6	6600-6608	riescire	
31-7	6608-6609	,	
31-8	6610-6618	conviene	
31-9	6619-6628	immergere	
31-10	6629-6631	lo	
31-11	6632-6638	stampo	
31-12	6639-6644	nella	
31-13	6645-6654	soluzione	
31-14	6655-6658	del	
31-15	6659-6666	solfato	
31-16	6667-6669	di	
31-17	6670-6674	rame	
31-18	6675-6680	prima	
31-19	6681-6685	dell	
31-20	6686-6687	'	
31-21	6688-6697	elettrode	
31-22	6698-6706	positivo	
31-23	6706-6707	:	
31-24	6708-6710	in	
31-25	6711-6717	questa	
31-26	6718-6723	guisa	
31-27	6724-6726	lo	
31-28	6727-6733	stampo	
31-29	6734-6735	è	
31-30	6736-6747	interamente	
31-31	6748-6755	immerso	
31-32	6756-6764	allorchè	
31-33	6765-6767	il	
31-34	6768-6776	circuito	
31-35	6777-6779	si	
31-36	6780-6786	chiude	
31-37	6786-6787	.	

#Text=Quando si formano pezzi assai estesi, è utile disporli orizzontalmente; coi pezzi piccoli la posizione dell ' elettrode negativo è indifferente.
32-1	6788-6794	Quando	
32-2	6795-6797	si	
32-3	6798-6805	formano	
32-4	6806-6811	pezzi	
32-5	6812-6817	assai	
32-6	6818-6824	estesi	
32-7	6824-6825	,	
32-8	6826-6827	è	
32-9	6828-6833	utile	
32-10	6834-6842	disporli	
32-11	6843-6858	orizzontalmente	
32-12	6858-6859	;	
32-13	6860-6863	coi	
32-14	6864-6869	pezzi	
32-15	6870-6877	piccoli	
32-16	6878-6880	la	
32-17	6881-6890	posizione	
32-18	6891-6895	dell	
32-19	6896-6897	'	
32-20	6898-6907	elettrode	
32-21	6908-6916	negativo	
32-22	6917-6918	è	
32-23	6919-6931	indifferente	
32-24	6931-6932	.	

#Text=Finita l ' operazione, la lamina di rame precipitato è distaccata dallo stampo introducendo delicatamente fra essa e lo stampo la lama di un coltello.
33-1	6933-6939	Finita	
33-2	6940-6941	l	
33-3	6942-6943	'	
33-4	6944-6954	operazione	
33-5	6954-6955	,	
33-6	6956-6958	la	
33-7	6959-6965	lamina	
33-8	6966-6968	di	
33-9	6969-6973	rame	
33-10	6974-6985	precipitato	
33-11	6986-6987	è	
33-12	6988-6998	distaccata	
33-13	6999-7004	dallo	
33-14	7005-7011	stampo	
33-15	7012-7024	introducendo	
33-16	7025-7038	delicatamente	
33-17	7039-7042	fra	
33-18	7043-7047	essa	
33-19	7048-7049	e	
33-20	7050-7052	lo	
33-21	7053-7059	stampo	
33-22	7060-7062	la	
33-23	7063-7067	lama	
33-24	7068-7070	di	
33-25	7071-7073	un	
33-26	7074-7082	coltello	
33-27	7082-7083	.	

#Text=Onde conservare la medaglia così ottenuta si usa generalmente di formare separatamente le due faccie della medaglia, e indi riunirle assieme, saldandone convenientemente gli orli.
34-1	7084-7088	Onde	
34-2	7089-7099	conservare	
34-3	7100-7102	la	
34-4	7103-7111	medaglia	
34-5	7112-7116	così	
34-6	7117-7125	ottenuta	
34-7	7126-7128	si	
34-8	7129-7132	usa	
34-9	7133-7145	generalmente	
34-10	7146-7148	di	
34-11	7149-7156	formare	
34-12	7157-7170	separatamente	
34-13	7171-7173	le	
34-14	7174-7177	due	
34-15	7178-7184	faccie	
34-16	7185-7190	della	
34-17	7191-7199	medaglia	
34-18	7199-7200	,	
34-19	7201-7202	e	
34-20	7203-7207	indi	
34-21	7208-7216	riunirle	
34-22	7217-7224	assieme	
34-23	7224-7225	,	
34-24	7226-7236	saldandone	
34-25	7237-7253	convenientemente	
34-26	7254-7257	gli	
34-27	7258-7262	orli	
34-28	7262-7263	.	

#Text=Volendo anche meglio imitare la medaglia si può colare fra le due lamine prima di saldarle la della lega di Darcet, nel qual modo si rende la medaglia più pesante e più solida.
35-1	7264-7271	Volendo	
35-2	7272-7277	anche	
35-3	7278-7284	meglio	
35-4	7285-7292	imitare	
35-5	7293-7295	la	
35-6	7296-7304	medaglia	
35-7	7305-7307	si	
35-8	7308-7311	può	
35-9	7312-7318	colare	
35-10	7319-7322	fra	
35-11	7323-7325	le	
35-12	7326-7329	due	
35-13	7330-7336	lamine	
35-14	7337-7342	prima	
35-15	7343-7345	di	
35-16	7346-7354	saldarle	
35-17	7355-7357	la	
35-18	7358-7363	della	
35-19	7364-7368	lega	
35-20	7369-7371	di	
35-21	7372-7378	Darcet	
35-22	7378-7379	,	
35-23	7380-7383	nel	
35-24	7384-7388	qual	
35-25	7389-7393	modo	
35-26	7394-7396	si	
35-27	7397-7402	rende	
35-28	7403-7405	la	
35-29	7406-7414	medaglia	
35-30	7415-7418	più	
35-31	7419-7426	pesante	
35-32	7427-7428	e	
35-33	7429-7432	più	
35-34	7433-7439	solida	
35-35	7439-7440	.	

#Text=Se si volesse dare alla medaglia la tinta del bronzo, basterebbe bagnarla con una debole soluzione di idroclorato d ' ammoniaca o di solfato acido di potassa.
36-1	7441-7443	Se	
36-2	7444-7446	si	
36-3	7447-7454	volesse	
36-4	7455-7459	dare	
36-5	7460-7464	alla	
36-6	7465-7473	medaglia	
36-7	7474-7476	la	
36-8	7477-7482	tinta	
36-9	7483-7486	del	
36-10	7487-7493	bronzo	
36-11	7493-7494	,	
36-12	7495-7505	basterebbe	
36-13	7506-7514	bagnarla	
36-14	7515-7518	con	
36-15	7519-7522	una	
36-16	7523-7529	debole	
36-17	7530-7539	soluzione	
36-18	7540-7542	di	
36-19	7543-7554	idroclorato	
36-20	7555-7556	d	
36-21	7557-7558	'	
36-22	7559-7568	ammoniaca	
36-23	7569-7570	o	
36-24	7571-7573	di	
36-25	7574-7581	solfato	
36-26	7582-7587	acido	
36-27	7588-7590	di	
36-28	7591-7598	potassa	
36-29	7598-7599	.	

#Text=Eccoci alla fine a descrivere l ' apparecchio che deve usarsi per ottenere la corrente elettrica necessaria nei lavori di galvano-plastica.
37-1	7600-7606	Eccoci	
37-2	7607-7611	alla	
37-3	7612-7616	fine	
37-4	7617-7618	a	
37-5	7619-7629	descrivere	
37-6	7630-7631	l	
37-7	7632-7633	'	
37-8	7634-7645	apparecchio	
37-9	7646-7649	che	
37-10	7650-7654	deve	
37-11	7655-7661	usarsi	
37-12	7662-7665	per	
37-13	7666-7674	ottenere	
37-14	7675-7677	la	
37-15	7678-7686	corrente	
37-16	7687-7696	elettrica	
37-17	7697-7707	necessaria	
37-18	7708-7711	nei	
37-19	7712-7718	lavori	
37-20	7719-7721	di	
37-21	7722-7738	galvano-plastica	
37-22	7738-7739	.	

#Text=Sin da principio e tuttora s ' usano due sistemi: si adopera una pila ordinaria alla Wollaston a più elementi e si fissa al suo elettrode o polo negativo lo stampo che si fa pescare in una soluzione di solfato di rame insieme all ' altro elettrode: si può anche avere un elemento solo analogo ad una pila di Daniell a forza costante, ed in vece della lastra di rame usare lo stampo.
38-1	7740-7743	Sin	
38-2	7744-7746	da	
38-3	7747-7756	principio	
38-4	7757-7758	e	
38-5	7759-7766	tuttora	
38-6	7767-7768	s	
38-7	7769-7770	'	
38-8	7771-7776	usano	
38-9	7777-7780	due	
38-10	7781-7788	sistemi	
38-11	7788-7789	:	
38-12	7790-7792	si	
38-13	7793-7800	adopera	
38-14	7801-7804	una	
38-15	7805-7809	pila	
38-16	7810-7819	ordinaria	
38-17	7820-7824	alla	
38-18	7825-7834	Wollaston	
38-19	7835-7836	a	
38-20	7837-7840	più	
38-21	7841-7849	elementi	
38-22	7850-7851	e	
38-23	7852-7854	si	
38-24	7855-7860	fissa	
38-25	7861-7863	al	
38-26	7864-7867	suo	
38-27	7868-7877	elettrode	
38-28	7878-7879	o	
38-29	7880-7884	polo	
38-30	7885-7893	negativo	
38-31	7894-7896	lo	
38-32	7897-7903	stampo	
38-33	7904-7907	che	
38-34	7908-7910	si	
38-35	7911-7913	fa	
38-36	7914-7921	pescare	
38-37	7922-7924	in	
38-38	7925-7928	una	
38-39	7929-7938	soluzione	
38-40	7939-7941	di	
38-41	7942-7949	solfato	
38-42	7950-7952	di	
38-43	7953-7957	rame	
38-44	7958-7965	insieme	
38-45	7966-7969	all	
38-46	7970-7971	'	
38-47	7972-7977	altro	
38-48	7978-7987	elettrode	
38-49	7987-7988	:	
38-50	7989-7991	si	
38-51	7992-7995	può	
38-52	7996-8001	anche	
38-53	8002-8007	avere	
38-54	8008-8010	un	
38-55	8011-8019	elemento	
38-56	8020-8024	solo	
38-57	8025-8032	analogo	
38-58	8033-8035	ad	
38-59	8036-8039	una	
38-60	8040-8044	pila	
38-61	8045-8047	di	
38-62	8048-8055	Daniell	
38-63	8056-8057	a	
38-64	8058-8063	forza	
38-65	8064-8072	costante	
38-66	8072-8073	,	
38-67	8074-8076	ed	
38-68	8077-8079	in	
38-69	8080-8084	vece	
38-70	8085-8090	della	
38-71	8091-8097	lastra	
38-72	8098-8100	di	
38-73	8101-8105	rame	
38-74	8106-8111	usare	
38-75	8112-8114	lo	
38-76	8115-8121	stampo	
38-77	8121-8122	.	

#Text=Entriamo in maggiori particolarità sopra questi due sistemi.
39-1	8123-8131	Entriamo	
39-2	8132-8134	in	
39-3	8135-8143	maggiori	
39-4	8144-8157	particolarità	
39-5	8158-8163	sopra	
39-6	8164-8170	questi	
39-7	8171-8174	due	
39-8	8175-8182	sistemi	
39-9	8182-8183	.	

#Text=La pratica ha mostrato che se si vogliono ottenere dei pezzi un poco grandi, la prima maniera è sempre preferibile alla seconda.
40-1	8184-8186	La	
40-2	8187-8194	pratica	
40-3	8195-8197	ha	
40-4	8198-8206	mostrato	
40-5	8207-8210	che	
40-6	8211-8213	se	
40-7	8214-8216	si	
40-8	8217-8225	vogliono	
40-9	8226-8234	ottenere	
40-10	8235-8238	dei	
40-11	8239-8244	pezzi	
40-12	8245-8247	un	
40-13	8248-8252	poco	
40-14	8253-8259	grandi	
40-15	8259-8260	,	
40-16	8261-8263	la	
40-17	8264-8269	prima	
40-18	8270-8277	maniera	
40-19	8278-8279	è	
40-20	8280-8286	sempre	
40-21	8287-8298	preferibile	
40-22	8299-8303	alla	
40-23	8304-8311	seconda	
40-24	8311-8312	.	

#Text=Non v ' è di meglio di una pila di Daniell, per ottenere la corrente, poichè da questa pila sola si riesce ad avere per molti giorni una forza quasi costante.
41-1	8313-8316	Non	
41-2	8317-8318	v	
41-3	8319-8320	'	
41-4	8321-8322	è	
41-5	8323-8325	di	
41-6	8326-8332	meglio	
41-7	8333-8335	di	
41-8	8336-8339	una	
41-9	8340-8344	pila	
41-10	8345-8347	di	
41-11	8348-8355	Daniell	
41-12	8355-8356	,	
41-13	8357-8360	per	
41-14	8361-8369	ottenere	
41-15	8370-8372	la	
41-16	8373-8381	corrente	
41-17	8381-8382	,	
41-18	8383-8389	poichè	
41-19	8390-8392	da	
41-20	8393-8399	questa	
41-21	8400-8404	pila	
41-22	8405-8409	sola	
41-23	8410-8412	si	
41-24	8413-8419	riesce	
41-25	8420-8422	ad	
41-26	8423-8428	avere	
41-27	8429-8432	per	
41-28	8433-8438	molti	
41-29	8439-8445	giorni	
41-30	8446-8449	una	
41-31	8450-8455	forza	
41-32	8456-8461	quasi	
41-33	8462-8470	costante	
41-34	8470-8471	.	

#Text=Si noti che non mai meno di due o tre giorni si richiedono per ottenere un buon saggio di galvanoplastica.
42-1	8472-8474	Si	
42-2	8475-8479	noti	
42-3	8480-8483	che	
42-4	8484-8487	non	
42-5	8488-8491	mai	
42-6	8492-8496	meno	
42-7	8497-8499	di	
42-8	8500-8503	due	
42-9	8504-8505	o	
42-10	8506-8509	tre	
42-11	8510-8516	giorni	
42-12	8517-8519	si	
42-13	8520-8530	richiedono	
42-14	8531-8534	per	
42-15	8535-8543	ottenere	
42-16	8544-8546	un	
42-17	8547-8551	buon	
42-18	8552-8558	saggio	
42-19	8559-8561	di	
42-20	8562-8577	galvanoplastica	
42-21	8577-8578	.	

#Text=La pila o l ' elemento della pila di Daniell si ottiene facilmente avendo un grosso cilindro di zinco Z di 4 in 5 centimetri di diametro (fig. 19) che si conserva sempre bene amalgamato alla superficie, passandovi sopra un po ' di mercurio dopo averlo bagnato in una soluzione di acido solforico.
43-1	8579-8581	La	
43-2	8582-8586	pila	
43-3	8587-8588	o	
43-4	8589-8590	l	
43-5	8591-8592	'	
43-6	8593-8601	elemento	
43-7	8602-8607	della	
43-8	8608-8612	pila	
43-9	8613-8615	di	
43-10	8616-8623	Daniell	
43-11	8624-8626	si	
43-12	8627-8634	ottiene	
43-13	8635-8645	facilmente	
43-14	8646-8652	avendo	
43-15	8653-8655	un	
43-16	8656-8662	grosso	
43-17	8663-8671	cilindro	
43-18	8672-8674	di	
43-19	8675-8680	zinco	
43-20	8681-8682	Z	
43-21	8683-8685	di	
43-22	8686-8687	4	
43-23	8688-8690	in	
43-24	8691-8692	5	
43-25	8693-8703	centimetri	
43-26	8704-8706	di	
43-27	8707-8715	diametro	
43-28	8716-8717	(	
43-29	8717-8720	fig	
43-30	8720-8721	.	
43-31	8722-8724	19	
43-32	8724-8725	)	
43-33	8726-8729	che	
43-34	8730-8732	si	
43-35	8733-8741	conserva	
43-36	8742-8748	sempre	
43-37	8749-8753	bene	
43-38	8754-8764	amalgamato	
43-39	8765-8769	alla	
43-40	8770-8780	superficie	
43-41	8780-8781	,	
43-42	8782-8792	passandovi	
43-43	8793-8798	sopra	
43-44	8799-8801	un	
43-45	8802-8804	po	
43-46	8805-8806	'	
43-47	8807-8809	di	
43-48	8810-8818	mercurio	
43-49	8819-8823	dopo	
43-50	8824-8830	averlo	
43-51	8831-8838	bagnato	
43-52	8839-8841	in	
43-53	8842-8845	una	
43-54	8846-8855	soluzione	
43-55	8856-8858	di	
43-56	8859-8864	acido	
43-57	8865-8874	solforico	
43-58	8874-8875	.	

#Text=Si tiene questo zinco in una cavità cilindrica B che può essere o di legno, o di cuoio, o di grossa tela, o meglio poi di una porcellana appena cotta e non verniciata.
44-1	8876-8878	Si	
44-2	8879-8884	tiene	
44-3	8885-8891	questo	
44-4	8892-8897	zinco	
44-5	8898-8900	in	
44-6	8901-8904	una	
44-7	8905-8911	cavità	
44-8	8912-8922	cilindrica	
44-9	8923-8924	B	
44-10	8925-8928	che	
44-11	8929-8932	può	
44-12	8933-8939	essere	
44-13	8940-8941	o	
44-14	8942-8944	di	
44-15	8945-8950	legno	
44-16	8950-8951	,	
44-17	8952-8953	o	
44-18	8954-8956	di	
44-19	8957-8962	cuoio	
44-20	8962-8963	,	
44-21	8964-8965	o	
44-22	8966-8968	di	
44-23	8969-8975	grossa	
44-24	8976-8980	tela	
44-25	8980-8981	,	
44-26	8982-8983	o	
44-27	8984-8990	meglio	
44-28	8991-8994	poi	
44-29	8995-8997	di	
44-30	8998-9001	una	
44-31	9002-9012	porcellana	
44-32	9013-9019	appena	
44-33	9020-9025	cotta	
44-34	9026-9027	e	
44-35	9028-9031	non	
44-36	9032-9042	verniciata	
44-37	9042-9043	.	

#Text=Si riempie questa cavità di una soluzione formata di una parte d ' acido solforico del commercio con nove d ' acqua in volume, e indi s ' immerge in una soluzione satura di solfato di rame nella quale pesca una lastra di rame R che circonda il cilindro.
45-1	9044-9046	Si	
45-2	9047-9054	riempie	
45-3	9055-9061	questa	
45-4	9062-9068	cavità	
45-5	9069-9071	di	
45-6	9072-9075	una	
45-7	9076-9085	soluzione	
45-8	9086-9093	formata	
45-9	9094-9096	di	
45-10	9097-9100	una	
45-11	9101-9106	parte	
45-12	9107-9108	d	
45-13	9109-9110	'	
45-14	9111-9116	acido	
45-15	9117-9126	solforico	
45-16	9127-9130	del	
45-17	9131-9140	commercio	
45-18	9141-9144	con	
45-19	9145-9149	nove	
45-20	9150-9151	d	
45-21	9152-9153	'	
45-22	9154-9159	acqua	
45-23	9160-9162	in	
45-24	9163-9169	volume	
45-25	9169-9170	,	
45-26	9171-9172	e	
45-27	9173-9177	indi	
45-28	9178-9179	s	
45-29	9180-9181	'	
45-30	9182-9189	immerge	
45-31	9190-9192	in	
45-32	9193-9196	una	
45-33	9197-9206	soluzione	
45-34	9207-9213	satura	
45-35	9214-9216	di	
45-36	9217-9224	solfato	
45-37	9225-9227	di	
45-38	9228-9232	rame	
45-39	9233-9238	nella	
45-40	9239-9244	quale	
45-41	9245-9250	pesca	
45-42	9251-9254	una	
45-43	9255-9261	lastra	
45-44	9262-9264	di	
45-45	9265-9269	rame	
45-46	9270-9271	R	
45-47	9272-9275	che	
45-48	9276-9284	circonda	
45-49	9285-9287	il	
45-50	9288-9296	cilindro	
45-51	9296-9297	.	

#Text=Un sacchetto di tela pieno di cristalli di solfato di rame si tiene immerso alla superficie della soluzione del solfato di rame, per conservarla satura durante tutta l ' operazione.
46-1	9298-9300	Un	
46-2	9301-9310	sacchetto	
46-3	9311-9313	di	
46-4	9314-9318	tela	
46-5	9319-9324	pieno	
46-6	9325-9327	di	
46-7	9328-9337	cristalli	
46-8	9338-9340	di	
46-9	9341-9348	solfato	
46-10	9349-9351	di	
46-11	9352-9356	rame	
46-12	9357-9359	si	
46-13	9360-9365	tiene	
46-14	9366-9373	immerso	
46-15	9374-9378	alla	
46-16	9379-9389	superficie	
46-17	9390-9395	della	
46-18	9396-9405	soluzione	
46-19	9406-9409	del	
46-20	9410-9417	solfato	
46-21	9418-9420	di	
46-22	9421-9425	rame	
46-23	9425-9426	,	
46-24	9427-9430	per	
46-25	9431-9442	conservarla	
46-26	9443-9449	satura	
46-27	9450-9457	durante	
46-28	9458-9463	tutta	
46-29	9464-9465	l	
46-30	9466-9467	'	
46-31	9468-9478	operazione	
46-32	9478-9479	.	

#Text=Pochi elementi di Daniell così fatti e riuniti in pila servono per ottenere qualunque saggio di galvanoplastica anche assai grande di superficie.
47-1	9480-9485	Pochi	
47-2	9486-9494	elementi	
47-3	9495-9497	di	
47-4	9498-9505	Daniell	
47-5	9506-9510	così	
47-6	9511-9516	fatti	
47-7	9517-9518	e	
47-8	9519-9526	riuniti	
47-9	9527-9529	in	
47-10	9530-9534	pila	
47-11	9535-9542	servono	
47-12	9543-9546	per	
47-13	9547-9555	ottenere	
47-14	9556-9565	qualunque	
47-15	9566-9572	saggio	
47-16	9573-9575	di	
47-17	9576-9591	galvanoplastica	
47-18	9592-9597	anche	
47-19	9598-9603	assai	
47-20	9604-9610	grande	
47-21	9611-9613	di	
47-22	9614-9624	superficie	
47-23	9624-9625	.	

#Text=Se il pezzo fosse di una straordinaria grandezza si adoprerebbe una pila d ' un maggior numero di questi elementi.
48-1	9626-9628	Se	
48-2	9629-9631	il	
48-3	9632-9637	pezzo	
48-4	9638-9643	fosse	
48-5	9644-9646	di	
48-6	9647-9650	una	
48-7	9651-9664	straordinaria	
48-8	9665-9674	grandezza	
48-9	9675-9677	si	
48-10	9678-9689	adoprerebbe	
48-11	9690-9693	una	
48-12	9694-9698	pila	
48-13	9699-9700	d	
48-14	9701-9702	'	
48-15	9703-9705	un	
48-16	9706-9713	maggior	
48-17	9714-9720	numero	
48-18	9721-9723	di	
48-19	9724-9730	questi	
48-20	9731-9739	elementi	
48-21	9739-9740	.	

#Text=Stando ai pesi atomici dello zinco e del rame, si dovrebbero ottenere per ogni 403 parti in peso di zinco ossidato e disciolto nella pila, 395 parti di rame, cioè circa lo stesso peso, ed è in fatti questo il risultato che si ottiene in una buona esperienza di galvano-plastica.
49-1	9741-9747	Stando	
49-2	9748-9750	ai	
49-3	9751-9755	pesi	
49-4	9756-9763	atomici	
49-5	9764-9769	dello	
49-6	9770-9775	zinco	
49-7	9776-9777	e	
49-8	9778-9781	del	
49-9	9782-9786	rame	
49-10	9786-9787	,	
49-11	9788-9790	si	
49-12	9791-9801	dovrebbero	
49-13	9802-9810	ottenere	
49-14	9811-9814	per	
49-15	9815-9819	ogni	
49-16	9820-9823	403	
49-17	9824-9829	parti	
49-18	9830-9832	in	
49-19	9833-9837	peso	
49-20	9838-9840	di	
49-21	9841-9846	zinco	
49-22	9847-9855	ossidato	
49-23	9856-9857	e	
49-24	9858-9867	disciolto	
49-25	9868-9873	nella	
49-26	9874-9878	pila	
49-27	9878-9879	,	
49-28	9880-9883	395	
49-29	9884-9889	parti	
49-30	9890-9892	di	
49-31	9893-9897	rame	
49-32	9897-9898	,	
49-33	9899-9903	cioè	
49-34	9904-9909	circa	
49-35	9910-9912	lo	
49-36	9913-9919	stesso	
49-37	9920-9924	peso	
49-38	9924-9925	,	
49-39	9926-9928	ed	
49-40	9929-9930	è	
49-41	9931-9933	in	
49-42	9934-9939	fatti	
49-43	9940-9946	questo	
49-44	9947-9949	il	
49-45	9950-9959	risultato	
49-46	9960-9963	che	
49-47	9964-9966	si	
49-48	9967-9974	ottiene	
49-49	9975-9977	in	
49-50	9978-9981	una	
49-51	9982-9987	buona	
49-52	9988-9998	esperienza	
49-53	9999-10001	di	
49-54	10002-10018	galvano-plastica	
49-55	10018-10019	.	

#Text=I due reofori della pila terminano, come già si è detto, l ' uno collo stampo e l ' altro con una lastra di rame.
50-1	10020-10021	I	
50-2	10022-10025	due	
50-3	10026-10033	reofori	
50-4	10034-10039	della	
50-5	10040-10044	pila	
50-6	10045-10054	terminano	
50-7	10054-10055	,	
50-8	10056-10060	come	
50-9	10061-10064	già	
50-10	10065-10067	si	
50-11	10068-10069	è	
50-12	10070-10075	detto	
50-13	10075-10076	,	
50-14	10077-10078	l	
50-15	10079-10080	'	
50-16	10081-10084	uno	
50-17	10085-10090	collo	
50-18	10091-10097	stampo	
50-19	10098-10099	e	
50-20	10100-10101	l	
50-21	10102-10103	'	
50-22	10104-10109	altro	
50-23	10110-10113	con	
50-24	10114-10117	una	
50-25	10118-10124	lastra	
50-26	10125-10127	di	
50-27	10128-10132	rame	
50-28	10132-10133	.	

#Text=Lo stampo deve esser congiunto collo zinco della pila, e la lastra col rame.
51-1	10134-10136	Lo	
51-2	10137-10143	stampo	
51-3	10144-10148	deve	
51-4	10149-10154	esser	
51-5	10155-10164	congiunto	
51-6	10165-10170	collo	
51-7	10171-10176	zinco	
51-8	10177-10182	della	
51-9	10183-10187	pila	
51-10	10187-10188	,	
51-11	10189-10190	e	
51-12	10191-10193	la	
51-13	10194-10200	lastra	
51-14	10201-10204	col	
51-15	10205-10209	rame	
51-16	10209-10210	.	

#Text=Avendo uno stampo di superficie molto estesa è utile che la vasca di legno o di terra in cui è la soluzione satura di solfato di rame che dev ' essere decomposta dalla corrente, abbia tali dimensioni che lo stampo stesso possa tenervisi orizzontale; parallelamente ad esso e alla distanza di 5 o 4 centimetri si tiene pure la lastra di rame o il polo positivo della pila che deve avere sempre un estensione eguale a quella dello stampo.
52-1	10211-10217	Avendo	
52-2	10218-10221	uno	
52-3	10222-10228	stampo	
52-4	10229-10231	di	
52-5	10232-10242	superficie	
52-6	10243-10248	molto	
52-7	10249-10255	estesa	
52-8	10256-10257	è	
52-9	10258-10263	utile	
52-10	10264-10267	che	
52-11	10268-10270	la	
52-12	10271-10276	vasca	
52-13	10277-10279	di	
52-14	10280-10285	legno	
52-15	10286-10287	o	
52-16	10288-10290	di	
52-17	10291-10296	terra	
52-18	10297-10299	in	
52-19	10300-10303	cui	
52-20	10304-10305	è	
52-21	10306-10308	la	
52-22	10309-10318	soluzione	
52-23	10319-10325	satura	
52-24	10326-10328	di	
52-25	10329-10336	solfato	
52-26	10337-10339	di	
52-27	10340-10344	rame	
52-28	10345-10348	che	
52-29	10349-10352	dev	
52-30	10353-10354	'	
52-31	10355-10361	essere	
52-32	10362-10372	decomposta	
52-33	10373-10378	dalla	
52-34	10379-10387	corrente	
52-35	10387-10388	,	
52-36	10389-10394	abbia	
52-37	10395-10399	tali	
52-38	10400-10410	dimensioni	
52-39	10411-10414	che	
52-40	10415-10417	lo	
52-41	10418-10424	stampo	
52-42	10425-10431	stesso	
52-43	10432-10437	possa	
52-44	10438-10447	tenervisi	
52-45	10448-10459	orizzontale	
52-46	10459-10460	;	
52-47	10461-10475	parallelamente	
52-48	10476-10478	ad	
52-49	10479-10483	esso	
52-50	10484-10485	e	
52-51	10486-10490	alla	
52-52	10491-10499	distanza	
52-53	10500-10502	di	
52-54	10503-10504	5	
52-55	10505-10506	o	
52-56	10507-10508	4	
52-57	10509-10519	centimetri	
52-58	10520-10522	si	
52-59	10523-10528	tiene	
52-60	10529-10533	pure	
52-61	10534-10536	la	
52-62	10537-10543	lastra	
52-63	10544-10546	di	
52-64	10547-10551	rame	
52-65	10552-10553	o	
52-66	10554-10556	il	
52-67	10557-10561	polo	
52-68	10562-10570	positivo	
52-69	10571-10576	della	
52-70	10577-10581	pila	
52-71	10582-10585	che	
52-72	10586-10590	deve	
52-73	10591-10596	avere	
52-74	10597-10603	sempre	
52-75	10604-10606	un	
52-76	10607-10617	estensione	
52-77	10618-10624	eguale	
52-78	10625-10626	a	
52-79	10627-10633	quella	
52-80	10634-10639	dello	
52-81	10640-10646	stampo	
52-82	10646-10647	.	

#Text=Sarà bene che lo stampo sia disposto inferiormente, essendo così più facile ad essere sostenuto, lo che si fa posandolo sopra sostegni di vetro o di porcellana che sono nel fondo della vasca, e sui quali si colloca colla sua faccia verniciata.
53-1	10648-10652	Sarà	
53-2	10653-10657	bene	
53-3	10658-10661	che	
53-4	10662-10664	lo	
53-5	10665-10671	stampo	
53-6	10672-10675	sia	
53-7	10676-10684	disposto	
53-8	10685-10698	inferiormente	
53-9	10698-10699	,	
53-10	10700-10707	essendo	
53-11	10708-10712	così	
53-12	10713-10716	più	
53-13	10717-10723	facile	
53-14	10724-10726	ad	
53-15	10727-10733	essere	
53-16	10734-10743	sostenuto	
53-17	10743-10744	,	
53-18	10745-10747	lo	
53-19	10748-10751	che	
53-20	10752-10754	si	
53-21	10755-10757	fa	
53-22	10758-10767	posandolo	
53-23	10768-10773	sopra	
53-24	10774-10782	sostegni	
53-25	10783-10785	di	
53-26	10786-10791	vetro	
53-27	10792-10793	o	
53-28	10794-10796	di	
53-29	10797-10807	porcellana	
53-30	10808-10811	che	
53-31	10812-10816	sono	
53-32	10817-10820	nel	
53-33	10821-10826	fondo	
53-34	10827-10832	della	
53-35	10833-10838	vasca	
53-36	10838-10839	,	
53-37	10840-10841	e	
53-38	10842-10845	sui	
53-39	10846-10851	quali	
53-40	10852-10854	si	
53-41	10855-10862	colloca	
53-42	10863-10868	colla	
53-43	10869-10872	sua	
53-44	10873-10879	faccia	
53-45	10880-10890	verniciata	
53-46	10890-10891	.	

#Text=Volendosi ottenere varie medaglie in una sola esperienza, si usa di avere per vasca una delle solite cassette di porcellana che si usano per la pila di Wollaston, divise in più compartimenti da tanti strati di porcellana o di vetro.
54-1	10892-10901	Volendosi	
54-2	10902-10910	ottenere	
54-3	10911-10916	varie	
54-4	10917-10925	medaglie	
54-5	10926-10928	in	
54-6	10929-10932	una	
54-7	10933-10937	sola	
54-8	10938-10948	esperienza	
54-9	10948-10949	,	
54-10	10950-10952	si	
54-11	10953-10956	usa	
54-12	10957-10959	di	
54-13	10960-10965	avere	
54-14	10966-10969	per	
54-15	10970-10975	vasca	
54-16	10976-10979	una	
54-17	10980-10985	delle	
54-18	10986-10992	solite	
54-19	10993-11001	cassette	
54-20	11002-11004	di	
54-21	11005-11015	porcellana	
54-22	11016-11019	che	
54-23	11020-11022	si	
54-24	11023-11028	usano	
54-25	11029-11032	per	
54-26	11033-11035	la	
54-27	11036-11040	pila	
54-28	11041-11043	di	
54-29	11044-11053	Wollaston	
54-30	11053-11054	,	
54-31	11055-11061	divise	
54-32	11062-11064	in	
54-33	11065-11068	più	
54-34	11069-11082	compartimenti	
54-35	11083-11085	da	
54-36	11086-11091	tanti	
54-37	11092-11098	strati	
54-38	11099-11101	di	
54-39	11102-11112	porcellana	
54-40	11113-11114	o	
54-41	11115-11117	di	
54-42	11118-11123	vetro	
54-43	11123-11124	.	

#Text=In questo modo a cavallo di ognuno di questi strati si colloca un arco che termina da una parte con una lastra di rame, dall ' altra collo stampo.
55-1	11125-11127	In	
55-2	11128-11134	questo	
55-3	11135-11139	modo	
55-4	11140-11141	a	
55-5	11142-11149	cavallo	
55-6	11150-11152	di	
55-7	11153-11159	ognuno	
55-8	11160-11162	di	
55-9	11163-11169	questi	
55-10	11170-11176	strati	
55-11	11177-11179	si	
55-12	11180-11187	colloca	
55-13	11188-11190	un	
55-14	11191-11195	arco	
55-15	11196-11199	che	
55-16	11200-11207	termina	
55-17	11208-11210	da	
55-18	11211-11214	una	
55-19	11215-11220	parte	
55-20	11221-11224	con	
55-21	11225-11228	una	
55-22	11229-11235	lastra	
55-23	11236-11238	di	
55-24	11239-11243	rame	
55-25	11243-11244	,	
55-26	11245-11249	dall	
55-27	11250-11251	'	
55-28	11252-11257	altra	
55-29	11258-11263	collo	
55-30	11264-11270	stampo	
55-31	11270-11271	.	

#Text=Tutti gli stampi sono volti da una stessa parte, in guisa che sempre in ognuno di essi entri la corrente positiva e che per conseguenza in ogni cavità si trovi la lastra di rame di uno degli archi e lo stampo dell ' altro.
56-1	11272-11277	Tutti	
56-2	11278-11281	gli	
56-3	11282-11288	stampi	
56-4	11289-11293	sono	
56-5	11294-11299	volti	
56-6	11300-11302	da	
56-7	11303-11306	una	
56-8	11307-11313	stessa	
56-9	11314-11319	parte	
56-10	11319-11320	,	
56-11	11321-11323	in	
56-12	11324-11329	guisa	
56-13	11330-11333	che	
56-14	11334-11340	sempre	
56-15	11341-11343	in	
56-16	11344-11350	ognuno	
56-17	11351-11353	di	
56-18	11354-11358	essi	
56-19	11359-11364	entri	
56-20	11365-11367	la	
56-21	11368-11376	corrente	
56-22	11377-11385	positiva	
56-23	11386-11387	e	
56-24	11388-11391	che	
56-25	11392-11395	per	
56-26	11396-11407	conseguenza	
56-27	11408-11410	in	
56-28	11411-11415	ogni	
56-29	11416-11422	cavità	
56-30	11423-11425	si	
56-31	11426-11431	trovi	
56-32	11432-11434	la	
56-33	11435-11441	lastra	
56-34	11442-11444	di	
56-35	11445-11449	rame	
56-36	11450-11452	di	
56-37	11453-11456	uno	
56-38	11457-11462	degli	
56-39	11463-11468	archi	
56-40	11469-11470	e	
56-41	11471-11473	lo	
56-42	11474-11480	stampo	
56-43	11481-11485	dell	
56-44	11486-11487	'	
56-45	11488-11493	altro	
56-46	11493-11494	.	

#Text=Per costruire delle statue colla galvano-plastica, s ' incontrano difficoltà che non esistono per i bassi rilievi e per le medaglie.
57-1	11495-11498	Per	
57-2	11499-11508	costruire	
57-3	11509-11514	delle	
57-4	11515-11521	statue	
57-5	11522-11527	colla	
57-6	11528-11544	galvano-plastica	
57-7	11544-11545	,	
57-8	11546-11547	s	
57-9	11548-11549	'	
57-10	11550-11560	incontrano	
57-11	11561-11571	difficoltà	
57-12	11572-11575	che	
57-13	11576-11579	non	
57-14	11580-11588	esistono	
57-15	11589-11592	per	
57-16	11593-11594	i	
57-17	11595-11600	bassi	
57-18	11601-11608	rilievi	
57-19	11609-11610	e	
57-20	11611-11614	per	
57-21	11615-11617	le	
57-22	11618-11626	medaglie	
57-23	11626-11627	.	

#Text=Dissi già che conveniva formare lo stampo, come se si volesse colarvi dentro il metallo; la difficoltà maggiore proviene dal doversi precipitare in questo caso il rame nell ' interno di una cavità che comunica colla massa liquida per mezzo di uno o due fori assai stretti, per cui la corrente è assai indebolita.
58-1	11628-11633	Dissi	
58-2	11634-11637	già	
58-3	11638-11641	che	
58-4	11642-11651	conveniva	
58-5	11652-11659	formare	
58-6	11660-11662	lo	
58-7	11663-11669	stampo	
58-8	11669-11670	,	
58-9	11671-11675	come	
58-10	11676-11678	se	
58-11	11679-11681	si	
58-12	11682-11689	volesse	
58-13	11690-11697	colarvi	
58-14	11698-11704	dentro	
58-15	11705-11707	il	
58-16	11708-11715	metallo	
58-17	11715-11716	;	
58-18	11717-11719	la	
58-19	11720-11730	difficoltà	
58-20	11731-11739	maggiore	
58-21	11740-11748	proviene	
58-22	11749-11752	dal	
58-23	11753-11760	doversi	
58-24	11761-11772	precipitare	
58-25	11773-11775	in	
58-26	11776-11782	questo	
58-27	11783-11787	caso	
58-28	11788-11790	il	
58-29	11791-11795	rame	
58-30	11796-11800	nell	
58-31	11801-11802	'	
58-32	11803-11810	interno	
58-33	11811-11813	di	
58-34	11814-11817	una	
58-35	11818-11824	cavità	
58-36	11825-11828	che	
58-37	11829-11837	comunica	
58-38	11838-11843	colla	
58-39	11844-11849	massa	
58-40	11850-11857	liquida	
58-41	11858-11861	per	
58-42	11862-11867	mezzo	
58-43	11868-11870	di	
58-44	11871-11874	uno	
58-45	11875-11876	o	
58-46	11877-11880	due	
58-47	11881-11885	fori	
58-48	11886-11891	assai	
58-49	11892-11899	stretti	
58-50	11899-11900	,	
58-51	11901-11904	per	
58-52	11905-11908	cui	
58-53	11909-11911	la	
58-54	11912-11920	corrente	
58-55	11921-11922	è	
58-56	11923-11928	assai	
58-57	11929-11939	indebolita	
58-58	11939-11940	.	

#Text=Oltre di che è quasi impossibile di tenere la massa liquida interna satura egualmente di solfato di rame in tutti i punti, per cui accade spesso che esso si precipita assai disugualmente sulla superficie dello stampo e non di rado avviene che si chiudono i fori.
59-1	11941-11946	Oltre	
59-2	11947-11949	di	
59-3	11950-11953	che	
59-4	11954-11955	è	
59-5	11956-11961	quasi	
59-6	11962-11973	impossibile	
59-7	11974-11976	di	
59-8	11977-11983	tenere	
59-9	11984-11986	la	
59-10	11987-11992	massa	
59-11	11993-12000	liquida	
59-12	12001-12008	interna	
59-13	12009-12015	satura	
59-14	12016-12026	egualmente	
59-15	12027-12029	di	
59-16	12030-12037	solfato	
59-17	12038-12040	di	
59-18	12041-12045	rame	
59-19	12046-12048	in	
59-20	12049-12054	tutti	
59-21	12055-12056	i	
59-22	12057-12062	punti	
59-23	12062-12063	,	
59-24	12064-12067	per	
59-25	12068-12071	cui	
59-26	12072-12078	accade	
59-27	12079-12085	spesso	
59-28	12086-12089	che	
59-29	12090-12094	esso	
59-30	12095-12097	si	
59-31	12098-12107	precipita	
59-32	12108-12113	assai	
59-33	12114-12127	disugualmente	
59-34	12128-12133	sulla	
59-35	12134-12144	superficie	
59-36	12145-12150	dello	
59-37	12151-12157	stampo	
59-38	12158-12159	e	
59-39	12160-12163	non	
59-40	12164-12166	di	
59-41	12167-12171	rado	
59-42	12172-12179	avviene	
59-43	12180-12183	che	
59-44	12184-12186	si	
59-45	12187-12195	chiudono	
59-46	12196-12197	i	
59-47	12198-12202	fori	
59-48	12202-12203	.	

#Text=Per queste ragioni non si è riesciti fin qui a formare colla galvano-plastica delle statue di grandi dimensioni.
60-1	12204-12207	Per	
60-2	12208-12214	queste	
60-3	12215-12222	ragioni	
60-4	12223-12226	non	
60-5	12227-12229	si	
60-6	12230-12231	è	
60-7	12232-12240	riesciti	
60-8	12241-12244	fin	
60-9	12245-12248	qui	
60-10	12249-12250	a	
60-11	12251-12258	formare	
60-12	12259-12264	colla	
60-13	12265-12281	galvano-plastica	
60-14	12282-12287	delle	
60-15	12288-12294	statue	
60-16	12295-12297	di	
60-17	12298-12304	grandi	
60-18	12305-12315	dimensioni	
60-19	12315-12316	.	

#Text=È a credersi che si riescirà sempre meglio in questo intento formando le due metà della statua separatamente come per le medaglie, e poscia saldandole assieme.
61-1	12317-12318	È	
61-2	12319-12320	a	
61-3	12321-12329	credersi	
61-4	12330-12333	che	
61-5	12334-12336	si	
61-6	12337-12345	riescirà	
61-7	12346-12352	sempre	
61-8	12353-12359	meglio	
61-9	12360-12362	in	
61-10	12363-12369	questo	
61-11	12370-12377	intento	
61-12	12378-12386	formando	
61-13	12387-12389	le	
61-14	12390-12393	due	
61-15	12394-12398	metà	
61-16	12399-12404	della	
61-17	12405-12411	statua	
61-18	12412-12425	separatamente	
61-19	12426-12430	come	
61-20	12431-12434	per	
61-21	12435-12437	le	
61-22	12438-12446	medaglie	
61-23	12446-12447	,	
61-24	12448-12449	e	
61-25	12450-12456	poscia	
61-26	12457-12467	saldandole	
61-27	12468-12475	assieme	
61-28	12475-12476	.	

#Text=Nello stesso modo con cui abbiamo visto ottenersi delle medaglie o dei bassi rilievi, precipitando il rame sullo stampo per mezzo della corrente, possono anche ottenersi e collo stesso processo gli stampi delle medaglie o dei bassi rilievi.
62-1	12477-12482	Nello	
62-2	12483-12489	stesso	
62-3	12490-12494	modo	
62-4	12495-12498	con	
62-5	12499-12502	cui	
62-6	12503-12510	abbiamo	
62-7	12511-12516	visto	
62-8	12517-12526	ottenersi	
62-9	12527-12532	delle	
62-10	12533-12541	medaglie	
62-11	12542-12543	o	
62-12	12544-12547	dei	
62-13	12548-12553	bassi	
62-14	12554-12561	rilievi	
62-15	12561-12562	,	
62-16	12563-12575	precipitando	
62-17	12576-12578	il	
62-18	12579-12583	rame	
62-19	12584-12589	sullo	
62-20	12590-12596	stampo	
62-21	12597-12600	per	
62-22	12601-12606	mezzo	
62-23	12607-12612	della	
62-24	12613-12621	corrente	
62-25	12621-12622	,	
62-26	12623-12630	possono	
62-27	12631-12636	anche	
62-28	12637-12646	ottenersi	
62-29	12647-12648	e	
62-30	12649-12654	collo	
62-31	12655-12661	stesso	
62-32	12662-12670	processo	
62-33	12671-12674	gli	
62-34	12675-12681	stampi	
62-35	12682-12687	delle	
62-36	12688-12696	medaglie	
62-37	12697-12698	o	
62-38	12699-12702	dei	
62-39	12703-12708	bassi	
62-40	12709-12716	rilievi	
62-41	12716-12717	.	

#Text=Si ottengono così delle tavole simili a quelle con cui si fanno le edizioni stereotipe.
63-1	12718-12720	Si	
63-2	12721-12730	ottengono	
63-3	12731-12735	così	
63-4	12736-12741	delle	
63-5	12742-12748	tavole	
63-6	12749-12755	simili	
63-7	12756-12757	a	
63-8	12758-12764	quelle	
63-9	12765-12768	con	
63-10	12769-12772	cui	
63-11	12773-12775	si	
63-12	12776-12781	fanno	
63-13	12782-12784	le	
63-14	12785-12793	edizioni	
63-15	12794-12804	stereotipe	
63-16	12804-12805	.	

#Text=L ' altro sistema od apparecchio per la galvano-plastica è quello, come già vi dissi, in cui lo stampo forma l ' elemento negativo di una pila di Daniell.
64-1	12806-12807	L	
64-2	12808-12809	'	
64-3	12810-12815	altro	
64-4	12816-12823	sistema	
64-5	12824-12826	od	
64-6	12827-12838	apparecchio	
64-7	12839-12842	per	
64-8	12843-12845	la	
64-9	12846-12862	galvano-plastica	
64-10	12863-12864	è	
64-11	12865-12871	quello	
64-12	12871-12872	,	
64-13	12873-12877	come	
64-14	12878-12881	già	
64-15	12882-12884	vi	
64-16	12885-12890	dissi	
64-17	12890-12891	,	
64-18	12892-12894	in	
64-19	12895-12898	cui	
64-20	12899-12901	lo	
64-21	12902-12908	stampo	
64-22	12909-12914	forma	
64-23	12915-12916	l	
64-24	12917-12918	'	
64-25	12919-12927	elemento	
64-26	12928-12936	negativo	
64-27	12937-12939	di	
64-28	12940-12943	una	
64-29	12944-12948	pila	
64-30	12949-12951	di	
64-31	12952-12959	Daniell	
64-32	12959-12960	.	

#Text=Non è che per piccole medaglie che quest ' apparecchio può servire, e in ogni caso le prove riescono sempre meno perfette di quelle che si hanno usando la pila separata dalla vasca di decomposizione in cui si tiene lo stampo.
65-1	12961-12964	Non	
65-2	12965-12966	è	
65-3	12967-12970	che	
65-4	12971-12974	per	
65-5	12975-12982	piccole	
65-6	12983-12991	medaglie	
65-7	12992-12995	che	
65-8	12996-13001	quest	
65-9	13002-13003	'	
65-10	13004-13015	apparecchio	
65-11	13016-13019	può	
65-12	13020-13027	servire	
65-13	13027-13028	,	
65-14	13029-13030	e	
65-15	13031-13033	in	
65-16	13034-13038	ogni	
65-17	13039-13043	caso	
65-18	13044-13046	le	
65-19	13047-13052	prove	
65-20	13053-13061	riescono	
65-21	13062-13068	sempre	
65-22	13069-13073	meno	
65-23	13074-13082	perfette	
65-24	13083-13085	di	
65-25	13086-13092	quelle	
65-26	13093-13096	che	
65-27	13097-13099	si	
65-28	13100-13105	hanno	
65-29	13106-13112	usando	
65-30	13113-13115	la	
65-31	13116-13120	pila	
65-32	13121-13129	separata	
65-33	13130-13135	dalla	
65-34	13136-13141	vasca	
65-35	13142-13144	di	
65-36	13145-13159	decomposizione	
65-37	13160-13162	in	
65-38	13163-13166	cui	
65-39	13167-13169	si	
65-40	13170-13175	tiene	
65-41	13176-13178	lo	
65-42	13179-13185	stampo	
65-43	13185-13186	.	

#Text=Per compiere questa lezione, mi rimane finalmente a dirvi dell ' incisione galvanica.
66-1	13187-13190	Per	
66-2	13191-13199	compiere	
66-3	13200-13206	questa	
66-4	13207-13214	lezione	
66-5	13214-13215	,	
66-6	13216-13218	mi	
66-7	13219-13225	rimane	
66-8	13226-13236	finalmente	
66-9	13237-13238	a	
66-10	13239-13244	dirvi	
66-11	13245-13249	dell	
66-12	13250-13251	'	
66-13	13252-13261	incisione	
66-14	13262-13271	galvanica	
66-15	13271-13272	.	

#Text=In questo processo la corrente elettrica fa quello che fa l ' acqua forte o l ' acido nitrico nel metodo ordinario d ' incisione.
67-1	13273-13275	In	
67-2	13276-13282	questo	
67-3	13283-13291	processo	
67-4	13292-13294	la	
67-5	13295-13303	corrente	
67-6	13304-13313	elettrica	
67-7	13314-13316	fa	
67-8	13317-13323	quello	
67-9	13324-13327	che	
67-10	13328-13330	fa	
67-11	13331-13332	l	
67-12	13333-13334	'	
67-13	13335-13340	acqua	
67-14	13341-13346	forte	
67-15	13347-13348	o	
67-16	13349-13350	l	
67-17	13351-13352	'	
67-18	13353-13358	acido	
67-19	13359-13366	nitrico	
67-20	13367-13370	nel	
67-21	13371-13377	metodo	
67-22	13378-13387	ordinario	
67-23	13388-13389	d	
67-24	13390-13391	'	
67-25	13392-13401	incisione	
67-26	13401-13402	.	

#Text=Si prende una lastra di rame sulla quale si stende a caldo uno strato della vernice da incidere formata d ' asfalto e di cera o pece nera.
68-1	13403-13405	Si	
68-2	13406-13412	prende	
68-3	13413-13416	una	
68-4	13417-13423	lastra	
68-5	13424-13426	di	
68-6	13427-13431	rame	
68-7	13432-13437	sulla	
68-8	13438-13443	quale	
68-9	13444-13446	si	
68-10	13447-13453	stende	
68-11	13454-13455	a	
68-12	13456-13461	caldo	
68-13	13462-13465	uno	
68-14	13466-13472	strato	
68-15	13473-13478	della	
68-16	13479-13486	vernice	
68-17	13487-13489	da	
68-18	13490-13498	incidere	
68-19	13499-13506	formata	
68-20	13507-13508	d	
68-21	13509-13510	'	
68-22	13511-13518	asfalto	
68-23	13519-13520	e	
68-24	13521-13523	di	
68-25	13524-13528	cera	
68-26	13529-13530	o	
68-27	13531-13535	pece	
68-28	13536-13540	nera	
68-29	13540-13541	.	

#Text=Indi sopra questa superficie verniciata ed affumicata s ' incide con una punta d ' acciaio il disegno.
69-1	13542-13546	Indi	
69-2	13547-13552	sopra	
69-3	13553-13559	questa	
69-4	13560-13570	superficie	
69-5	13571-13581	verniciata	
69-6	13582-13584	ed	
69-7	13585-13595	affumicata	
69-8	13596-13597	s	
69-9	13598-13599	'	
69-10	13600-13606	incide	
69-11	13607-13610	con	
69-12	13611-13614	una	
69-13	13615-13620	punta	
69-14	13621-13622	d	
69-15	13623-13624	'	
69-16	13625-13632	acciaio	
69-17	13633-13635	il	
69-18	13636-13643	disegno	
69-19	13643-13644	.	

#Text=La lastra così preparata si fissa, non più al polo negativo, ma al polo positivo della pila, nel qual modo l ' ossigene e l ' acido, che la corrente porta sui punti della lastra di rame lasciati scoperti nel fare il disegno, disciolgono questi punti e vi formano l ' incisione.
70-1	13645-13647	La	
70-2	13648-13654	lastra	
70-3	13655-13659	così	
70-4	13660-13669	preparata	
70-5	13670-13672	si	
70-6	13673-13678	fissa	
70-7	13678-13679	,	
70-8	13680-13683	non	
70-9	13684-13687	più	
70-10	13688-13690	al	
70-11	13691-13695	polo	
70-12	13696-13704	negativo	
70-13	13704-13705	,	
70-14	13706-13708	ma	
70-15	13709-13711	al	
70-16	13712-13716	polo	
70-17	13717-13725	positivo	
70-18	13726-13731	della	
70-19	13732-13736	pila	
70-20	13736-13737	,	
70-21	13738-13741	nel	
70-22	13742-13746	qual	
70-23	13747-13751	modo	
70-24	13752-13753	l	
70-25	13754-13755	'	
70-26	13756-13764	ossigene	
70-27	13765-13766	e	
70-28	13767-13768	l	
70-29	13769-13770	'	
70-30	13771-13776	acido	
70-31	13776-13777	,	
70-32	13778-13781	che	
70-33	13782-13784	la	
70-34	13785-13793	corrente	
70-35	13794-13799	porta	
70-36	13800-13803	sui	
70-37	13804-13809	punti	
70-38	13810-13815	della	
70-39	13816-13822	lastra	
70-40	13823-13825	di	
70-41	13826-13830	rame	
70-42	13831-13839	lasciati	
70-43	13840-13848	scoperti	
70-44	13849-13852	nel	
70-45	13853-13857	fare	
70-46	13858-13860	il	
70-47	13861-13868	disegno	
70-48	13868-13869	,	
70-49	13870-13881	disciolgono	
70-50	13882-13888	questi	
70-51	13889-13894	punti	
70-52	13895-13896	e	
70-53	13897-13899	vi	
70-54	13900-13907	formano	
70-55	13908-13909	l	
70-56	13910-13911	'	
70-57	13912-13921	incisione	
70-58	13921-13922	.	

#Text=Bastano generalmente dieci minuti perchè l ' esperienza sia finita.
71-1	13923-13930	Bastano	
71-2	13931-13943	generalmente	
71-3	13944-13949	dieci	
71-4	13950-13956	minuti	
71-5	13957-13963	perchè	
71-6	13964-13965	l	
71-7	13966-13967	'	
71-8	13968-13978	esperienza	
71-9	13979-13982	sia	
71-10	13983-13989	finita	
71-11	13989-13990	.	

#Text=Onde l ' incisione riesca perfetta conviene ritirare la lastra di tanto in tanto, per ricoprire con vernice i tratti più fini, che formano le mezze tinte.
72-1	13991-13995	Onde	
72-2	13996-13997	l	
72-3	13998-13999	'	
72-4	14000-14009	incisione	
72-5	14010-14016	riesca	
72-6	14017-14025	perfetta	
72-7	14026-14034	conviene	
72-8	14035-14043	ritirare	
72-9	14044-14046	la	
72-10	14047-14053	lastra	
72-11	14054-14056	di	
72-12	14057-14062	tanto	
72-13	14063-14065	in	
72-14	14066-14071	tanto	
72-15	14071-14072	,	
72-16	14073-14076	per	
72-17	14077-14086	ricoprire	
72-18	14087-14090	con	
72-19	14091-14098	vernice	
72-20	14099-14100	i	
72-21	14101-14107	tratti	
72-22	14108-14111	più	
72-23	14112-14116	fini	
72-24	14116-14117	,	
72-25	14118-14121	che	
72-26	14122-14129	formano	
72-27	14130-14132	le	
72-28	14133-14138	mezze	
72-29	14139-14144	tinte	
72-30	14144-14145	.	

#Text=È certo che in meno di due ore si può avere così una lastra assai bene incisa.
73-1	14146-14147	È	
73-2	14148-14153	certo	
73-3	14154-14157	che	
73-4	14158-14160	in	
73-5	14161-14165	meno	
73-6	14166-14168	di	
73-7	14169-14172	due	
73-8	14173-14176	ore	
73-9	14177-14179	si	
73-10	14180-14183	può	
73-11	14184-14189	avere	
73-12	14190-14194	così	
73-13	14195-14198	una	
73-14	14199-14205	lastra	
73-15	14206-14211	assai	
73-16	14212-14216	bene	
73-17	14217-14223	incisa	
73-18	14223-14224	.	

#Text=Si è usato ancora di adoperare la lamina di rame dorata coi metodi che descriveremo nella lezione prossima in vece che verniciata, tracciando il disegno sullo strato d ' oro come si fa sulla vernice.
74-1	14225-14227	Si	
74-2	14228-14229	è	
74-3	14230-14235	usato	
74-4	14236-14242	ancora	
74-5	14243-14245	di	
74-6	14246-14255	adoperare	
74-7	14256-14258	la	
74-8	14259-14265	lamina	
74-9	14266-14268	di	
74-10	14269-14273	rame	
74-11	14274-14280	dorata	
74-12	14281-14284	coi	
74-13	14285-14291	metodi	
74-14	14292-14295	che	
74-15	14296-14308	descriveremo	
74-16	14309-14314	nella	
74-17	14315-14322	lezione	
74-18	14323-14331	prossima	
74-19	14332-14334	in	
74-20	14335-14339	vece	
74-21	14340-14343	che	
74-22	14344-14354	verniciata	
74-23	14354-14355	,	
74-24	14356-14366	tracciando	
74-25	14367-14369	il	
74-26	14370-14377	disegno	
74-27	14378-14383	sullo	
74-28	14384-14390	strato	
74-29	14391-14392	d	
74-30	14393-14394	'	
74-31	14395-14398	oro	
74-32	14399-14403	come	
74-33	14404-14406	si	
74-34	14407-14409	fa	
74-35	14410-14415	sulla	
74-36	14416-14423	vernice	
74-37	14423-14424	.	

#Text=In questo modo il disegno e l ' incisione possono essere ottenuti di una maggiore finezza che colla vernice.
75-1	14425-14427	In	
75-2	14428-14434	questo	
75-3	14435-14439	modo	
75-4	14440-14442	il	
75-5	14443-14450	disegno	
75-6	14451-14452	e	
75-7	14453-14454	l	
75-8	14455-14456	'	
75-9	14457-14466	incisione	
75-10	14467-14474	possono	
75-11	14475-14481	essere	
75-12	14482-14490	ottenuti	
75-13	14491-14493	di	
75-14	14494-14497	una	
75-15	14498-14506	maggiore	
75-16	14507-14514	finezza	
75-17	14515-14518	che	
75-18	14519-14524	colla	
75-19	14525-14532	vernice	
75-20	14532-14533	.	

#Text=Parlerò per ultimo dell ' incisione elettrica delle prove dagherriane.
76-1	14534-14541	Parlerò	
76-2	14542-14545	per	
76-3	14546-14552	ultimo	
76-4	14553-14557	dell	
76-5	14558-14559	'	
76-6	14560-14569	incisione	
76-7	14570-14579	elettrica	
76-8	14580-14585	delle	
76-9	14586-14591	prove	
76-10	14592-14603	dagherriane	
76-11	14603-14604	.	

#Text=È noto che in queste prove le tinte nere sono prodotte dall ' argento e le chiare dal mercurio.
77-1	14605-14606	È	
77-2	14607-14611	noto	
77-3	14612-14615	che	
77-4	14616-14618	in	
77-5	14619-14625	queste	
77-6	14626-14631	prove	
77-7	14632-14634	le	
77-8	14635-14640	tinte	
77-9	14641-14645	nere	
77-10	14646-14650	sono	
77-11	14651-14659	prodotte	
77-12	14660-14664	dall	
77-13	14665-14666	'	
77-14	14667-14674	argento	
77-15	14675-14676	e	
77-16	14677-14679	le	
77-17	14680-14686	chiare	
77-18	14687-14690	dal	
77-19	14691-14699	mercurio	
77-20	14699-14700	.	

#Text=La lastra di Daguerre si congiunge al polo rame della pila, e allo zinco si unisce una lamina di platino.
78-1	14701-14703	La	
78-2	14704-14710	lastra	
78-3	14711-14713	di	
78-4	14714-14722	Daguerre	
78-5	14723-14725	si	
78-6	14726-14735	congiunge	
78-7	14736-14738	al	
78-8	14739-14743	polo	
78-9	14744-14748	rame	
78-10	14749-14754	della	
78-11	14755-14759	pila	
78-12	14759-14760	,	
78-13	14761-14762	e	
78-14	14763-14767	allo	
78-15	14768-14773	zinco	
78-16	14774-14776	si	
78-17	14777-14783	unisce	
78-18	14784-14787	una	
78-19	14788-14794	lamina	
78-20	14795-14797	di	
78-21	14798-14805	platino	
78-22	14805-14806	.	

#Text=Queste due lastre, una di platino e l ' altra di Daguerre s ' immergono assai prossime e parallele in una soluzione formata di parti eguali di acido idro-clorico e di acqua.
79-1	14807-14813	Queste	
79-2	14814-14817	due	
79-3	14818-14824	lastre	
79-4	14824-14825	,	
79-5	14826-14829	una	
79-6	14830-14832	di	
79-7	14833-14840	platino	
79-8	14841-14842	e	
79-9	14843-14844	l	
79-10	14845-14846	'	
79-11	14847-14852	altra	
79-12	14853-14855	di	
79-13	14856-14864	Daguerre	
79-14	14865-14866	s	
79-15	14867-14868	'	
79-16	14869-14878	immergono	
79-17	14879-14884	assai	
79-18	14885-14893	prossime	
79-19	14894-14895	e	
79-20	14896-14905	parallele	
79-21	14906-14908	in	
79-22	14909-14912	una	
79-23	14913-14922	soluzione	
79-24	14923-14930	formata	
79-25	14931-14933	di	
79-26	14934-14939	parti	
79-27	14940-14946	eguali	
79-28	14947-14949	di	
79-29	14950-14955	acido	
79-30	14956-14968	idro-clorico	
79-31	14969-14970	e	
79-32	14971-14973	di	
79-33	14974-14979	acqua	
79-34	14979-14980	.	

#Text=Fatta passare per un certo tempo la corrente, si ritira la lastra di Daguerre e si lava nell ' acqua distillata, e si ottiene il disegno originale con un bel colore di terra di Siena.
80-1	14981-14986	Fatta	
80-2	14987-14994	passare	
80-3	14995-14998	per	
80-4	14999-15001	un	
80-5	15002-15007	certo	
80-6	15008-15013	tempo	
80-7	15014-15016	la	
80-8	15017-15025	corrente	
80-9	15025-15026	,	
80-10	15027-15029	si	
80-11	15030-15036	ritira	
80-12	15037-15039	la	
80-13	15040-15046	lastra	
80-14	15047-15049	di	
80-15	15050-15058	Daguerre	
80-16	15059-15060	e	
80-17	15061-15063	si	
80-18	15064-15068	lava	
80-19	15069-15073	nell	
80-20	15074-15075	'	
80-21	15076-15081	acqua	
80-22	15082-15092	distillata	
80-23	15092-15093	,	
80-24	15094-15095	e	
80-25	15096-15098	si	
80-26	15099-15106	ottiene	
80-27	15107-15109	il	
80-28	15110-15117	disegno	
80-29	15118-15127	originale	
80-30	15128-15131	con	
80-31	15132-15134	un	
80-32	15135-15138	bel	
80-33	15139-15145	colore	
80-34	15146-15148	di	
80-35	15149-15154	terra	
80-36	15155-15157	di	
80-37	15158-15163	Siena	
80-38	15163-15164	.	

#Text=Non si ha più che a lavare la lastra con una debole soluzione d ' ammoniaca e quindi ad asciugarla, perchè l ' operazione sia finita.
81-1	15165-15168	Non	
81-2	15169-15171	si	
81-3	15172-15174	ha	
81-4	15175-15178	più	
81-5	15179-15182	che	
81-6	15183-15184	a	
81-7	15185-15191	lavare	
81-8	15192-15194	la	
81-9	15195-15201	lastra	
81-10	15202-15205	con	
81-11	15206-15209	una	
81-12	15210-15216	debole	
81-13	15217-15226	soluzione	
81-14	15227-15228	d	
81-15	15229-15230	'	
81-16	15231-15240	ammoniaca	
81-17	15241-15242	e	
81-18	15243-15249	quindi	
81-19	15250-15252	ad	
81-20	15253-15263	asciugarla	
81-21	15263-15264	,	
81-22	15265-15271	perchè	
81-23	15272-15273	l	
81-24	15274-15275	'	
81-25	15276-15286	operazione	
81-26	15287-15290	sia	
81-27	15291-15297	finita	
81-28	15297-15298	.	

#Text=È accaduto in questo processo che l ' ossigene e il cloro, portati dalla corrente sul polo positivo della pila, hanno formato uno strato di ossicloruro di mercurio per essersi combinati con questo metallo a preferenza dell ' argento.
82-1	15299-15300	È	
82-2	15301-15309	accaduto	
82-3	15310-15312	in	
82-4	15313-15319	questo	
82-5	15320-15328	processo	
82-6	15329-15332	che	
82-7	15333-15334	l	
82-8	15335-15336	'	
82-9	15337-15345	ossigene	
82-10	15346-15347	e	
82-11	15348-15350	il	
82-12	15351-15356	cloro	
82-13	15356-15357	,	
82-14	15358-15365	portati	
82-15	15366-15371	dalla	
82-16	15372-15380	corrente	
82-17	15381-15384	sul	
82-18	15385-15389	polo	
82-19	15390-15398	positivo	
82-20	15399-15404	della	
82-21	15405-15409	pila	
82-22	15409-15410	,	
82-23	15411-15416	hanno	
82-24	15417-15424	formato	
82-25	15425-15428	uno	
82-26	15429-15435	strato	
82-27	15436-15438	di	
82-28	15439-15450	ossicloruro	
82-29	15451-15453	di	
82-30	15454-15462	mercurio	
82-31	15463-15466	per	
82-32	15467-15474	essersi	
82-33	15475-15484	combinati	
82-34	15485-15488	con	
82-35	15489-15495	questo	
82-36	15496-15503	metallo	
82-37	15504-15505	a	
82-38	15506-15516	preferenza	
82-39	15517-15521	dell	
82-40	15522-15523	'	
82-41	15524-15531	argento	
82-42	15531-15532	.	

#Text=In tal guisa divenendo oscuri i chiari, e rimanendo per conseguenza chiari i punti che erano scuri prima, la prova ritorna, come si dice, positiva, cioè colle tinte lucide ed oscure come nell ' originale.
83-1	15533-15535	In	
83-2	15536-15539	tal	
83-3	15540-15545	guisa	
83-4	15546-15555	divenendo	
83-5	15556-15562	oscuri	
83-6	15563-15564	i	
83-7	15565-15571	chiari	
83-8	15571-15572	,	
83-9	15573-15574	e	
83-10	15575-15584	rimanendo	
83-11	15585-15588	per	
83-12	15589-15600	conseguenza	
83-13	15601-15607	chiari	
83-14	15608-15609	i	
83-15	15610-15615	punti	
83-16	15616-15619	che	
83-17	15620-15625	erano	
83-18	15626-15631	scuri	
83-19	15632-15637	prima	
83-20	15637-15638	,	
83-21	15639-15641	la	
83-22	15642-15647	prova	
83-23	15648-15655	ritorna	
83-24	15655-15656	,	
83-25	15657-15661	come	
83-26	15662-15664	si	
83-27	15665-15669	dice	
83-28	15669-15670	,	
83-29	15671-15679	positiva	
83-30	15679-15680	,	
83-31	15681-15685	cioè	
83-32	15686-15691	colle	
83-33	15692-15697	tinte	
83-34	15698-15704	lucide	
83-35	15705-15707	ed	
83-36	15708-15714	oscure	
83-37	15715-15719	come	
83-38	15720-15724	nell	
83-39	15725-15726	'	
83-40	15727-15736	originale	
83-41	15736-15737	.	
