#FORMAT=WebAnno TSV 3.3
#T_SP=custom.Span|label
#T_RL=custom.Relation|label|BT_custom.Span


#Text=ODE SUR l'enfin CE.
1-1	0-3	ODE	_	_	_	
1-2	4-7	SUR	_	_	_	
1-3	8-15	l'enfin	_	_	_	
1-4	16-18	CE	_	_	_	
1-5	18-19	.	_	_	_	

#Text=Age de l'aimable innocence ,
#Text=
#Text=Age du bonheur, de la paix i Toi que ne troublèrent jamais Ni la crainte, ni l'espérance;
#Text=
#Text=Toi qui fut comblé de présens ;
#Text=
#Text=Age charment , naïve enfance ,
#Text=
#Text=Viens prêter à mes vers tes attraits séduisansv
#Text=
#Text=Sur ton front la gaîté repose ;
#Text=
#Text=Le calme habite dans ton coeur;
#Text=
#Text=Tu brilles , pareille à la fleur Dans les champs fraîchement éclose;
#Text=
#Text=Et ton haleine a ïa douceur.,
#Text=
#Text=Le tendre parfum de la rose Qui dans les airs charmés exhale son odeur.
2-1	21-24	Age	_	_	_	
2-2	25-27	de	_	_	_	
2-3	28-37	l'aimable	_	_	_	
2-4	38-47	innocence	_	_	_	
2-5	48-49	,	_	_	_	
2-6	51-54	Age	_	_	_	
2-7	55-57	du	_	_	_	
2-8	58-65	bonheur	_	_	_	
2-9	65-66	,	_	_	_	
2-10	67-69	de	_	_	_	
2-11	70-72	la	_	_	_	
2-12	73-77	paix	_	_	_	
2-13	78-79	i	_	_	_	
2-14	80-83	Toi	_	_	_	
2-15	84-87	que	_	_	_	
2-16	88-90	ne	_	_	_	
2-17	91-102	troublèrent	_	_	_	
2-18	103-109	jamais	_	_	_	
2-19	110-112	Ni	_	_	_	
2-20	113-115	la	_	_	_	
2-21	116-123	crainte	_	_	_	
2-22	123-124	,	_	_	_	
2-23	125-127	ni	_	_	_	
2-24	128-139	l'espérance	_	_	_	
2-25	139-140	;	_	_	_	
2-26	142-145	Toi	_	_	_	
2-27	146-149	qui	_	_	_	
2-28	150-153	fut	_	_	_	
2-29	154-160	comblé	_	_	_	
2-30	161-163	de	_	_	_	
2-31	164-171	présens	_	_	_	
2-32	172-173	;	_	_	_	
2-33	175-178	Age	_	_	_	
2-34	179-187	charment	_	_	_	
2-35	188-189	,	_	_	_	
2-36	190-195	naïve	_	_	_	
2-37	196-203	enfance	Time	_	_	
2-38	204-205	,	_	_	_	
2-39	207-212	Viens	_	_	_	
2-40	213-219	prêter	_	_	_	
2-41	220-221	à	_	_	_	
2-42	222-225	mes	_	_	_	
2-43	226-230	vers	_	_	_	
2-44	231-234	tes	_	_	_	
2-45	235-243	attraits	_	_	_	
2-46	244-254	séduisansv	_	_	_	
2-47	256-259	Sur	_	_	_	
2-48	260-263	ton	_	_	_	
2-49	264-269	front	_	_	_	
2-50	270-272	la	_	_	_	
2-51	273-278	gaîté	_	_	_	
2-52	279-285	repose	_	_	_	
2-53	286-287	;	_	_	_	
2-54	289-291	Le	_	_	_	
2-55	292-297	calme	_	_	_	
2-56	298-304	habite	_	_	_	
2-57	305-309	dans	_	_	_	
2-58	310-313	ton	_	_	_	
2-59	314-319	coeur	_	_	_	
2-60	319-320	;	_	_	_	
2-61	322-324	Tu	_	_	_	
2-62	325-332	brilles	_	_	_	
2-63	333-334	,	_	_	_	
2-64	335-343	pareille	_	_	_	
2-65	344-345	à	_	_	_	
2-66	346-348	la	_	_	_	
2-67	349-354	fleur	_	_	_	
2-68	355-359	Dans	_	_	_	
2-69	360-363	les	_	_	_	
2-70	364-370	champs	_	_	_	
2-71	371-382	fraîchement	_	_	_	
2-72	383-389	éclose	_	_	_	
2-73	389-390	;	_	_	_	
2-74	392-394	Et	_	_	_	
2-75	395-398	ton	_	_	_	
2-76	399-406	haleine	Smell\_Source	_	_	
2-77	407-408	a	_	_	_	
2-78	409-411	ïa	_	_	_	
2-79	412-419	douceur	_	_	_	
2-80	419-420	.	_	_	_	
2-81	420-421	,	_	_	_	
2-82	423-425	Le	_	_	_	
2-83	426-432	tendre	_	_	_	
2-84	433-439	parfum	Smell\_Word	*|*|*	2-76|2-87|2-37	
2-85	440-442	de	_	_	_	
2-86	443-445	la	_	_	_	
2-87	446-450	rose	Evoked\_Odorant	Anaphoric	2-88	
2-88	451-454	Qui	Smell\_Source	Anaphoric	2-94	
2-89	455-459	dans	_	_	_	
2-90	460-463	les	_	_	_	
2-91	464-468	airs	Odour\_Carrier	_	_	
2-92	469-476	charmés	_	_	_	
2-93	477-483	exhale	Smell\_Word	*	2-88	
2-94	484-487	son	Smell\_Source	_	_	
2-95	488-493	odeur	Smell\_Word	*|*	2-91|2-93	
2-96	493-494	.	_	_	_	

#Text=A l'aspect de tes douces larmes La férocité s'amollit ;
#Text=
#Text=A tes regards tout s'embellit ,
#Text=
#Text=Tout emprunte de nouveaux charmes;
#Text=
#Text=Et , dans tes naïves douleurs ,
#Text=
#Text=Dans tes passagères allarmes ,
#Text=
#Text=Le sourire toujours luit au milieu des pleurs.
3-1	496-497	A	_	_	_	
3-2	498-506	l'aspect	_	_	_	
3-3	507-509	de	_	_	_	
3-4	510-513	tes	_	_	_	
3-5	514-520	douces	_	_	_	
3-6	521-527	larmes	_	_	_	
3-7	528-530	La	_	_	_	
3-8	531-539	férocité	_	_	_	
3-9	540-549	s'amollit	_	_	_	
3-10	550-551	;	_	_	_	
3-11	553-554	A	_	_	_	
3-12	555-558	tes	_	_	_	
3-13	559-566	regards	_	_	_	
3-14	567-571	tout	_	_	_	
3-15	572-582	s'embellit	_	_	_	
3-16	583-584	,	_	_	_	
3-17	586-590	Tout	_	_	_	
3-18	591-599	emprunte	_	_	_	
3-19	600-602	de	_	_	_	
3-20	603-611	nouveaux	_	_	_	
3-21	612-619	charmes	_	_	_	
3-22	619-620	;	_	_	_	
3-23	622-624	Et	_	_	_	
3-24	625-626	,	_	_	_	
3-25	627-631	dans	_	_	_	
3-26	632-635	tes	_	_	_	
3-27	636-642	naïves	_	_	_	
3-28	643-651	douleurs	_	_	_	
3-29	652-653	,	_	_	_	
3-30	655-659	Dans	_	_	_	
3-31	660-663	tes	_	_	_	
3-32	664-674	passagères	_	_	_	
3-33	675-683	allarmes	_	_	_	
3-34	684-685	,	_	_	_	
3-35	687-689	Le	_	_	_	
3-36	690-697	sourire	_	_	_	
3-37	698-706	toujours	_	_	_	
3-38	707-711	luit	_	_	_	
3-39	712-714	au	_	_	_	
3-40	715-721	milieu	_	_	_	
3-41	722-725	des	_	_	_	
3-42	726-732	pleurs	_	_	_	
3-43	732-733	.	_	_	_	

#Text=Tel , pendant le bruyant orage ,
#Text=
#Text=Qui fait retentir les forêts ,
#Text=
#Text=Captif sous des voiles épais ,
#Text=
#Text=Le soleil par-fois se dégage ;
#Text=
#Text=Le ciel sourit à son retour;
#Text=
#Text=Affranchis du sombre nuage ,
#Text=
#Text=Ses -rayons dorent l'air et redoublent le jour*
#Text=
#Text=Heureux enfans , votre paupière N'aura point verser de pleurs;
#Text=
#Text=Vous ne ceuillercz que des fleurs Dans votre brillante carrière.
4-1	735-738	Tel	_	_	_	
4-2	739-740	,	_	_	_	
4-3	741-748	pendant	_	_	_	
4-4	749-751	le	_	_	_	
4-5	752-759	bruyant	_	_	_	
4-6	760-765	orage	_	_	_	
4-7	766-767	,	_	_	_	
4-8	769-772	Qui	_	_	_	
4-9	773-777	fait	_	_	_	
4-10	778-786	retentir	_	_	_	
4-11	787-790	les	_	_	_	
4-12	791-797	forêts	_	_	_	
4-13	798-799	,	_	_	_	
4-14	801-807	Captif	_	_	_	
4-15	808-812	sous	_	_	_	
4-16	813-816	des	_	_	_	
4-17	817-823	voiles	_	_	_	
4-18	824-829	épais	_	_	_	
4-19	830-831	,	_	_	_	
4-20	833-835	Le	_	_	_	
4-21	836-842	soleil	_	_	_	
4-22	843-851	par-fois	_	_	_	
4-23	852-854	se	_	_	_	
4-24	855-861	dégage	_	_	_	
4-25	862-863	;	_	_	_	
4-26	865-867	Le	_	_	_	
4-27	868-872	ciel	_	_	_	
4-28	873-879	sourit	_	_	_	
4-29	880-881	à	_	_	_	
4-30	882-885	son	_	_	_	
4-31	886-892	retour	_	_	_	
4-32	892-893	;	_	_	_	
4-33	895-905	Affranchis	_	_	_	
4-34	906-908	du	_	_	_	
4-35	909-915	sombre	_	_	_	
4-36	916-921	nuage	_	_	_	
4-37	922-923	,	_	_	_	
4-38	925-928	Ses	_	_	_	
4-39	929-930	-	_	_	_	
4-40	930-936	rayons	_	_	_	
4-41	937-943	dorent	_	_	_	
4-42	944-949	l'air	_	_	_	
4-43	950-952	et	_	_	_	
4-44	953-963	redoublent	_	_	_	
4-45	964-966	le	_	_	_	
4-46	967-971	jour	_	_	_	
4-47	971-972	*	_	_	_	
4-48	974-981	Heureux	_	_	_	
4-49	982-988	enfans	_	_	_	
4-50	989-990	,	_	_	_	
4-51	991-996	votre	_	_	_	
4-52	997-1005	paupière	_	_	_	
4-53	1006-1012	N'aura	_	_	_	
4-54	1013-1018	point	_	_	_	
4-55	1019-1025	verser	_	_	_	
4-56	1026-1028	de	_	_	_	
4-57	1029-1035	pleurs	_	_	_	
4-58	1035-1036	;	_	_	_	
4-59	1038-1042	Vous	_	_	_	
4-60	1043-1045	ne	_	_	_	
4-61	1046-1056	ceuillercz	_	_	_	
4-62	1057-1060	que	_	_	_	
4-63	1061-1064	des	_	_	_	
4-64	1065-1071	fleurs	_	_	_	
4-65	1072-1076	Dans	_	_	_	
4-66	1077-1082	votre	_	_	_	
4-67	1083-1092	brillante	_	_	_	
4-68	1093-1101	carrière	_	_	_	
4-69	1101-1102	.	_	_	_	

#Text=Plus fortunés que vos ayeux.
5-1	1104-1108	Plus	_	_	_	
5-2	1109-1117	fortunés	_	_	_	
5-3	1118-1121	que	_	_	_	
5-4	1122-1125	vos	_	_	_	
5-5	1126-1131	ayeux	_	_	_	
5-6	1131-1132	.	_	_	_	

#Text=Eu recevant d'eux la lumière .
6-1	1134-1136	Eu	_	_	_	
6-2	1137-1145	recevant	_	_	_	
6-3	1146-1151	d'eux	_	_	_	
6-4	1152-1154	la	_	_	_	
6-5	1155-1162	lumière	_	_	_	
6-6	1163-1164	.	_	_	_	

#Text=Vous ne gémirez point sous un joug odieux»
7-1	1166-1170	Vous	_	_	_	
7-2	1171-1173	ne	_	_	_	
7-3	1174-1181	gémirez	_	_	_	
7-4	1182-1187	point	_	_	_	
7-5	1188-1192	sous	_	_	_	
7-6	1193-1195	un	_	_	_	
7-7	1196-1200	joug	_	_	_	
7-8	1201-1207	odieux	_	_	_	
7-9	1207-1208	»	_	_	_	
