#FORMAT=WebAnno TSV 3.3
#T_SP=custom.Span|label
#T_RL=custom.Relation|label|BT_custom.Span


#Text=Selon la tradition des Indiens & des Perses, ceux qui songent s'être parfumé la tête ou le reste du corps avec des huiles, parfums ou poudres odoriférentes, doivent être en bonne estime parmi leurs voisins & agréables à un chacun, & quant à moi, je suis plus de cet avis que du précédent.
1-1	0-5	Selon	Location[1]	_	_	
1-2	6-8	la	Location[1]	_	_	
1-3	9-18	tradition	Location[1]	_	_	
1-4	19-22	des	Location[1]	_	_	
1-5	23-30	Indiens	Location[1]	_	_	
1-6	31-32	&	Location[1]	_	_	
1-7	33-36	des	Location[1]	_	_	
1-8	37-43	Perses	Location[1]	_	_	
1-9	43-44	,	_	_	_	
1-10	45-49	ceux	_	_	_	
1-11	50-53	qui	_	_	_	
1-12	54-61	songent	_	_	_	
1-13	62-68	s'être	_	_	_	
1-14	69-76	parfumé	Smell\_Word	*|*|*|*|*|*|*|*	1-16|1-21|1-24|1-43|1-38|1-26|1-1[1_0]|1-28[2_0]	
1-15	77-79	la	_	_	_	
1-16	80-84	tête	Odour\_Carrier	_	_	
1-17	85-87	ou	_	_	_	
1-18	88-90	le	_	_	_	
1-19	91-96	reste	_	_	_	
1-20	97-99	du	_	_	_	
1-21	100-105	corps	Odour\_Carrier	_	_	
1-22	106-110	avec	_	_	_	
1-23	111-114	des	_	_	_	
1-24	115-121	huiles	Smell\_Source	_	_	
1-25	121-122	,	_	_	_	
1-26	123-130	parfums	Smell\_Source	_	_	
1-27	131-133	ou	_	_	_	
1-28	134-141	poudres	Smell\_Source[2]	_	_	
1-29	142-155	odoriférentes	Smell\_Source[2]	_	_	
1-30	155-156	,	_	_	_	
1-31	157-164	doivent	_	_	_	
1-32	165-169	être	_	_	_	
1-33	170-172	en	_	_	_	
1-34	173-178	bonne	_	_	_	
1-35	179-185	estime	_	_	_	
1-36	186-191	parmi	_	_	_	
1-37	192-197	leurs	_	_	_	
1-38	198-205	voisins	Perceiver	_	_	
1-39	206-207	&	_	_	_	
1-40	208-217	agréables	_	_	_	
1-41	218-219	à	_	_	_	
1-42	220-222	un	_	_	_	
1-43	223-229	chacun	Perceiver	_	_	
1-44	229-230	,	_	_	_	
1-45	231-232	&	_	_	_	
1-46	233-238	quant	_	_	_	
1-47	239-240	à	_	_	_	
1-48	241-244	moi	_	_	_	
1-49	244-245	,	_	_	_	
1-50	246-248	je	_	_	_	
1-51	249-253	suis	_	_	_	
1-52	254-258	plus	_	_	_	
1-53	259-261	de	_	_	_	
1-54	262-265	cet	_	_	_	
1-55	266-270	avis	_	_	_	
1-56	271-274	que	_	_	_	
1-57	275-277	du	_	_	_	
1-58	278-287	précédent	_	_	_	
1-59	287-288	.	_	_	_	

#Text=Si quelqu'un songe de sentir mauvais, il sers odieux à un chacun, & ce à proportion de la puanteur.
2-1	290-292	Si	_	_	_	
2-2	293-302	quelqu'un	Perceiver	_	_	
2-3	303-308	songe	_	_	_	
2-4	309-311	de	_	_	_	
2-5	312-318	sentir	Smell\_Word	*|Anaphoric|*	2-6|2-21|2-2	
2-6	319-326	mauvais	Quality	_	_	
2-7	326-327	,	_	_	_	
2-8	328-330	il	_	_	_	
2-9	331-335	sers	_	_	_	
2-10	336-342	odieux	_	_	_	
2-11	343-344	à	_	_	_	
2-12	345-347	un	_	_	_	
2-13	348-354	chacun	_	_	_	
2-14	354-355	,	_	_	_	
2-15	356-357	&	_	_	_	
2-16	358-360	ce	_	_	_	
2-17	361-362	à	_	_	_	
2-18	363-373	proportion	_	_	_	
2-19	374-376	de	_	_	_	
2-20	377-379	la	_	_	_	
2-21	380-388	puanteur	Smell\_Word	_	_	
2-22	388-389	.	_	_	_	

#Text=Si quelqu'un songe avoir reçu un présent de bonnes senteurs, il recevra quelque nouvelle agréable à proportion de la qualité & quantité des senteurs, & fera gain & profit, & acquerra honneur parmi les siens.
3-1	391-393	Si	_	_	_	
3-2	394-403	quelqu'un	Perceiver	_	_	
3-3	404-409	songe	_	_	_	
3-4	410-415	avoir	Circumstances[3]	_	_	
3-5	416-420	reçu	Circumstances[3]	_	_	
3-6	421-423	un	Circumstances[3]	_	_	
3-7	424-431	présent	Circumstances[3]	_	_	
3-8	432-434	de	_	_	_	
3-9	435-441	bonnes	Quality	_	_	
3-10	442-450	senteurs	Smell\_Word	*|*|*	3-9|3-4[3_0]|3-2	
3-11	450-451	,	_	_	_	
3-12	452-454	il	_	_	_	
3-13	455-462	recevra	_	_	_	
3-14	463-470	quelque	_	_	_	
3-15	471-479	nouvelle	_	_	_	
3-16	480-488	agréable	_	_	_	
3-17	489-490	à	_	_	_	
3-18	491-501	proportion	_	_	_	
3-19	502-504	de	_	_	_	
3-20	505-507	la	_	_	_	
3-21	508-515	qualité	_	_	_	
3-22	516-517	&	_	_	_	
3-23	518-526	quantité	_	_	_	
3-24	527-530	des	_	_	_	
3-25	531-539	senteurs	Smell\_Word	Anaphoric	3-10	
3-26	539-540	,	_	_	_	
3-27	541-542	&	_	_	_	
3-28	543-547	fera	_	_	_	
3-29	548-552	gain	_	_	_	
3-30	553-554	&	_	_	_	
3-31	555-561	profit	_	_	_	
3-32	561-562	,	_	_	_	
3-33	563-564	&	_	_	_	
3-34	565-573	acquerra	_	_	_	
3-35	574-581	honneur	_	_	_	
3-36	582-587	parmi	_	_	_	
3-37	588-591	les	_	_	_	
3-38	592-597	siens	_	_	_	
3-39	597-598	.	_	_	_	

#Text=Si quelqu'un songe faire des parfums odorifférens, & qu'il en donne à ses amis, il apprendra quelques bonnes nouvelles, qui lui seront profitables & à ceux auxquels il parlera.
4-1	600-602	Si	_	_	_	
4-2	603-612	quelqu'un	_	_	_	
4-3	613-618	songe	_	_	_	
4-4	619-624	faire	_	_	_	
4-5	625-628	des	_	_	_	
4-6	629-636	parfums	Smell\_Word	*|*	4-7|4-15	
4-7	637-649	odorifférens	Quality	_	_	
4-8	649-650	,	_	_	_	
4-9	651-652	&	_	_	_	
4-10	653-658	qu'il	_	_	_	
4-11	659-661	en	_	_	_	
4-12	662-667	donne	_	_	_	
4-13	668-669	à	_	_	_	
4-14	670-673	ses	_	_	_	
4-15	674-678	amis	Perceiver	_	_	
4-16	678-679	,	_	_	_	
4-17	680-682	il	_	_	_	
4-18	683-692	apprendra	_	_	_	
4-19	693-701	quelques	_	_	_	
4-20	702-708	bonnes	_	_	_	
4-21	709-718	nouvelles	_	_	_	
4-22	718-719	,	_	_	_	
4-23	720-723	qui	_	_	_	
4-24	724-727	lui	_	_	_	
4-25	728-734	seront	_	_	_	
4-26	735-746	profitables	_	_	_	
4-27	747-748	&	_	_	_	
4-28	749-750	à	_	_	_	
4-29	751-755	ceux	_	_	_	
4-30	756-764	auxquels	_	_	_	
4-31	765-767	il	_	_	_	
4-32	768-775	parlera	_	_	_	
4-33	775-776	.	_	_	_	

#Text=Si quelqu'un songe avoir un grand front, cela signifie un bon esprit, & s'il est élevé, c'est la marque d'un bon jugement; il dénote aussi puissance & richesse au songeur.
5-1	778-780	Si	_	_	_	
5-2	781-790	quelqu'un	_	_	_	
5-3	791-796	songe	_	_	_	
5-4	797-802	avoir	_	_	_	
5-5	803-805	un	_	_	_	
5-6	806-811	grand	_	_	_	
5-7	812-817	front	_	_	_	
5-8	817-818	,	_	_	_	
5-9	819-823	cela	_	_	_	
5-10	824-832	signifie	_	_	_	
5-11	833-835	un	_	_	_	
5-12	836-839	bon	_	_	_	
5-13	840-846	esprit	_	_	_	
5-14	846-847	,	_	_	_	
5-15	848-849	&	_	_	_	
5-16	850-854	s'il	_	_	_	
5-17	855-858	est	_	_	_	
5-18	859-864	élevé	_	_	_	
5-19	864-865	,	_	_	_	
5-20	866-871	c'est	_	_	_	
5-21	872-874	la	_	_	_	
5-22	875-881	marque	_	_	_	
5-23	882-886	d'un	_	_	_	
5-24	887-890	bon	_	_	_	
5-25	891-899	jugement	_	_	_	
5-26	899-900	;	_	_	_	
5-27	901-903	il	_	_	_	
5-28	904-910	dénote	_	_	_	
5-29	911-916	aussi	_	_	_	
5-30	917-926	puissance	_	_	_	
5-31	927-928	&	_	_	_	
5-32	929-937	richesse	_	_	_	
5-33	938-940	au	_	_	_	
5-34	941-948	songeur	_	_	_	
5-35	948-949	.	_	_	_	

#Text=Songer avoir un front d'airain, de cuivre, de bronze, de marbre ou de fer, cela signifie haine irréconciliable contre ses ennemis.
6-1	951-957	Songer	_	_	_	
6-2	958-963	avoir	_	_	_	
6-3	964-966	un	_	_	_	
6-4	967-972	front	_	_	_	
6-5	973-981	d'airain	_	_	_	
6-6	981-982	,	_	_	_	
6-7	983-985	de	_	_	_	
6-8	986-992	cuivre	_	_	_	
6-9	992-993	,	_	_	_	
6-10	994-996	de	_	_	_	
6-11	997-1003	bronze	_	_	_	
6-12	1003-1004	,	_	_	_	
6-13	1005-1007	de	_	_	_	
6-14	1008-1014	marbre	_	_	_	
6-15	1015-1017	ou	_	_	_	
6-16	1018-1020	de	_	_	_	
6-17	1021-1024	fer	_	_	_	
6-18	1024-1025	,	_	_	_	
6-19	1026-1030	cela	_	_	_	
6-20	1031-1039	signifie	_	_	_	
6-21	1040-1045	haine	_	_	_	
6-22	1046-1061	irréconciliable	_	_	_	
6-23	1062-1068	contre	_	_	_	
6-24	1069-1072	ses	_	_	_	
6-25	1073-1080	ennemis	_	_	_	
6-26	1080-1081	.	_	_	_	

#Text=Quelques auteurs croyent que tel songe est bon aux taverniers & cabaleurs.
7-1	1083-1091	Quelques	_	_	_	
7-2	1092-1099	auteurs	_	_	_	
7-3	1100-1107	croyent	_	_	_	
7-4	1108-1111	que	_	_	_	
7-5	1112-1115	tel	_	_	_	
7-6	1116-1121	songe	_	_	_	
7-7	1122-1125	est	_	_	_	
7-8	1126-1129	bon	_	_	_	
7-9	1130-1133	aux	_	_	_	
7-10	1134-1144	taverniers	_	_	_	
7-11	1145-1146	&	_	_	_	
7-12	1147-1156	cabaleurs	_	_	_	
7-13	1156-1157	.	_	_	_	

#Text=Si quelqu'un songe qu'il a le front rompu ou blessé, ses richesses seront découvertes & en danger dêtre perdues; cela dénote aussi peut & appréhension au songeur.
8-1	1159-1161	Si	_	_	_	
8-2	1162-1171	quelqu'un	_	_	_	
8-3	1172-1177	songe	_	_	_	
8-4	1178-1183	qu'il	_	_	_	
8-5	1184-1185	a	_	_	_	
8-6	1186-1188	le	_	_	_	
8-7	1189-1194	front	_	_	_	
8-8	1195-1200	rompu	_	_	_	
8-9	1201-1203	ou	_	_	_	
8-10	1204-1210	blessé	_	_	_	
8-11	1210-1211	,	_	_	_	
8-12	1212-1215	ses	_	_	_	
8-13	1216-1225	richesses	_	_	_	
8-14	1226-1232	seront	_	_	_	
8-15	1233-1244	découvertes	_	_	_	
8-16	1245-1246	&	_	_	_	
8-17	1247-1249	en	_	_	_	
8-18	1250-1256	danger	_	_	_	
8-19	1257-1262	dêtre	_	_	_	
8-20	1263-1270	perdues	_	_	_	
8-21	1270-1271	;	_	_	_	
8-22	1272-1276	cela	_	_	_	
8-23	1277-1283	dénote	_	_	_	
8-24	1284-1289	aussi	_	_	_	
8-25	1290-1294	peut	_	_	_	
8-26	1295-1296	&	_	_	_	
8-27	1297-1309	appréhension	_	_	_	
8-28	1310-1312	au	_	_	_	
8-29	1313-1320	songeur	_	_	_	
8-30	1320-1321	.	_	_	_	

#Text=Si l'on songe avoir le front gros & plein de chair, cela signifie liberté de parler, force & constance.
9-1	1323-1325	Si	_	_	_	
9-2	1326-1330	l'on	_	_	_	
9-3	1331-1336	songe	_	_	_	
9-4	1337-1342	avoir	_	_	_	
9-5	1343-1345	le	_	_	_	
9-6	1346-1351	front	_	_	_	
9-7	1352-1356	gros	_	_	_	
9-8	1357-1358	&	_	_	_	
9-9	1359-1364	plein	_	_	_	
9-10	1365-1367	de	_	_	_	
9-11	1368-1373	chair	_	_	_	
9-12	1373-1374	,	_	_	_	
9-13	1375-1379	cela	_	_	_	
9-14	1380-1388	signifie	_	_	_	
9-15	1389-1396	liberté	_	_	_	
9-16	1397-1399	de	_	_	_	
9-17	1400-1406	parler	_	_	_	
9-18	1406-1407	,	_	_	_	
9-19	1408-1413	force	_	_	_	
9-20	1414-1415	&	_	_	_	
9-21	1416-1425	constance	_	_	_	
9-22	1425-1426	.	_	_	_	

#Text=Si quelqu'un songe avoir le nez plus gros qu'à l'ordinaire, il deviendra riche & puissant, sera prévoyant & subtil, bien venu parmi les grands; mais songer n'avoir point de nez, signifie le contraire.
10-1	1428-1430	Si	_	_	_	
10-2	1431-1440	quelqu'un	_	_	_	
10-3	1441-1446	songe	_	_	_	
10-4	1447-1452	avoir	_	_	_	
10-5	1453-1455	le	_	_	_	
10-6	1456-1459	nez	_	_	_	
10-7	1460-1464	plus	_	_	_	
10-8	1465-1469	gros	_	_	_	
10-9	1470-1474	qu'à	_	_	_	
10-10	1475-1486	l'ordinaire	_	_	_	
10-11	1486-1487	,	_	_	_	
10-12	1488-1490	il	_	_	_	
10-13	1491-1500	deviendra	_	_	_	
10-14	1501-1506	riche	_	_	_	
10-15	1507-1508	&	_	_	_	
10-16	1509-1517	puissant	_	_	_	
10-17	1517-1518	,	_	_	_	
10-18	1519-1523	sera	_	_	_	
10-19	1524-1533	prévoyant	_	_	_	
10-20	1534-1535	&	_	_	_	
10-21	1536-1542	subtil	_	_	_	
10-22	1542-1543	,	_	_	_	
10-23	1544-1548	bien	_	_	_	
10-24	1549-1553	venu	_	_	_	
10-25	1554-1559	parmi	_	_	_	
10-26	1560-1563	les	_	_	_	
10-27	1564-1570	grands	_	_	_	
10-28	1570-1571	;	_	_	_	
10-29	1572-1576	mais	_	_	_	
10-30	1577-1583	songer	_	_	_	
10-31	1584-1591	n'avoir	_	_	_	
10-32	1592-1597	point	_	_	_	
10-33	1598-1600	de	_	_	_	
10-34	1601-1604	nez	_	_	_	
10-35	1604-1605	,	_	_	_	
10-36	1606-1614	signifie	_	_	_	
10-37	1615-1617	le	_	_	_	
10-38	1618-1627	contraire	_	_	_	
10-39	1627-1628	.	_	_	_	
