#FORMAT=WebAnno TSV 3.3


#Text=Of the Molucco Jles.
1-1	1-3	Of	
1-2	4-7	the	
1-3	8-15	Molucco	
1-4	16-20	Jles	
1-5	20-21	.	

#Text=THey are numbred five.
2-1	22-26	THey	
2-2	27-30	are	
2-3	31-38	numbred	
2-4	39-43	five	
2-5	43-44	.	

#Text=Molucco.
3-1	45-52	Molucco	
3-2	52-53	.	

#Text=Gillolo.
4-1	54-61	Gillolo	
4-2	61-62	.	

#Text=Ternate.
5-1	63-70	Ternate	
5-2	70-71	.	

#Text=Tidore. and Mahan (where Magellan after his long voyage Anno 1520 lost his life by treachery of these barbarians.)
6-1	72-78	Tidore	
6-2	78-79	.	
6-3	80-83	and	
6-4	84-89	Mahan	
6-5	90-91	(	
6-6	91-96	where	
6-7	97-105	Magellan	
6-8	106-111	after	
6-9	112-115	his	
6-10	116-120	long	
6-11	121-127	voyage	
6-12	128-132	Anno	
6-13	133-137	1520	
6-14	138-142	lost	
6-15	143-146	his	
6-16	147-151	life	
6-17	152-154	by	
6-18	155-164	treachery	
6-19	165-167	of	
6-20	168-173	these	
6-21	174-184	barbarians	
6-22	184-185	.	
6-23	185-186	)	

#Text=The English were the first that ever tradd to these Iles of any Christians: and most of them have acknowledg ' d our King their Sovereigne: but by the Duch it seemes our men are now thrust out, as if all India were theirs by title from the Creation.
7-1	187-190	The	
7-2	191-198	English	
7-3	199-203	were	
7-4	204-207	the	
7-5	208-213	first	
7-6	214-218	that	
7-7	219-223	ever	
7-8	224-229	tradd	
7-9	230-232	to	
7-10	233-238	these	
7-11	239-243	Iles	
7-12	244-246	of	
7-13	247-250	any	
7-14	251-261	Christians	
7-15	261-262	:	
7-16	263-266	and	
7-17	267-271	most	
7-18	272-274	of	
7-19	275-279	them	
7-20	280-284	have	
7-21	285-295	acknowledg	
7-22	296-297	'	
7-23	298-299	d	
7-24	300-303	our	
7-25	304-308	King	
7-26	309-314	their	
7-27	315-325	Sovereigne	
7-28	325-326	:	
7-29	327-330	but	
7-30	331-333	by	
7-31	334-337	the	
7-32	338-342	Duch	
7-33	343-345	it	
7-34	346-352	seemes	
7-35	353-356	our	
7-36	357-360	men	
7-37	361-364	are	
7-38	365-368	now	
7-39	369-375	thrust	
7-40	376-379	out	
7-41	379-380	,	
7-42	381-383	as	
7-43	384-386	if	
7-44	387-390	all	
7-45	391-396	India	
7-46	397-401	were	
7-47	402-408	theirs	
7-48	409-411	by	
7-49	412-417	title	
7-50	418-422	from	
7-51	423-426	the	
7-52	427-435	Creation	
7-53	435-436	.	

#Text=Of these Gillolo is greatest; but in Cloves, Mace, Nutmegs, Ginger, Pepper, Oyle, Aloes, and Honey, all of them alike plentifull.
8-1	438-440	Of	
8-2	441-446	these	
8-3	447-454	Gillolo	
8-4	455-457	is	
8-5	458-466	greatest	
8-6	466-467	;	
8-7	468-471	but	
8-8	472-474	in	
8-9	475-481	Cloves	
8-10	481-482	,	
8-11	483-487	Mace	
8-12	487-488	,	
8-13	489-496	Nutmegs	
8-14	496-497	,	
8-15	498-504	Ginger	
8-16	504-505	,	
8-17	506-512	Pepper	
8-18	512-513	,	
8-19	514-518	Oyle	
8-20	518-519	,	
8-21	520-525	Aloes	
8-22	525-526	,	
8-23	527-530	and	
8-24	531-536	Honey	
8-25	536-537	,	
8-26	538-541	all	
8-27	542-544	of	
8-28	545-549	them	
8-29	550-555	alike	
8-30	556-566	plentifull	
8-31	566-567	.	

#Text=All or most of these, have the Equinoctiall for their Zenyth, and by those diurnall showres, and breezes which faile them not, and Apolloes commorance, the the fruits ripen sooner, the earth smells more aromaticall, and the Ayre seemes more nutritive than in other places.
9-1	568-571	All	
9-2	572-574	or	
9-3	575-579	most	
9-4	580-582	of	
9-5	583-588	these	
9-6	588-589	,	
9-7	590-594	have	
9-8	595-598	the	
9-9	599-611	Equinoctiall	
9-10	612-615	for	
9-11	616-621	their	
9-12	622-628	Zenyth	
9-13	628-629	,	
9-14	630-633	and	
9-15	634-636	by	
9-16	637-642	those	
9-17	643-651	diurnall	
9-18	652-659	showres	
9-19	659-660	,	
9-20	661-664	and	
9-21	665-672	breezes	
9-22	673-678	which	
9-23	679-684	faile	
9-24	685-689	them	
9-25	690-693	not	
9-26	693-694	,	
9-27	695-698	and	
9-28	699-707	Apolloes	
9-29	708-718	commorance	
9-30	718-719	,	
9-31	720-723	the	
9-32	724-727	the	
9-33	728-734	fruits	
9-34	735-740	ripen	
9-35	741-747	sooner	
9-36	747-748	,	
9-37	749-752	the	
9-38	753-758	earth	
9-39	759-765	smells	
9-40	766-770	more	
9-41	771-782	aromaticall	
9-42	782-783	,	
9-43	784-787	and	
9-44	788-791	the	
9-45	792-796	Ayre	
9-46	797-803	seemes	
9-47	804-808	more	
9-48	809-818	nutritive	
9-49	819-823	than	
9-50	824-826	in	
9-51	827-832	other	
9-52	833-839	places	
9-53	839-840	.	

#Text=Let us rest a little upon some fruit descriptions.
10-1	841-844	Let	
10-2	845-847	us	
10-3	848-852	rest	
10-4	853-854	a	
10-5	855-861	little	
10-6	862-866	upon	
10-7	867-871	some	
10-8	872-877	fruit	
10-9	878-890	descriptions	
10-10	890-891	.	

#Text=*The Clove tree differs in proportion according to the place it receives vigor in: some being comparable to the Bay, others to Box or such like trees of humble stature;  ' tis, most part of the yeere green and pleasant, having leaves long and small, distending into many branches: It blossmes early, and becomes exceeding inconstant in complexion; from a virgin white palliating other colours: in the morne a pale green, in the meridian a distempered red, & sleepes in blacknesse.
11-1	893-894	*	
11-2	894-897	The	
11-3	898-903	Clove	
11-4	904-908	tree	
11-5	909-916	differs	
11-6	917-919	in	
11-7	920-930	proportion	
11-8	931-940	according	
11-9	941-943	to	
11-10	944-947	the	
11-11	948-953	place	
11-12	954-956	it	
11-13	957-965	receives	
11-14	966-971	vigor	
11-15	972-974	in	
11-16	974-975	:	
11-17	976-980	some	
11-18	981-986	being	
11-19	987-997	comparable	
11-20	998-1000	to	
11-21	1001-1004	the	
11-22	1005-1008	Bay	
11-23	1008-1009	,	
11-24	1010-1016	others	
11-25	1017-1019	to	
11-26	1020-1023	Box	
11-27	1024-1026	or	
11-28	1027-1031	such	
11-29	1032-1036	like	
11-30	1037-1042	trees	
11-31	1043-1045	of	
11-32	1046-1052	humble	
11-33	1053-1060	stature	
11-34	1060-1061	;	
11-35	1063-1064	'	
11-36	1065-1068	tis	
11-37	1068-1069	,	
11-38	1070-1074	most	
11-39	1075-1079	part	
11-40	1080-1082	of	
11-41	1083-1086	the	
11-42	1087-1092	yeere	
11-43	1093-1098	green	
11-44	1099-1102	and	
11-45	1103-1111	pleasant	
11-46	1111-1112	,	
11-47	1113-1119	having	
11-48	1120-1126	leaves	
11-49	1127-1131	long	
11-50	1132-1135	and	
11-51	1136-1141	small	
11-52	1141-1142	,	
11-53	1143-1153	distending	
11-54	1154-1158	into	
11-55	1159-1163	many	
11-56	1164-1172	branches	
11-57	1172-1173	:	
11-58	1174-1176	It	
11-59	1177-1185	blossmes	
11-60	1186-1191	early	
11-61	1191-1192	,	
11-62	1193-1196	and	
11-63	1197-1204	becomes	
11-64	1205-1214	exceeding	
11-65	1215-1225	inconstant	
11-66	1226-1228	in	
11-67	1229-1239	complexion	
11-68	1239-1240	;	
11-69	1241-1245	from	
11-70	1246-1247	a	
11-71	1248-1254	virgin	
11-72	1255-1260	white	
11-73	1261-1271	palliating	
11-74	1272-1277	other	
11-75	1278-1285	colours	
11-76	1285-1286	:	
11-77	1287-1289	in	
11-78	1290-1293	the	
11-79	1294-1299	morne	
11-80	1300-1301	a	
11-81	1302-1306	pale	
11-82	1307-1312	green	
11-83	1312-1313	,	
11-84	1314-1316	in	
11-85	1317-1320	the	
11-86	1321-1329	meridian	
11-87	1330-1331	a	
11-88	1332-1343	distempered	
11-89	1344-1347	red	
11-90	1347-1348	,	
11-91	1349-1350	&	
11-92	1351-1358	sleepes	
11-93	1359-1361	in	
11-94	1362-1372	blacknesse	
11-95	1372-1373	.	

#Text=The Cloves manifest themselves at the utmost end of all the branches in great plenty; and in their growng evaporate such sense ravishing odours, as if a compendium of Natures sweetest gums and delicacies were extracted and here uunited: they are thrice yeerly pruined, and gratefully retort a treble vintage: and though but perfected in 3 yeares, yet must be counted an advantage; for Physitins tell us, they are hot and drie in the third degree, corroborate the stoack, and benefit concoction.
12-1	1374-1377	The	
12-2	1378-1384	Cloves	
12-3	1385-1393	manifest	
12-4	1394-1404	themselves	
12-5	1405-1407	at	
12-6	1408-1411	the	
12-7	1412-1418	utmost	
12-8	1419-1422	end	
12-9	1423-1425	of	
12-10	1426-1429	all	
12-11	1430-1433	the	
12-12	1434-1442	branches	
12-13	1443-1445	in	
12-14	1446-1451	great	
12-15	1452-1458	plenty	
12-16	1458-1459	;	
12-17	1460-1463	and	
12-18	1464-1466	in	
12-19	1467-1472	their	
12-20	1473-1479	growng	
12-21	1480-1489	evaporate	
12-22	1490-1494	such	
12-23	1495-1500	sense	
12-24	1501-1510	ravishing	
12-25	1511-1517	odours	
12-26	1517-1518	,	
12-27	1519-1521	as	
12-28	1522-1524	if	
12-29	1525-1526	a	
12-30	1527-1537	compendium	
12-31	1538-1540	of	
12-32	1541-1548	Natures	
12-33	1549-1557	sweetest	
12-34	1558-1562	gums	
12-35	1563-1566	and	
12-36	1567-1577	delicacies	
12-37	1578-1582	were	
12-38	1583-1592	extracted	
12-39	1593-1596	and	
12-40	1597-1601	here	
12-41	1602-1609	uunited	
12-42	1609-1610	:	
12-43	1611-1615	they	
12-44	1616-1619	are	
12-45	1620-1626	thrice	
12-46	1627-1633	yeerly	
12-47	1634-1641	pruined	
12-48	1641-1642	,	
12-49	1643-1646	and	
12-50	1647-1657	gratefully	
12-51	1658-1664	retort	
12-52	1665-1666	a	
12-53	1667-1673	treble	
12-54	1674-1681	vintage	
12-55	1681-1682	:	
12-56	1683-1686	and	
12-57	1687-1693	though	
12-58	1694-1697	but	
12-59	1698-1707	perfected	
12-60	1708-1710	in	
12-61	1711-1712	3	
12-62	1713-1719	yeares	
12-63	1719-1720	,	
12-64	1721-1724	yet	
12-65	1725-1729	must	
12-66	1730-1732	be	
12-67	1733-1740	counted	
12-68	1741-1743	an	
12-69	1744-1753	advantage	
12-70	1753-1754	;	
12-71	1755-1758	for	
12-72	1759-1768	Physitins	
12-73	1769-1773	tell	
12-74	1774-1776	us	
12-75	1776-1777	,	
12-76	1778-1782	they	
12-77	1783-1786	are	
12-78	1787-1790	hot	
12-79	1791-1794	and	
12-80	1795-1799	drie	
12-81	1800-1802	in	
12-82	1803-1806	the	
12-83	1807-1812	third	
12-84	1813-1819	degree	
12-85	1819-1820	,	
12-86	1821-1832	corroborate	
12-87	1833-1836	the	
12-88	1837-1843	stoack	
12-89	1843-1844	,	
12-90	1845-1848	and	
12-91	1849-1856	benefit	
12-92	1857-1867	concoction	
12-93	1867-1868	.	

#Text=*The Nutmegg (or great Nut) like those trees most famous for their exllencies, is not very lofty in its heigth, scarce so proper as the Cherrie; by some, resembled to the Peach, with which it varies in forme of leafe and graine, affecting more assize and compasse.
13-1	1870-1871	*	
13-2	1871-1874	The	
13-3	1875-1882	Nutmegg	
13-4	1883-1884	(	
13-5	1884-1886	or	
13-6	1887-1892	great	
13-7	1893-1896	Nut	
13-8	1896-1897	)	
13-9	1898-1902	like	
13-10	1903-1908	those	
13-11	1909-1914	trees	
13-12	1915-1919	most	
13-13	1920-1926	famous	
13-14	1927-1930	for	
13-15	1931-1936	their	
13-16	1937-1947	exllencies	
13-17	1947-1948	,	
13-18	1949-1951	is	
13-19	1952-1955	not	
13-20	1956-1960	very	
13-21	1961-1966	lofty	
13-22	1967-1969	in	
13-23	1970-1973	its	
13-24	1974-1980	heigth	
13-25	1980-1981	,	
13-26	1982-1988	scarce	
13-27	1989-1991	so	
13-28	1992-1998	proper	
13-29	1999-2001	as	
13-30	2002-2005	the	
13-31	2006-2013	Cherrie	
13-32	2013-2014	;	
13-33	2015-2017	by	
13-34	2018-2022	some	
13-35	2022-2023	,	
13-36	2024-2033	resembled	
13-37	2034-2036	to	
13-38	2037-2040	the	
13-39	2041-2046	Peach	
13-40	2046-2047	,	
13-41	2048-2052	with	
13-42	2053-2058	which	
13-43	2059-2061	it	
13-44	2062-2068	varies	
13-45	2069-2071	in	
13-46	2072-2077	forme	
13-47	2078-2080	of	
13-48	2081-2086	leafe	
13-49	2087-2090	and	
13-50	2091-2097	graine	
13-51	2097-2098	,	
13-52	2099-2108	affecting	
13-53	2109-2113	more	
13-54	2114-2120	assize	
13-55	2121-2124	and	
13-56	2125-2133	compasse	
13-57	2133-2134	.	

#Text=The Nut is cloathed with a defensive husk like those of baser quality, but at full ripenesse disroabs it selfe, and discovers her naked purity the Mace, which chastely intwines (with a vermilliion blush or colour) her endeared fruit and sister, both of them breathing out most pleasing smells and perfumes: the Mace in few dayes (like choisest beauties) by Apolloes wanton flames becom ' s tawny and unlike her former braverie: yet in that dissent, best pleases the rustick gatherer.
14-1	2135-2138	The	
14-2	2139-2142	Nut	
14-3	2143-2145	is	
14-4	2146-2154	cloathed	
14-5	2155-2159	with	
14-6	2160-2161	a	
14-7	2162-2171	defensive	
14-8	2172-2176	husk	
14-9	2177-2181	like	
14-10	2182-2187	those	
14-11	2188-2190	of	
14-12	2191-2196	baser	
14-13	2197-2204	quality	
14-14	2204-2205	,	
14-15	2206-2209	but	
14-16	2210-2212	at	
14-17	2213-2217	full	
14-18	2218-2227	ripenesse	
14-19	2228-2236	disroabs	
14-20	2237-2239	it	
14-21	2240-2245	selfe	
14-22	2245-2246	,	
14-23	2247-2250	and	
14-24	2251-2260	discovers	
14-25	2261-2264	her	
14-26	2265-2270	naked	
14-27	2271-2277	purity	
14-28	2278-2281	the	
14-29	2282-2286	Mace	
14-30	2286-2287	,	
14-31	2288-2293	which	
14-32	2294-2302	chastely	
14-33	2303-2311	intwines	
14-34	2312-2313	(	
14-35	2313-2317	with	
14-36	2318-2319	a	
14-37	2320-2331	vermilliion	
14-38	2332-2337	blush	
14-39	2338-2340	or	
14-40	2341-2347	colour	
14-41	2347-2348	)	
14-42	2349-2352	her	
14-43	2353-2361	endeared	
14-44	2362-2367	fruit	
14-45	2368-2371	and	
14-46	2372-2378	sister	
14-47	2378-2379	,	
14-48	2380-2384	both	
14-49	2385-2387	of	
14-50	2388-2392	them	
14-51	2393-2402	breathing	
14-52	2403-2406	out	
14-53	2407-2411	most	
14-54	2412-2420	pleasing	
14-55	2421-2427	smells	
14-56	2428-2431	and	
14-57	2432-2440	perfumes	
14-58	2440-2441	:	
14-59	2442-2445	the	
14-60	2446-2450	Mace	
14-61	2451-2453	in	
14-62	2454-2457	few	
14-63	2458-2463	dayes	
14-64	2464-2465	(	
14-65	2465-2469	like	
14-66	2470-2478	choisest	
14-67	2479-2487	beauties	
14-68	2487-2488	)	
14-69	2489-2491	by	
14-70	2492-2500	Apolloes	
14-71	2501-2507	wanton	
14-72	2508-2514	flames	
14-73	2515-2520	becom	
14-74	2521-2522	'	
14-75	2523-2524	s	
14-76	2525-2530	tawny	
14-77	2531-2534	and	
14-78	2535-2541	unlike	
14-79	2542-2545	her	
14-80	2546-2552	former	
14-81	2553-2561	braverie	
14-82	2561-2562	:	
14-83	2563-2566	yet	
14-84	2567-2569	in	
14-85	2570-2574	that	
14-86	2575-2582	dissent	
14-87	2582-2583	,	
14-88	2584-2588	best	
14-89	2589-2596	pleases	
14-90	2597-2600	the	
14-91	2601-2608	rustick	
14-92	2609-2617	gatherer	
14-93	2617-2618	.	

#Text=Neere the Molucco ' s, and neerer the Antartique, wee see many other Iles, noble in esteeme, and rich in qualitie: but, for that more than bararous basenesse our miserable Country-men suffered by the Dutch, we have no pleasure to stand upon any thing save recitall; such are Amboyna, (placed  ' twixt Banda and Molucso:) Banda, (in 4, degrees 30 minutes, and (from Amboyna 24 leagues:) Puloway, (from Banda 3 leagues:) Puloreen, (from Puloway W.N.W.)
15-1	2621-2626	Neere	
15-2	2627-2630	the	
15-3	2631-2638	Molucco	
15-4	2639-2640	'	
15-5	2641-2642	s	
15-6	2642-2643	,	
15-7	2644-2647	and	
15-8	2648-2654	neerer	
15-9	2655-2658	the	
15-10	2659-2669	Antartique	
15-11	2669-2670	,	
15-12	2671-2674	wee	
15-13	2675-2678	see	
15-14	2679-2683	many	
15-15	2684-2689	other	
15-16	2690-2694	Iles	
15-17	2694-2695	,	
15-18	2696-2701	noble	
15-19	2702-2704	in	
15-20	2705-2712	esteeme	
15-21	2712-2713	,	
15-22	2714-2717	and	
15-23	2718-2722	rich	
15-24	2723-2725	in	
15-25	2726-2734	qualitie	
15-26	2734-2735	:	
15-27	2736-2739	but	
15-28	2739-2740	,	
15-29	2741-2744	for	
15-30	2745-2749	that	
15-31	2750-2754	more	
15-32	2755-2759	than	
15-33	2760-2768	bararous	
15-34	2769-2778	basenesse	
15-35	2779-2782	our	
15-36	2783-2792	miserable	
15-37	2793-2804	Country-men	
15-38	2805-2813	suffered	
15-39	2814-2816	by	
15-40	2817-2820	the	
15-41	2821-2826	Dutch	
15-42	2826-2827	,	
15-43	2828-2830	we	
15-44	2831-2835	have	
15-45	2836-2838	no	
15-46	2839-2847	pleasure	
15-47	2848-2850	to	
15-48	2851-2856	stand	
15-49	2857-2861	upon	
15-50	2862-2865	any	
15-51	2866-2871	thing	
15-52	2872-2876	save	
15-53	2877-2885	recitall	
15-54	2885-2886	;	
15-55	2887-2891	such	
15-56	2892-2895	are	
15-57	2896-2903	Amboyna	
15-58	2903-2904	,	
15-59	2905-2906	(	
15-60	2906-2912	placed	
15-61	2914-2915	'	
15-62	2916-2921	twixt	
15-63	2922-2927	Banda	
15-64	2928-2931	and	
15-65	2932-2939	Molucso	
15-66	2939-2940	:	
15-67	2940-2941	)	
15-68	2942-2947	Banda	
15-69	2947-2948	,	
15-70	2949-2950	(	
15-71	2950-2952	in	
15-72	2953-2954	4	
15-73	2954-2955	,	
15-74	2956-2963	degrees	
15-75	2964-2966	30	
15-76	2967-2974	minutes	
15-77	2974-2975	,	
15-78	2976-2979	and	
15-79	2980-2981	(	
15-80	2981-2985	from	
15-81	2986-2993	Amboyna	
15-82	2994-2996	24	
15-83	2997-3004	leagues	
15-84	3004-3005	:	
15-85	3005-3006	)	
15-86	3007-3014	Puloway	
15-87	3014-3015	,	
15-88	3016-3017	(	
15-89	3017-3021	from	
15-90	3022-3027	Banda	
15-91	3028-3029	3	
15-92	3030-3037	leagues	
15-93	3037-3038	:	
15-94	3038-3039	)	
15-95	3040-3048	Puloreen	
15-96	3048-3049	,	
15-97	3050-3051	(	
15-98	3051-3055	from	
15-99	3056-3063	Puloway	
15-100	3064-3069	W.N.W	
15-101	3069-3070	.	
15-102	3070-3071	)	

#Text=Lantore, (the greatest of the Iles of Banda:) Baan: Labatacka, Nero, Ticobassa, Cumber, Salame, and others: all of them, especially Puloway and Puloreen, seeming continued wildernesses of Nutegs and Clove-trees, Pepper, Vines, and Olives.
16-1	3072-3079	Lantore	
16-2	3079-3080	,	
16-3	3081-3082	(	
16-4	3082-3085	the	
16-5	3086-3094	greatest	
16-6	3095-3097	of	
16-7	3098-3101	the	
16-8	3102-3106	Iles	
16-9	3107-3109	of	
16-10	3110-3115	Banda	
16-11	3115-3116	:	
16-12	3116-3117	)	
16-13	3118-3122	Baan	
16-14	3122-3123	:	
16-15	3124-3133	Labatacka	
16-16	3133-3134	,	
16-17	3135-3139	Nero	
16-18	3139-3140	,	
16-19	3141-3150	Ticobassa	
16-20	3150-3151	,	
16-21	3152-3158	Cumber	
16-22	3158-3159	,	
16-23	3160-3166	Salame	
16-24	3166-3167	,	
16-25	3168-3171	and	
16-26	3172-3178	others	
16-27	3178-3179	:	
16-28	3180-3183	all	
16-29	3184-3186	of	
16-30	3187-3191	them	
16-31	3191-3192	,	
16-32	3193-3203	especially	
16-33	3204-3211	Puloway	
16-34	3212-3215	and	
16-35	3216-3224	Puloreen	
16-36	3224-3225	,	
16-37	3226-3233	seeming	
16-38	3234-3243	continued	
16-39	3244-3256	wildernesses	
16-40	3257-3259	of	
16-41	3260-3266	Nutegs	
16-42	3267-3270	and	
16-43	3271-3282	Clove-trees	
16-44	3282-3283	,	
16-45	3284-3290	Pepper	
16-46	3290-3291	,	
16-47	3292-3297	Vines	
16-48	3297-3298	,	
16-49	3299-3302	and	
16-50	3303-3309	Olives	
16-51	3309-3310	.	

#Text=These two last named commerced first with our Merchants, and contracted a perpetuall Amity and Fealty to our King; but in despight of them and us, the uncivill Dutch (whom for their braving humours here, pride, hate, and bloody execuion of our innocent men at Amboyna and other places in India, I cannot name with patience) have banisht our Merchants, and entitle themselves Lords of most of Banda Ilands, caring neither what right the Tarnatensian nor Banda Kings have over them.
17-1	3311-3316	These	
17-2	3317-3320	two	
17-3	3321-3325	last	
17-4	3326-3331	named	
17-5	3332-3341	commerced	
17-6	3342-3347	first	
17-7	3348-3352	with	
17-8	3353-3356	our	
17-9	3357-3366	Merchants	
17-10	3366-3367	,	
17-11	3368-3371	and	
17-12	3372-3382	contracted	
17-13	3383-3384	a	
17-14	3385-3395	perpetuall	
17-15	3396-3401	Amity	
17-16	3402-3405	and	
17-17	3406-3412	Fealty	
17-18	3413-3415	to	
17-19	3416-3419	our	
17-20	3420-3424	King	
17-21	3424-3425	;	
17-22	3426-3429	but	
17-23	3430-3432	in	
17-24	3433-3441	despight	
17-25	3442-3444	of	
17-26	3445-3449	them	
17-27	3450-3453	and	
17-28	3454-3456	us	
17-29	3456-3457	,	
17-30	3458-3461	the	
17-31	3462-3470	uncivill	
17-32	3471-3476	Dutch	
17-33	3477-3478	(	
17-34	3478-3482	whom	
17-35	3483-3486	for	
17-36	3487-3492	their	
17-37	3493-3500	braving	
17-38	3501-3508	humours	
17-39	3509-3513	here	
17-40	3513-3514	,	
17-41	3515-3520	pride	
17-42	3520-3521	,	
17-43	3522-3526	hate	
17-44	3526-3527	,	
17-45	3528-3531	and	
17-46	3532-3538	bloody	
17-47	3539-3547	execuion	
17-48	3548-3550	of	
17-49	3551-3554	our	
17-50	3555-3563	innocent	
17-51	3564-3567	men	
17-52	3568-3570	at	
17-53	3571-3578	Amboyna	
17-54	3579-3582	and	
17-55	3583-3588	other	
17-56	3589-3595	places	
17-57	3596-3598	in	
17-58	3599-3604	India	
17-59	3604-3605	,	
17-60	3606-3607	I	
17-61	3608-3614	cannot	
17-62	3615-3619	name	
17-63	3620-3624	with	
17-64	3625-3633	patience	
17-65	3633-3634	)	
17-66	3635-3639	have	
17-67	3640-3647	banisht	
17-68	3648-3651	our	
17-69	3652-3661	Merchants	
17-70	3661-3662	,	
17-71	3663-3666	and	
17-72	3667-3674	entitle	
17-73	3675-3685	themselves	
17-74	3686-3691	Lords	
17-75	3692-3694	of	
17-76	3695-3699	most	
17-77	3700-3702	of	
17-78	3703-3708	Banda	
17-79	3709-3715	Ilands	
17-80	3715-3716	,	
17-81	3717-3723	caring	
17-82	3724-3731	neither	
17-83	3732-3736	what	
17-84	3737-3742	right	
17-85	3743-3746	the	
17-86	3747-3759	Tarnatensian	
17-87	3760-3763	nor	
17-88	3764-3769	Banda	
17-89	3770-3775	Kings	
17-90	3776-3780	have	
17-91	3781-3785	over	
17-92	3786-3790	them	
17-93	3790-3791	.	

#Text=From these, steer wee another course, to Borneo a great and wealthy Iland.
18-1	3793-3797	From	
18-2	3798-3803	these	
18-3	3803-3804	,	
18-4	3805-3810	steer	
18-5	3811-3814	wee	
18-6	3815-3822	another	
18-7	3823-3829	course	
18-8	3829-3830	,	
18-9	3831-3833	to	
18-10	3834-3840	Borneo	
18-11	3841-3842	a	
18-12	3843-3848	great	
18-13	3849-3852	and	
18-14	3853-3860	wealthy	
18-15	3861-3866	Iland	
18-16	3866-3867	.	

#Text=We are soone in sight of it, the gale is so prosperous.
19-1	3868-3870	We	
19-2	3871-3874	are	
19-3	3875-3880	soone	
19-4	3881-3883	in	
19-5	3884-3889	sight	
19-6	3890-3892	of	
19-7	3893-3895	it	
19-8	3895-3896	,	
19-9	3897-3900	the	
19-10	3901-3905	gale	
19-11	3906-3908	is	
19-12	3909-3911	so	
19-13	3912-3922	prosperous	
19-14	3922-3923	.	

#Text=Of Borneo.
20-1	3925-3927	Of	
20-2	3928-3934	Borneo	
20-3	3934-3935	.	

#Text=BORNEO, or insula bonae fortunoe in Ptol. is Nadyr to the Aequator; and resembles an ovall shield; the major part inclining North: Antartick elevation not mounting above 3 degrees; Artick, to 7 and odde minutes: & owes her first discovery (by any Christian European) to one de Bren, who in the yeere of our blessed Lord 1523. anchored here.
21-1	3936-3942	BORNEO	
21-2	3942-3943	,	
21-3	3944-3946	or	
21-4	3947-3953	insula	
21-5	3954-3959	bonae	
21-6	3960-3968	fortunoe	
21-7	3969-3971	in	
21-8	3972-3976	Ptol	
21-9	3976-3977	.	
21-10	3978-3980	is	
21-11	3981-3986	Nadyr	
21-12	3987-3989	to	
21-13	3990-3993	the	
21-14	3994-4002	Aequator	
21-15	4002-4003	;	
21-16	4004-4007	and	
21-17	4008-4017	resembles	
21-18	4018-4020	an	
21-19	4021-4026	ovall	
21-20	4027-4033	shield	
21-21	4033-4034	;	
21-22	4035-4038	the	
21-23	4039-4044	major	
21-24	4045-4049	part	
21-25	4050-4059	inclining	
21-26	4060-4065	North	
21-27	4065-4066	:	
21-28	4067-4076	Antartick	
21-29	4077-4086	elevation	
21-30	4087-4090	not	
21-31	4091-4099	mounting	
21-32	4100-4105	above	
21-33	4106-4107	3	
21-34	4108-4115	degrees	
21-35	4115-4116	;	
21-36	4117-4123	Artick	
21-37	4123-4124	,	
21-38	4125-4127	to	
21-39	4128-4129	7	
21-40	4130-4133	and	
21-41	4134-4138	odde	
21-42	4139-4146	minutes	
21-43	4146-4147	:	
21-44	4148-4149	&	
21-45	4150-4154	owes	
21-46	4155-4158	her	
21-47	4159-4164	first	
21-48	4165-4174	discovery	
21-49	4175-4176	(	
21-50	4176-4178	by	
21-51	4179-4182	any	
21-52	4183-4192	Christian	
21-53	4193-4201	European	
21-54	4201-4202	)	
21-55	4203-4205	to	
21-56	4206-4209	one	
21-57	4210-4212	de	
21-58	4213-4217	Bren	
21-59	4217-4218	,	
21-60	4219-4222	who	
21-61	4223-4225	in	
21-62	4226-4229	the	
21-63	4230-4235	yeere	
21-64	4236-4238	of	
21-65	4239-4242	our	
21-66	4243-4250	blessed	
21-67	4251-4255	Lord	
21-68	4256-4260	1523	
21-69	4260-4261	.	
21-70	4262-4270	anchored	
21-71	4271-4275	here	
21-72	4275-4276	.	

#Text=It groanes at this day, (for the most part) under Spanish bondage; who in any place where gold or other treasure is to bee had, cease not till they can master it; vaewing neither soule nor body of any Inhabitant, (save for their lust) with the least weight of that too much soule-confounding creature.
22-1	4277-4279	It	
22-2	4280-4287	groanes	
22-3	4288-4290	at	
22-4	4291-4295	this	
22-5	4296-4299	day	
22-6	4299-4300	,	
22-7	4301-4302	(	
22-8	4302-4305	for	
22-9	4306-4309	the	
22-10	4310-4314	most	
22-11	4315-4319	part	
22-12	4319-4320	)	
22-13	4321-4326	under	
22-14	4327-4334	Spanish	
22-15	4335-4342	bondage	
22-16	4342-4343	;	
22-17	4344-4347	who	
22-18	4348-4350	in	
22-19	4351-4354	any	
22-20	4355-4360	place	
22-21	4361-4366	where	
22-22	4367-4371	gold	
22-23	4372-4374	or	
22-24	4375-4380	other	
22-25	4381-4389	treasure	
22-26	4390-4392	is	
22-27	4393-4395	to	
22-28	4396-4399	bee	
22-29	4400-4403	had	
22-30	4403-4404	,	
22-31	4405-4410	cease	
22-32	4411-4414	not	
22-33	4415-4419	till	
22-34	4420-4424	they	
22-35	4425-4428	can	
22-36	4429-4435	master	
22-37	4436-4438	it	
22-38	4438-4439	;	
22-39	4440-4447	vaewing	
22-40	4448-4455	neither	
22-41	4456-4461	soule	
22-42	4462-4465	nor	
22-43	4466-4470	body	
22-44	4471-4473	of	
22-45	4474-4477	any	
22-46	4478-4488	Inhabitant	
22-47	4488-4489	,	
22-48	4490-4491	(	
22-49	4491-4495	save	
22-50	4496-4499	for	
22-51	4500-4505	their	
22-52	4506-4510	lust	
22-53	4510-4511	)	
22-54	4512-4516	with	
22-55	4517-4520	the	
22-56	4521-4526	least	
22-57	4527-4533	weight	
22-58	4534-4536	of	
22-59	4537-4541	that	
22-60	4542-4545	too	
22-61	4546-4550	much	
22-62	4551-4568	soule-confounding	
22-63	4569-4577	creature	
22-64	4577-4578	.	

#Text=But let us consider!
23-1	4579-4582	But	
23-2	4583-4586	let	
23-3	4587-4589	us	
23-4	4590-4598	consider	
23-5	4598-4599	!	

#Text=Nulla Coelum reparabile gaza.
24-1	4600-4605	Nulla	
24-2	4606-4612	Coelum	
24-3	4613-4623	reparabile	
24-4	4624-4628	gaza	
24-5	4628-4629	.	

#Text=It has many Villages and people; but the one are poore in their maeriall; the other more wretched in their infernall Religion, and late taught Idolatry: both, no way valewable; did not those mynes of Gold and Dyamonds, and some other merchandises; as, Bezarrs, Musk, Amer, Lignum Aloes, Sanguis Draconûm, Wax, Rice, and Rattans or Canes make her most magneticall.
25-1	4631-4633	It	
25-2	4634-4637	has	
25-3	4638-4642	many	
25-4	4643-4651	Villages	
25-5	4652-4655	and	
25-6	4656-4662	people	
25-7	4662-4663	;	
25-8	4664-4667	but	
25-9	4668-4671	the	
25-10	4672-4675	one	
25-11	4676-4679	are	
25-12	4680-4685	poore	
25-13	4686-4688	in	
25-14	4689-4694	their	
25-15	4695-4703	maeriall	
25-16	4703-4704	;	
25-17	4705-4708	the	
25-18	4709-4714	other	
25-19	4715-4719	more	
25-20	4720-4728	wretched	
25-21	4729-4731	in	
25-22	4732-4737	their	
25-23	4738-4747	infernall	
25-24	4748-4756	Religion	
25-25	4756-4757	,	
25-26	4758-4761	and	
25-27	4762-4766	late	
25-28	4767-4773	taught	
25-29	4774-4782	Idolatry	
25-30	4782-4783	:	
25-31	4784-4788	both	
25-32	4788-4789	,	
25-33	4790-4792	no	
25-34	4793-4796	way	
25-35	4797-4806	valewable	
25-36	4806-4807	;	
25-37	4808-4811	did	
25-38	4812-4815	not	
25-39	4816-4821	those	
25-40	4822-4827	mynes	
25-41	4828-4830	of	
25-42	4831-4835	Gold	
25-43	4836-4839	and	
25-44	4840-4848	Dyamonds	
25-45	4848-4849	,	
25-46	4850-4853	and	
25-47	4854-4858	some	
25-48	4859-4864	other	
25-49	4865-4877	merchandises	
25-50	4877-4878	;	
25-51	4879-4881	as	
25-52	4881-4882	,	
25-53	4883-4890	Bezarrs	
25-54	4890-4891	,	
25-55	4892-4896	Musk	
25-56	4896-4897	,	
25-57	4898-4902	Amer	
25-58	4902-4903	,	
25-59	4904-4910	Lignum	
25-60	4911-4916	Aloes	
25-61	4916-4917	,	
25-62	4918-4925	Sanguis	
25-63	4926-4934	Draconûm	
25-64	4934-4935	,	
25-65	4936-4939	Wax	
25-66	4939-4940	,	
25-67	4941-4945	Rice	
25-68	4945-4946	,	
25-69	4947-4950	and	
25-70	4951-4958	Rattans	
25-71	4959-4961	or	
25-72	4962-4967	Canes	
25-73	4968-4972	make	
25-74	4973-4976	her	
25-75	4977-4981	most	
25-76	4982-4993	magneticall	
25-77	4993-4994	.	

#Text=Her marittim Townes and Ports exceed not for number, but Peu & bon.
26-1	4995-4998	Her	
26-2	4999-5007	marittim	
26-3	5008-5014	Townes	
26-4	5015-5018	and	
26-5	5019-5024	Ports	
26-6	5025-5031	exceed	
26-7	5032-5035	not	
26-8	5036-5039	for	
26-9	5040-5046	number	
26-10	5046-5047	,	
26-11	5048-5051	but	
26-12	5052-5055	Peu	
26-13	5056-5057	&	
26-14	5058-5061	bon	
26-15	5061-5062	.	

#Text=Socodania, (in 1 deg. 35 minutes South, from Bantam N.
27-1	5063-5072	Socodania	
27-2	5072-5073	,	
27-3	5074-5075	(	
27-4	5075-5077	in	
27-5	5078-5079	1	
27-6	5080-5083	deg	
27-7	5083-5084	.	
27-8	5085-5087	35	
27-9	5088-5095	minutes	
27-10	5096-5101	South	
27-11	5101-5102	,	
27-12	5103-5107	from	
27-13	5108-5114	Bantam	
27-14	5115-5116	N	
27-15	5116-5117	.	

#Text=E. 160 leagues) and Bemermassin; Little, but good, if such thou interpret.
28-1	5118-5119	E	
28-2	5119-5120	.	
28-3	5121-5124	160	
28-4	5125-5132	leagues	
28-5	5132-5133	)	
28-6	5134-5137	and	
28-7	5138-5149	Bemermassin	
28-8	5149-5150	;	
28-9	5151-5157	Little	
28-10	5157-5158	,	
28-11	5159-5162	but	
28-12	5163-5167	good	
28-13	5167-5168	,	
28-14	5169-5171	if	
28-15	5172-5176	such	
28-16	5177-5181	thou	
28-17	5182-5191	interpret	
28-18	5191-5192	.	

#Text=Safety and Satiety.
29-1	5193-5199	Safety	
29-2	5200-5203	and	
29-3	5204-5211	Satiety	
29-4	5211-5212	.	

#Text=We are landed in so good a place, that wee will rest our wearied feet awhile, and entertaine your curiosity with a few viands; friends (though simple food) to infeobled Nature.
30-1	5214-5216	We	
30-2	5217-5220	are	
30-3	5221-5227	landed	
30-4	5228-5230	in	
30-5	5231-5233	so	
30-6	5234-5238	good	
30-7	5239-5240	a	
30-8	5241-5246	place	
30-9	5246-5247	,	
30-10	5248-5252	that	
30-11	5253-5256	wee	
30-12	5257-5261	will	
30-13	5262-5266	rest	
30-14	5267-5270	our	
30-15	5271-5278	wearied	
30-16	5279-5283	feet	
30-17	5284-5290	awhile	
30-18	5290-5291	,	
30-19	5292-5295	and	
30-20	5296-5306	entertaine	
30-21	5307-5311	your	
30-22	5312-5321	curiosity	
30-23	5322-5326	with	
30-24	5327-5328	a	
30-25	5329-5332	few	
30-26	5333-5339	viands	
30-27	5339-5340	;	
30-28	5341-5348	friends	
30-29	5349-5350	(	
30-30	5350-5356	though	
30-31	5357-5363	simple	
30-32	5364-5368	food	
30-33	5368-5369	)	
30-34	5370-5372	to	
30-35	5373-5382	infeobled	
30-36	5383-5389	Nature	
30-37	5389-5390	.	

#Text=Bezar, Lignum Aloes, Musk, Civit, Benjamin, and Amber.
31-1	5391-5396	Bezar	
31-2	5396-5397	,	
31-3	5398-5404	Lignum	
31-4	5405-5410	Aloes	
31-5	5410-5411	,	
31-6	5412-5416	Musk	
31-7	5416-5417	,	
31-8	5418-5423	Civit	
31-9	5423-5424	,	
31-10	5425-5433	Benjamin	
31-11	5433-5434	,	
31-12	5435-5438	and	
31-13	5439-5444	Amber	
31-14	5444-5445	.	

#Text=Bezar, or (as the Persians call it) Pezar, is of two sorts; generated in Persia and both the Indyes: the American is worse than be these of Asia and the Orient.
32-1	5447-5452	Bezar	
32-2	5452-5453	,	
32-3	5454-5456	or	
32-4	5457-5458	(	
32-5	5458-5460	as	
32-6	5461-5464	the	
32-7	5465-5473	Persians	
32-8	5474-5478	call	
32-9	5479-5481	it	
32-10	5481-5482	)	
32-11	5483-5488	Pezar	
32-12	5488-5489	,	
32-13	5490-5492	is	
32-14	5493-5495	of	
32-15	5496-5499	two	
32-16	5500-5505	sorts	
32-17	5505-5506	;	
32-18	5507-5516	generated	
32-19	5517-5519	in	
32-20	5520-5526	Persia	
32-21	5527-5530	and	
32-22	5531-5535	both	
32-23	5536-5539	the	
32-24	5540-5546	Indyes	
32-25	5546-5547	:	
32-26	5548-5551	the	
32-27	5552-5560	American	
32-28	5561-5563	is	
32-29	5564-5569	worse	
32-30	5570-5574	than	
32-31	5575-5577	be	
32-32	5578-5583	these	
32-33	5584-5586	of	
32-34	5587-5591	Asia	
32-35	5592-5595	and	
32-36	5596-5599	the	
32-37	5600-5606	Orient	
32-38	5606-5607	.	

#Text=The shape also is various; some resembling a plum, some
#Text=
#Text=
#Text=a Date-stone, others like Egges of Doves, some like Cheznuts, and Goats kidnies; all agree in this, they are blunt ended: they are no lesse incontant and divers in colour; some being red, pale-greene some, other-some of a dark yellow, and some sky-coloured: the last are best, these consistng of many skales (like Unions and Onions) circumvolving one the other, and in which.
33-1	5608-5611	The	
33-2	5612-5617	shape	
33-3	5618-5622	also	
33-4	5623-5625	is	
33-5	5626-5633	various	
33-6	5633-5634	;	
33-7	5635-5639	some	
33-8	5640-5650	resembling	
33-9	5651-5652	a	
33-10	5653-5657	plum	
33-11	5657-5658	,	
33-12	5659-5663	some	
33-13	5666-5667	a	
33-14	5668-5678	Date-stone	
33-15	5678-5679	,	
33-16	5680-5686	others	
33-17	5687-5691	like	
33-18	5692-5697	Egges	
33-19	5698-5700	of	
33-20	5701-5706	Doves	
33-21	5706-5707	,	
33-22	5708-5712	some	
33-23	5713-5717	like	
33-24	5718-5726	Cheznuts	
33-25	5726-5727	,	
33-26	5728-5731	and	
33-27	5732-5737	Goats	
33-28	5738-5745	kidnies	
33-29	5745-5746	;	
33-30	5747-5750	all	
33-31	5751-5756	agree	
33-32	5757-5759	in	
33-33	5760-5764	this	
33-34	5764-5765	,	
33-35	5766-5770	they	
33-36	5771-5774	are	
33-37	5775-5780	blunt	
33-38	5781-5786	ended	
33-39	5786-5787	:	
33-40	5788-5792	they	
33-41	5793-5796	are	
33-42	5797-5799	no	
33-43	5800-5805	lesse	
33-44	5806-5815	incontant	
33-45	5816-5819	and	
33-46	5820-5826	divers	
33-47	5827-5829	in	
33-48	5830-5836	colour	
33-49	5836-5837	;	
33-50	5838-5842	some	
33-51	5843-5848	being	
33-52	5849-5852	red	
33-53	5852-5853	,	
33-54	5854-5865	pale-greene	
33-55	5866-5870	some	
33-56	5870-5871	,	
33-57	5872-5882	other-some	
33-58	5883-5885	of	
33-59	5886-5887	a	
33-60	5888-5892	dark	
33-61	5893-5899	yellow	
33-62	5899-5900	,	
33-63	5901-5904	and	
33-64	5905-5909	some	
33-65	5910-5922	sky-coloured	
33-66	5922-5923	:	
33-67	5924-5927	the	
33-68	5928-5932	last	
33-69	5933-5936	are	
33-70	5937-5941	best	
33-71	5941-5942	,	
33-72	5943-5948	these	
33-73	5949-5958	consistng	
33-74	5959-5961	of	
33-75	5962-5966	many	
33-76	5967-5973	skales	
33-77	5974-5975	(	
33-78	5975-5979	like	
33-79	5980-5986	Unions	
33-80	5987-5990	and	
33-81	5991-5997	Onions	
33-82	5997-5998	)	
33-83	5999-6012	circumvolving	
33-84	6013-6016	one	
33-85	6017-6020	the	
33-86	6021-6026	other	
33-87	6026-6027	,	
33-88	6028-6031	and	
33-89	6032-6034	in	
33-90	6035-6040	which	
33-91	6040-6041	.	

#Text=Nature has exprest farre more excellency, than Arts best inenuity or perfection: for, each inferior skale (not unlike the glorious Orbes inverted) yeelds fresher beauty, and more celestiall splendor than the former: each skale diminishing & being of more vertue, as the Bezar is in tenuity or crassitude.
34-1	6042-6048	Nature	
34-2	6049-6052	has	
34-3	6053-6060	exprest	
34-4	6061-6066	farre	
34-5	6067-6071	more	
34-6	6072-6082	excellency	
34-7	6082-6083	,	
34-8	6084-6088	than	
34-9	6089-6093	Arts	
34-10	6094-6098	best	
34-11	6099-6107	inenuity	
34-12	6108-6110	or	
34-13	6111-6121	perfection	
34-14	6121-6122	:	
34-15	6123-6126	for	
34-16	6126-6127	,	
34-17	6128-6132	each	
34-18	6133-6141	inferior	
34-19	6142-6147	skale	
34-20	6148-6149	(	
34-21	6149-6152	not	
34-22	6153-6159	unlike	
34-23	6160-6163	the	
34-24	6164-6172	glorious	
34-25	6173-6178	Orbes	
34-26	6179-6187	inverted	
34-27	6187-6188	)	
34-28	6189-6195	yeelds	
34-29	6196-6203	fresher	
34-30	6204-6210	beauty	
34-31	6210-6211	,	
34-32	6212-6215	and	
34-33	6216-6220	more	
34-34	6221-6231	celestiall	
34-35	6232-6240	splendor	
34-36	6241-6245	than	
34-37	6246-6249	the	
34-38	6250-6256	former	
34-39	6256-6257	:	
34-40	6258-6262	each	
34-41	6263-6268	skale	
34-42	6269-6280	diminishing	
34-43	6281-6282	&	
34-44	6283-6288	being	
34-45	6289-6291	of	
34-46	6292-6296	more	
34-47	6297-6303	vertue	
34-48	6303-6304	,	
34-49	6305-6307	as	
34-50	6308-6311	the	
34-51	6312-6317	Bezar	
34-52	6318-6320	is	
34-53	6321-6323	in	
34-54	6324-6331	tenuity	
34-55	6332-6334	or	
34-56	6335-6345	crassitude	
34-57	6345-6346	.	

#Text=Many are counterfeit.
35-1	6347-6351	Many	
35-2	6352-6355	are	
35-3	6356-6367	counterfeit	
35-4	6367-6368	.	

#Text=They try them thus, either by pearcing them with hot bodkins; or after they have wayd them, to steep them in cold water foure houres; and if it crack not, tis not feyned: to know it good, they then, wipe it, and ballance it againe; observing, if it weigh never so little above the first weight,  ' tis base and despicable.
36-1	6369-6373	They	
36-2	6374-6377	try	
36-3	6378-6382	them	
36-4	6383-6387	thus	
36-5	6387-6388	,	
36-6	6389-6395	either	
36-7	6396-6398	by	
36-8	6399-6407	pearcing	
36-9	6408-6412	them	
36-10	6413-6417	with	
36-11	6418-6421	hot	
36-12	6422-6429	bodkins	
36-13	6429-6430	;	
36-14	6431-6433	or	
36-15	6434-6439	after	
36-16	6440-6444	they	
36-17	6445-6449	have	
36-18	6450-6454	wayd	
36-19	6455-6459	them	
36-20	6459-6460	,	
36-21	6461-6463	to	
36-22	6464-6469	steep	
36-23	6470-6474	them	
36-24	6475-6477	in	
36-25	6478-6482	cold	
36-26	6483-6488	water	
36-27	6489-6494	foure	
36-28	6495-6501	houres	
36-29	6501-6502	;	
36-30	6503-6506	and	
36-31	6507-6509	if	
36-32	6510-6512	it	
36-33	6513-6518	crack	
36-34	6519-6522	not	
36-35	6522-6523	,	
36-36	6524-6527	tis	
36-37	6528-6531	not	
36-38	6532-6538	feyned	
36-39	6538-6539	:	
36-40	6540-6542	to	
36-41	6543-6547	know	
36-42	6548-6550	it	
36-43	6551-6555	good	
36-44	6555-6556	,	
36-45	6557-6561	they	
36-46	6562-6566	then	
36-47	6566-6567	,	
36-48	6568-6572	wipe	
36-49	6573-6575	it	
36-50	6575-6576	,	
36-51	6577-6580	and	
36-52	6581-6589	ballance	
36-53	6590-6592	it	
36-54	6593-6599	againe	
36-55	6599-6600	;	
36-56	6601-6610	observing	
36-57	6610-6611	,	
36-58	6612-6614	if	
36-59	6615-6617	it	
36-60	6618-6623	weigh	
36-61	6624-6629	never	
36-62	6630-6632	so	
36-63	6633-6639	little	
36-64	6640-6645	above	
36-65	6646-6649	the	
36-66	6650-6655	first	
36-67	6656-6662	weight	
36-68	6662-6663	,	
36-69	6665-6666	'	
36-70	6667-6670	tis	
36-71	6671-6675	base	
36-72	6676-6679	and	
36-73	6680-6690	despicable	
36-74	6690-6691	.	

#Text=Note also, that Borneo Bezars are not halfe so valewable as Persia ' s.
37-1	6692-6696	Note	
37-2	6697-6701	also	
37-3	6701-6702	,	
37-4	6703-6707	that	
37-5	6708-6714	Borneo	
37-6	6715-6721	Bezars	
37-7	6722-6725	are	
37-8	6726-6729	not	
37-9	6730-6735	halfe	
37-10	6736-6738	so	
37-11	6739-6748	valewable	
37-12	6749-6751	as	
37-13	6752-6758	Persia	
37-14	6759-6760	'	
37-15	6761-6762	s	
37-16	6762-6763	.	

#Text=Lignum Aloes, from diversity of Countries, varie in their Nomenclatins.
38-1	6765-6771	Lignum	
38-2	6772-6777	Aloes	
38-3	6777-6778	,	
38-4	6779-6783	from	
38-5	6784-6793	diversity	
38-6	6794-6796	of	
38-7	6797-6806	Countries	
38-8	6806-6807	,	
38-9	6808-6813	varie	
38-10	6814-6816	in	
38-11	6817-6822	their	
38-12	6823-6835	Nomenclatins	
38-13	6835-6836	.	

#Text=The Javans and Malayans name it, Garroo: Indians and Portuguizes, D '  Aquillha, the Chinae, and Cochinchinae, Calamba: fram ' d of large round sticks, of a cloody graine, commixt with ashy veines; no lesse pleasant to the eye, than to the hand ponderous: the relish or taste proves bitter, in its language telling you, It would be burned; for, hot coales of Fyre no sooner touch it, but it incendiates, and (to the honour of its owne Funeall solemnity) expires and breaths out an odor so aromatick and comforble, that no other is used by the Indians, Malayans, Siamites, Peguans; Cambogians, and Borneans, when they incinerate the Carcasses of their most honoured Parents.
39-1	6837-6840	The	
39-2	6841-6847	Javans	
39-3	6848-6851	and	
39-4	6852-6860	Malayans	
39-5	6861-6865	name	
39-6	6866-6868	it	
39-7	6868-6869	,	
39-8	6870-6876	Garroo	
39-9	6876-6877	:	
39-10	6878-6885	Indians	
39-11	6886-6889	and	
39-12	6890-6901	Portuguizes	
39-13	6901-6902	,	
39-14	6903-6904	D	
39-15	6905-6906	'	
39-16	6908-6916	Aquillha	
39-17	6916-6917	,	
39-18	6918-6921	the	
39-19	6922-6928	Chinae	
39-20	6928-6929	,	
39-21	6930-6933	and	
39-22	6934-6946	Cochinchinae	
39-23	6946-6947	,	
39-24	6948-6955	Calamba	
39-25	6955-6956	:	
39-26	6957-6961	fram	
39-27	6962-6963	'	
39-28	6964-6965	d	
39-29	6966-6968	of	
39-30	6969-6974	large	
39-31	6975-6980	round	
39-32	6981-6987	sticks	
39-33	6987-6988	,	
39-34	6989-6991	of	
39-35	6992-6993	a	
39-36	6994-7000	cloody	
39-37	7001-7007	graine	
39-38	7007-7008	,	
39-39	7009-7016	commixt	
39-40	7017-7021	with	
39-41	7022-7026	ashy	
39-42	7027-7033	veines	
39-43	7033-7034	;	
39-44	7035-7037	no	
39-45	7038-7043	lesse	
39-46	7044-7052	pleasant	
39-47	7053-7055	to	
39-48	7056-7059	the	
39-49	7060-7063	eye	
39-50	7063-7064	,	
39-51	7065-7069	than	
39-52	7070-7072	to	
39-53	7073-7076	the	
39-54	7077-7081	hand	
39-55	7082-7091	ponderous	
39-56	7091-7092	:	
39-57	7093-7096	the	
39-58	7097-7103	relish	
39-59	7104-7106	or	
39-60	7107-7112	taste	
39-61	7113-7119	proves	
39-62	7120-7126	bitter	
39-63	7126-7127	,	
39-64	7128-7130	in	
39-65	7131-7134	its	
39-66	7135-7143	language	
39-67	7144-7151	telling	
39-68	7152-7155	you	
39-69	7155-7156	,	
39-70	7157-7159	It	
39-71	7160-7165	would	
39-72	7166-7168	be	
39-73	7169-7175	burned	
39-74	7175-7176	;	
39-75	7177-7180	for	
39-76	7180-7181	,	
39-77	7182-7185	hot	
39-78	7186-7192	coales	
39-79	7193-7195	of	
39-80	7196-7200	Fyre	
39-81	7201-7203	no	
39-82	7204-7210	sooner	
39-83	7211-7216	touch	
39-84	7217-7219	it	
39-85	7219-7220	,	
39-86	7221-7224	but	
39-87	7225-7227	it	
39-88	7228-7239	incendiates	
39-89	7239-7240	,	
39-90	7241-7244	and	
39-91	7245-7246	(	
39-92	7246-7248	to	
39-93	7249-7252	the	
39-94	7253-7259	honour	
39-95	7260-7262	of	
39-96	7263-7266	its	
39-97	7267-7271	owne	
39-98	7272-7279	Funeall	
39-99	7280-7289	solemnity	
39-100	7289-7290	)	
39-101	7291-7298	expires	
39-102	7299-7302	and	
39-103	7303-7310	breaths	
39-104	7311-7314	out	
39-105	7315-7317	an	
39-106	7318-7322	odor	
39-107	7323-7325	so	
39-108	7326-7335	aromatick	
39-109	7336-7339	and	
39-110	7340-7349	comforble	
39-111	7349-7350	,	
39-112	7351-7355	that	
39-113	7356-7358	no	
39-114	7359-7364	other	
39-115	7365-7367	is	
39-116	7368-7372	used	
39-117	7373-7375	by	
39-118	7376-7379	the	
39-119	7380-7387	Indians	
39-120	7387-7388	,	
39-121	7389-7397	Malayans	
39-122	7397-7398	,	
39-123	7399-7407	Siamites	
39-124	7407-7408	,	
39-125	7409-7416	Peguans	
39-126	7416-7417	;	
39-127	7418-7428	Cambogians	
39-128	7428-7429	,	
39-129	7430-7433	and	
39-130	7434-7442	Borneans	
39-131	7442-7443	,	
39-132	7444-7448	when	
39-133	7449-7453	they	
39-134	7454-7464	incinerate	
39-135	7465-7468	the	
39-136	7469-7478	Carcasses	
39-137	7479-7481	of	
39-138	7482-7487	their	
39-139	7488-7492	most	
39-140	7493-7501	honoured	
39-141	7502-7509	Parents	
39-142	7509-7510	.	

#Text=Musk, is either yellow, browne, or black: the first is best, last is basest: the choysest yellow shews a deep Amber complection (not unlike Spikeard) cloathed with a reasonable moist skin, sweating out some bristly hayres, without stones, lead, or like adulterate mixtures; of so strong a smell as seemes offensive; but tasted, penetrates a strong braine by its fraor: sweet spices dead it; and put in the mouth, if it suddenly dissolve, or in the hand if it be long a melting; those trialls discover it for bad and imperfect.
40-1	7512-7516	Musk	
40-2	7516-7517	,	
40-3	7518-7520	is	
40-4	7521-7527	either	
40-5	7528-7534	yellow	
40-6	7534-7535	,	
40-7	7536-7542	browne	
40-8	7542-7543	,	
40-9	7544-7546	or	
40-10	7547-7552	black	
40-11	7552-7553	:	
40-12	7554-7557	the	
40-13	7558-7563	first	
40-14	7564-7566	is	
40-15	7567-7571	best	
40-16	7571-7572	,	
40-17	7573-7577	last	
40-18	7578-7580	is	
40-19	7581-7587	basest	
40-20	7587-7588	:	
40-21	7589-7592	the	
40-22	7593-7601	choysest	
40-23	7602-7608	yellow	
40-24	7609-7614	shews	
40-25	7615-7616	a	
40-26	7617-7621	deep	
40-27	7622-7627	Amber	
40-28	7628-7639	complection	
40-29	7640-7641	(	
40-30	7641-7644	not	
40-31	7645-7651	unlike	
40-32	7652-7660	Spikeard	
40-33	7660-7661	)	
40-34	7662-7670	cloathed	
40-35	7671-7675	with	
40-36	7676-7677	a	
40-37	7678-7688	reasonable	
40-38	7689-7694	moist	
40-39	7695-7699	skin	
40-40	7699-7700	,	
40-41	7701-7709	sweating	
40-42	7710-7713	out	
40-43	7714-7718	some	
40-44	7719-7726	bristly	
40-45	7727-7733	hayres	
40-46	7733-7734	,	
40-47	7735-7742	without	
40-48	7743-7749	stones	
40-49	7749-7750	,	
40-50	7751-7755	lead	
40-51	7755-7756	,	
40-52	7757-7759	or	
40-53	7760-7764	like	
40-54	7765-7775	adulterate	
40-55	7776-7784	mixtures	
40-56	7784-7785	;	
40-57	7786-7788	of	
40-58	7789-7791	so	
40-59	7792-7798	strong	
40-60	7799-7800	a	
40-61	7801-7806	smell	
40-62	7807-7809	as	
40-63	7810-7816	seemes	
40-64	7817-7826	offensive	
40-65	7826-7827	;	
40-66	7828-7831	but	
40-67	7832-7838	tasted	
40-68	7838-7839	,	
40-69	7840-7850	penetrates	
40-70	7851-7852	a	
40-71	7853-7859	strong	
40-72	7860-7866	braine	
40-73	7867-7869	by	
40-74	7870-7873	its	
40-75	7874-7879	fraor	
40-76	7879-7880	:	
40-77	7881-7886	sweet	
40-78	7887-7893	spices	
40-79	7894-7898	dead	
40-80	7899-7901	it	
40-81	7901-7902	;	
40-82	7903-7906	and	
40-83	7907-7910	put	
40-84	7911-7913	in	
40-85	7914-7917	the	
40-86	7918-7923	mouth	
40-87	7923-7924	,	
40-88	7925-7927	if	
40-89	7928-7930	it	
40-90	7931-7939	suddenly	
40-91	7940-7948	dissolve	
40-92	7948-7949	,	
40-93	7950-7952	or	
40-94	7953-7955	in	
40-95	7956-7959	the	
40-96	7960-7964	hand	
40-97	7965-7967	if	
40-98	7968-7970	it	
40-99	7971-7973	be	
40-100	7974-7978	long	
40-101	7979-7980	a	
40-102	7981-7988	melting	
40-103	7988-7989	;	
40-104	7990-7995	those	
40-105	7996-8003	trialls	
40-106	8004-8012	discover	
40-107	8013-8015	it	
40-108	8016-8019	for	
40-109	8020-8023	bad	
40-110	8024-8027	and	
40-111	8028-8037	imperfect	
40-112	8037-8038	.	

#Text=Civit, is diversified in colour also: deep yellow (I have beene told) is best, the worst is white, gerasie and sophisticat: how beit, the new is pale, and soone after groweth yellowish.
41-1	8040-8045	Civit	
41-2	8045-8046	,	
41-3	8047-8049	is	
41-4	8050-8061	diversified	
41-5	8062-8064	in	
41-6	8065-8071	colour	
41-7	8072-8076	also	
41-8	8076-8077	:	
41-9	8078-8082	deep	
41-10	8083-8089	yellow	
41-11	8090-8091	(	
41-12	8091-8092	I	
41-13	8093-8097	have	
41-14	8098-8103	beene	
41-15	8104-8108	told	
41-16	8108-8109	)	
41-17	8110-8112	is	
41-18	8113-8117	best	
41-19	8117-8118	,	
41-20	8119-8122	the	
41-21	8123-8128	worst	
41-22	8129-8131	is	
41-23	8132-8137	white	
41-24	8137-8138	,	
41-25	8139-8146	gerasie	
41-26	8147-8150	and	
41-27	8151-8162	sophisticat	
41-28	8162-8163	:	
41-29	8164-8167	how	
41-30	8168-8172	beit	
41-31	8172-8173	,	
41-32	8174-8177	the	
41-33	8178-8181	new	
41-34	8182-8184	is	
41-35	8185-8189	pale	
41-36	8189-8190	,	
41-37	8191-8194	and	
41-38	8195-8200	soone	
41-39	8201-8206	after	
41-40	8207-8214	groweth	
41-41	8215-8224	yellowish	
41-42	8224-8225	.	

#Text=Benjamin, by the Malayans call ' d Menyan; by other Indians Benyan: is either pure cleare white, or yellow, streaked or coloured; the gum issues from a tree high, small, and furnished with fruitlesse branches; the leaves are not unlike the Olive: Pegu and Siam yeelds the best; Arabia very good; that from Sumatra, Priaman and Barrouse, course, and had: better lik ' d of at Iava, than in England.
42-1	8227-8235	Benjamin	
42-2	8235-8236	,	
42-3	8237-8239	by	
42-4	8240-8243	the	
42-5	8244-8252	Malayans	
42-6	8253-8257	call	
42-7	8258-8259	'	
42-8	8260-8261	d	
42-9	8262-8268	Menyan	
42-10	8268-8269	;	
42-11	8270-8272	by	
42-12	8273-8278	other	
42-13	8279-8286	Indians	
42-14	8287-8293	Benyan	
42-15	8293-8294	:	
42-16	8295-8297	is	
42-17	8298-8304	either	
42-18	8305-8309	pure	
42-19	8310-8316	cleare	
42-20	8317-8322	white	
42-21	8322-8323	,	
42-22	8324-8326	or	
42-23	8327-8333	yellow	
42-24	8333-8334	,	
42-25	8335-8343	streaked	
42-26	8344-8346	or	
42-27	8347-8355	coloured	
42-28	8355-8356	;	
42-29	8357-8360	the	
42-30	8361-8364	gum	
42-31	8365-8371	issues	
42-32	8372-8376	from	
42-33	8377-8378	a	
42-34	8379-8383	tree	
42-35	8384-8388	high	
42-36	8388-8389	,	
42-37	8390-8395	small	
42-38	8395-8396	,	
42-39	8397-8400	and	
42-40	8401-8410	furnished	
42-41	8411-8415	with	
42-42	8416-8426	fruitlesse	
42-43	8427-8435	branches	
42-44	8435-8436	;	
42-45	8437-8440	the	
42-46	8441-8447	leaves	
42-47	8448-8451	are	
42-48	8452-8455	not	
42-49	8456-8462	unlike	
42-50	8463-8466	the	
42-51	8467-8472	Olive	
42-52	8472-8473	:	
42-53	8474-8478	Pegu	
42-54	8479-8482	and	
42-55	8483-8487	Siam	
42-56	8488-8494	yeelds	
42-57	8495-8498	the	
42-58	8499-8503	best	
42-59	8503-8504	;	
42-60	8505-8511	Arabia	
42-61	8512-8516	very	
42-62	8517-8521	good	
42-63	8521-8522	;	
42-64	8523-8527	that	
42-65	8528-8532	from	
42-66	8533-8540	Sumatra	
42-67	8540-8541	,	
42-68	8542-8549	Priaman	
42-69	8550-8553	and	
42-70	8554-8562	Barrouse	
42-71	8562-8563	,	
42-72	8564-8570	course	
42-73	8570-8571	,	
42-74	8572-8575	and	
42-75	8576-8579	had	
42-76	8579-8580	:	
42-77	8581-8587	better	
42-78	8588-8591	lik	
42-79	8592-8593	'	
42-80	8594-8595	d	
42-81	8596-8598	of	
42-82	8599-8601	at	
42-83	8602-8606	Iava	
42-84	8606-8607	,	
42-85	8608-8612	than	
42-86	8613-8615	in	
42-87	8616-8623	England	
42-88	8623-8624	.	

#Text=Amber, is of so many formes; grey, browne, white, black: grey is best; black is worst; the other two are indifferent.
43-1	8626-8631	Amber	
43-2	8631-8632	,	
43-3	8633-8635	is	
43-4	8636-8638	of	
43-5	8639-8641	so	
43-6	8642-8646	many	
43-7	8647-8653	formes	
43-8	8653-8654	;	
43-9	8655-8659	grey	
43-10	8659-8660	,	
43-11	8661-8667	browne	
43-12	8667-8668	,	
43-13	8669-8674	white	
43-14	8674-8675	,	
43-15	8676-8681	black	
43-16	8681-8682	:	
43-17	8683-8687	grey	
43-18	8688-8690	is	
43-19	8691-8695	best	
43-20	8695-8696	;	
43-21	8697-8702	black	
43-22	8703-8705	is	
43-23	8706-8711	worst	
43-24	8711-8712	;	
43-25	8713-8716	the	
43-26	8717-8722	other	
43-27	8723-8726	two	
43-28	8727-8730	are	
43-29	8731-8742	indifferent	
43-30	8742-8743	.	

#Text=The best sort of grey is pure, interlac ' t with ashie veines, not subject to sinck; and got (as Merhants informe us) in Soffala, Magadoxa, Mombassa, Mosambique, Madagasar Mohelia, Melinde, other parts of Afrique: found there at incertain
44-1	8744-8747	The	
44-2	8748-8752	best	
44-3	8753-8757	sort	
44-4	8758-8760	of	
44-5	8761-8765	grey	
44-6	8766-8768	is	
44-7	8769-8773	pure	
44-8	8773-8774	,	
44-9	8775-8783	interlac	
44-10	8784-8785	'	
44-11	8786-8787	t	
44-12	8788-8792	with	
44-13	8793-8798	ashie	
44-14	8799-8805	veines	
44-15	8805-8806	,	
44-16	8807-8810	not	
44-17	8811-8818	subject	
44-18	8819-8821	to	
44-19	8822-8827	sinck	
44-20	8827-8828	;	
44-21	8829-8832	and	
44-22	8833-8836	got	
44-23	8837-8838	(	
44-24	8838-8840	as	
44-25	8841-8849	Merhants	
44-26	8850-8857	informe	
44-27	8858-8860	us	
44-28	8860-8861	)	
44-29	8862-8864	in	
44-30	8865-8872	Soffala	
44-31	8872-8873	,	
44-32	8874-8882	Magadoxa	
44-33	8882-8883	,	
44-34	8884-8892	Mombassa	
44-35	8892-8893	,	
44-36	8894-8904	Mosambique	
44-37	8904-8905	,	
44-38	8906-8915	Madagasar	
44-39	8916-8923	Mohelia	
44-40	8923-8924	,	
44-41	8925-8932	Melinde	
44-42	8932-8933	,	
44-43	8934-8939	other	
44-44	8940-8945	parts	
44-45	8946-8948	of	
44-46	8949-8956	Afrique	
44-47	8956-8957	:	
44-48	8958-8963	found	
44-49	8964-8969	there	
44-50	8970-8972	at	
44-51	8973-8982	incertain	
