#FORMAT=WebAnno TSV 3.3
#T_SP=custom.Span|label
#T_RL=custom.Relation|label|BT_custom.Span


#Text=CHAPITRE XX
#Text=
#Text=De l'Ambre, de son origine, des marques de celuy qui est bon, & sans mélage.
1-1	0-8	CHAPITRE	_	_	_	
1-2	9-11	XX	_	_	_	
1-3	13-15	De	_	_	_	
1-4	16-23	l'Ambre	_	_	_	
1-5	23-24	,	_	_	_	
1-6	25-27	de	_	_	_	
1-7	28-31	son	_	_	_	
1-8	32-39	origine	_	_	_	
1-9	39-40	,	_	_	_	
1-10	41-44	des	_	_	_	
1-11	45-52	marques	_	_	_	
1-12	53-55	de	_	_	_	
1-13	56-61	celuy	_	_	_	
1-14	62-65	qui	_	_	_	
1-15	66-69	est	_	_	_	
1-16	70-73	bon	_	_	_	
1-17	73-74	,	_	_	_	
1-18	75-76	&	_	_	_	
1-19	77-81	sans	_	_	_	
1-20	82-88	mélage	_	_	_	
1-21	88-89	.	_	_	_	

#Text=L'Ambre gris se trouve en plusgrande abondâce aus Costes de la Floride, qu'en aucune des autres Contrées de l'Amerique.
2-1	91-98	L'Ambre	Smell\_Source[1]	Anaphoric	4-76[2_1]	
2-2	99-103	gris	Smell\_Source[1]	_	_	
2-3	104-106	se	_	_	_	
2-4	107-113	trouve	_	_	_	
2-5	114-116	en	_	_	_	
2-6	117-127	plusgrande	_	_	_	
2-7	128-136	abondâce	_	_	_	
2-8	137-140	aus	_	_	_	
2-9	141-147	Costes	_	_	_	
2-10	148-150	de	_	_	_	
2-11	151-153	la	_	_	_	
2-12	154-161	Floride	_	_	_	
2-13	161-162	,	_	_	_	
2-14	163-168	qu'en	_	_	_	
2-15	169-175	aucune	_	_	_	
2-16	176-179	des	_	_	_	
2-17	180-186	autres	_	_	_	
2-18	187-195	Contrées	_	_	_	
2-19	196-198	de	_	_	_	
2-20	199-209	l'Amerique	_	_	_	
2-21	209-210	.	_	_	_	

#Text=C'est pourquoy les Espagnols y ont dressé des forts, pour se conserver la terre, & pour entretenir avec les Indiens qui l'habitent, le commerce de cette riche marchandise, laquelle ils recüeillent soigneusement, dépuis qu'on leur en a enseigné le prix.
3-1	211-216	C'est	_	_	_	
3-2	217-225	pourquoy	_	_	_	
3-3	226-229	les	_	_	_	
3-4	230-239	Espagnols	_	_	_	
3-5	240-241	y	_	_	_	
3-6	242-245	ont	_	_	_	
3-7	246-252	dressé	_	_	_	
3-8	253-256	des	_	_	_	
3-9	257-262	forts	_	_	_	
3-10	262-263	,	_	_	_	
3-11	264-268	pour	_	_	_	
3-12	269-271	se	_	_	_	
3-13	272-281	conserver	_	_	_	
3-14	282-284	la	_	_	_	
3-15	285-290	terre	_	_	_	
3-16	290-291	,	_	_	_	
3-17	292-293	&	_	_	_	
3-18	294-298	pour	_	_	_	
3-19	299-309	entretenir	_	_	_	
3-20	310-314	avec	_	_	_	
3-21	315-318	les	_	_	_	
3-22	319-326	Indiens	_	_	_	
3-23	327-330	qui	_	_	_	
3-24	331-341	l'habitent	_	_	_	
3-25	341-342	,	_	_	_	
3-26	343-345	le	_	_	_	
3-27	346-354	commerce	_	_	_	
3-28	355-357	de	_	_	_	
3-29	358-363	cette	_	_	_	
3-30	364-369	riche	_	_	_	
3-31	370-381	marchandise	_	_	_	
3-32	381-382	,	_	_	_	
3-33	383-391	laquelle	_	_	_	
3-34	392-395	ils	_	_	_	
3-35	396-407	recüeillent	_	_	_	
3-36	408-421	soigneusement	_	_	_	
3-37	421-422	,	_	_	_	
3-38	423-429	dépuis	_	_	_	
3-39	430-435	qu'on	_	_	_	
3-40	436-440	leur	_	_	_	
3-41	441-443	en	_	_	_	
3-42	444-445	a	_	_	_	
3-43	446-454	enseigné	_	_	_	
3-44	455-457	le	_	_	_	
3-45	458-462	prix	_	_	_	
3-46	462-463	.	_	_	_	

#Text=On en a aussi ramasse quelque fois, aprés de rudes tempestes sur les rades de Tabago, de la Barboude & de quelques autres de nos Antilles, comme nous le reconnoissons par plusieurs mémoires , que nous avons entre nos mains : Et c'est ce qui nous fait croire , que sans sortir des limites des l'Histoire Naturelle que nous traitons, nous pouvons parfumer tout ce Chapitre de la souëue odeur dé cette drogue Aromatique, qui est sans contredit la plus rare, & la plus preciéuse de toutes les productions, que l'Océan ait encore pouffé hors de son vaste & inépuisable sein y pour enrichir ce nouveau monde.
4-1	464-466	On	_	_	_	
4-2	467-469	en	_	_	_	
4-3	470-471	a	_	_	_	
4-4	472-477	aussi	_	_	_	
4-5	478-485	ramasse	_	_	_	
4-6	486-493	quelque	_	_	_	
4-7	494-498	fois	_	_	_	
4-8	498-499	,	_	_	_	
4-9	500-505	aprés	_	_	_	
4-10	506-508	de	_	_	_	
4-11	509-514	rudes	_	_	_	
4-12	515-524	tempestes	_	_	_	
4-13	525-528	sur	_	_	_	
4-14	529-532	les	_	_	_	
4-15	533-538	rades	_	_	_	
4-16	539-541	de	_	_	_	
4-17	542-548	Tabago	Location	_	_	
4-18	548-549	,	_	_	_	
4-19	550-552	de	_	_	_	
4-20	553-555	la	_	_	_	
4-21	556-564	Barboude	Location	_	_	
4-22	565-566	&	_	_	_	
4-23	567-569	de	_	_	_	
4-24	570-578	quelques	_	_	_	
4-25	579-585	autres	_	_	_	
4-26	586-588	de	_	_	_	
4-27	589-592	nos	_	_	_	
4-28	593-601	Antilles	Location	_	_	
4-29	601-602	,	_	_	_	
4-30	603-608	comme	_	_	_	
4-31	609-613	nous	Perceiver	_	_	
4-32	614-616	le	_	_	_	
4-33	617-630	reconnoissons	_	_	_	
4-34	631-634	par	_	_	_	
4-35	635-644	plusieurs	_	_	_	
4-36	645-653	mémoires	_	_	_	
4-37	654-655	,	_	_	_	
4-38	656-659	que	_	_	_	
4-39	660-664	nous	_	_	_	
4-40	665-670	avons	_	_	_	
4-41	671-676	entre	_	_	_	
4-42	677-680	nos	_	_	_	
4-43	681-686	mains	_	_	_	
4-44	687-688	:	_	_	_	
4-45	689-691	Et	_	_	_	
4-46	692-697	c'est	_	_	_	
4-47	698-700	ce	_	_	_	
4-48	701-704	qui	_	_	_	
4-49	705-709	nous	_	_	_	
4-50	710-714	fait	_	_	_	
4-51	715-721	croire	_	_	_	
4-52	722-723	,	_	_	_	
4-53	724-727	que	_	_	_	
4-54	728-732	sans	_	_	_	
4-55	733-739	sortir	_	_	_	
4-56	740-743	des	_	_	_	
4-57	744-751	limites	_	_	_	
4-58	752-755	des	_	_	_	
4-59	756-766	l'Histoire	_	_	_	
4-60	767-776	Naturelle	_	_	_	
4-61	777-780	que	_	_	_	
4-62	781-785	nous	_	_	_	
4-63	786-794	traitons	_	_	_	
4-64	794-795	,	_	_	_	
4-65	796-800	nous	_	_	_	
4-66	801-808	pouvons	_	_	_	
4-67	809-817	parfumer	Quality	_	_	
4-68	818-822	tout	_	_	_	
4-69	823-825	ce	_	_	_	
4-70	826-834	Chapitre	_	_	_	
4-71	835-837	de	_	_	_	
4-72	838-840	la	_	_	_	
4-73	841-847	souëue	Quality	_	_	
4-74	848-853	odeur	Smell\_Word	*|*|*|*|*|*|*|*	4-78|4-76[2_0]|4-73|4-67|4-17|4-21|4-28|4-31	
4-75	854-856	dé	_	_	_	
4-76	857-862	cette	Smell\_Source[2]	_	_	
4-77	863-869	drogue	Smell\_Source[2]	_	_	
4-78	870-880	Aromatique	Quality	_	_	
4-79	880-881	,	_	_	_	
4-80	882-885	qui	_	_	_	
4-81	886-889	est	_	_	_	
4-82	890-894	sans	_	_	_	
4-83	895-904	contredit	_	_	_	
4-84	905-907	la	_	_	_	
4-85	908-912	plus	_	_	_	
4-86	913-917	rare	_	_	_	
4-87	917-918	,	_	_	_	
4-88	919-920	&	_	_	_	
4-89	921-923	la	_	_	_	
4-90	924-928	plus	_	_	_	
4-91	929-938	preciéuse	_	_	_	
4-92	939-941	de	_	_	_	
4-93	942-948	toutes	_	_	_	
4-94	949-952	les	_	_	_	
4-95	953-964	productions	_	_	_	
4-96	964-965	,	_	_	_	
4-97	966-969	que	_	_	_	
4-98	970-977	l'Océan	_	_	_	
4-99	978-981	ait	_	_	_	
4-100	982-988	encore	_	_	_	
4-101	989-995	pouffé	_	_	_	
4-102	996-1000	hors	_	_	_	
4-103	1001-1003	de	_	_	_	
4-104	1004-1007	son	_	_	_	
4-105	1008-1013	vaste	_	_	_	
4-106	1014-1015	&	_	_	_	
4-107	1016-1027	inépuisable	_	_	_	
4-108	1028-1032	sein	_	_	_	
4-109	1033-1034	y	_	_	_	
4-110	1035-1039	pour	_	_	_	
4-111	1040-1048	enrichir	_	_	_	
4-112	1049-1051	ce	_	_	_	
4-113	1052-1059	nouveau	_	_	_	
4-114	1060-1065	monde	_	_	_	
4-115	1065-1066	.	_	_	_	

#Text=Les Maldivois appellent l'Ambre-gris "Panaharnbar" y c'est à dire "Ambre d'or", à cause de sa valeur.
5-1	1068-1071	Les	_	_	_	
5-2	1072-1081	Maldivois	_	_	_	
5-3	1082-1091	appellent	_	_	_	
5-4	1092-1104	l'Ambre-gris	_	_	_	
5-5	1105-1106	"	_	_	_	
5-6	1106-1117	Panaharnbar	_	_	_	
5-7	1117-1118	"	_	_	_	
5-8	1119-1120	y	_	_	_	
5-9	1121-1126	c'est	_	_	_	
5-10	1127-1128	à	_	_	_	
5-11	1129-1133	dire	_	_	_	
5-12	1134-1135	"	_	_	_	
5-13	1135-1140	Ambre	_	_	_	
5-14	1141-1145	d'or	_	_	_	
5-15	1145-1146	"	_	_	_	
5-16	1146-1147	,	_	_	_	
5-17	1148-1149	à	_	_	_	
5-18	1150-1155	cause	_	_	_	
5-19	1156-1158	de	_	_	_	
5-20	1159-1161	sa	_	_	_	
5-21	1162-1168	valeur	_	_	_	
5-22	1168-1169	.	_	_	_	

#Text=Les habitans de Fés & de Maroc & les Ethiopiens, le nomment du meme nom que la Baleine.
6-1	1170-1173	Les	_	_	_	
6-2	1174-1182	habitans	_	_	_	
6-3	1183-1185	de	_	_	_	
6-4	1186-1189	Fés	_	_	_	
6-5	1190-1191	&	_	_	_	
6-6	1192-1194	de	_	_	_	
6-7	1195-1200	Maroc	_	_	_	
6-8	1201-1202	&	_	_	_	
6-9	1203-1206	les	_	_	_	
6-10	1207-1217	Ethiopiens	_	_	_	
6-11	1217-1218	,	_	_	_	
6-12	1219-1221	le	_	_	_	
6-13	1222-1229	nomment	_	_	_	
6-14	1230-1232	du	_	_	_	
6-15	1233-1237	meme	_	_	_	
6-16	1238-1241	nom	_	_	_	
6-17	1242-1245	que	_	_	_	
6-18	1246-1248	la	_	_	_	
6-19	1249-1256	Baleine	_	_	_	
6-20	1256-1257	.	_	_	_	

#Text=Ce qui fait croire probablement qu'ils ont estimé qu'il venoit de la Baleine.
7-1	1258-1260	Ce	_	_	_	
7-2	1261-1264	qui	_	_	_	
7-3	1265-1269	fait	_	_	_	
7-4	1270-1276	croire	_	_	_	
7-5	1277-1289	probablement	_	_	_	
7-6	1290-1296	qu'ils	_	_	_	
7-7	1297-1300	ont	_	_	_	
7-8	1301-1307	estimé	_	_	_	
7-9	1308-1313	qu'il	_	_	_	
7-10	1314-1320	venoit	_	_	_	
7-11	1321-1323	de	_	_	_	
7-12	1324-1326	la	_	_	_	
7-13	1327-1334	Baleine	_	_	_	
7-14	1334-1335	.	_	_	_	

#Text=Il est tres-certain, q-ne ni Hippocrate, ni Dioscoride , ni Galien y n'ont jamais ouï parler de l'Ambre-gris y non plus que de la pierre de Bésoar, du Gayac, du Saffafras, de la Sarsepareille, de la Gomme-goutte y de la Rubarbe , du Mechoacan , & d'vne infinité d'autres choses.
8-1	1336-1338	Il	_	_	_	
8-2	1339-1342	est	_	_	_	
8-3	1343-1355	tres-certain	_	_	_	
8-4	1355-1356	,	_	_	_	
8-5	1357-1361	q-ne	_	_	_	
8-6	1362-1364	ni	_	_	_	
8-7	1365-1375	Hippocrate	_	_	_	
8-8	1375-1376	,	_	_	_	
8-9	1377-1379	ni	_	_	_	
8-10	1380-1390	Dioscoride	_	_	_	
8-11	1391-1392	,	_	_	_	
8-12	1393-1395	ni	_	_	_	
8-13	1396-1402	Galien	_	_	_	
8-14	1403-1404	y	_	_	_	
8-15	1405-1410	n'ont	_	_	_	
8-16	1411-1417	jamais	_	_	_	
8-17	1418-1421	ouï	_	_	_	
8-18	1422-1428	parler	_	_	_	
8-19	1429-1431	de	_	_	_	
8-20	1432-1444	l'Ambre-gris	_	_	_	
8-21	1445-1446	y	_	_	_	
8-22	1447-1450	non	_	_	_	
8-23	1451-1455	plus	_	_	_	
8-24	1456-1459	que	_	_	_	
8-25	1460-1462	de	_	_	_	
8-26	1463-1465	la	_	_	_	
8-27	1466-1472	pierre	_	_	_	
8-28	1473-1475	de	_	_	_	
8-29	1476-1482	Bésoar	_	_	_	
8-30	1482-1483	,	_	_	_	
8-31	1484-1486	du	_	_	_	
8-32	1487-1492	Gayac	_	_	_	
8-33	1492-1493	,	_	_	_	
8-34	1494-1496	du	_	_	_	
8-35	1497-1506	Saffafras	_	_	_	
8-36	1506-1507	,	_	_	_	
8-37	1508-1510	de	_	_	_	
8-38	1511-1513	la	_	_	_	
8-39	1514-1527	Sarsepareille	_	_	_	
8-40	1527-1528	,	_	_	_	
8-41	1529-1531	de	_	_	_	
8-42	1532-1534	la	_	_	_	
8-43	1535-1547	Gomme-goutte	_	_	_	
8-44	1548-1549	y	_	_	_	
8-45	1550-1552	de	_	_	_	
8-46	1553-1555	la	_	_	_	
8-47	1556-1563	Rubarbe	_	_	_	
8-48	1564-1565	,	_	_	_	
8-49	1566-1568	du	_	_	_	
8-50	1569-1578	Mechoacan	_	_	_	
8-51	1579-1580	,	_	_	_	
8-52	1581-1582	&	_	_	_	
8-53	1583-1588	d'vne	_	_	_	
8-54	1589-1597	infinité	_	_	_	
8-55	1598-1606	d'autres	_	_	_	
8-56	1607-1613	choses	_	_	_	
8-57	1613-1614	.	_	_	_	

#Text=L'ambre-gris est donc vne drogue, dont la connoissance est tout à fait moderne y & dont on ne sait pas l'origine.
9-1	1615-1627	L'ambre-gris	Smell\_Source	Anaphoric	14-5[5_0]	
9-2	1628-1631	est	_	_	_	
9-3	1632-1636	donc	_	_	_	
9-4	1637-1640	vne	_	_	_	
9-5	1641-1647	drogue	_	_	_	
9-6	1647-1648	,	_	_	_	
9-7	1649-1653	dont	_	_	_	
9-8	1654-1656	la	_	_	_	
9-9	1657-1669	connoissance	_	_	_	
9-10	1670-1673	est	_	_	_	
9-11	1674-1678	tout	_	_	_	
9-12	1679-1680	à	_	_	_	
9-13	1681-1685	fait	_	_	_	
9-14	1686-1693	moderne	_	_	_	
9-15	1694-1695	y	_	_	_	
9-16	1696-1697	&	_	_	_	
9-17	1698-1702	dont	_	_	_	
9-18	1703-1705	on	_	_	_	
9-19	1706-1708	ne	_	_	_	
9-20	1709-1713	sait	_	_	_	
9-21	1714-1717	pas	_	_	_	
9-22	1718-1727	l'origine	_	_	_	
9-23	1727-1728	.	_	_	_	

#Text=Quelques vns se font imaginez que cet Ambre , inconnu à l'antiquité, est vn excrement des Baleines.
10-1	1730-1738	Quelques	_	_	_	
10-2	1739-1742	vns	_	_	_	
10-3	1743-1745	se	_	_	_	
10-4	1746-1750	font	_	_	_	
10-5	1751-1759	imaginez	_	_	_	
10-6	1760-1763	que	_	_	_	
10-7	1764-1767	cet	_	_	_	
10-8	1768-1773	Ambre	_	_	_	
10-9	1774-1775	,	_	_	_	
10-10	1776-1783	inconnu	_	_	_	
10-11	1784-1785	à	_	_	_	
10-12	1786-1797	l'antiquité	_	_	_	
10-13	1797-1798	,	_	_	_	
10-14	1799-1802	est	_	_	_	
10-15	1803-1805	vn	_	_	_	
10-16	1806-1815	excrement	_	_	_	
10-17	1816-1819	des	_	_	_	
10-18	1820-1828	Baleines	_	_	_	
10-19	1828-1829	.	_	_	_	

#Text=D'autres croyent qu'il vient des Crocodiles, parce que leur chair est parfumée.
11-1	1830-1838	D'autres	_	_	_	
11-2	1839-1846	croyent	_	_	_	
11-3	1847-1852	qu'il	_	_	_	
11-4	1853-1858	vient	_	_	_	
11-5	1859-1862	des	_	_	_	
11-6	1863-1873	Crocodiles	Smell\_Source	_	_	
11-7	1873-1874	,	_	_	_	
11-8	1875-1880	parce	_	_	_	
11-9	1881-1884	que	_	_	_	
11-10	1885-1889	leur	_	_	_	
11-11	1890-1895	chair	Smell\_Source	_	_	
11-12	1896-1899	est	_	_	_	
11-13	1900-1908	parfumée	Smell\_Word[3]|Quality[4]	*|*|*	11-6[0_3]|11-11[0_3]|11-13[4_3]	
11-14	1908-1909	.	_	_	_	

#Text=Quelques antres se persuadent, que ce font des pieces d'Iles , & des fragmens de rochers cachez en la mer, & emportez par la violence des flots, parce qu'il se recueille quelquéfois des pieces de cet Ambre, qui pésent jusques à cent livres , & de la longueur de soixante paumes, & qu'au rapport de Linscot , en l'an mil cinq cens cinquante cinq , il en fut trouvé vn morceau vers le Cap Comorin, du poids de trente quintaus.
12-1	1910-1918	Quelques	_	_	_	
12-2	1919-1925	antres	_	_	_	
12-3	1926-1928	se	_	_	_	
12-4	1929-1939	persuadent	_	_	_	
12-5	1939-1940	,	_	_	_	
12-6	1941-1944	que	_	_	_	
12-7	1945-1947	ce	_	_	_	
12-8	1948-1952	font	_	_	_	
12-9	1953-1956	des	_	_	_	
12-10	1957-1963	pieces	_	_	_	
12-11	1964-1970	d'Iles	_	_	_	
12-12	1971-1972	,	_	_	_	
12-13	1973-1974	&	_	_	_	
12-14	1975-1978	des	_	_	_	
12-15	1979-1987	fragmens	_	_	_	
12-16	1988-1990	de	_	_	_	
12-17	1991-1998	rochers	_	_	_	
12-18	1999-2005	cachez	_	_	_	
12-19	2006-2008	en	_	_	_	
12-20	2009-2011	la	_	_	_	
12-21	2012-2015	mer	_	_	_	
12-22	2015-2016	,	_	_	_	
12-23	2017-2018	&	_	_	_	
12-24	2019-2027	emportez	_	_	_	
12-25	2028-2031	par	_	_	_	
12-26	2032-2034	la	_	_	_	
12-27	2035-2043	violence	_	_	_	
12-28	2044-2047	des	_	_	_	
12-29	2048-2053	flots	_	_	_	
12-30	2053-2054	,	_	_	_	
12-31	2055-2060	parce	_	_	_	
12-32	2061-2066	qu'il	_	_	_	
12-33	2067-2069	se	_	_	_	
12-34	2070-2079	recueille	_	_	_	
12-35	2080-2091	quelquéfois	_	_	_	
12-36	2092-2095	des	_	_	_	
12-37	2096-2102	pieces	_	_	_	
12-38	2103-2105	de	_	_	_	
12-39	2106-2109	cet	_	_	_	
12-40	2110-2115	Ambre	_	_	_	
12-41	2115-2116	,	_	_	_	
12-42	2117-2120	qui	_	_	_	
12-43	2121-2127	pésent	_	_	_	
12-44	2128-2135	jusques	_	_	_	
12-45	2136-2137	à	_	_	_	
12-46	2138-2142	cent	_	_	_	
12-47	2143-2149	livres	_	_	_	
12-48	2150-2151	,	_	_	_	
12-49	2152-2153	&	_	_	_	
12-50	2154-2156	de	_	_	_	
12-51	2157-2159	la	_	_	_	
12-52	2160-2168	longueur	_	_	_	
12-53	2169-2171	de	_	_	_	
12-54	2172-2180	soixante	_	_	_	
12-55	2181-2187	paumes	_	_	_	
12-56	2187-2188	,	_	_	_	
12-57	2189-2190	&	_	_	_	
12-58	2191-2196	qu'au	_	_	_	
12-59	2197-2204	rapport	_	_	_	
12-60	2205-2207	de	_	_	_	
12-61	2208-2215	Linscot	_	_	_	
12-62	2216-2217	,	_	_	_	
12-63	2218-2220	en	_	_	_	
12-64	2221-2225	l'an	_	_	_	
12-65	2226-2229	mil	_	_	_	
12-66	2230-2234	cinq	_	_	_	
12-67	2235-2239	cens	_	_	_	
12-68	2240-2249	cinquante	_	_	_	
12-69	2250-2254	cinq	_	_	_	
12-70	2255-2256	,	_	_	_	
12-71	2257-2259	il	_	_	_	
12-72	2260-2262	en	_	_	_	
12-73	2263-2266	fut	_	_	_	
12-74	2267-2273	trouvé	_	_	_	
12-75	2274-2276	vn	_	_	_	
12-76	2277-2284	morceau	_	_	_	
12-77	2285-2289	vers	_	_	_	
12-78	2290-2292	le	_	_	_	
12-79	2293-2296	Cap	_	_	_	
12-80	2297-2304	Comorin	_	_	_	
12-81	2304-2305	,	_	_	_	
12-82	2306-2308	du	_	_	_	
12-83	2309-2314	poids	_	_	_	
12-84	2315-2317	de	_	_	_	
12-85	2318-2324	trente	_	_	_	
12-86	2325-2333	quintaus	_	_	_	
12-87	2333-2334	.	_	_	_	

#Text=Il y en a qui estiment que c'est vne espéce d'écume de mer , qui s'amasse & s'epassit avec le tems, par l'agitation des eaus de la mer : & qui se durcit par la chaleur du Soleil.
13-1	2335-2337	Il	_	_	_	
13-2	2338-2339	y	_	_	_	
13-3	2340-2342	en	_	_	_	
13-4	2343-2344	a	_	_	_	
13-5	2345-2348	qui	_	_	_	
13-6	2349-2357	estiment	_	_	_	
13-7	2358-2361	que	_	_	_	
13-8	2362-2367	c'est	_	_	_	
13-9	2368-2371	vne	_	_	_	
13-10	2372-2378	espéce	_	_	_	
13-11	2379-2386	d'écume	_	_	_	
13-12	2387-2389	de	_	_	_	
13-13	2390-2393	mer	_	_	_	
13-14	2394-2395	,	_	_	_	
13-15	2396-2399	qui	_	_	_	
13-16	2400-2408	s'amasse	_	_	_	
13-17	2409-2410	&	_	_	_	
13-18	2411-2420	s'epassit	_	_	_	
13-19	2421-2425	avec	_	_	_	
13-20	2426-2428	le	_	_	_	
13-21	2429-2433	tems	_	_	_	
13-22	2433-2434	,	_	_	_	
13-23	2435-2438	par	_	_	_	
13-24	2439-2450	l'agitation	_	_	_	
13-25	2451-2454	des	_	_	_	
13-26	2455-2459	eaus	_	_	_	
13-27	2460-2462	de	_	_	_	
13-28	2463-2465	la	_	_	_	
13-29	2466-2469	mer	_	_	_	
13-30	2470-2471	:	_	_	_	
13-31	2472-2473	&	_	_	_	
13-32	2474-2477	qui	_	_	_	
13-33	2478-2480	se	_	_	_	
13-34	2481-2487	durcit	_	_	_	
13-35	2488-2491	par	_	_	_	
13-36	2492-2494	la	_	_	_	
13-37	2495-2502	chaleur	_	_	_	
13-38	2503-2505	du	_	_	_	
13-39	2506-2512	Soleil	_	_	_	
13-40	2512-2513	.	_	_	_	

#Text=Mais c'est plus vrai-semblablement vne sorte de Bitume, qui s'engédre au fond de la mer : Et lors qu'elle vient à estre agitée extraordinairement par quelque furieuse tempeste, elle détache ce Bitume de son sein, & le porte sur ses rivages.
14-1	2515-2519	Mais	_	_	_	
14-2	2520-2525	c'est	_	_	_	
14-3	2526-2530	plus	_	_	_	
14-4	2531-2549	vrai-semblablement	_	_	_	
14-5	2550-2553	vne	Smell\_Source[5]	Anaphoric	17-16[8_5]	
14-6	2554-2559	sorte	Smell\_Source[5]	_	_	
14-7	2560-2562	de	Smell\_Source[5]	_	_	
14-8	2563-2569	Bitume	Smell\_Source[5]	_	_	
14-9	2569-2570	,	_	_	_	
14-10	2571-2574	qui	_	_	_	
14-11	2575-2584	s'engédre	_	_	_	
14-12	2585-2587	au	_	_	_	
14-13	2588-2592	fond	_	_	_	
14-14	2593-2595	de	_	_	_	
14-15	2596-2598	la	_	_	_	
14-16	2599-2602	mer	_	_	_	
14-17	2603-2604	:	_	_	_	
14-18	2605-2607	Et	_	_	_	
14-19	2608-2612	lors	_	_	_	
14-20	2613-2620	qu'elle	_	_	_	
14-21	2621-2626	vient	_	_	_	
14-22	2627-2628	à	_	_	_	
14-23	2629-2634	estre	_	_	_	
14-24	2635-2641	agitée	_	_	_	
14-25	2642-2660	extraordinairement	_	_	_	
14-26	2661-2664	par	_	_	_	
14-27	2665-2672	quelque	_	_	_	
14-28	2673-2681	furieuse	_	_	_	
14-29	2682-2690	tempeste	_	_	_	
14-30	2690-2691	,	_	_	_	
14-31	2692-2696	elle	_	_	_	
14-32	2697-2704	détache	_	_	_	
14-33	2705-2707	ce	_	_	_	
14-34	2708-2714	Bitume	_	_	_	
14-35	2715-2717	de	_	_	_	
14-36	2718-2721	son	_	_	_	
14-37	2722-2726	sein	_	_	_	
14-38	2726-2727	,	_	_	_	
14-39	2728-2729	&	_	_	_	
14-40	2730-2732	le	_	_	_	
14-41	2733-2738	porte	_	_	_	
14-42	2739-2742	sur	_	_	_	
14-43	2743-2746	ses	_	_	_	
14-44	2747-2754	rivages	_	_	_	
14-45	2754-2755	.	_	_	_	

#Text=Car en effet , c'est ordinairement apres vne grande tempeste , que l'on en trouve sur les bords.
15-1	2756-2759	Car	_	_	_	
15-2	2760-2762	en	_	_	_	
15-3	2763-2768	effet	_	_	_	
15-4	2769-2770	,	_	_	_	
15-5	2771-2776	c'est	_	_	_	
15-6	2777-2790	ordinairement	_	_	_	
15-7	2791-2796	apres	_	_	_	
15-8	2797-2800	vne	_	_	_	
15-9	2801-2807	grande	_	_	_	
15-10	2808-2816	tempeste	_	_	_	
15-11	2817-2818	,	_	_	_	
15-12	2819-2822	que	_	_	_	
15-13	2823-2827	l'on	_	_	_	
15-14	2828-2830	en	_	_	_	
15-15	2831-2837	trouve	_	_	_	
15-16	2838-2841	sur	_	_	_	
15-17	2842-2845	les	_	_	_	
15-18	2846-2851	bords	_	_	_	
15-19	2851-2852	.	_	_	_	

#Text=Filostrate en la vie d'Apollonius dit, que les Panteres qui font à l'entour du mont Caucase , aiment fort la bonne odeur de ce lieu-là.
16-1	2853-2863	Filostrate	_	_	_	
16-2	2864-2866	en	_	_	_	
16-3	2867-2869	la	_	_	_	
16-4	2870-2873	vie	_	_	_	
16-5	2874-2886	d'Apollonius	_	_	_	
16-6	2887-2890	dit	_	_	_	
16-7	2890-2891	,	_	_	_	
16-8	2892-2895	que	_	_	_	
16-9	2896-2899	les	_	_	_	
16-10	2900-2908	Panteres	Perceiver	_	_	
16-11	2909-2912	qui	_	_	_	
16-12	2913-2917	font	_	_	_	
16-13	2918-2919	à	_	_	_	
16-14	2920-2928	l'entour	_	_	_	
16-15	2929-2931	du	_	_	_	
16-16	2932-2936	mont	Location[6]	Anaphoric	16-25[7_6]	
16-17	2937-2944	Caucase	Location[6]	_	_	
16-18	2945-2946	,	_	_	_	
16-19	2947-2953	aiment	_	_	_	
16-20	2954-2958	fort	_	_	_	
16-21	2959-2961	la	_	_	_	
16-22	2962-2967	bonne	Quality	_	_	
16-23	2968-2973	odeur	Smell\_Word	*|*|*|*	16-25[7_0]|16-22|16-10|14-5[5_0]	
16-24	2974-2976	de	_	_	_	
16-25	2977-2979	ce	Location[7]	_	_	
16-26	2980-2987	lieu-là	Location[7]	_	_	
16-27	2987-2988	.	_	_	_	

#Text=Mais il est certain qu'entre autres bestes, les Oiseaus se montrent extremément amoureus de cet Ambre , &
#Text=qu'ils le sentent de fort loin.
17-1	2989-2993	Mais	_	_	_	
17-2	2994-2996	il	_	_	_	
17-3	2997-3000	est	_	_	_	
17-4	3001-3008	certain	_	_	_	
17-5	3009-3017	qu'entre	_	_	_	
17-6	3018-3024	autres	_	_	_	
17-7	3025-3031	bestes	_	_	_	
17-8	3031-3032	,	_	_	_	
17-9	3033-3036	les	_	_	_	
17-10	3037-3044	Oiseaus	Perceiver	_	_	
17-11	3045-3047	se	_	_	_	
17-12	3048-3056	montrent	_	_	_	
17-13	3057-3068	extremément	_	_	_	
17-14	3069-3077	amoureus	_	_	_	
17-15	3078-3080	de	_	_	_	
17-16	3081-3084	cet	Smell\_Source[8]	Anaphoric	21-5[0_8]	
17-17	3085-3090	Ambre	Smell\_Source[8]	_	_	
17-18	3091-3092	,	_	_	_	
17-19	3093-3094	&	_	_	_	
17-20	3095-3101	qu'ils	_	_	_	
17-21	3102-3104	le	_	_	_	
17-22	3105-3112	sentent	Smell\_Word	*|*|*|Anaphoric	17-10|17-24[9_0]|17-16[8_0]|19-7	
17-23	3113-3115	de	_	_	_	
17-24	3116-3120	fort	Location[9]	_	_	
17-25	3121-3125	loin	Location[9]	_	_	
17-26	3125-3126	.	_	_	_	

#Text=C'est pourquoy dés que l'orage est cette, il le faut chercher & l'enlever en diligence, autrement on le trouveroit tout mangé.
18-1	3127-3132	C'est	_	_	_	
18-2	3133-3141	pourquoy	_	_	_	
18-3	3142-3145	dés	_	_	_	
18-4	3146-3149	que	_	_	_	
18-5	3150-3157	l'orage	_	_	_	
18-6	3158-3161	est	_	_	_	
18-7	3162-3167	cette	_	_	_	
18-8	3167-3168	,	_	_	_	
18-9	3169-3171	il	_	_	_	
18-10	3172-3174	le	_	_	_	
18-11	3175-3179	faut	_	_	_	
18-12	3180-3188	chercher	_	_	_	
18-13	3189-3190	&	_	_	_	
18-14	3191-3200	l'enlever	_	_	_	
18-15	3201-3203	en	_	_	_	
18-16	3204-3213	diligence	_	_	_	
18-17	3213-3214	,	_	_	_	
18-18	3215-3224	autrement	_	_	_	
18-19	3225-3227	on	_	_	_	
18-20	3228-3230	le	_	_	_	
18-21	3231-3241	trouveroit	_	_	_	
18-22	3242-3246	tout	_	_	_	
18-23	3247-3252	mangé	_	_	_	
18-24	3252-3253	.	_	_	_	

#Text=Et ce n'est pas la bonne odeur , mais sa mauvaise , qui attire ces Oiseaus.
19-1	3254-3256	Et	_	_	_	
19-2	3257-3259	ce	_	_	_	
19-3	3260-3265	n'est	_	_	_	
19-4	3266-3269	pas	_	_	_	
19-5	3270-3272	la	_	_	_	
19-6	3273-3278	bonne	_	_	_	
19-7	3279-3284	odeur	Smell\_Word	*|*	19-11|19-14[10_0]	
19-8	3285-3286	,	_	_	_	
19-9	3287-3291	mais	_	_	_	
19-10	3292-3294	sa	_	_	_	
19-11	3295-3303	mauvaise	Quality	_	_	
19-12	3304-3305	,	_	_	_	
19-13	3306-3309	qui	_	_	_	
19-14	3310-3316	attire	Effect[10]	_	_	
19-15	3317-3320	ces	Effect[10]	_	_	
19-16	3321-3328	Oiseaus	Effect[10]	_	_	
19-17	3328-3329	.	_	_	_	

#Text=Car ce parfum si precieus & si admirable , lors qu'il est encore frais , & mol, & qu'il ne fait que sortir de la mer, sent tres-mauvais, & les animaus y courent en même fasson, qu'ils vont aus charognes : Car ion odeur est à peu près , comme du lard corrompu, il est à croire, que c'est pour cette raison , que l'on a été si long-tems à le connoitre, & à s'en servir.
20-1	3330-3333	Car	_	_	_	
20-2	3334-3336	ce	_	_	_	
20-3	3337-3343	parfum	Smell\_Word	*|*|*	20-5|20-8|17-16[8_0]	
20-4	3344-3346	si	_	_	_	
20-5	3347-3355	precieus	Quality	_	_	
20-6	3356-3357	&	_	_	_	
20-7	3358-3360	si	_	_	_	
20-8	3361-3370	admirable	Quality	_	_	
20-9	3371-3372	,	_	_	_	
20-10	3373-3377	lors	Circumstances[11]	_	_	
20-11	3378-3383	qu'il	Circumstances[11]	_	_	
20-12	3384-3387	est	Circumstances[11]	_	_	
20-13	3388-3394	encore	Circumstances[11]	_	_	
20-14	3395-3400	frais	Circumstances[11]	_	_	
20-15	3401-3402	,	Circumstances[11]	_	_	
20-16	3403-3404	&	Circumstances[11]	_	_	
20-17	3405-3408	mol	Circumstances[11]	_	_	
20-18	3408-3409	,	_	_	_	
20-19	3410-3411	&	_	_	_	
20-20	3412-3417	qu'il	_	_	_	
20-21	3418-3420	ne	_	_	_	
20-22	3421-3425	fait	_	_	_	
20-23	3426-3429	que	_	_	_	
20-24	3430-3436	sortir	_	_	_	
20-25	3437-3439	de	_	_	_	
20-26	3440-3442	la	_	_	_	
20-27	3443-3446	mer	Location	_	_	
20-28	3446-3447	,	_	_	_	
20-29	3448-3452	sent	Smell\_Word	*|*|*|*|*	20-27|20-10[11_0]|20-30|17-16[8_0]|20-33[12_0]	
20-30	3453-3465	tres-mauvais	Quality	_	_	
20-31	3465-3466	,	_	_	_	
20-32	3467-3468	&	_	_	_	
20-33	3469-3472	les	Effect[12]	_	_	
20-34	3473-3480	animaus	Effect[12]	_	_	
20-35	3481-3482	y	Effect[12]	_	_	
20-36	3483-3490	courent	Effect[12]	_	_	
20-37	3491-3493	en	Effect[12]	_	_	
20-38	3494-3498	même	Effect[12]	_	_	
20-39	3499-3505	fasson	Effect[12]	_	_	
20-40	3505-3506	,	Effect[12]	_	_	
20-41	3507-3513	qu'ils	Effect[12]	_	_	
20-42	3514-3518	vont	Effect[12]	_	_	
20-43	3519-3522	aus	Effect[12]	_	_	
20-44	3523-3532	charognes	Effect[12]	_	_	
20-45	3533-3534	:	_	_	_	
20-46	3535-3538	Car	_	_	_	
20-47	3539-3542	ion	_	_	_	
20-48	3543-3548	odeur	Smell\_Word	*|*|*	17-16[8_0]|20-56[13_0]|20-71[14_0]	
20-49	3549-3552	est	_	_	_	
20-50	3553-3554	à	_	_	_	
20-51	3555-3558	peu	_	_	_	
20-52	3559-3563	près	_	_	_	
20-53	3564-3565	,	_	_	_	
20-54	3566-3571	comme	_	_	_	
20-55	3572-3574	du	_	_	_	
20-56	3575-3579	lard	Evoked\_Odorant[13]	_	_	
20-57	3580-3588	corrompu	Evoked\_Odorant[13]	_	_	
20-58	3588-3589	,	_	_	_	
20-59	3590-3592	il	_	_	_	
20-60	3593-3596	est	_	_	_	
20-61	3597-3598	à	_	_	_	
20-62	3599-3605	croire	_	_	_	
20-63	3605-3606	,	_	_	_	
20-64	3607-3610	que	_	_	_	
20-65	3611-3616	c'est	_	_	_	
20-66	3617-3621	pour	_	_	_	
20-67	3622-3627	cette	_	_	_	
20-68	3628-3634	raison	_	_	_	
20-69	3635-3636	,	_	_	_	
20-70	3637-3640	que	_	_	_	
20-71	3641-3645	l'on	Effect[14]	_	_	
20-72	3646-3647	a	Effect[14]	_	_	
20-73	3648-3651	été	Effect[14]	_	_	
20-74	3652-3654	si	Effect[14]	_	_	
20-75	3655-3664	long-tems	Effect[14]	_	_	
20-76	3665-3666	à	Effect[14]	_	_	
20-77	3667-3669	le	Effect[14]	_	_	
20-78	3670-3679	connoitre	Effect[14]	_	_	
20-79	3679-3680	,	Effect[14]	_	_	
20-80	3681-3682	&	Effect[14]	_	_	
20-81	3683-3684	à	Effect[14]	_	_	
20-82	3685-3689	s'en	Effect[14]	_	_	
20-83	3690-3696	servir	Effect[14]	_	_	
20-84	3696-3697	.	Effect[14]	_	_	

#Text=Les Anciens iugeoient de sa vertu, per la mauvaise odeur, plutôt capable de faire mal au cœur, que de le réjouir, ainsi ils le rejettoient comme inutile, ou méme nuisible.
21-1	3699-3702	Les	_	_	_	
21-2	3703-3710	Anciens	Perceiver	_	_	
21-3	3711-3720	iugeoient	_	_	_	
21-4	3721-3723	de	_	_	_	
21-5	3724-3726	sa	Smell\_Source	_	_	
21-6	3727-3732	vertu	_	_	_	
21-7	3732-3733	,	_	_	_	
21-8	3734-3737	per	_	_	_	
21-9	3738-3740	la	_	_	_	
21-10	3741-3749	mauvaise	Quality	_	_	
21-11	3750-3755	odeur	Smell\_Word	*|*|*	21-10|21-14[15_0]|21-2	
21-12	3755-3756	,	_	_	_	
21-13	3757-3763	plutôt	_	_	_	
21-14	3764-3771	capable	Effect[15]	_	_	
21-15	3772-3774	de	Effect[15]	_	_	
21-16	3775-3780	faire	Effect[15]	_	_	
21-17	3781-3784	mal	Effect[15]	_	_	
21-18	3785-3787	au	Effect[15]	_	_	
21-19	3788-3792	cœur	Effect[15]	_	_	
21-20	3792-3793	,	_	_	_	
21-21	3794-3797	que	_	_	_	
21-22	3798-3800	de	_	_	_	
21-23	3801-3803	le	_	_	_	
21-24	3804-3811	réjouir	_	_	_	
21-25	3811-3812	,	_	_	_	
21-26	3813-3818	ainsi	_	_	_	
21-27	3819-3822	ils	_	_	_	
21-28	3823-3825	le	_	_	_	
21-29	3826-3837	rejettoient	_	_	_	
21-30	3838-3843	comme	_	_	_	
21-31	3844-3851	inutile	_	_	_	
21-32	3851-3852	,	_	_	_	
21-33	3853-3855	ou	_	_	_	
21-34	3856-3860	méme	_	_	_	
21-35	3861-3869	nuisible	_	_	_	
21-36	3869-3870	.	_	_	_	

#Text=Ioint, qu'il ne se trouve pas si fréquemment, ni en si grande quantité vers la Coste de Grece , ni dans l'Europe : & que les navigations aus Indés étoient rares autrefois.
22-1	3871-3876	Ioint	_	_	_	
22-2	3876-3877	,	_	_	_	
22-3	3878-3883	qu'il	_	_	_	
22-4	3884-3886	ne	_	_	_	
22-5	3887-3889	se	_	_	_	
22-6	3890-3896	trouve	_	_	_	
22-7	3897-3900	pas	_	_	_	
22-8	3901-3903	si	_	_	_	
22-9	3904-3915	fréquemment	_	_	_	
22-10	3915-3916	,	_	_	_	
22-11	3917-3919	ni	_	_	_	
22-12	3920-3922	en	_	_	_	
22-13	3923-3925	si	_	_	_	
22-14	3926-3932	grande	_	_	_	
22-15	3933-3941	quantité	_	_	_	
22-16	3942-3946	vers	_	_	_	
22-17	3947-3949	la	_	_	_	
22-18	3950-3955	Coste	_	_	_	
22-19	3956-3958	de	_	_	_	
22-20	3959-3964	Grece	_	_	_	
22-21	3965-3966	,	_	_	_	
22-22	3967-3969	ni	_	_	_	
22-23	3970-3974	dans	_	_	_	
22-24	3975-3983	l'Europe	_	_	_	
22-25	3984-3985	:	_	_	_	
22-26	3986-3987	&	_	_	_	
22-27	3988-3991	que	_	_	_	
22-28	3992-3995	les	_	_	_	
22-29	3996-4007	navigations	_	_	_	
22-30	4008-4011	aus	_	_	_	
22-31	4012-4017	Indés	_	_	_	
22-32	4018-4025	étoient	_	_	_	
22-33	4026-4031	rares	_	_	_	
22-34	4032-4041	autrefois	_	_	_	
22-35	4041-4042	.	_	_	_	

#Text=Les Renards ne s'en montrent pas moins passionez.
23-1	4044-4047	Les	_	_	_	
23-2	4048-4055	Renards	_	_	_	
23-3	4056-4058	ne	_	_	_	
23-4	4059-4063	s'en	_	_	_	
23-5	4064-4072	montrent	_	_	_	
23-6	4073-4076	pas	_	_	_	
23-7	4077-4082	moins	_	_	_	
23-8	4083-4092	passionez	_	_	_	
23-9	4092-4093	.	_	_	_	

#Text=Aus Païs où il se recueille en quantité, ces animaus font le guet à la Coste , & aussitost qu'ils en découvrent, ils s'en saisissent & l'avalent.
24-1	4094-4097	Aus	_	_	_	
24-2	4098-4102	Païs	_	_	_	
24-3	4103-4105	où	_	_	_	
24-4	4106-4108	il	_	_	_	
24-5	4109-4111	se	_	_	_	
24-6	4112-4121	recueille	_	_	_	
24-7	4122-4124	en	_	_	_	
24-8	4125-4133	quantité	_	_	_	
24-9	4133-4134	,	_	_	_	
24-10	4135-4138	ces	_	_	_	
24-11	4139-4146	animaus	_	_	_	
24-12	4147-4151	font	_	_	_	
24-13	4152-4154	le	_	_	_	
24-14	4155-4159	guet	_	_	_	
24-15	4160-4161	à	_	_	_	
24-16	4162-4164	la	_	_	_	
24-17	4165-4170	Coste	_	_	_	
24-18	4171-4172	,	_	_	_	
24-19	4173-4174	&	_	_	_	
24-20	4175-4184	aussitost	_	_	_	
24-21	4185-4191	qu'ils	_	_	_	
24-22	4192-4194	en	_	_	_	
24-23	4195-4205	découvrent	_	_	_	
24-24	4205-4206	,	_	_	_	
24-25	4207-4210	ils	_	_	_	
24-26	4211-4215	s'en	_	_	_	
24-27	4216-4226	saisissent	_	_	_	
24-28	4227-4228	&	_	_	_	
24-29	4229-4238	l'avalent	_	_	_	
24-30	4238-4239	.	_	_	_	

#Text=Mais apres l'avoir gardé quelque tems dans leur ventre , ils le rendent sans qu'il soit aucunement digéré : Seulement il y perd vne partie de sa qualité, & de sa bonne odeur,
#Text=C'est pourquoy cette sorte d'Ambre, qu'on appelle Renardé, est moins prisée que l'autre, & ne s'employe gueres
#Text=qu'aus parfums.
25-1	4240-4244	Mais	_	_	_	
25-2	4245-4250	apres	_	_	_	
25-3	4251-4258	l'avoir	_	_	_	
25-4	4259-4264	gardé	_	_	_	
25-5	4265-4272	quelque	_	_	_	
25-6	4273-4277	tems	_	_	_	
25-7	4278-4282	dans	_	_	_	
25-8	4283-4287	leur	_	_	_	
25-9	4288-4294	ventre	_	_	_	
25-10	4295-4296	,	_	_	_	
25-11	4297-4300	ils	_	_	_	
25-12	4301-4303	le	_	_	_	
25-13	4304-4311	rendent	_	_	_	
25-14	4312-4316	sans	_	_	_	
25-15	4317-4322	qu'il	_	_	_	
25-16	4323-4327	soit	_	_	_	
25-17	4328-4338	aucunement	_	_	_	
25-18	4339-4345	digéré	_	_	_	
25-19	4346-4347	:	_	_	_	
25-20	4348-4357	Seulement	_	_	_	
25-21	4358-4360	il	_	_	_	
25-22	4361-4362	y	_	_	_	
25-23	4363-4367	perd	_	_	_	
25-24	4368-4371	vne	_	_	_	
25-25	4372-4378	partie	_	_	_	
25-26	4379-4381	de	_	_	_	
25-27	4382-4384	sa	_	_	_	
25-28	4385-4392	qualité	_	_	_	
25-29	4392-4393	,	_	_	_	
25-30	4394-4395	&	_	_	_	
25-31	4396-4398	de	_	_	_	
25-32	4399-4401	sa	_	_	_	
25-33	4402-4407	bonne	Quality	_	_	
25-34	4408-4413	odeur	Smell\_Word	*|*	25-33|25-40	
25-35	4413-4414	,	_	_	_	
25-36	4415-4420	C'est	_	_	_	
25-37	4421-4429	pourquoy	_	_	_	
25-38	4430-4435	cette	_	_	_	
25-39	4436-4441	sorte	_	_	_	
25-40	4442-4449	d'Ambre	Smell\_Source	Same\_span	25-44	
25-41	4449-4450	,	_	_	_	
25-42	4451-4456	qu'on	_	_	_	
25-43	4457-4464	appelle	_	_	_	
25-44	4465-4472	Renardé	Smell\_Source	_	_	
25-45	4472-4473	,	_	_	_	
25-46	4474-4477	est	_	_	_	
25-47	4478-4483	moins	_	_	_	
25-48	4484-4490	prisée	_	_	_	
25-49	4491-4494	que	_	_	_	
25-50	4495-4502	l'autre	_	_	_	
25-51	4502-4503	,	_	_	_	
25-52	4504-4505	&	_	_	_	
25-53	4506-4508	ne	_	_	_	
25-54	4509-4518	s'employe	_	_	_	
25-55	4519-4525	gueres	_	_	_	
25-56	4526-4532	qu'aus	_	_	_	
25-57	4533-4540	parfums	Smell\_Word	*	25-40	
25-58	4540-4541	.	_	_	_	
