#FORMAT=WebAnno TSV 3.3
#T_SP=custom.Span|label
#T_RL=custom.Relation|label|BT_custom.Span


#Text=Ambre gris , ambrasia grisea.
1-1	0-5	Ambre	Smell\_Source[1]	Anaphoric	2-12[2_1]	
1-2	6-10	gris	Smell\_Source[1]	_	_	
1-3	11-12	,	_	_	_	
1-4	13-21	ambrasia	_	_	_	
1-5	22-28	grisea	_	_	_	
1-6	28-29	.	_	_	_	

#Text=Substance légère , grasse , de couleur cendrée , parsémée de petites taches blanches, odoriférantes, mais dont l'odeur se développe bien plus lorsqu elle est mêlée arec une petite quantité de musc et de civette , ainsi qu'on la préparé pour les parfums et eaux de senteur.
2-1	30-39	Substance	_	_	_	
2-2	40-46	légère	_	_	_	
2-3	47-48	,	_	_	_	
2-4	49-55	grasse	_	_	_	
2-5	56-57	,	_	_	_	
2-6	58-60	de	_	_	_	
2-7	61-68	couleur	_	_	_	
2-8	69-76	cendrée	_	_	_	
2-9	77-78	,	_	_	_	
2-10	79-87	parsémée	_	_	_	
2-11	88-90	de	_	_	_	
2-12	91-98	petites	Smell\_Source[2]	Anaphoric	2-19[0_2]	
2-13	99-105	taches	Smell\_Source[2]	_	_	
2-14	106-114	blanches	Smell\_Source[2]	_	_	
2-15	114-115	,	_	_	_	
2-16	116-129	odoriférantes	Smell\_Word	*	2-12[2_0]	
2-17	129-130	,	_	_	_	
2-18	131-135	mais	_	_	_	
2-19	136-140	dont	Smell\_Source	_	_	
2-20	141-148	l'odeur	Smell\_Word	*|*|*|*	2-19|2-26[4_0]|2-21[3_0]|2-41[5_0]	
2-21	149-151	se	Quality[3]	_	_	
2-22	152-161	développe	Quality[3]	_	_	
2-23	162-166	bien	Quality[3]	_	_	
2-24	167-171	plus	Quality[3]	_	_	
2-25	172-178	lorsqu	_	_	_	
2-26	179-183	elle	Circumstances[4]	_	_	
2-27	184-187	est	Circumstances[4]	_	_	
2-28	188-193	mêlée	Circumstances[4]	_	_	
2-29	194-198	arec	Circumstances[4]	_	_	
2-30	199-202	une	Circumstances[4]	_	_	
2-31	203-209	petite	Circumstances[4]	_	_	
2-32	210-218	quantité	Circumstances[4]	_	_	
2-33	219-221	de	Circumstances[4]	_	_	
2-34	222-226	musc	Circumstances[4]	_	_	
2-35	227-229	et	Circumstances[4]	_	_	
2-36	230-232	de	Circumstances[4]	_	_	
2-37	233-240	civette	Circumstances[4]	_	_	
2-38	241-242	,	_	_	_	
2-39	243-248	ainsi	_	_	_	
2-40	249-254	qu'on	_	_	_	
2-41	255-257	la	Circumstances[5]	_	_	
2-42	258-265	préparé	Circumstances[5]	_	_	
2-43	266-270	pour	Circumstances[5]	_	_	
2-44	271-274	les	Circumstances[5]	_	_	
2-45	275-282	parfums	Circumstances[5]	_	_	
2-46	283-285	et	Circumstances[5]	_	_	
2-47	286-290	eaux	Circumstances[5]	_	_	
2-48	291-293	de	Circumstances[5]	_	_	
2-49	294-301	senteur	Circumstances[5]	_	_	
2-50	301-302	.	_	_	_	

#Text=Le bon ambre gris se reconnoît, lorsqu'en le piquant avec une aiguille chaude , il rend un suc gras et odoriférant.
3-1	303-305	Le	_	_	_	
3-2	306-309	bon	_	_	_	
3-3	310-315	ambre	Smell\_Source[6]	_	_	
3-4	316-320	gris	Smell\_Source[6]	_	_	
3-5	321-323	se	_	_	_	
3-6	324-333	reconnoît	_	_	_	
3-7	333-334	,	_	_	_	
3-8	335-344	lorsqu'en	_	_	_	
3-9	345-347	le	_	_	_	
3-10	348-355	piquant	_	_	_	
3-11	356-360	avec	_	_	_	
3-12	361-364	une	_	_	_	
3-13	365-373	aiguille	Smell\_Source[7]	_	_	
3-14	374-380	chaude	Smell\_Source[7]	_	_	
3-15	381-382	,	_	_	_	
3-16	383-385	il	_	_	_	
3-17	386-390	rend	_	_	_	
3-18	391-393	un	_	_	_	
3-19	394-397	suc	Odour\_Carrier	_	_	
3-20	398-402	gras	_	_	_	
3-21	403-405	et	_	_	_	
3-22	406-417	odoriférant	Smell\_Word	*|*|*	3-19|3-13[7_0]|3-3[6_0]	
3-23	417-418	.	_	_	_	

#Text=L'ambre gris s'enflamme et brfde; il est soluble en partie dans l'esprit-de-vin : mais sur le feu , dans un vaisseau , il se fond et se réduit en une résine liquide de couleur dorée.
4-1	419-426	L'ambre	_	_	_	
4-2	427-431	gris	_	_	_	
4-3	432-442	s'enflamme	_	_	_	
4-4	443-445	et	_	_	_	
4-5	446-451	brfde	_	_	_	
4-6	451-452	;	_	_	_	
4-7	453-455	il	_	_	_	
4-8	456-459	est	_	_	_	
4-9	460-467	soluble	_	_	_	
4-10	468-470	en	_	_	_	
4-11	471-477	partie	_	_	_	
4-12	478-482	dans	_	_	_	
4-13	483-498	l'esprit-de-vin	_	_	_	
4-14	499-500	:	_	_	_	
4-15	501-505	mais	_	_	_	
4-16	506-509	sur	_	_	_	
4-17	510-512	le	_	_	_	
4-18	513-516	feu	_	_	_	
4-19	517-518	,	_	_	_	
4-20	519-523	dans	_	_	_	
4-21	524-526	un	_	_	_	
4-22	527-535	vaisseau	_	_	_	
4-23	536-537	,	_	_	_	
4-24	538-540	il	_	_	_	
4-25	541-543	se	_	_	_	
4-26	544-548	fond	_	_	_	
4-27	549-551	et	_	_	_	
4-28	552-554	se	_	_	_	
4-29	555-561	réduit	_	_	_	
4-30	562-564	en	_	_	_	
4-31	565-568	une	_	_	_	
4-32	569-575	résine	_	_	_	
4-33	576-583	liquide	_	_	_	
4-34	584-586	de	_	_	_	
4-35	587-594	couleur	_	_	_	
4-36	595-600	dorée	_	_	_	
4-37	600-601	.	_	_	_	

#Text=Quoique cette madère se trouve en plusieurs endroits , c'est cependant un parfum très-rare et précieux : les parfumeurs en font un très- grand usage.
5-1	603-610	Quoique	_	_	_	
5-2	611-616	cette	_	_	_	
5-3	617-623	madère	_	_	_	
5-4	624-626	se	_	_	_	
5-5	627-633	trouve	_	_	_	
5-6	634-636	en	_	_	_	
5-7	637-646	plusieurs	_	_	_	
5-8	647-655	endroits	_	_	_	
5-9	656-657	,	_	_	_	
5-10	658-663	c'est	_	_	_	
5-11	664-673	cependant	_	_	_	
5-12	674-676	un	_	_	_	
5-13	677-683	parfum	Smell\_Word	*|*|*	5-14|5-16|1-1[1_0]	
5-14	684-693	très-rare	Quality	_	_	
5-15	694-696	et	_	_	_	
5-16	697-705	précieux	Quality	_	_	
5-17	706-707	:	_	_	_	
5-18	708-711	les	_	_	_	
5-19	712-722	parfumeurs	_	_	_	
5-20	723-725	en	_	_	_	
5-21	726-730	font	_	_	_	
5-22	731-733	un	_	_	_	
5-23	734-738	très	_	_	_	
5-24	738-739	-	_	_	_	
5-25	740-745	grand	_	_	_	
5-26	746-751	usage	_	_	_	
5-27	751-752	.	_	_	_	

#Text=L'ambre abonde en parties huileuses , tenues et volatiles : il est utile pour fortifier le cerveau et l'estomac ; il donne plus de vivacité aux sens.
6-1	753-760	L'ambre	_	_	_	
6-2	761-767	abonde	_	_	_	
6-3	768-770	en	_	_	_	
6-4	771-778	parties	_	_	_	
6-5	779-788	huileuses	_	_	_	
6-6	789-790	,	_	_	_	
6-7	791-797	tenues	_	_	_	
6-8	798-800	et	_	_	_	
6-9	801-810	volatiles	_	_	_	
6-10	811-812	:	_	_	_	
6-11	813-815	il	_	_	_	
6-12	816-819	est	_	_	_	
6-13	820-825	utile	_	_	_	
6-14	826-830	pour	_	_	_	
6-15	831-840	fortifier	_	_	_	
6-16	841-843	le	_	_	_	
6-17	844-851	cerveau	_	_	_	
6-18	852-854	et	_	_	_	
6-19	855-864	l'estomac	_	_	_	
6-20	865-866	;	_	_	_	
6-21	867-869	il	_	_	_	
6-22	870-875	donne	_	_	_	
6-23	876-880	plus	_	_	_	
6-24	881-883	de	_	_	_	
6-25	884-892	vivacité	_	_	_	
6-26	893-896	aux	_	_	_	
6-27	897-901	sens	_	_	_	
6-28	901-902	.	_	_	_	

#Text=Les Orientaux en font un grand usage : ils 1 estiment propre à prolonger la vie.
7-1	903-906	Les	_	_	_	
7-2	907-916	Orientaux	_	_	_	
7-3	917-919	en	_	_	_	
7-4	920-924	font	_	_	_	
7-5	925-927	un	_	_	_	
7-6	928-933	grand	_	_	_	
7-7	934-939	usage	_	_	_	
7-8	940-941	:	_	_	_	
7-9	942-945	ils	_	_	_	
7-10	946-947	1	_	_	_	
7-11	948-956	estiment	_	_	_	
7-12	957-963	propre	_	_	_	
7-13	964-965	à	_	_	_	
7-14	966-975	prolonger	_	_	_	
7-15	976-978	la	_	_	_	
7-16	979-982	vie	_	_	_	
7-17	982-983	.	_	_	_	

#Text=On croit quG l'ambre gris est un mélangé de cire et de miel qui tombe dans la mer, des rochers et des arbres dont les abeilles font leur retraite.
8-1	984-986	On	_	_	_	
8-2	987-992	croit	_	_	_	
8-3	993-996	quG	_	_	_	
8-4	997-1004	l'ambre	_	_	_	
8-5	1005-1009	gris	_	_	_	
8-6	1010-1013	est	_	_	_	
8-7	1014-1016	un	_	_	_	
8-8	1017-1024	mélangé	_	_	_	
8-9	1025-1027	de	_	_	_	
8-10	1028-1032	cire	_	_	_	
8-11	1033-1035	et	_	_	_	
8-12	1036-1038	de	_	_	_	
8-13	1039-1043	miel	_	_	_	
8-14	1044-1047	qui	_	_	_	
8-15	1048-1053	tombe	_	_	_	
8-16	1054-1058	dans	_	_	_	
8-17	1059-1061	la	_	_	_	
8-18	1062-1065	mer	_	_	_	
8-19	1065-1066	,	_	_	_	
8-20	1067-1070	des	_	_	_	
8-21	1071-1078	rochers	_	_	_	
8-22	1079-1081	et	_	_	_	
8-23	1082-1085	des	_	_	_	
8-24	1086-1092	arbres	_	_	_	
8-25	1093-1097	dont	_	_	_	
8-26	1098-1101	les	_	_	_	
8-27	1102-1110	abeilles	_	_	_	
8-28	1111-1115	font	_	_	_	
8-29	1116-1120	leur	_	_	_	
8-30	1121-1129	retraite	_	_	_	
8-31	1129-1130	.	_	_	_	
