#FORMAT=WebAnno TSV 3.3


#Text=Ambre gris , ambrasia grisea.
1-1	0-5	Ambre	
1-2	6-10	gris	
1-3	11-12	,	
1-4	13-21	ambrasia	
1-5	22-28	grisea	
1-6	28-29	.	

#Text=Substance légère , grasse , de couleur cendrée , parsémée de petites taches blanches, odoriférantes, mais dont l'odeur se développe bien plus lorsqu elle est mêlée arec une petite quantité de musc et de civette , ainsi qu'on la préparé pour les parfums et eaux de senteur.
2-1	30-39	Substance	
2-2	40-46	légère	
2-3	47-48	,	
2-4	49-55	grasse	
2-5	56-57	,	
2-6	58-60	de	
2-7	61-68	couleur	
2-8	69-76	cendrée	
2-9	77-78	,	
2-10	79-87	parsémée	
2-11	88-90	de	
2-12	91-98	petites	
2-13	99-105	taches	
2-14	106-114	blanches	
2-15	114-115	,	
2-16	116-129	odoriférantes	
2-17	129-130	,	
2-18	131-135	mais	
2-19	136-140	dont	
2-20	141-148	l'odeur	
2-21	149-151	se	
2-22	152-161	développe	
2-23	162-166	bien	
2-24	167-171	plus	
2-25	172-178	lorsqu	
2-26	179-183	elle	
2-27	184-187	est	
2-28	188-193	mêlée	
2-29	194-198	arec	
2-30	199-202	une	
2-31	203-209	petite	
2-32	210-218	quantité	
2-33	219-221	de	
2-34	222-226	musc	
2-35	227-229	et	
2-36	230-232	de	
2-37	233-240	civette	
2-38	241-242	,	
2-39	243-248	ainsi	
2-40	249-254	qu'on	
2-41	255-257	la	
2-42	258-265	préparé	
2-43	266-270	pour	
2-44	271-274	les	
2-45	275-282	parfums	
2-46	283-285	et	
2-47	286-290	eaux	
2-48	291-293	de	
2-49	294-301	senteur	
2-50	301-302	.	

#Text=Le bon ambre gris se reconnoît, lorsqu'en le piquant avec une aiguille chaude , il rend un suc gras et odoriférant.
3-1	303-305	Le	
3-2	306-309	bon	
3-3	310-315	ambre	
3-4	316-320	gris	
3-5	321-323	se	
3-6	324-333	reconnoît	
3-7	333-334	,	
3-8	335-344	lorsqu'en	
3-9	345-347	le	
3-10	348-355	piquant	
3-11	356-360	avec	
3-12	361-364	une	
3-13	365-373	aiguille	
3-14	374-380	chaude	
3-15	381-382	,	
3-16	383-385	il	
3-17	386-390	rend	
3-18	391-393	un	
3-19	394-397	suc	
3-20	398-402	gras	
3-21	403-405	et	
3-22	406-417	odoriférant	
3-23	417-418	.	

#Text=L'ambre gris s'enflamme et brfde; il est soluble en partie dans l'esprit-de-vin : mais sur le feu , dans un vaisseau , il se fond et se réduit en une résine liquide de couleur dorée.
4-1	419-426	L'ambre	
4-2	427-431	gris	
4-3	432-442	s'enflamme	
4-4	443-445	et	
4-5	446-451	brfde	
4-6	451-452	;	
4-7	453-455	il	
4-8	456-459	est	
4-9	460-467	soluble	
4-10	468-470	en	
4-11	471-477	partie	
4-12	478-482	dans	
4-13	483-498	l'esprit-de-vin	
4-14	499-500	:	
4-15	501-505	mais	
4-16	506-509	sur	
4-17	510-512	le	
4-18	513-516	feu	
4-19	517-518	,	
4-20	519-523	dans	
4-21	524-526	un	
4-22	527-535	vaisseau	
4-23	536-537	,	
4-24	538-540	il	
4-25	541-543	se	
4-26	544-548	fond	
4-27	549-551	et	
4-28	552-554	se	
4-29	555-561	réduit	
4-30	562-564	en	
4-31	565-568	une	
4-32	569-575	résine	
4-33	576-583	liquide	
4-34	584-586	de	
4-35	587-594	couleur	
4-36	595-600	dorée	
4-37	600-601	.	

#Text=Quoique cette madère se trouve en plusieurs endroits , c'est cependant un parfum très-rare et précieux : les parfumeurs en font un très- grand usage.
5-1	603-610	Quoique	
5-2	611-616	cette	
5-3	617-623	madère	
5-4	624-626	se	
5-5	627-633	trouve	
5-6	634-636	en	
5-7	637-646	plusieurs	
5-8	647-655	endroits	
5-9	656-657	,	
5-10	658-663	c'est	
5-11	664-673	cependant	
5-12	674-676	un	
5-13	677-683	parfum	
5-14	684-693	très-rare	
5-15	694-696	et	
5-16	697-705	précieux	
5-17	706-707	:	
5-18	708-711	les	
5-19	712-722	parfumeurs	
5-20	723-725	en	
5-21	726-730	font	
5-22	731-733	un	
5-23	734-738	très	
5-24	738-739	-	
5-25	740-745	grand	
5-26	746-751	usage	
5-27	751-752	.	

#Text=L'ambre abonde en parties huileuses , tenues et volatiles : il est utile pour fortifier le cerveau et l'estomac ; il donne plus de vivacité aux sens.
6-1	753-760	L'ambre	
6-2	761-767	abonde	
6-3	768-770	en	
6-4	771-778	parties	
6-5	779-788	huileuses	
6-6	789-790	,	
6-7	791-797	tenues	
6-8	798-800	et	
6-9	801-810	volatiles	
6-10	811-812	:	
6-11	813-815	il	
6-12	816-819	est	
6-13	820-825	utile	
6-14	826-830	pour	
6-15	831-840	fortifier	
6-16	841-843	le	
6-17	844-851	cerveau	
6-18	852-854	et	
6-19	855-864	l'estomac	
6-20	865-866	;	
6-21	867-869	il	
6-22	870-875	donne	
6-23	876-880	plus	
6-24	881-883	de	
6-25	884-892	vivacité	
6-26	893-896	aux	
6-27	897-901	sens	
6-28	901-902	.	

#Text=Les Orientaux en font un grand usage : ils 1 estiment propre à prolonger la vie.
7-1	903-906	Les	
7-2	907-916	Orientaux	
7-3	917-919	en	
7-4	920-924	font	
7-5	925-927	un	
7-6	928-933	grand	
7-7	934-939	usage	
7-8	940-941	:	
7-9	942-945	ils	
7-10	946-947	1	
7-11	948-956	estiment	
7-12	957-963	propre	
7-13	964-965	à	
7-14	966-975	prolonger	
7-15	976-978	la	
7-16	979-982	vie	
7-17	982-983	.	

#Text=On croit quG l'ambre gris est un mélangé de cire et de miel qui tombe dans la mer, des rochers et des arbres dont les abeilles font leur retraite.
8-1	984-986	On	
8-2	987-992	croit	
8-3	993-996	quG	
8-4	997-1004	l'ambre	
8-5	1005-1009	gris	
8-6	1010-1013	est	
8-7	1014-1016	un	
8-8	1017-1024	mélangé	
8-9	1025-1027	de	
8-10	1028-1032	cire	
8-11	1033-1035	et	
8-12	1036-1038	de	
8-13	1039-1043	miel	
8-14	1044-1047	qui	
8-15	1048-1053	tombe	
8-16	1054-1058	dans	
8-17	1059-1061	la	
8-18	1062-1065	mer	
8-19	1065-1066	,	
8-20	1067-1070	des	
8-21	1071-1078	rochers	
8-22	1079-1081	et	
8-23	1082-1085	des	
8-24	1086-1092	arbres	
8-25	1093-1097	dont	
8-26	1098-1101	les	
8-27	1102-1110	abeilles	
8-28	1111-1115	font	
8-29	1116-1120	leur	
8-30	1121-1129	retraite	
8-31	1129-1130	.	
