#FORMAT=WebAnno TSV 3.3


#Text=Il y a un si grand air de propreté dans cet appartement, qu'il semble qu'on y respire un air plus pur qu'en aucun endroit où je me sois trouvée de ma vie: les rayons du soleil l'éclairent à son lever, mais leur vivacité est émoussée par une vigne qui tapisse les fenêtres en dehors, qui n'interceptent que la partie du jeu qui pourrait éblouir la vue.
1-1	0-2	Il	
1-2	3-4	y	
1-3	5-6	a	
1-4	7-9	un	
1-5	10-12	si	
1-6	13-18	grand	
1-7	19-22	air	
1-8	23-25	de	
1-9	26-34	propreté	
1-10	35-39	dans	
1-11	40-43	cet	
1-12	44-55	appartement	
1-13	55-56	,	
1-14	57-62	qu'il	
1-15	63-69	semble	
1-16	70-75	qu'on	
1-17	76-77	y	
1-18	78-85	respire	
1-19	86-88	un	
1-20	89-92	air	
1-21	93-97	plus	
1-22	98-101	pur	
1-23	102-107	qu'en	
1-24	108-113	aucun	
1-25	114-121	endroit	
1-26	122-124	où	
1-27	125-127	je	
1-28	128-130	me	
1-29	131-135	sois	
1-30	136-143	trouvée	
1-31	144-146	de	
1-32	147-149	ma	
1-33	150-153	vie	
1-34	153-154	:	
1-35	155-158	les	
1-36	159-165	rayons	
1-37	166-168	du	
1-38	169-175	soleil	
1-39	176-187	l'éclairent	
1-40	188-189	à	
1-41	190-193	son	
1-42	194-199	lever	
1-43	199-200	,	
1-44	201-205	mais	
1-45	206-210	leur	
1-46	211-219	vivacité	
1-47	220-223	est	
1-48	224-232	émoussée	
1-49	233-236	par	
1-50	237-240	une	
1-51	241-246	vigne	
1-52	247-250	qui	
1-53	251-258	tapisse	
1-54	259-262	les	
1-55	263-271	fenêtres	
1-56	272-274	en	
1-57	275-281	dehors	
1-58	281-282	,	
1-59	283-286	qui	
1-60	287-301	n'interceptent	
1-61	302-305	que	
1-62	306-308	la	
1-63	309-315	partie	
1-64	316-318	du	
1-65	319-322	jeu	
1-66	323-326	qui	
1-67	327-335	pourrait	
1-68	336-343	éblouir	
1-69	344-346	la	
1-70	347-350	vue	
1-71	350-351	.	

#Text=A côté de cette salle on trouve une petite cuifine garnie précisément du nécessaire, de l'autre côté un cabinet qui renferme une bibliothèque choise.
2-1	352-353	A	
2-2	354-358	côté	
2-3	359-361	de	
2-4	362-367	cette	
2-5	368-373	salle	
2-6	374-376	on	
2-7	377-383	trouve	
2-8	384-387	une	
2-9	388-394	petite	
2-10	395-402	cuifine	
2-11	403-409	garnie	
2-12	410-421	précisément	
2-13	422-424	du	
2-14	425-435	nécessaire	
2-15	435-436	,	
2-16	437-439	de	
2-17	440-447	l'autre	
2-18	448-452	côté	
2-19	453-455	un	
2-20	456-463	cabinet	
2-21	464-467	qui	
2-22	468-476	renferme	
2-23	477-480	une	
2-24	481-493	bibliothèque	
2-25	494-500	choise	
2-26	500-501	.	

#Text=Trois pièces au premier étage font le reste du logement: pas un morceau de tapisserie, mais des murailles d'une blancheur éclatante, enrichies de cartouches peints à la fresque, entourés de guirlandes de fleurs, avec un petit paysage au milieu.
3-1	502-507	Trois	
3-2	508-514	pièces	
3-3	515-517	au	
3-4	518-525	premier	
3-5	526-531	étage	
3-6	532-536	font	
3-7	537-539	le	
3-8	540-545	reste	
3-9	546-548	du	
3-10	549-557	logement	
3-11	557-558	:	
3-12	559-562	pas	
3-13	563-565	un	
3-14	566-573	morceau	
3-15	574-576	de	
3-16	577-587	tapisserie	
3-17	587-588	,	
3-18	589-593	mais	
3-19	594-597	des	
3-20	598-607	murailles	
3-21	608-613	d'une	
3-22	614-623	blancheur	
3-23	624-633	éclatante	
3-24	633-634	,	
3-25	635-644	enrichies	
3-26	645-647	de	
3-27	648-658	cartouches	
3-28	659-665	peints	
3-29	666-667	à	
3-30	668-670	la	
3-31	671-678	fresque	
3-32	678-679	,	
3-33	680-688	entourés	
3-34	689-691	de	
3-35	692-702	guirlandes	
3-36	703-705	de	
3-37	706-712	fleurs	
3-38	712-713	,	
3-39	714-718	avec	
3-40	719-721	un	
3-41	722-727	petit	
3-42	728-735	paysage	
3-43	736-738	au	
3-44	739-745	milieu	
3-45	745-746	.	

#Text=C'est l'ouvrage de Madame la Baronne.
4-1	747-752	C'est	
4-2	753-762	l'ouvrage	
4-3	763-765	de	
4-4	766-772	Madame	
4-5	773-775	la	
4-6	776-783	Baronne	
4-7	783-784	.	

#Text=Sur le derrière de la maison, un petit pavillon plus bas, où l'on trouve une chambre de maître, deux réduits pour les domestiques, une laiterie pavée, où l'on peut distinguer tous ses traits, tant elle est propre luisante.
5-1	785-788	Sur	
5-2	789-791	le	
5-3	792-800	derrière	
5-4	801-803	de	
5-5	804-806	la	
5-6	807-813	maison	
5-7	813-814	,	
5-8	815-817	un	
5-9	818-823	petit	
5-10	824-832	pavillon	
5-11	833-837	plus	
5-12	838-841	bas	
5-13	841-842	,	
5-14	843-845	où	
5-15	846-850	l'on	
5-16	851-857	trouve	
5-17	858-861	une	
5-18	862-869	chambre	
5-19	870-872	de	
5-20	873-879	maître	
5-21	879-880	,	
5-22	881-885	deux	
5-23	886-893	réduits	
5-24	894-898	pour	
5-25	899-902	les	
5-26	903-914	domestiques	
5-27	914-915	,	
5-28	916-919	une	
5-29	920-928	laiterie	
5-30	929-934	pavée	
5-31	934-935	,	
5-32	936-938	où	
5-33	939-943	l'on	
5-34	944-948	peut	
5-35	949-959	distinguer	
5-36	960-964	tous	
5-37	965-968	ses	
5-38	969-975	traits	
5-39	975-976	,	
5-40	977-981	tant	
5-41	982-986	elle	
5-42	987-990	est	
5-43	991-997	propre	
5-44	998-1006	luisante	
5-45	1006-1007	.	

#Text=Des lits d'indienne, des draps qui ont une odeur suave.
6-1	1008-1011	Des	
6-2	1012-1016	lits	
6-3	1017-1027	d'indienne	
6-4	1027-1028	,	
6-5	1029-1032	des	
6-6	1033-1038	draps	
6-7	1039-1042	qui	
6-8	1043-1046	ont	
6-9	1047-1050	une	
6-10	1051-1056	odeur	
6-11	1057-1062	suave	
6-12	1062-1063	.	

#Text=Oh!
7-1	1064-1066	Oh	
7-2	1066-1067	!	

#Text=cette maison me paraît un petit palais.
8-1	1068-1073	cette	
8-2	1074-1080	maison	
8-3	1081-1083	me	
8-4	1084-1090	paraît	
8-5	1091-1093	un	
8-6	1094-1099	petit	
8-7	1100-1106	palais	
8-8	1106-1107	.	

#Text=Mais que dire du jardin, d'un petit bosquet par lequel il est terminé?
9-1	1108-1112	Mais	
9-2	1113-1116	que	
9-3	1117-1121	dire	
9-4	1122-1124	du	
9-5	1125-1131	jardin	
9-6	1131-1132	,	
9-7	1133-1137	d'un	
9-8	1138-1143	petit	
9-9	1144-1151	bosquet	
9-10	1152-1155	par	
9-11	1156-1162	lequel	
9-12	1163-1165	il	
9-13	1166-1169	est	
9-14	1170-1177	terminé	
9-15	1177-1178	?	

#Text=La netteté, la propreté semblent indiquer l'ordre qui règne dans l'âme de la maîtresse.
10-1	1179-1181	La	
10-2	1182-1189	netteté	
10-3	1189-1190	,	
10-4	1191-1193	la	
10-5	1194-1202	propreté	
10-6	1203-1211	semblent	
10-7	1212-1220	indiquer	
10-8	1221-1228	l'ordre	
10-9	1229-1232	qui	
10-10	1233-1238	règne	
10-11	1239-1243	dans	
10-12	1244-1249	l'âme	
10-13	1250-1252	de	
10-14	1253-1255	la	
10-15	1256-1265	maîtresse	
10-16	1265-1266	.	

#Text=Il produit abondamment tout ce qui peut fournir aux besoins de la vie.
11-1	1267-1269	Il	
11-2	1270-1277	produit	
11-3	1278-1289	abondamment	
11-4	1290-1294	tout	
11-5	1295-1297	ce	
11-6	1298-1301	qui	
11-7	1302-1306	peut	
11-8	1307-1314	fournir	
11-9	1315-1318	aux	
11-10	1319-1326	besoins	
11-11	1327-1329	de	
11-12	1330-1332	la	
11-13	1333-1336	vie	
11-14	1336-1337	.	

#Text=Je m'étonnai de n'y point voir de fleurs; mon époux ma belle-mère se regardèrent en souriant, la Baronne me montrant un grand quarré qui était au milieu du jardin, qui par petits quarreaux était garni de toutes sortes de légumes.
12-1	1338-1340	Je	
12-2	1341-1350	m'étonnai	
12-3	1351-1353	de	
12-4	1354-1357	n'y	
12-5	1358-1363	point	
12-6	1364-1368	voir	
12-7	1369-1371	de	
12-8	1372-1378	fleurs	
12-9	1378-1379	;	
12-10	1380-1383	mon	
12-11	1384-1389	époux	
12-12	1390-1392	ma	
12-13	1393-1403	belle-mère	
12-14	1404-1406	se	
12-15	1407-1418	regardèrent	
12-16	1419-1421	en	
12-17	1422-1430	souriant	
12-18	1430-1431	,	
12-19	1432-1434	la	
12-20	1435-1442	Baronne	
12-21	1443-1445	me	
12-22	1446-1454	montrant	
12-23	1455-1457	un	
12-24	1458-1463	grand	
12-25	1464-1470	quarré	
12-26	1471-1474	qui	
12-27	1475-1480	était	
12-28	1481-1483	au	
12-29	1484-1490	milieu	
12-30	1491-1493	du	
12-31	1494-1500	jardin	
12-32	1500-1501	,	
12-33	1502-1505	qui	
12-34	1506-1509	par	
12-35	1510-1516	petits	
12-36	1517-1526	quarreaux	
12-37	1527-1532	était	
12-38	1533-1538	garni	
12-39	1539-1541	de	
12-40	1542-1548	toutes	
12-41	1549-1555	sortes	
12-42	1556-1558	de	
12-43	1559-1566	légumes	
12-44	1566-1567	.	

#Text=Ce morceau de terre, me dit-elle, nous fournissoit, il y a quelques années, les plus belles fleurs; mon fils les cultivait de sa main avec d'autant plus de plaisir, que je les aime beaucoup.
13-1	1568-1570	Ce	
13-2	1571-1578	morceau	
13-3	1579-1581	de	
13-4	1582-1587	terre	
13-5	1587-1588	,	
13-6	1589-1591	me	
13-7	1592-1600	dit-elle	
13-8	1600-1601	,	
13-9	1602-1606	nous	
13-10	1607-1618	fournissoit	
13-11	1618-1619	,	
13-12	1620-1622	il	
13-13	1623-1624	y	
13-14	1625-1626	a	
13-15	1627-1635	quelques	
13-16	1636-1642	années	
13-17	1642-1643	,	
13-18	1644-1647	les	
13-19	1648-1652	plus	
13-20	1653-1659	belles	
13-21	1660-1666	fleurs	
13-22	1666-1667	;	
13-23	1668-1671	mon	
13-24	1672-1676	fils	
13-25	1677-1680	les	
13-26	1681-1690	cultivait	
13-27	1691-1693	de	
13-28	1694-1696	sa	
13-29	1697-1701	main	
13-30	1702-1706	avec	
13-31	1707-1715	d'autant	
13-32	1716-1720	plus	
13-33	1721-1723	de	
13-34	1724-1731	plaisir	
13-35	1731-1732	,	
13-36	1733-1736	que	
13-37	1737-1739	je	
13-38	1740-1743	les	
13-39	1744-1748	aime	
13-40	1749-1757	beaucoup	
13-41	1757-1758	.	

#Text=Une réflexion a fait un potager de ce beau parterre.
14-1	1759-1762	Une	
14-2	1763-1772	réflexion	
14-3	1773-1774	a	
14-4	1775-1779	fait	
14-5	1780-1782	un	
14-6	1783-1790	potager	
14-7	1791-1793	de	
14-8	1794-1796	ce	
14-9	1797-1801	beau	
14-10	1802-1810	parterre	
14-11	1810-1811	.	

#Text=Combien de pauvres pourraient être soulagés aux dépens du plaisir frivole que nous prenons, dis-je à mon fils?
15-1	1812-1819	Combien	
15-2	1820-1822	de	
15-3	1823-1830	pauvres	
15-4	1831-1841	pourraient	
15-5	1842-1846	être	
15-6	1847-1855	soulagés	
15-7	1856-1859	aux	
15-8	1860-1866	dépens	
15-9	1867-1869	du	
15-10	1870-1877	plaisir	
15-11	1878-1885	frivole	
15-12	1886-1889	que	
15-13	1890-1894	nous	
15-14	1895-1902	prenons	
15-15	1902-1903	,	
15-16	1904-1910	dis-je	
15-17	1911-1912	à	
15-18	1913-1916	mon	
15-19	1917-1921	fils	
15-20	1921-1922	?	

#Text=Il est plusieurs familles dans ce village qui ne possedent pas un pouce de terre, qui sont, par-là, privés de mille petites douceurs.
16-1	1923-1925	Il	
16-2	1926-1929	est	
16-3	1930-1939	plusieurs	
16-4	1940-1948	familles	
16-5	1949-1953	dans	
16-6	1954-1956	ce	
16-7	1957-1964	village	
16-8	1965-1968	qui	
16-9	1969-1971	ne	
16-10	1972-1981	possedent	
16-11	1982-1985	pas	
16-12	1986-1988	un	
16-13	1989-1994	pouce	
16-14	1995-1997	de	
16-15	1998-2003	terre	
16-16	2003-2004	,	
16-17	2005-2008	qui	
16-18	2009-2013	sont	
16-19	2013-2014	,	
16-20	2015-2021	par-là	
16-21	2021-2022	,	
16-22	2023-2029	privés	
16-23	2030-2032	de	
16-24	2033-2038	mille	
16-25	2039-2046	petites	
16-26	2047-2055	douceurs	
16-27	2055-2056	.	

#Text=Abandonnons leur ce petit morccau, notre revenu n'en sera pas diminué, nous aurons, en le cultivant, la douce consolation de travailler pour JesusChrist.
17-1	2057-2068	Abandonnons	
17-2	2069-2073	leur	
17-3	2074-2076	ce	
17-4	2077-2082	petit	
17-5	2083-2090	morccau	
17-6	2090-2091	,	
17-7	2092-2097	notre	
17-8	2098-2104	revenu	
17-9	2105-2109	n'en	
17-10	2110-2114	sera	
17-11	2115-2118	pas	
17-12	2119-2126	diminué	
17-13	2126-2127	,	
17-14	2128-2132	nous	
17-15	2133-2139	aurons	
17-16	2139-2140	,	
17-17	2141-2143	en	
17-18	2144-2146	le	
17-19	2147-2156	cultivant	
17-20	2156-2157	,	
17-21	2158-2160	la	
17-22	2161-2166	douce	
17-23	2167-2178	consolation	
17-24	2179-2181	de	
17-25	2182-2192	travailler	
17-26	2193-2197	pour	
17-27	2198-2209	JesusChrist	
17-28	2209-2210	.	

#Text=Il ne produira pas un seul légume qui ne soit une fleur de bonne odeur à celui qui veut bien regarder comme rendu à lui-même, tous les services qu'on rend aux pauvres.
18-1	2211-2213	Il	
18-2	2214-2216	ne	
18-3	2217-2225	produira	
18-4	2226-2229	pas	
18-5	2230-2232	un	
18-6	2233-2237	seul	
18-7	2238-2244	légume	
18-8	2245-2248	qui	
18-9	2249-2251	ne	
18-10	2252-2256	soit	
18-11	2257-2260	une	
18-12	2261-2266	fleur	
18-13	2267-2269	de	
18-14	2270-2275	bonne	
18-15	2276-2281	odeur	
18-16	2282-2283	à	
18-17	2284-2289	celui	
18-18	2290-2293	qui	
18-19	2294-2298	veut	
18-20	2299-2303	bien	
18-21	2304-2312	regarder	
18-22	2313-2318	comme	
18-23	2319-2324	rendu	
18-24	2325-2326	à	
18-25	2327-2335	lui-même	
18-26	2335-2336	,	
18-27	2337-2341	tous	
18-28	2342-2345	les	
18-29	2346-2354	services	
18-30	2355-2360	qu'on	
18-31	2361-2365	rend	
18-32	2366-2369	aux	
18-33	2370-2377	pauvres	
18-34	2377-2378	.	

#Text=Ces paroles furent l'arrêt de ces pauvres fleurs, mon fils dans un instant en débarrassa la terre.
19-1	2379-2382	Ces	
19-2	2383-2390	paroles	
19-3	2391-2397	furent	
19-4	2398-2405	l'arrêt	
19-5	2406-2408	de	
19-6	2409-2412	ces	
19-7	2413-2420	pauvres	
19-8	2421-2427	fleurs	
19-9	2427-2428	,	
19-10	2429-2432	mon	
19-11	2433-2437	fils	
19-12	2438-2442	dans	
19-13	2443-2445	un	
19-14	2446-2453	instant	
19-15	2454-2456	en	
19-16	2457-2467	débarrassa	
19-17	2468-2470	la	
19-18	2471-2476	terre	
19-19	2476-2477	.	
