#FORMAT=WebAnno TSV 3.3
#T_SP=custom.Span|label
#T_RL=custom.Relation|label|BT_custom.Span


#Text=L'ODEUR DE L'URINE\r
#Text=\r
#Text=Après son émission, et tant qu'elle reste acide, l'urine possède une odeur animale particulière, légèrement nauséeuse.
1-1	0-7	L'ODEUR	Smell\_Word	*	1-3	
1-2	8-10	DE	_	_	_	
1-3	11-18	L'URINE	Smell\_Source	_	_	
1-4	22-27	Après	Time[1]	_	_	
1-5	28-31	son	Time[1]	_	_	
1-6	32-40	émission	Time[1]	_	_	
1-7	40-41	,	_	_	_	
1-8	42-44	et	_	_	_	
1-9	45-49	tant	_	_	_	
1-10	50-57	qu'elle	_	_	_	
1-11	58-63	reste	_	_	_	
1-12	64-69	acide	_	_	_	
1-13	69-70	,	_	_	_	
1-14	71-78	l'urine	Smell\_Source	_	_	
1-15	79-86	possède	_	_	_	
1-16	87-90	une	_	_	_	
1-17	91-96	odeur	Smell\_Word	*|*|*|*|*	1-21[2_0]|1-19|1-18|1-14|1-4[1_0]	
1-18	97-104	animale	Quality	_	_	
1-19	105-117	particulière	Quality	_	_	
1-20	117-118	,	_	_	_	
1-21	119-129	légèrement	Quality[2]	_	_	
1-22	130-139	nauséeuse	Quality[2]	_	_	
1-23	139-140	.	_	_	_	

#Text=Cette odeur" se change parfois, surtout chez les enfants, en un fumet balsamique, aromatique, assez agréable, que nous pensons dû à l'acide benzoïque, normalement rencontré dans l'urine par divers', chimistes, depuis l'illustre Scheele, qui en constata le premier la présence.
2-1	141-146	Cette	_	_	_	
2-2	147-152	odeur	Smell\_Word	*	1-14	
2-3	152-153	"	_	_	_	
2-4	154-156	se	_	_	_	
2-5	157-163	change	_	_	_	
2-6	164-171	parfois	_	_	_	
2-7	171-172	,	_	_	_	
2-8	173-180	surtout	_	_	_	
2-9	181-185	chez	Circumstances[3]	_	_	
2-10	186-189	les	Circumstances[3]	_	_	
2-11	190-197	enfants	Circumstances[3]	_	_	
2-12	197-198	,	_	_	_	
2-13	199-201	en	_	_	_	
2-14	202-204	un	_	_	_	
2-15	205-210	fumet	Smell\_Word	*|Same\_span|*|*|*|*	2-28[5_0]|2-2|2-16|2-18|2-20[4_0]|2-9[3_0]	
2-16	211-221	balsamique	Quality	_	_	
2-17	221-222	,	_	_	_	
2-18	223-233	aromatique	Quality	_	_	
2-19	233-234	,	_	_	_	
2-20	235-240	assez	Quality[4]	_	_	
2-21	241-249	agréable	Quality[4]	_	_	
2-22	249-250	,	_	_	_	
2-23	251-254	que	_	_	_	
2-24	255-259	nous	_	_	_	
2-25	260-267	pensons	_	_	_	
2-26	268-270	dû	_	_	_	
2-27	271-272	à	_	_	_	
2-28	273-280	l'acide	Smell\_Source[5]	_	_	
2-29	281-290	benzoïque	Smell\_Source[5]	_	_	
2-30	290-291	,	_	_	_	
2-31	292-303	normalement	_	_	_	
2-32	304-313	rencontré	_	_	_	
2-33	314-318	dans	_	_	_	
2-34	319-326	l'urine	_	_	_	
2-35	327-330	par	_	_	_	
2-36	331-337	divers	_	_	_	
2-37	337-338	'	_	_	_	
2-38	338-339	,	_	_	_	
2-39	340-349	chimistes	_	_	_	
2-40	349-350	,	_	_	_	
2-41	351-357	depuis	_	_	_	
2-42	358-368	l'illustre	_	_	_	
2-43	369-376	Scheele	_	_	_	
2-44	376-377	,	_	_	_	
2-45	378-381	qui	_	_	_	
2-46	382-384	en	_	_	_	
2-47	385-393	constata	_	_	_	
2-48	394-396	le	_	_	_	
2-49	397-404	premier	_	_	_	
2-50	405-407	la	_	_	_	
2-51	408-416	présence	_	_	_	
2-52	416-417	.	_	_	_	

#Text=(OEuvres, t.
3-1	418-419	(	_	_	_	
3-2	419-426	OEuvres	_	_	_	
3-3	426-427	,	_	_	_	
3-4	428-429	t	_	_	_	
3-5	429-430	.	_	_	_	

#Text=II, Berlin, 1794).
4-1	431-433	II	_	_	_	
4-2	433-434	,	_	_	_	
4-3	435-441	Berlin	_	_	_	
4-4	441-442	,	_	_	_	
4-5	443-447	1794	_	_	_	
4-6	447-448	)	_	_	_	
4-7	448-449	.	_	_	_	

#Text=Quand l'urine est rendue en grande quantité (hystérie, chloro-anémie), elle est très-diluée. peu dense : véritable miroir du sang (Gubler), elle possède alors aussi peu d'odeur que de couleur.
5-1	453-458	Quand	Circumstances[6]	_	_	
5-2	459-466	l'urine	Circumstances[6]|Smell\_Source[7]	Anaphoric	5-29[0_7]	
5-3	467-470	est	Circumstances[6]	_	_	
5-4	471-477	rendue	Circumstances[6]	_	_	
5-5	478-480	en	Circumstances[6]	_	_	
5-6	481-487	grande	Circumstances[6]	_	_	
5-7	488-496	quantité	Circumstances[6]	_	_	
5-8	497-498	(	_	_	_	
5-9	498-506	hystérie	_	_	_	
5-10	506-507	,	_	_	_	
5-11	508-521	chloro-anémie	_	_	_	
5-12	521-522	)	_	_	_	
5-13	522-523	,	_	_	_	
5-14	524-528	elle	_	_	_	
5-15	529-532	est	_	_	_	
5-16	533-544	très-diluée	_	_	_	
5-17	544-545	.	_	_	_	
5-18	546-549	peu	_	_	_	
5-19	550-555	dense	_	_	_	
5-20	556-557	:	_	_	_	
5-21	558-567	véritable	_	_	_	
5-22	568-574	miroir	_	_	_	
5-23	575-577	du	_	_	_	
5-24	578-582	sang	_	_	_	
5-25	583-584	(	_	_	_	
5-26	584-590	Gubler	_	_	_	
5-27	590-591	)	_	_	_	
5-28	591-592	,	_	_	_	
5-29	593-597	elle	Smell\_Source	_	_	
5-30	598-605	possède	_	_	_	
5-31	606-611	alors	_	_	_	
5-32	612-617	aussi	_	_	_	
5-33	618-621	peu	Quality	_	_	
5-34	622-629	d'odeur	Smell\_Word	*|*|*	5-33|5-29|5-1[6_0]	
5-35	630-633	que	_	_	_	
5-36	634-636	de	_	_	_	
5-37	637-644	couleur	_	_	_	
5-38	644-645	.	_	_	_	

#Text=L'odeur de l'urine est toujours d'autant plus marquée que cette sécrétion est moins aqueuse, plus chargée.
6-1	646-653	L'odeur	Smell\_Word	*|*|*	6-3|6-5|6-7[8_0]	
6-2	654-656	de	_	_	_	
6-3	657-664	l'urine	Smell\_Source	_	_	
6-4	665-668	est	_	_	_	
6-5	669-677	toujours	Time	_	_	
6-6	678-686	d'autant	_	_	_	
6-7	687-691	plus	Quality[8]	_	_	
6-8	692-699	marquée	Quality[8]	_	_	
6-9	700-703	que	_	_	_	
6-10	704-709	cette	_	_	_	
6-11	710-719	sécrétion	_	_	_	
6-12	720-723	est	_	_	_	
6-13	724-729	moins	_	_	_	
6-14	730-737	aqueuse	_	_	_	
6-15	737-738	,	_	_	_	
6-16	739-743	plus	_	_	_	
6-17	744-751	chargée	_	_	_	
6-18	751-752	.	_	_	_	

#Text=L'odeur naturelle d.e l'urine fraîche, qui d'après Rayer et quelques autres, rappelle celle de la violette, a été successivement attribuée à l'acétone, à l'oxyde d'omichmile, à l'uropittine.
7-1	756-763	L'odeur	Smell\_Word	*|*|*|*|*|*|*|*	7-4|7-2|7-18|7-9|7-11[9_0]|7-25|7-28[10_0]|7-32	
7-2	764-773	naturelle	Quality	_	_	
7-3	774-777	d.e	_	_	_	
7-4	778-785	l'urine	Smell\_Source	_	_	
7-5	786-793	fraîche	_	_	_	
7-6	793-794	,	_	_	_	
7-7	795-798	qui	_	_	_	
7-8	799-806	d'après	_	_	_	
7-9	807-812	Rayer	Perceiver	_	_	
7-10	813-815	et	_	_	_	
7-11	816-824	quelques	Perceiver[9]	_	_	
7-12	825-831	autres	Perceiver[9]	_	_	
7-13	831-832	,	_	_	_	
7-14	833-841	rappelle	_	_	_	
7-15	842-847	celle	_	_	_	
7-16	848-850	de	_	_	_	
7-17	851-853	la	_	_	_	
7-18	854-862	violette	Evoked\_Odorant	_	_	
7-19	862-863	,	_	_	_	
7-20	864-865	a	_	_	_	
7-21	866-869	été	_	_	_	
7-22	870-884	successivement	_	_	_	
7-23	885-894	attribuée	_	_	_	
7-24	895-896	à	_	_	_	
7-25	897-906	l'acétone	Smell\_Source	_	_	
7-26	906-907	,	_	_	_	
7-27	908-909	à	_	_	_	
7-28	910-917	l'oxyde	Smell\_Source[10]	_	_	
7-29	918-929	d'omichmile	Smell\_Source[10]	_	_	
7-30	929-930	,	_	_	_	
7-31	931-932	à	_	_	_	
7-32	933-945	l'uropittine	Smell\_Source	_	_	
7-33	945-946	.	_	_	_	
