#FORMAT=WebAnno TSV 3.3


#Text=Our tyrant having left the ship, and carried his favourite Mackshane along with him, to my inexpressible satisfaction; our new commander came on board, in a ten-oar ' d barge, overshadowed with a vast umbrella, and appeared in every thing quite the reverse of Oakhum, being a tall, thin, young man, dressed in this manner; a white hat garnished with a red feather, adorned his head, from whence his hair flowed down upon his shoulders, in ringlets tied behind with a ribbon.
1-1	1-4	Our	
1-2	5-11	tyrant	
1-3	12-18	having	
1-4	19-23	left	
1-5	24-27	the	
1-6	28-32	ship	
1-7	32-33	,	
1-8	34-37	and	
1-9	38-45	carried	
1-10	46-49	his	
1-11	50-59	favourite	
1-12	60-69	Mackshane	
1-13	70-75	along	
1-14	76-80	with	
1-15	81-84	him	
1-16	84-85	,	
1-17	86-88	to	
1-18	89-91	my	
1-19	92-105	inexpressible	
1-20	106-118	satisfaction	
1-21	118-119	;	
1-22	120-123	our	
1-23	124-127	new	
1-24	128-137	commander	
1-25	138-142	came	
1-26	143-145	on	
1-27	146-151	board	
1-28	151-152	,	
1-29	153-155	in	
1-30	156-157	a	
1-31	158-165	ten-oar	
1-32	166-167	'	
1-33	168-169	d	
1-34	170-175	barge	
1-35	175-176	,	
1-36	177-189	overshadowed	
1-37	190-194	with	
1-38	195-196	a	
1-39	197-201	vast	
1-40	202-210	umbrella	
1-41	210-211	,	
1-42	212-215	and	
1-43	216-224	appeared	
1-44	225-227	in	
1-45	228-233	every	
1-46	234-239	thing	
1-47	240-245	quite	
1-48	246-249	the	
1-49	250-257	reverse	
1-50	258-260	of	
1-51	261-267	Oakhum	
1-52	267-268	,	
1-53	269-274	being	
1-54	275-276	a	
1-55	277-281	tall	
1-56	281-282	,	
1-57	283-287	thin	
1-58	287-288	,	
1-59	289-294	young	
1-60	295-298	man	
1-61	298-299	,	
1-62	300-307	dressed	
1-63	308-310	in	
1-64	311-315	this	
1-65	316-322	manner	
1-66	322-323	;	
1-67	324-325	a	
1-68	326-331	white	
1-69	332-335	hat	
1-70	336-345	garnished	
1-71	346-350	with	
1-72	351-352	a	
1-73	353-356	red	
1-74	357-364	feather	
1-75	364-365	,	
1-76	366-373	adorned	
1-77	374-377	his	
1-78	378-382	head	
1-79	382-383	,	
1-80	384-388	from	
1-81	389-395	whence	
1-82	396-399	his	
1-83	400-404	hair	
1-84	405-411	flowed	
1-85	412-416	down	
1-86	417-421	upon	
1-87	422-425	his	
1-88	426-435	shoulders	
1-89	435-436	,	
1-90	437-439	in	
1-91	440-448	ringlets	
1-92	449-453	tied	
1-93	454-460	behind	
1-94	461-465	with	
1-95	466-467	a	
1-96	468-474	ribbon	
1-97	474-475	.	

#Text=His coat, consisting of pink-coloured silk, lined with white, by the elegance of the cut retired backward, as it were, to discover a white sattin waistcoat embroidered with gold, unbuttoned at the upper part, to display a broch set with garnets, that glittered in the breast of his shirt, which was of the finest cambrick, edged with right mechlin: The knees of his crimson velvet breeches scarce descended so low as to meet his
#Text=
#Text=silk stockings, which rose without spot or wrinkle on his meagre legs, from shoes of blue Meroquin, studded with diamond buckles, that flamed forth rivals to the sun!
2-1	476-479	His	
2-2	480-484	coat	
2-3	484-485	,	
2-4	486-496	consisting	
2-5	497-499	of	
2-6	500-513	pink-coloured	
2-7	514-518	silk	
2-8	518-519	,	
2-9	520-525	lined	
2-10	526-530	with	
2-11	531-536	white	
2-12	536-537	,	
2-13	538-540	by	
2-14	541-544	the	
2-15	545-553	elegance	
2-16	554-556	of	
2-17	557-560	the	
2-18	561-564	cut	
2-19	565-572	retired	
2-20	573-581	backward	
2-21	581-582	,	
2-22	583-585	as	
2-23	586-588	it	
2-24	589-593	were	
2-25	593-594	,	
2-26	595-597	to	
2-27	598-606	discover	
2-28	607-608	a	
2-29	609-614	white	
2-30	615-621	sattin	
2-31	622-631	waistcoat	
2-32	632-643	embroidered	
2-33	644-648	with	
2-34	649-653	gold	
2-35	653-654	,	
2-36	655-665	unbuttoned	
2-37	666-668	at	
2-38	669-672	the	
2-39	673-678	upper	
2-40	679-683	part	
2-41	683-684	,	
2-42	685-687	to	
2-43	688-695	display	
2-44	696-697	a	
2-45	698-703	broch	
2-46	704-707	set	
2-47	708-712	with	
2-48	713-720	garnets	
2-49	720-721	,	
2-50	722-726	that	
2-51	727-736	glittered	
2-52	737-739	in	
2-53	740-743	the	
2-54	744-750	breast	
2-55	751-753	of	
2-56	754-757	his	
2-57	758-763	shirt	
2-58	763-764	,	
2-59	765-770	which	
2-60	771-774	was	
2-61	775-777	of	
2-62	778-781	the	
2-63	782-788	finest	
2-64	789-797	cambrick	
2-65	797-798	,	
2-66	799-804	edged	
2-67	805-809	with	
2-68	810-815	right	
2-69	816-823	mechlin	
2-70	823-824	:	
2-71	825-828	The	
2-72	829-834	knees	
2-73	835-837	of	
2-74	838-841	his	
2-75	842-849	crimson	
2-76	850-856	velvet	
2-77	857-865	breeches	
2-78	866-872	scarce	
2-79	873-882	descended	
2-80	883-885	so	
2-81	886-889	low	
2-82	890-892	as	
2-83	893-895	to	
2-84	896-900	meet	
2-85	901-904	his	
2-86	906-910	silk	
2-87	911-920	stockings	
2-88	920-921	,	
2-89	922-927	which	
2-90	928-932	rose	
2-91	933-940	without	
2-92	941-945	spot	
2-93	946-948	or	
2-94	949-956	wrinkle	
2-95	957-959	on	
2-96	960-963	his	
2-97	964-970	meagre	
2-98	971-975	legs	
2-99	975-976	,	
2-100	977-981	from	
2-101	982-987	shoes	
2-102	988-990	of	
2-103	991-995	blue	
2-104	996-1004	Meroquin	
2-105	1004-1005	,	
2-106	1006-1013	studded	
2-107	1014-1018	with	
2-108	1019-1026	diamond	
2-109	1027-1034	buckles	
2-110	1034-1035	,	
2-111	1036-1040	that	
2-112	1041-1047	flamed	
2-113	1048-1053	forth	
2-114	1054-1060	rivals	
2-115	1061-1063	to	
2-116	1064-1067	the	
2-117	1068-1071	sun	
2-118	1071-1072	!	

#Text=A steel-hilted sword, inlaid with figures of gold, and decked with a knot of ribbon which fell down in a rich tossle, equipped his side; and an amber-headed cane hung dangling from his wrist: But the most remarkable parts or his furniture were, a mask on his face, and white gloves on his hands, which did not seem to be put on with an intention to be pulled off occasionally, but were fixed with a ring set with a ruby on the little finger of one hand, and by one set with a topaz on that of the other.
3-1	1073-1074	A	
3-2	1075-1087	steel-hilted	
3-3	1088-1093	sword	
3-4	1093-1094	,	
3-5	1095-1101	inlaid	
3-6	1102-1106	with	
3-7	1107-1114	figures	
3-8	1115-1117	of	
3-9	1118-1122	gold	
3-10	1122-1123	,	
3-11	1124-1127	and	
3-12	1128-1134	decked	
3-13	1135-1139	with	
3-14	1140-1141	a	
3-15	1142-1146	knot	
3-16	1147-1149	of	
3-17	1150-1156	ribbon	
3-18	1157-1162	which	
3-19	1163-1167	fell	
3-20	1168-1172	down	
3-21	1173-1175	in	
3-22	1176-1177	a	
3-23	1178-1182	rich	
3-24	1183-1189	tossle	
3-25	1189-1190	,	
3-26	1191-1199	equipped	
3-27	1200-1203	his	
3-28	1204-1208	side	
3-29	1208-1209	;	
3-30	1210-1213	and	
3-31	1214-1216	an	
3-32	1217-1229	amber-headed	
3-33	1230-1234	cane	
3-34	1235-1239	hung	
3-35	1240-1248	dangling	
3-36	1249-1253	from	
3-37	1254-1257	his	
3-38	1258-1263	wrist	
3-39	1263-1264	:	
3-40	1265-1268	But	
3-41	1269-1272	the	
3-42	1273-1277	most	
3-43	1278-1288	remarkable	
3-44	1289-1294	parts	
3-45	1295-1297	or	
3-46	1298-1301	his	
3-47	1302-1311	furniture	
3-48	1312-1316	were	
3-49	1316-1317	,	
3-50	1318-1319	a	
3-51	1320-1324	mask	
3-52	1325-1327	on	
3-53	1328-1331	his	
3-54	1332-1336	face	
3-55	1336-1337	,	
3-56	1338-1341	and	
3-57	1342-1347	white	
3-58	1348-1354	gloves	
3-59	1355-1357	on	
3-60	1358-1361	his	
3-61	1362-1367	hands	
3-62	1367-1368	,	
3-63	1369-1374	which	
3-64	1375-1378	did	
3-65	1379-1382	not	
3-66	1383-1387	seem	
3-67	1388-1390	to	
3-68	1391-1393	be	
3-69	1394-1397	put	
3-70	1398-1400	on	
3-71	1401-1405	with	
3-72	1406-1408	an	
3-73	1409-1418	intention	
3-74	1419-1421	to	
3-75	1422-1424	be	
3-76	1425-1431	pulled	
3-77	1432-1435	off	
3-78	1436-1448	occasionally	
3-79	1448-1449	,	
3-80	1450-1453	but	
3-81	1454-1458	were	
3-82	1459-1464	fixed	
3-83	1465-1469	with	
3-84	1470-1471	a	
3-85	1472-1476	ring	
3-86	1477-1480	set	
3-87	1481-1485	with	
3-88	1486-1487	a	
3-89	1488-1492	ruby	
3-90	1493-1495	on	
3-91	1496-1499	the	
3-92	1500-1506	little	
3-93	1507-1513	finger	
3-94	1514-1516	of	
3-95	1517-1520	one	
3-96	1521-1525	hand	
3-97	1525-1526	,	
3-98	1527-1530	and	
3-99	1531-1533	by	
3-100	1534-1537	one	
3-101	1538-1541	set	
3-102	1542-1546	with	
3-103	1547-1548	a	
3-104	1549-1554	topaz	
3-105	1555-1557	on	
3-106	1558-1562	that	
3-107	1563-1565	of	
3-108	1566-1569	the	
3-109	1570-1575	other	
3-110	1575-1576	.	

#Text=In this garb, captain Whiffle, for that was his name, took possession of the ship, surrounded with a crowd of attendants, all of whom, in their different degrees, seemed to be of their patron ' s disposition; and the air was so impregnated with perfumes, that one may venture to affirm the clime of Arabia Foelix was not half so sweet scented.
4-1	1577-1579	In	
4-2	1580-1584	this	
4-3	1585-1589	garb	
4-4	1589-1590	,	
4-5	1591-1598	captain	
4-6	1599-1606	Whiffle	
4-7	1606-1607	,	
4-8	1608-1611	for	
4-9	1612-1616	that	
4-10	1617-1620	was	
4-11	1621-1624	his	
4-12	1625-1629	name	
4-13	1629-1630	,	
4-14	1631-1635	took	
4-15	1636-1646	possession	
4-16	1647-1649	of	
4-17	1650-1653	the	
4-18	1654-1658	ship	
4-19	1658-1659	,	
4-20	1660-1670	surrounded	
4-21	1671-1675	with	
4-22	1676-1677	a	
4-23	1678-1683	crowd	
4-24	1684-1686	of	
4-25	1687-1697	attendants	
4-26	1697-1698	,	
4-27	1699-1702	all	
4-28	1703-1705	of	
4-29	1706-1710	whom	
4-30	1710-1711	,	
4-31	1712-1714	in	
4-32	1715-1720	their	
4-33	1721-1730	different	
4-34	1731-1738	degrees	
4-35	1738-1739	,	
4-36	1740-1746	seemed	
4-37	1747-1749	to	
4-38	1750-1752	be	
4-39	1753-1755	of	
4-40	1756-1761	their	
4-41	1762-1768	patron	
4-42	1769-1770	'	
4-43	1771-1772	s	
4-44	1773-1784	disposition	
4-45	1784-1785	;	
4-46	1786-1789	and	
4-47	1790-1793	the	
4-48	1794-1797	air	
4-49	1798-1801	was	
4-50	1802-1804	so	
4-51	1805-1816	impregnated	
4-52	1817-1821	with	
4-53	1822-1830	perfumes	
4-54	1830-1831	,	
4-55	1832-1836	that	
4-56	1837-1840	one	
4-57	1841-1844	may	
4-58	1845-1852	venture	
4-59	1853-1855	to	
4-60	1856-1862	affirm	
4-61	1863-1866	the	
4-62	1867-1872	clime	
4-63	1873-1875	of	
4-64	1876-1882	Arabia	
4-65	1883-1889	Foelix	
4-66	1890-1893	was	
4-67	1894-1897	not	
4-68	1898-1902	half	
4-69	1903-1905	so	
4-70	1906-1911	sweet	
4-71	1912-1919	scented	
4-72	1919-1920	.	

#Text=My fellow-mate, observing no surgeon among his train, thought he had found an occasion too favourable for himself to be neglected; and remembring the old proverb,
#Text=
#Text="Spare to speak, and spare to speed,"
#Text=resolved to sollicit the new captain ' s interest immediately, before any other surgeon could be appointed for the ship.
5-1	1921-1923	My	
5-2	1924-1935	fellow-mate	
5-3	1935-1936	,	
5-4	1937-1946	observing	
5-5	1947-1949	no	
5-6	1950-1957	surgeon	
5-7	1958-1963	among	
5-8	1964-1967	his	
5-9	1968-1973	train	
5-10	1973-1974	,	
5-11	1975-1982	thought	
5-12	1983-1985	he	
5-13	1986-1989	had	
5-14	1990-1995	found	
5-15	1996-1998	an	
5-16	1999-2007	occasion	
5-17	2008-2011	too	
5-18	2012-2022	favourable	
5-19	2023-2026	for	
5-20	2027-2034	himself	
5-21	2035-2037	to	
5-22	2038-2040	be	
5-23	2041-2050	neglected	
5-24	2050-2051	;	
5-25	2052-2055	and	
5-26	2056-2066	remembring	
5-27	2067-2070	the	
5-28	2071-2074	old	
5-29	2075-2082	proverb	
5-30	2082-2083	,	
5-31	2085-2086	"	
5-32	2086-2091	Spare	
5-33	2092-2094	to	
5-34	2095-2100	speak	
5-35	2100-2101	,	
5-36	2102-2105	and	
5-37	2106-2111	spare	
5-38	2112-2114	to	
5-39	2115-2120	speed	
5-40	2120-2121	,	
5-41	2121-2122	"	
5-42	2123-2131	resolved	
5-43	2132-2134	to	
5-44	2135-2143	sollicit	
5-45	2144-2147	the	
5-46	2148-2151	new	
5-47	2152-2159	captain	
5-48	2160-2161	'	
5-49	2162-2163	s	
5-50	2164-2172	interest	
5-51	2173-2184	immediately	
5-52	2184-2185	,	
5-53	2186-2192	before	
5-54	2193-2196	any	
5-55	2197-2202	other	
5-56	2203-2210	surgeon	
5-57	2211-2216	could	
5-58	2217-2219	be	
5-59	2220-2229	appointed	
5-60	2230-2233	for	
5-61	2234-2237	the	
5-62	2238-2242	ship	
5-63	2242-2243	.	

#Text=With this view he repaired to the cabbin, in his ordinary dress, consisting of a check-shirt and trousers, a brown linen waistcoat, and a night-cap of the same, neither very clean, which for his further misfortune, happened to smell strong of tobacco.
6-1	2244-2248	With	
6-2	2249-2253	this	
6-3	2254-2258	view	
6-4	2259-2261	he	
6-5	2262-2270	repaired	
6-6	2271-2273	to	
6-7	2274-2277	the	
6-8	2278-2284	cabbin	
6-9	2284-2285	,	
6-10	2286-2288	in	
6-11	2289-2292	his	
6-12	2293-2301	ordinary	
6-13	2302-2307	dress	
6-14	2307-2308	,	
6-15	2309-2319	consisting	
6-16	2320-2322	of	
6-17	2323-2324	a	
6-18	2325-2336	check-shirt	
6-19	2337-2340	and	
6-20	2341-2349	trousers	
6-21	2349-2350	,	
6-22	2351-2352	a	
6-23	2353-2358	brown	
6-24	2359-2364	linen	
6-25	2365-2374	waistcoat	
6-26	2374-2375	,	
6-27	2376-2379	and	
6-28	2380-2381	a	
6-29	2382-2391	night-cap	
6-30	2392-2394	of	
6-31	2395-2398	the	
6-32	2399-2403	same	
6-33	2403-2404	,	
6-34	2405-2412	neither	
6-35	2413-2417	very	
6-36	2418-2423	clean	
6-37	2423-2424	,	
6-38	2425-2430	which	
6-39	2431-2434	for	
6-40	2435-2438	his	
6-41	2439-2446	further	
6-42	2447-2457	misfortune	
6-43	2457-2458	,	
6-44	2459-2467	happened	
6-45	2468-2470	to	
6-46	2471-2476	smell	
6-47	2477-2483	strong	
6-48	2484-2486	of	
6-49	2487-2494	tobacco	
6-50	2494-2495	.	

#Text=Entering without any ceremony, into this sacred place, he found captain
#Text=Whiffle reposing upon a couch, with a wrapper of fine chintz about his body, and a muslin cape bordered with lace upon his head; and after several low conge ' s, began in this manner: 
#Text="Sir, I hope you will forgive, and excuse, and pardon the presumption of one who has not the honour of being known unto you, but who is, nevertheless, a shentleman porn and pred, and moreover has had misfortunes, Got help me, in the world."
7-1	2496-2504	Entering	
7-2	2505-2512	without	
7-3	2513-2516	any	
7-4	2517-2525	ceremony	
7-5	2525-2526	,	
7-6	2527-2531	into	
7-7	2532-2536	this	
7-8	2537-2543	sacred	
7-9	2544-2549	place	
7-10	2549-2550	,	
7-11	2551-2553	he	
7-12	2554-2559	found	
7-13	2560-2567	captain	
7-14	2568-2575	Whiffle	
7-15	2576-2584	reposing	
7-16	2585-2589	upon	
7-17	2590-2591	a	
7-18	2592-2597	couch	
7-19	2597-2598	,	
7-20	2599-2603	with	
7-21	2604-2605	a	
7-22	2606-2613	wrapper	
7-23	2614-2616	of	
7-24	2617-2621	fine	
7-25	2622-2628	chintz	
7-26	2629-2634	about	
7-27	2635-2638	his	
7-28	2639-2643	body	
7-29	2643-2644	,	
7-30	2645-2648	and	
7-31	2649-2650	a	
7-32	2651-2657	muslin	
7-33	2658-2662	cape	
7-34	2663-2671	bordered	
7-35	2672-2676	with	
7-36	2677-2681	lace	
7-37	2682-2686	upon	
7-38	2687-2690	his	
7-39	2691-2695	head	
7-40	2695-2696	;	
7-41	2697-2700	and	
7-42	2701-2706	after	
7-43	2707-2714	several	
7-44	2715-2718	low	
7-45	2719-2724	conge	
7-46	2725-2726	'	
7-47	2727-2728	s	
7-48	2728-2729	,	
7-49	2730-2735	began	
7-50	2736-2738	in	
7-51	2739-2743	this	
7-52	2744-2750	manner	
7-53	2750-2751	:	
7-54	2753-2754	"	
7-55	2754-2757	Sir	
7-56	2757-2758	,	
7-57	2759-2760	I	
7-58	2761-2765	hope	
7-59	2766-2769	you	
7-60	2770-2774	will	
7-61	2775-2782	forgive	
7-62	2782-2783	,	
7-63	2784-2787	and	
7-64	2788-2794	excuse	
7-65	2794-2795	,	
7-66	2796-2799	and	
7-67	2800-2806	pardon	
7-68	2807-2810	the	
7-69	2811-2822	presumption	
7-70	2823-2825	of	
7-71	2826-2829	one	
7-72	2830-2833	who	
7-73	2834-2837	has	
7-74	2838-2841	not	
7-75	2842-2845	the	
7-76	2846-2852	honour	
7-77	2853-2855	of	
7-78	2856-2861	being	
7-79	2862-2867	known	
7-80	2868-2872	unto	
7-81	2873-2876	you	
7-82	2876-2877	,	
7-83	2878-2881	but	
7-84	2882-2885	who	
7-85	2886-2888	is	
7-86	2888-2889	,	
7-87	2890-2902	nevertheless	
7-88	2902-2903	,	
7-89	2904-2905	a	
7-90	2906-2916	shentleman	
7-91	2917-2921	porn	
7-92	2922-2925	and	
7-93	2926-2930	pred	
7-94	2930-2931	,	
7-95	2932-2935	and	
7-96	2936-2944	moreover	
7-97	2945-2948	has	
7-98	2949-2952	had	
7-99	2953-2964	misfortunes	
7-100	2964-2965	,	
7-101	2966-2969	Got	
7-102	2970-2974	help	
7-103	2975-2977	me	
7-104	2977-2978	,	
7-105	2979-2981	in	
7-106	2982-2985	the	
7-107	2986-2991	world	
7-108	2991-2992	.	
7-109	2992-2993	"	

#Text=Here he was interrupted by the captain, who at first sight of him had started up with great amazement at the novelty of the apparition; and having recollected himself, pronounced, with a look and tone signifying disdain, curiosity and surprize,
#Text="Zauns!
8-1	2995-2999	Here	
8-2	3000-3002	he	
8-3	3003-3006	was	
8-4	3007-3018	interrupted	
8-5	3019-3021	by	
8-6	3022-3025	the	
8-7	3026-3033	captain	
8-8	3033-3034	,	
8-9	3035-3038	who	
8-10	3039-3041	at	
8-11	3042-3047	first	
8-12	3048-3053	sight	
8-13	3054-3056	of	
8-14	3057-3060	him	
8-15	3061-3064	had	
8-16	3065-3072	started	
8-17	3073-3075	up	
8-18	3076-3080	with	
8-19	3081-3086	great	
8-20	3087-3096	amazement	
8-21	3097-3099	at	
8-22	3100-3103	the	
8-23	3104-3111	novelty	
8-24	3112-3114	of	
8-25	3115-3118	the	
8-26	3119-3129	apparition	
8-27	3129-3130	;	
8-28	3131-3134	and	
8-29	3135-3141	having	
8-30	3142-3153	recollected	
8-31	3154-3161	himself	
8-32	3161-3162	,	
8-33	3163-3173	pronounced	
8-34	3173-3174	,	
8-35	3175-3179	with	
8-36	3180-3181	a	
8-37	3182-3186	look	
8-38	3187-3190	and	
8-39	3191-3195	tone	
8-40	3196-3206	signifying	
8-41	3207-3214	disdain	
8-42	3214-3215	,	
8-43	3216-3225	curiosity	
8-44	3226-3229	and	
8-45	3230-3238	surprize	
8-46	3238-3239	,	
8-47	3240-3241	"	
8-48	3241-3246	Zauns	
8-49	3246-3247	!	

#Text=who art thou?"
9-1	3248-3251	who	
9-2	3252-3255	art	
9-3	3256-3260	thou	
9-4	3260-3261	?	
9-5	3261-3262	"	

#Text="I am surgeon ' s first first mate on board of this ship (replied Morgan) and I most vehemently desire and beseech you with all submission, to be pleased to condescend and vouchsafe to enquire into my character, and my pehaviour, and my deserts, which, under Got, I hope, will entitle me to the vacancy of surgeon."
10-1	3264-3265	"	
10-2	3265-3266	I	
10-3	3267-3269	am	
10-4	3270-3277	surgeon	
10-5	3278-3279	'	
10-6	3280-3281	s	
10-7	3282-3287	first	
10-8	3288-3293	first	
10-9	3294-3298	mate	
10-10	3299-3301	on	
10-11	3302-3307	board	
10-12	3308-3310	of	
10-13	3311-3315	this	
10-14	3316-3320	ship	
10-15	3321-3322	(	
10-16	3322-3329	replied	
10-17	3330-3336	Morgan	
10-18	3336-3337	)	
10-19	3338-3341	and	
10-20	3342-3343	I	
10-21	3344-3348	most	
10-22	3349-3359	vehemently	
10-23	3360-3366	desire	
10-24	3367-3370	and	
10-25	3371-3378	beseech	
10-26	3379-3382	you	
10-27	3383-3387	with	
10-28	3388-3391	all	
10-29	3392-3402	submission	
10-30	3402-3403	,	
10-31	3404-3406	to	
10-32	3407-3409	be	
10-33	3410-3417	pleased	
10-34	3418-3420	to	
10-35	3421-3431	condescend	
10-36	3432-3435	and	
10-37	3436-3445	vouchsafe	
10-38	3446-3448	to	
10-39	3449-3456	enquire	
10-40	3457-3461	into	
10-41	3462-3464	my	
10-42	3465-3474	character	
10-43	3474-3475	,	
10-44	3476-3479	and	
10-45	3480-3482	my	
10-46	3483-3492	pehaviour	
10-47	3492-3493	,	
10-48	3494-3497	and	
10-49	3498-3500	my	
10-50	3501-3508	deserts	
10-51	3508-3509	,	
10-52	3510-3515	which	
10-53	3515-3516	,	
10-54	3517-3522	under	
10-55	3523-3526	Got	
10-56	3526-3527	,	
10-57	3528-3529	I	
10-58	3530-3534	hope	
10-59	3534-3535	,	
10-60	3536-3540	will	
10-61	3541-3548	entitle	
10-62	3549-3551	me	
10-63	3552-3554	to	
10-64	3555-3558	the	
10-65	3559-3566	vacancy	
10-66	3567-3569	of	
10-67	3570-3577	surgeon	
10-68	3577-3578	.	
10-69	3578-3579	"	

#Text=As he proceeded in his speech, he continued advancing towards the captain, whose nostrils were no sooner saluted with the aromatick flavour that exhaled from him; than he cried with great emotion,
#Text="Heaven preserve me!
11-1	3581-3583	As	
11-2	3584-3586	he	
11-3	3587-3596	proceeded	
11-4	3597-3599	in	
11-5	3600-3603	his	
11-6	3604-3610	speech	
11-7	3610-3611	,	
11-8	3612-3614	he	
11-9	3615-3624	continued	
11-10	3625-3634	advancing	
11-11	3635-3642	towards	
11-12	3643-3646	the	
11-13	3647-3654	captain	
11-14	3654-3655	,	
11-15	3656-3661	whose	
11-16	3662-3670	nostrils	
11-17	3671-3675	were	
11-18	3676-3678	no	
11-19	3679-3685	sooner	
11-20	3686-3693	saluted	
11-21	3694-3698	with	
11-22	3699-3702	the	
11-23	3703-3712	aromatick	
11-24	3713-3720	flavour	
11-25	3721-3725	that	
11-26	3726-3733	exhaled	
11-27	3734-3738	from	
11-28	3739-3742	him	
11-29	3742-3743	;	
11-30	3744-3748	than	
11-31	3749-3751	he	
11-32	3752-3757	cried	
11-33	3758-3762	with	
11-34	3763-3768	great	
11-35	3769-3776	emotion	
11-36	3776-3777	,	
11-37	3778-3779	"	
11-38	3779-3785	Heaven	
11-39	3786-3794	preserve	
11-40	3795-3797	me	
11-41	3797-3798	!	

#Text=I am suffocated!
12-1	3799-3800	I	
12-2	3801-3803	am	
12-3	3804-3814	suffocated	
12-4	3814-3815	!	

#Text=Fellow, Fellow, away with thee!
13-1	3816-3822	Fellow	
13-2	3822-3823	,	
13-3	3824-3830	Fellow	
13-4	3830-3831	,	
13-5	3832-3836	away	
13-6	3837-3841	with	
13-7	3842-3846	thee	
13-8	3846-3847	!	

#Text=Curse thee, fellow!
14-1	3848-3853	Curse	
14-2	3854-3858	thee	
14-3	3858-3859	,	
14-4	3860-3866	fellow	
14-5	3866-3867	!	

#Text=get thee gone, I shall be stunk to death!"
15-1	3868-3871	get	
15-2	3872-3876	thee	
15-3	3877-3881	gone	
15-4	3881-3882	,	
15-5	3883-3884	I	
15-6	3885-3890	shall	
15-7	3891-3893	be	
15-8	3894-3899	stunk	
15-9	3900-3902	to	
15-10	3903-3908	death	
15-11	3908-3909	!	
15-12	3909-3910	"	

#Text=At the noise of his outcries, his servants run into his apartment, and he accosted them thus;
#Text="Villains!
16-1	3912-3914	At	
16-2	3915-3918	the	
16-3	3919-3924	noise	
16-4	3925-3927	of	
16-5	3928-3931	his	
16-6	3932-3940	outcries	
16-7	3940-3941	,	
16-8	3942-3945	his	
16-9	3946-3954	servants	
16-10	3955-3958	run	
16-11	3959-3963	into	
16-12	3964-3967	his	
16-13	3968-3977	apartment	
16-14	3977-3978	,	
16-15	3979-3982	and	
16-16	3983-3985	he	
16-17	3986-3994	accosted	
16-18	3995-3999	them	
16-19	4000-4004	thus	
16-20	4004-4005	;	
16-21	4006-4007	"	
16-22	4007-4015	Villains	
16-23	4015-4016	!	

#Text=cut-throats!
17-1	4017-4028	cut-throats	
17-2	4028-4029	!	

#Text=traitors!
18-1	4030-4038	traitors	
18-2	4038-4039	!	

#Text=I am betrayed!
19-1	4040-4041	I	
19-2	4042-4044	am	
19-3	4045-4053	betrayed	
19-4	4053-4054	!	

#Text=I am sacrificed!
20-1	4055-4056	I	
20-2	4057-4059	am	
20-3	4060-4070	sacrificed	
20-4	4070-4071	!	

#Text=Will you not carry that monster away?
21-1	4072-4076	Will	
21-2	4077-4080	you	
21-3	4081-4084	not	
21-4	4085-4090	carry	
21-5	4091-4095	that	
21-6	4096-4103	monster	
21-7	4104-4108	away	
21-8	4108-4109	?	

#Text=or must I be stifled with the
#Text=stench of him?
22-1	4110-4112	or	
22-2	4113-4117	must	
22-3	4118-4119	I	
22-4	4120-4122	be	
22-5	4123-4130	stifled	
22-6	4131-4135	with	
22-7	4136-4139	the	
22-8	4140-4146	stench	
22-9	4147-4149	of	
22-10	4150-4153	him	
22-11	4153-4154	?	

#Text=oh!
23-1	4155-4157	oh	
23-2	4157-4158	!	

#Text=oh!"
24-1	4159-4161	oh	
24-2	4161-4162	!	
24-3	4162-4163	"	

#Text=With these interjections, he sunk down upon his settee in a fit; his valet de chambre plied him with a smelling-bottle, one footman chased his temples with Hungary water, another sprinkled the floor with spirits of lavender, and a third pushed Morgan out of the cabbin; who coming to the place where I was, sat down with a demure countenance, and, according to his custom, when he received any indignity which he durst not revenge, began to sing a Welch ditty.
25-1	4165-4169	With	
25-2	4170-4175	these	
25-3	4176-4189	interjections	
25-4	4189-4190	,	
25-5	4191-4193	he	
25-6	4194-4198	sunk	
25-7	4199-4203	down	
25-8	4204-4208	upon	
25-9	4209-4212	his	
25-10	4213-4219	settee	
25-11	4220-4222	in	
25-12	4223-4224	a	
25-13	4225-4228	fit	
25-14	4228-4229	;	
25-15	4230-4233	his	
25-16	4234-4239	valet	
25-17	4240-4242	de	
25-18	4243-4250	chambre	
25-19	4251-4256	plied	
25-20	4257-4260	him	
25-21	4261-4265	with	
25-22	4266-4267	a	
25-23	4268-4283	smelling-bottle	
25-24	4283-4284	,	
25-25	4285-4288	one	
25-26	4289-4296	footman	
25-27	4297-4303	chased	
25-28	4304-4307	his	
25-29	4308-4315	temples	
25-30	4316-4320	with	
25-31	4321-4328	Hungary	
25-32	4329-4334	water	
25-33	4334-4335	,	
25-34	4336-4343	another	
25-35	4344-4353	sprinkled	
25-36	4354-4357	the	
25-37	4358-4363	floor	
25-38	4364-4368	with	
25-39	4369-4376	spirits	
25-40	4377-4379	of	
25-41	4380-4388	lavender	
25-42	4388-4389	,	
25-43	4390-4393	and	
25-44	4394-4395	a	
25-45	4396-4401	third	
25-46	4402-4408	pushed	
25-47	4409-4415	Morgan	
25-48	4416-4419	out	
25-49	4420-4422	of	
25-50	4423-4426	the	
25-51	4427-4433	cabbin	
25-52	4433-4434	;	
25-53	4435-4438	who	
25-54	4439-4445	coming	
25-55	4446-4448	to	
25-56	4449-4452	the	
25-57	4453-4458	place	
25-58	4459-4464	where	
25-59	4465-4466	I	
25-60	4467-4470	was	
25-61	4470-4471	,	
25-62	4472-4475	sat	
25-63	4476-4480	down	
25-64	4481-4485	with	
25-65	4486-4487	a	
25-66	4488-4494	demure	
25-67	4495-4506	countenance	
25-68	4506-4507	,	
25-69	4508-4511	and	
25-70	4511-4512	,	
25-71	4513-4522	according	
25-72	4523-4525	to	
25-73	4526-4529	his	
25-74	4530-4536	custom	
25-75	4536-4537	,	
25-76	4538-4542	when	
25-77	4543-4545	he	
25-78	4546-4554	received	
25-79	4555-4558	any	
25-80	4559-4568	indignity	
25-81	4569-4574	which	
25-82	4575-4577	he	
25-83	4578-4583	durst	
25-84	4584-4587	not	
25-85	4588-4595	revenge	
25-86	4595-4596	,	
25-87	4597-4602	began	
25-88	4603-4605	to	
25-89	4606-4610	sing	
25-90	4611-4612	a	
25-91	4613-4618	Welch	
25-92	4619-4624	ditty	
25-93	4624-4625	.	

#Text=I guessed he was under some agitation of spirits, and desired to know the cause; but instead of answering me directly, he asked with great emotion, if I thought him a monster and a stinkard?
26-1	4626-4627	I	
26-2	4628-4635	guessed	
26-3	4636-4638	he	
26-4	4639-4642	was	
26-5	4643-4648	under	
26-6	4649-4653	some	
26-7	4654-4663	agitation	
26-8	4664-4666	of	
26-9	4667-4674	spirits	
26-10	4674-4675	,	
26-11	4676-4679	and	
26-12	4680-4687	desired	
26-13	4688-4690	to	
26-14	4691-4695	know	
26-15	4696-4699	the	
26-16	4700-4705	cause	
26-17	4705-4706	;	
26-18	4707-4710	but	
26-19	4711-4718	instead	
26-20	4719-4721	of	
26-21	4722-4731	answering	
26-22	4732-4734	me	
26-23	4735-4743	directly	
26-24	4743-4744	,	
26-25	4745-4747	he	
26-26	4748-4753	asked	
26-27	4754-4758	with	
26-28	4759-4764	great	
26-29	4765-4772	emotion	
26-30	4772-4773	,	
26-31	4774-4776	if	
26-32	4777-4778	I	
26-33	4779-4786	thought	
26-34	4787-4790	him	
26-35	4791-4792	a	
26-36	4793-4800	monster	
26-37	4801-4804	and	
26-38	4805-4806	a	
26-39	4807-4815	stinkard	
26-40	4815-4816	?	

#Text="A monster and a stinkard (said I, with some surprize) did any body call you so?"
27-1	4817-4818	"	
27-2	4818-4819	A	
27-3	4820-4827	monster	
27-4	4828-4831	and	
27-5	4832-4833	a	
27-6	4834-4842	stinkard	
27-7	4843-4844	(	
27-8	4844-4848	said	
27-9	4849-4850	I	
27-10	4850-4851	,	
27-11	4852-4856	with	
27-12	4857-4861	some	
27-13	4862-4870	surprize	
27-14	4870-4871	)	
27-15	4872-4875	did	
27-16	4876-4879	any	
27-17	4880-4884	body	
27-18	4885-4889	call	
27-19	4890-4893	you	
27-20	4894-4896	so	
27-21	4896-4897	?	
27-22	4897-4898	"	

#Text="Got is my judge (replied he) captain Fifle did call me both; ay, and all the water in the Tawy will not wash it out of my remembrance.
28-1	4900-4901	"	
28-2	4901-4904	Got	
28-3	4905-4907	is	
28-4	4908-4910	my	
28-5	4911-4916	judge	
28-6	4917-4918	(	
28-7	4918-4925	replied	
28-8	4926-4928	he	
28-9	4928-4929	)	
28-10	4930-4937	captain	
28-11	4938-4943	Fifle	
28-12	4944-4947	did	
28-13	4948-4952	call	
28-14	4953-4955	me	
28-15	4956-4960	both	
28-16	4960-4961	;	
28-17	4962-4964	ay	
28-18	4964-4965	,	
28-19	4966-4969	and	
28-20	4970-4973	all	
28-21	4974-4977	the	
28-22	4978-4983	water	
28-23	4984-4986	in	
28-24	4987-4990	the	
28-25	4991-4995	Tawy	
28-26	4996-5000	will	
28-27	5001-5004	not	
28-28	5005-5009	wash	
28-29	5010-5012	it	
28-30	5013-5016	out	
28-31	5017-5019	of	
28-32	5020-5022	my	
28-33	5023-5034	remembrance	
28-34	5034-5035	.	

#Text=I do affirm, and avouch, and maintain, with my soul, and my pody, and my plood, look you, that I have no smells about me, but such as a christian ought to have, except the effluvia of topacco, which is a cephalic, odoriferous, aromatick herb, and he is a son of a mountain-goat who says otherwise.
29-1	5036-5037	I	
29-2	5038-5040	do	
29-3	5041-5047	affirm	
29-4	5047-5048	,	
29-5	5049-5052	and	
29-6	5053-5059	avouch	
29-7	5059-5060	,	
29-8	5061-5064	and	
29-9	5065-5073	maintain	
29-10	5073-5074	,	
29-11	5075-5079	with	
29-12	5080-5082	my	
29-13	5083-5087	soul	
29-14	5087-5088	,	
29-15	5089-5092	and	
29-16	5093-5095	my	
29-17	5096-5100	pody	
29-18	5100-5101	,	
29-19	5102-5105	and	
29-20	5106-5108	my	
29-21	5109-5114	plood	
29-22	5114-5115	,	
29-23	5116-5120	look	
29-24	5121-5124	you	
29-25	5124-5125	,	
29-26	5126-5130	that	
29-27	5131-5132	I	
29-28	5133-5137	have	
29-29	5138-5140	no	
29-30	5141-5147	smells	
29-31	5148-5153	about	
29-32	5154-5156	me	
29-33	5156-5157	,	
29-34	5158-5161	but	
29-35	5162-5166	such	
29-36	5167-5169	as	
29-37	5170-5171	a	
29-38	5172-5181	christian	
29-39	5182-5187	ought	
29-40	5188-5190	to	
29-41	5191-5195	have	
29-42	5195-5196	,	
29-43	5197-5203	except	
29-44	5204-5207	the	
29-45	5208-5216	effluvia	
29-46	5217-5219	of	
29-47	5220-5227	topacco	
29-48	5227-5228	,	
29-49	5229-5234	which	
29-50	5235-5237	is	
29-51	5238-5239	a	
29-52	5240-5248	cephalic	
29-53	5248-5249	,	
29-54	5250-5261	odoriferous	
29-55	5261-5262	,	
29-56	5263-5272	aromatick	
29-57	5273-5277	herb	
29-58	5277-5278	,	
29-59	5279-5282	and	
29-60	5283-5285	he	
29-61	5286-5288	is	
29-62	5289-5290	a	
29-63	5291-5294	son	
29-64	5295-5297	of	
29-65	5298-5299	a	
29-66	5300-5313	mountain-goat	
29-67	5314-5317	who	
29-68	5318-5322	says	
29-69	5323-5332	otherwise	
29-70	5332-5333	.	

#Text=As for my being a monster, let that be as it is; I am as Got was pleased to create me, which, peradventure, is more than I shall aver of him who gave me that title; for I will proclaim it before the world, that he is disguised, and transfigured, and transmographied with affectation and whimsies; and that he is more like a papoon than one of the human race."
30-1	5334-5336	As	
30-2	5337-5340	for	
30-3	5341-5343	my	
30-4	5344-5349	being	
30-5	5350-5351	a	
30-6	5352-5359	monster	
30-7	5359-5360	,	
30-8	5361-5364	let	
30-9	5365-5369	that	
30-10	5370-5372	be	
30-11	5373-5375	as	
30-12	5376-5378	it	
30-13	5379-5381	is	
30-14	5381-5382	;	
30-15	5383-5384	I	
30-16	5385-5387	am	
30-17	5388-5390	as	
30-18	5391-5394	Got	
30-19	5395-5398	was	
30-20	5399-5406	pleased	
30-21	5407-5409	to	
30-22	5410-5416	create	
30-23	5417-5419	me	
30-24	5419-5420	,	
30-25	5421-5426	which	
30-26	5426-5427	,	
30-27	5428-5440	peradventure	
30-28	5440-5441	,	
30-29	5442-5444	is	
30-30	5445-5449	more	
30-31	5450-5454	than	
30-32	5455-5456	I	
30-33	5457-5462	shall	
30-34	5463-5467	aver	
30-35	5468-5470	of	
30-36	5471-5474	him	
30-37	5475-5478	who	
30-38	5479-5483	gave	
30-39	5484-5486	me	
30-40	5487-5491	that	
30-41	5492-5497	title	
30-42	5497-5498	;	
30-43	5499-5502	for	
30-44	5503-5504	I	
30-45	5505-5509	will	
30-46	5510-5518	proclaim	
30-47	5519-5521	it	
30-48	5522-5528	before	
30-49	5529-5532	the	
30-50	5533-5538	world	
30-51	5538-5539	,	
30-52	5540-5544	that	
30-53	5545-5547	he	
30-54	5548-5550	is	
30-55	5551-5560	disguised	
30-56	5560-5561	,	
30-57	5562-5565	and	
30-58	5566-5578	transfigured	
30-59	5578-5579	,	
30-60	5580-5583	and	
30-61	5584-5599	transmographied	
30-62	5600-5604	with	
30-63	5605-5616	affectation	
30-64	5617-5620	and	
30-65	5621-5629	whimsies	
30-66	5629-5630	;	
30-67	5631-5634	and	
30-68	5635-5639	that	
30-69	5640-5642	he	
30-70	5643-5645	is	
30-71	5646-5650	more	
30-72	5651-5655	like	
30-73	5656-5657	a	
30-74	5658-5664	papoon	
30-75	5665-5669	than	
30-76	5670-5673	one	
30-77	5674-5676	of	
30-78	5677-5680	the	
30-79	5681-5686	human	
30-80	5687-5691	race	
30-81	5691-5692	.	
30-82	5692-5693	"	

#Text=Captain Whiffle sends for me his situation described his surgeon arrives, prescribes for him, and puts him to bed a bed is put up for Mr.
31-1	5694-5701	Captain	
31-2	5702-5709	Whiffle	
31-3	5710-5715	sends	
31-4	5716-5719	for	
31-5	5720-5722	me	
31-6	5723-5726	his	
31-7	5727-5736	situation	
31-8	5737-5746	described	
31-9	5747-5750	his	
31-10	5751-5758	surgeon	
31-11	5759-5766	arrives	
31-12	5766-5767	,	
31-13	5768-5778	prescribes	
31-14	5779-5782	for	
31-15	5783-5786	him	
31-16	5786-5787	,	
31-17	5788-5791	and	
31-18	5792-5796	puts	
31-19	5797-5800	him	
31-20	5801-5803	to	
31-21	5804-5807	bed	
31-22	5808-5809	a	
31-23	5810-5813	bed	
31-24	5814-5816	is	
31-25	5817-5820	put	
31-26	5821-5823	up	
31-27	5824-5827	for	
31-28	5828-5830	Mr	
31-29	5830-5831	.	

#Text=Simper contiguous to the stateroom, which, with other parts of the captain ' s behaviour, gives the ship ' s company a very unfavourable idea of their commander I am detained in the West-Indies, by the admiral, and go on board of the Lizard sloop of war, in quality of surgeon ' s mate, where I make myself known to the Surgeon, who treats me very kindly I go on shore, sell my ticket, purchase necessaries, and at my return on board, am surprized at the sight of Crampley, who is appointed lieutenant of the sloop we sail on a cruize take a prize, in which I arrive at Port Morant, under the command of my mess mate, with whom I live in great harmony.
32-1	5832-5838	Simper	
32-2	5839-5849	contiguous	
32-3	5850-5852	to	
32-4	5853-5856	the	
32-5	5857-5866	stateroom	
32-6	5866-5867	,	
32-7	5868-5873	which	
32-8	5873-5874	,	
32-9	5875-5879	with	
32-10	5880-5885	other	
32-11	5886-5891	parts	
32-12	5892-5894	of	
32-13	5895-5898	the	
32-14	5899-5906	captain	
32-15	5907-5908	'	
32-16	5909-5910	s	
32-17	5911-5920	behaviour	
32-18	5920-5921	,	
32-19	5922-5927	gives	
32-20	5928-5931	the	
32-21	5932-5936	ship	
32-22	5937-5938	'	
32-23	5939-5940	s	
32-24	5941-5948	company	
32-25	5949-5950	a	
32-26	5951-5955	very	
32-27	5956-5968	unfavourable	
32-28	5969-5973	idea	
32-29	5974-5976	of	
32-30	5977-5982	their	
32-31	5983-5992	commander	
32-32	5993-5994	I	
32-33	5995-5997	am	
32-34	5998-6006	detained	
32-35	6007-6009	in	
32-36	6010-6013	the	
32-37	6014-6025	West-Indies	
32-38	6025-6026	,	
32-39	6027-6029	by	
32-40	6030-6033	the	
32-41	6034-6041	admiral	
32-42	6041-6042	,	
32-43	6043-6046	and	
32-44	6047-6049	go	
32-45	6050-6052	on	
32-46	6053-6058	board	
32-47	6059-6061	of	
32-48	6062-6065	the	
32-49	6066-6072	Lizard	
32-50	6073-6078	sloop	
32-51	6079-6081	of	
32-52	6082-6085	war	
32-53	6085-6086	,	
32-54	6087-6089	in	
32-55	6090-6097	quality	
32-56	6098-6100	of	
32-57	6101-6108	surgeon	
32-58	6109-6110	'	
32-59	6111-6112	s	
32-60	6113-6117	mate	
32-61	6117-6118	,	
32-62	6119-6124	where	
32-63	6125-6126	I	
32-64	6127-6131	make	
32-65	6132-6138	myself	
32-66	6139-6144	known	
32-67	6145-6147	to	
32-68	6148-6151	the	
32-69	6152-6159	Surgeon	
32-70	6159-6160	,	
32-71	6161-6164	who	
32-72	6165-6171	treats	
32-73	6172-6174	me	
32-74	6175-6179	very	
32-75	6180-6186	kindly	
32-76	6187-6188	I	
32-77	6189-6191	go	
32-78	6192-6194	on	
32-79	6195-6200	shore	
32-80	6200-6201	,	
32-81	6202-6206	sell	
32-82	6207-6209	my	
32-83	6210-6216	ticket	
32-84	6216-6217	,	
32-85	6218-6226	purchase	
32-86	6227-6238	necessaries	
32-87	6238-6239	,	
32-88	6240-6243	and	
32-89	6244-6246	at	
32-90	6247-6249	my	
32-91	6250-6256	return	
32-92	6257-6259	on	
32-93	6260-6265	board	
32-94	6265-6266	,	
32-95	6267-6269	am	
32-96	6270-6279	surprized	
32-97	6280-6282	at	
32-98	6283-6286	the	
32-99	6287-6292	sight	
32-100	6293-6295	of	
32-101	6296-6304	Crampley	
32-102	6304-6305	,	
32-103	6306-6309	who	
32-104	6310-6312	is	
32-105	6313-6322	appointed	
32-106	6323-6333	lieutenant	
32-107	6334-6336	of	
32-108	6337-6340	the	
32-109	6341-6346	sloop	
32-110	6347-6349	we	
32-111	6350-6354	sail	
32-112	6355-6357	on	
32-113	6358-6359	a	
32-114	6360-6366	cruize	
32-115	6367-6371	take	
32-116	6372-6373	a	
32-117	6374-6379	prize	
32-118	6379-6380	,	
32-119	6381-6383	in	
32-120	6384-6389	which	
32-121	6390-6391	I	
32-122	6392-6398	arrive	
32-123	6399-6401	at	
32-124	6402-6406	Port	
32-125	6407-6413	Morant	
32-126	6413-6414	,	
32-127	6415-6420	under	
32-128	6421-6424	the	
32-129	6425-6432	command	
32-130	6433-6435	of	
32-131	6436-6438	my	
32-132	6439-6443	mess	
32-133	6444-6448	mate	
32-134	6448-6449	,	
32-135	6450-6454	with	
32-136	6455-6459	whom	
32-137	6460-6461	I	
32-138	6462-6466	live	
32-139	6467-6469	in	
32-140	6470-6475	great	
32-141	6476-6483	harmony	
32-142	6483-6484	.	

#Text=HE was going on, with an elogium upon the captain, when I received a message to clean myself, and go up to the great cabbin, which I immediately performed, sweetening myself with rose-water from the medicine-chest.
33-1	6486-6488	HE	
33-2	6489-6492	was	
33-3	6493-6498	going	
33-4	6499-6501	on	
33-5	6501-6502	,	
33-6	6503-6507	with	
33-7	6508-6510	an	
33-8	6511-6518	elogium	
33-9	6519-6523	upon	
33-10	6524-6527	the	
33-11	6528-6535	captain	
33-12	6535-6536	,	
33-13	6537-6541	when	
33-14	6542-6543	I	
33-15	6544-6552	received	
33-16	6553-6554	a	
33-17	6555-6562	message	
33-18	6563-6565	to	
33-19	6566-6571	clean	
33-20	6572-6578	myself	
33-21	6578-6579	,	
33-22	6580-6583	and	
33-23	6584-6586	go	
33-24	6587-6589	up	
33-25	6590-6592	to	
33-26	6593-6596	the	
33-27	6597-6602	great	
33-28	6603-6609	cabbin	
33-29	6609-6610	,	
33-30	6611-6616	which	
33-31	6617-6618	I	
33-32	6619-6630	immediately	
33-33	6631-6640	performed	
33-34	6640-6641	,	
33-35	6642-6652	sweetening	
33-36	6653-6659	myself	
33-37	6660-6664	with	
33-38	6665-6675	rose-water	
33-39	6676-6680	from	
33-40	6681-6684	the	
33-41	6685-6699	medicine-chest	
33-42	6699-6700	.	

#Text=When I entered the room, I was ordered to stand by
#Text=
#Text=the door, until captain Whiffle had reconnoitred me at a distance, with a spy-glass, who having consulted one sense in this manner, bid me advance gradually, that his nose might have intelligence, before it could be much offended: I therefore approached with great caution and success, and he was pleased to say,
#Text=
#Text="Ay, this creature is tolerable."
34-1	6701-6705	When	
34-2	6706-6707	I	
34-3	6708-6715	entered	
34-4	6716-6719	the	
34-5	6720-6724	room	
34-6	6724-6725	,	
34-7	6726-6727	I	
34-8	6728-6731	was	
34-9	6732-6739	ordered	
34-10	6740-6742	to	
34-11	6743-6748	stand	
34-12	6749-6751	by	
34-13	6753-6756	the	
34-14	6757-6761	door	
34-15	6761-6762	,	
34-16	6763-6768	until	
34-17	6769-6776	captain	
34-18	6777-6784	Whiffle	
34-19	6785-6788	had	
34-20	6789-6801	reconnoitred	
34-21	6802-6804	me	
34-22	6805-6807	at	
34-23	6808-6809	a	
34-24	6810-6818	distance	
34-25	6818-6819	,	
34-26	6820-6824	with	
34-27	6825-6826	a	
34-28	6827-6836	spy-glass	
34-29	6836-6837	,	
34-30	6838-6841	who	
34-31	6842-6848	having	
34-32	6849-6858	consulted	
34-33	6859-6862	one	
34-34	6863-6868	sense	
34-35	6869-6871	in	
34-36	6872-6876	this	
34-37	6877-6883	manner	
34-38	6883-6884	,	
34-39	6885-6888	bid	
34-40	6889-6891	me	
34-41	6892-6899	advance	
34-42	6900-6909	gradually	
34-43	6909-6910	,	
34-44	6911-6915	that	
34-45	6916-6919	his	
34-46	6920-6924	nose	
34-47	6925-6930	might	
34-48	6931-6935	have	
34-49	6936-6948	intelligence	
34-50	6948-6949	,	
34-51	6950-6956	before	
34-52	6957-6959	it	
34-53	6960-6965	could	
34-54	6966-6968	be	
34-55	6969-6973	much	
34-56	6974-6982	offended	
34-57	6982-6983	:	
34-58	6984-6985	I	
34-59	6986-6995	therefore	
34-60	6996-7006	approached	
34-61	7007-7011	with	
34-62	7012-7017	great	
34-63	7018-7025	caution	
34-64	7026-7029	and	
34-65	7030-7037	success	
34-66	7037-7038	,	
34-67	7039-7042	and	
34-68	7043-7045	he	
34-69	7046-7049	was	
34-70	7050-7057	pleased	
34-71	7058-7060	to	
34-72	7061-7064	say	
34-73	7064-7065	,	
34-74	7067-7068	"	
34-75	7068-7070	Ay	
34-76	7070-7071	,	
34-77	7072-7076	this	
34-78	7077-7085	creature	
34-79	7086-7088	is	
34-80	7089-7098	tolerable	
34-81	7098-7099	.	
34-82	7099-7100	"	

#Text=I found him lolling on his couch with a languishing air, his head supported by his valet de chambre, who from time to time applied a ?
35-1	7102-7103	I	
35-2	7104-7109	found	
35-3	7110-7113	him	
35-4	7114-7121	lolling	
35-5	7122-7124	on	
35-6	7125-7128	his	
35-7	7129-7134	couch	
35-8	7135-7139	with	
35-9	7140-7141	a	
35-10	7142-7153	languishing	
35-11	7154-7157	air	
35-12	7157-7158	,	
35-13	7159-7162	his	
35-14	7163-7167	head	
35-15	7168-7177	supported	
35-16	7178-7180	by	
35-17	7181-7184	his	
35-18	7185-7190	valet	
35-19	7191-7193	de	
35-20	7194-7201	chambre	
35-21	7201-7202	,	
35-22	7203-7206	who	
35-23	7207-7211	from	
35-24	7212-7216	time	
35-25	7217-7219	to	
35-26	7220-7224	time	
35-27	7225-7232	applied	
35-28	7233-7234	a	
35-29	7235-7236	?	

#Text=smelling ?
36-1	7237-7245	smelling	
36-2	7246-7247	?	

#Text=-bottle to his nose.
37-1	7248-7249	-	
37-2	7249-7255	bottle	
37-3	7256-7258	to	
37-4	7259-7262	his	
37-5	7263-7267	nose	
37-6	7267-7268	.	

#Text="Vergette, (said he, in a squeaking tone) dost thou think this wretch (meaning me) will do me no injury?
38-1	7269-7270	"	
38-2	7270-7278	Vergette	
38-3	7278-7279	,	
38-4	7280-7281	(	
38-5	7281-7285	said	
38-6	7286-7288	he	
38-7	7288-7289	,	
38-8	7290-7292	in	
38-9	7293-7294	a	
38-10	7295-7304	squeaking	
38-11	7305-7309	tone	
38-12	7309-7310	)	
38-13	7311-7315	dost	
38-14	7316-7320	thou	
38-15	7321-7326	think	
38-16	7327-7331	this	
38-17	7332-7338	wretch	
38-18	7339-7340	(	
38-19	7340-7347	meaning	
38-20	7348-7350	me	
38-21	7350-7351	)	
38-22	7352-7356	will	
38-23	7357-7359	do	
38-24	7360-7362	me	
38-25	7363-7365	no	
38-26	7366-7372	injury	
38-27	7372-7373	?	

#Text=may I venture to submit my arm to him?"
39-1	7374-7377	may	
39-2	7378-7379	I	
39-3	7380-7387	venture	
39-4	7388-7390	to	
39-5	7391-7397	submit	
39-6	7398-7400	my	
39-7	7401-7404	arm	
39-8	7405-7407	to	
39-9	7408-7411	him	
39-10	7411-7412	?	
39-11	7412-7413	"	

#Text="Pon my vord, (replied the valet) I do tink dat dere be great occasion for your honour losing one small quantite of blodt; and the yong mun ave qulque chose of de bonne mine.
40-1	7415-7416	"	
40-2	7416-7419	Pon	
40-3	7420-7422	my	
40-4	7423-7427	vord	
40-5	7427-7428	,	
40-6	7429-7430	(	
40-7	7430-7437	replied	
40-8	7438-7441	the	
40-9	7442-7447	valet	
40-10	7447-7448	)	
40-11	7449-7450	I	
40-12	7451-7453	do	
40-13	7454-7458	tink	
40-14	7459-7462	dat	
40-15	7463-7467	dere	
40-16	7468-7470	be	
40-17	7471-7476	great	
40-18	7477-7485	occasion	
40-19	7486-7489	for	
40-20	7490-7494	your	
40-21	7495-7501	honour	
40-22	7502-7508	losing	
40-23	7509-7512	one	
40-24	7513-7518	small	
40-25	7519-7527	quantite	
40-26	7528-7530	of	
40-27	7531-7536	blodt	
40-28	7536-7537	;	
40-29	7538-7541	and	
40-30	7542-7545	the	
40-31	7546-7550	yong	
40-32	7551-7554	mun	
40-33	7555-7558	ave	
40-34	7559-7565	qulque	
40-35	7566-7571	chose	
40-36	7572-7574	of	
40-37	7575-7577	de	
40-38	7578-7583	bonne	
40-39	7584-7588	mine	
40-40	7588-7589	.	

#Text="Well then (said his master) I think I must venture."
41-1	7590-7591	"	
41-2	7591-7595	Well	
41-3	7596-7600	then	
41-4	7601-7602	(	
41-5	7602-7606	said	
41-6	7607-7610	his	
41-7	7611-7617	master	
41-8	7617-7618	)	
41-9	7619-7620	I	
41-10	7621-7626	think	
41-11	7627-7628	I	
41-12	7629-7633	must	
41-13	7634-7641	venture	
41-14	7641-7642	.	
41-15	7642-7643	"	

#Text=Then addressing himself to me,
#Text="Hast thou ever blooded any body but brutes?
42-1	7645-7649	Then	
42-2	7650-7660	addressing	
42-3	7661-7668	himself	
42-4	7669-7671	to	
42-5	7672-7674	me	
42-6	7674-7675	,	
42-7	7676-7677	"	
42-8	7677-7681	Hast	
42-9	7682-7686	thou	
42-10	7687-7691	ever	
42-11	7692-7699	blooded	
42-12	7700-7703	any	
42-13	7704-7708	body	
42-14	7709-7712	but	
42-15	7713-7719	brutes	
42-16	7719-7720	?	

#Text=But I need not ask thee, for thou wilt tell me a most damnable lie."
43-1	7721-7724	But	
43-2	7725-7726	I	
43-3	7727-7731	need	
43-4	7732-7735	not	
43-5	7736-7739	ask	
43-6	7740-7744	thee	
43-7	7744-7745	,	
43-8	7746-7749	for	
43-9	7750-7754	thou	
43-10	7755-7759	wilt	
43-11	7760-7764	tell	
43-12	7765-7767	me	
43-13	7768-7769	a	
43-14	7770-7774	most	
43-15	7775-7783	damnable	
43-16	7784-7787	lie	
43-17	7787-7788	.	
43-18	7788-7789	"	

#Text="Brutes, Sir, (answered I, pulling down his glove in order to feel his pulse) I never meddle with brutes."
44-1	7791-7792	"	
44-2	7792-7798	Brutes	
44-3	7798-7799	,	
44-4	7800-7803	Sir	
44-5	7803-7804	,	
44-6	7805-7806	(	
44-7	7806-7814	answered	
44-8	7815-7816	I	
44-9	7816-7817	,	
44-10	7818-7825	pulling	
44-11	7826-7830	down	
44-12	7831-7834	his	
44-13	7835-7840	glove	
44-14	7841-7843	in	
44-15	7844-7849	order	
44-16	7850-7852	to	
44-17	7853-7857	feel	
44-18	7858-7861	his	
44-19	7862-7867	pulse	
44-20	7867-7868	)	
44-21	7869-7870	I	
44-22	7871-7876	never	
44-23	7877-7883	meddle	
44-24	7884-7888	with	
44-25	7889-7895	brutes	
44-26	7895-7896	.	
44-27	7896-7897	"	

#Text="What the devil art thou about?
45-1	7899-7900	"	
45-2	7900-7904	What	
45-3	7905-7908	the	
45-4	7909-7914	devil	
45-5	7915-7918	art	
45-6	7919-7923	thou	
45-7	7924-7929	about	
45-8	7929-7930	?	

#Text=(cried he) dost thou intend to twist off my hand?
46-1	7931-7932	(	
46-2	7932-7937	cried	
46-3	7938-7940	he	
46-4	7940-7941	)	
46-5	7942-7946	dost	
46-6	7947-7951	thou	
46-7	7952-7958	intend	
46-8	7959-7961	to	
46-9	7962-7967	twist	
46-10	7968-7971	off	
46-11	7972-7974	my	
46-12	7975-7979	hand	
46-13	7979-7980	?	

#Text=Gad ' s curse!
47-1	7981-7984	Gad	
47-2	7985-7986	'	
47-3	7987-7988	s	
47-4	7989-7994	curse	
47-5	7994-7995	!	

#Text=my arm is benumbed up to the very shoulder!
48-1	7996-7998	my	
48-2	7999-8002	arm	
48-3	8003-8005	is	
48-4	8006-8014	benumbed	
48-5	8015-8017	up	
48-6	8018-8020	to	
48-7	8021-8024	the	
48-8	8025-8029	very	
48-9	8030-8038	shoulder	
48-10	8038-8039	!	

#Text=Heaven have mercy upon me!
49-1	8040-8046	Heaven	
49-2	8047-8051	have	
49-3	8052-8057	mercy	
49-4	8058-8062	upon	
49-5	8063-8065	me	
49-6	8065-8066	!	

#Text=must I perish under the hands of savages?
50-1	8067-8071	must	
50-2	8072-8073	I	
50-3	8074-8080	perish	
50-4	8081-8086	under	
50-5	8087-8090	the	
50-6	8091-8096	hands	
50-7	8097-8099	of	
50-8	8100-8107	savages	
50-9	8107-8108	?	

#Text=What an unfortunate dog was I to come on board without my own surgeon, Mr.
51-1	8109-8113	What	
51-2	8114-8116	an	
51-3	8117-8128	unfortunate	
51-4	8129-8132	dog	
51-5	8133-8136	was	
51-6	8137-8138	I	
51-7	8139-8141	to	
51-8	8142-8146	come	
51-9	8147-8149	on	
51-10	8150-8155	board	
51-11	8156-8163	without	
51-12	8164-8166	my	
51-13	8167-8170	own	
51-14	8171-8178	surgeon	
51-15	8178-8179	,	
51-16	8180-8182	Mr	
51-17	8182-8183	.	

#Text=Simper."
52-1	8184-8190	Simper	
52-2	8190-8191	.	
52-3	8191-8192	"	

#Text=I craved pardon for having handled him so roughly, and with the utmost care and tenderness tied up his arm with a fillet of silk.
53-1	8194-8195	I	
53-2	8196-8202	craved	
53-3	8203-8209	pardon	
53-4	8210-8213	for	
53-5	8214-8220	having	
53-6	8221-8228	handled	
53-7	8229-8232	him	
53-8	8233-8235	so	
53-9	8236-8243	roughly	
53-10	8243-8244	,	
53-11	8245-8248	and	
53-12	8249-8253	with	
53-13	8254-8257	the	
53-14	8258-8264	utmost	
53-15	8265-8269	care	
53-16	8270-8273	and	
53-17	8274-8284	tenderness	
53-18	8285-8289	tied	
53-19	8290-8292	up	
53-20	8293-8296	his	
53-21	8297-8300	arm	
53-22	8301-8305	with	
53-23	8306-8307	a	
53-24	8308-8314	fillet	
53-25	8315-8317	of	
53-26	8318-8322	silk	
53-27	8322-8323	.	

#Text=While I was seeling
#Text=for the vein, he desired to know how much blood I intended to take from him, and when I answered,
#Text="Not above twelve ounces;"
#Text=started up with a look full of horror, and bid me begone, swearing I had a design upon his life.
54-1	8324-8329	While	
54-2	8330-8331	I	
54-3	8332-8335	was	
54-4	8336-8343	seeling	
54-5	8344-8347	for	
54-6	8348-8351	the	
54-7	8352-8356	vein	
54-8	8356-8357	,	
54-9	8358-8360	he	
54-10	8361-8368	desired	
54-11	8369-8371	to	
54-12	8372-8376	know	
54-13	8377-8380	how	
54-14	8381-8385	much	
54-15	8386-8391	blood	
54-16	8392-8393	I	
54-17	8394-8402	intended	
54-18	8403-8405	to	
54-19	8406-8410	take	
54-20	8411-8415	from	
54-21	8416-8419	him	
54-22	8419-8420	,	
54-23	8421-8424	and	
54-24	8425-8429	when	
54-25	8430-8431	I	
54-26	8432-8440	answered	
54-27	8440-8441	,	
54-28	8442-8443	"	
54-29	8443-8446	Not	
54-30	8447-8452	above	
54-31	8453-8459	twelve	
54-32	8460-8466	ounces	
54-33	8466-8467	;	
54-34	8467-8468	"	
54-35	8469-8476	started	
54-36	8477-8479	up	
54-37	8480-8484	with	
54-38	8485-8486	a	
54-39	8487-8491	look	
54-40	8492-8496	full	
54-41	8497-8499	of	
54-42	8500-8506	horror	
54-43	8506-8507	,	
54-44	8508-8511	and	
54-45	8512-8515	bid	
54-46	8516-8518	me	
54-47	8519-8525	begone	
54-48	8525-8526	,	
54-49	8527-8535	swearing	
54-50	8536-8537	I	
54-51	8538-8541	had	
54-52	8542-8543	a	
54-53	8544-8550	design	
54-54	8551-8555	upon	
54-55	8556-8559	his	
54-56	8560-8564	life	
54-57	8564-8565	.	

#Text=Vergette appeased him with some difficulty, and opening a bureau, took out a pair of scales, in one of which was placed a small cup; and putting them into my hand, told me, the captain never lost above an ounce and three drachms at one time.
55-1	8566-8574	Vergette	
55-2	8575-8583	appeased	
55-3	8584-8587	him	
55-4	8588-8592	with	
55-5	8593-8597	some	
55-6	8598-8608	difficulty	
55-7	8608-8609	,	
55-8	8610-8613	and	
55-9	8614-8621	opening	
55-10	8622-8623	a	
55-11	8624-8630	bureau	
55-12	8630-8631	,	
55-13	8632-8636	took	
55-14	8637-8640	out	
55-15	8641-8642	a	
55-16	8643-8647	pair	
55-17	8648-8650	of	
55-18	8651-8657	scales	
55-19	8657-8658	,	
55-20	8659-8661	in	
55-21	8662-8665	one	
55-22	8666-8668	of	
55-23	8669-8674	which	
55-24	8675-8678	was	
55-25	8679-8685	placed	
55-26	8686-8687	a	
55-27	8688-8693	small	
55-28	8694-8697	cup	
55-29	8697-8698	;	
55-30	8699-8702	and	
55-31	8703-8710	putting	
55-32	8711-8715	them	
55-33	8716-8720	into	
55-34	8721-8723	my	
55-35	8724-8728	hand	
55-36	8728-8729	,	
55-37	8730-8734	told	
55-38	8735-8737	me	
55-39	8737-8738	,	
55-40	8739-8742	the	
55-41	8743-8750	captain	
55-42	8751-8756	never	
55-43	8757-8761	lost	
55-44	8762-8767	above	
55-45	8768-8770	an	
55-46	8771-8776	ounce	
55-47	8777-8780	and	
55-48	8781-8786	three	
55-49	8787-8794	drachms	
55-50	8795-8797	at	
55-51	8798-8801	one	
55-52	8802-8806	time	
55-53	8806-8807	.	

#Text=While I prepared for this important evacuation, there came into the cabbin, a young man, gayly dressed, of a very delicate complexion, with a kind of languid smile on his face, which seemed to have been rendered habitual, by a long course of affectation.
56-1	8808-8813	While	
56-2	8814-8815	I	
56-3	8816-8824	prepared	
56-4	8825-8828	for	
56-5	8829-8833	this	
56-6	8834-8843	important	
56-7	8844-8854	evacuation	
56-8	8854-8855	,	
56-9	8856-8861	there	
56-10	8862-8866	came	
56-11	8867-8871	into	
56-12	8872-8875	the	
56-13	8876-8882	cabbin	
56-14	8882-8883	,	
56-15	8884-8885	a	
56-16	8886-8891	young	
56-17	8892-8895	man	
56-18	8895-8896	,	
56-19	8897-8902	gayly	
56-20	8903-8910	dressed	
56-21	8910-8911	,	
56-22	8912-8914	of	
56-23	8915-8916	a	
56-24	8917-8921	very	
56-25	8922-8930	delicate	
56-26	8931-8941	complexion	
56-27	8941-8942	,	
56-28	8943-8947	with	
56-29	8948-8949	a	
56-30	8950-8954	kind	
56-31	8955-8957	of	
56-32	8958-8965	languid	
56-33	8966-8971	smile	
56-34	8972-8974	on	
56-35	8975-8978	his	
56-36	8979-8983	face	
56-37	8983-8984	,	
56-38	8985-8990	which	
56-39	8991-8997	seemed	
56-40	8998-9000	to	
56-41	9001-9005	have	
56-42	9006-9010	been	
56-43	9011-9019	rendered	
56-44	9020-9028	habitual	
56-45	9028-9029	,	
56-46	9030-9032	by	
56-47	9033-9034	a	
56-48	9035-9039	long	
56-49	9040-9046	course	
56-50	9047-9049	of	
56-51	9050-9061	affectation	
56-52	9061-9062	.	

#Text=The captain no sooner perceived him, than rising hastily, he flew into his arms, crying,
#Text="O!
57-1	9063-9066	The	
57-2	9067-9074	captain	
57-3	9075-9077	no	
57-4	9078-9084	sooner	
57-5	9085-9094	perceived	
57-6	9095-9098	him	
57-7	9098-9099	,	
57-8	9100-9104	than	
57-9	9105-9111	rising	
57-10	9112-9119	hastily	
57-11	9119-9120	,	
57-12	9121-9123	he	
57-13	9124-9128	flew	
57-14	9129-9133	into	
57-15	9134-9137	his	
57-16	9138-9142	arms	
57-17	9142-9143	,	
57-18	9144-9150	crying	
57-19	9150-9151	,	
57-20	9152-9153	"	
57-21	9153-9154	O	
57-22	9154-9155	!	

#Text=my dear Simper!
58-1	9156-9158	my	
58-2	9159-9163	dear	
58-3	9164-9170	Simper	
58-4	9170-9171	!	

#Text=I am excessively disordered!
59-1	9172-9173	I	
59-2	9174-9176	am	
59-3	9177-9188	excessively	
59-4	9189-9199	disordered	
59-5	9199-9200	!	

#Text=I have been betrayed, frighted, murdered by the negligence of my servants, who suffered a beast, a mule, a bear to surprize me, and stink me into convulsions with the fumes of tobacco."
60-1	9201-9202	I	
60-2	9203-9207	have	
60-3	9208-9212	been	
60-4	9213-9221	betrayed	
60-5	9221-9222	,	
60-6	9223-9231	frighted	
60-7	9231-9232	,	
60-8	9233-9241	murdered	
60-9	9242-9244	by	
60-10	9245-9248	the	
60-11	9249-9259	negligence	
60-12	9260-9262	of	
60-13	9263-9265	my	
60-14	9266-9274	servants	
60-15	9274-9275	,	
60-16	9276-9279	who	
60-17	9280-9288	suffered	
60-18	9289-9290	a	
60-19	9291-9296	beast	
60-20	9296-9297	,	
60-21	9298-9299	a	
60-22	9300-9304	mule	
60-23	9304-9305	,	
60-24	9306-9307	a	
60-25	9308-9312	bear	
60-26	9313-9315	to	
60-27	9316-9324	surprize	
60-28	9325-9327	me	
60-29	9327-9328	,	
60-30	9329-9332	and	
60-31	9333-9338	stink	
60-32	9339-9341	me	
60-33	9342-9346	into	
60-34	9347-9358	convulsions	
60-35	9359-9363	with	
60-36	9364-9367	the	
60-37	9368-9373	fumes	
60-38	9374-9376	of	
60-39	9377-9384	tobacco	
60-40	9384-9385	.	
60-41	9385-9386	"	

#Text=Simper, who by this time, I found, was obliged to art for the clearness of his complexion, assumed an air of softness and sympathy, and lamented with many tender expressions of sorrow, the sad accident that had thrown him into that condition; then feeling his patient ' s pulse on the outside of his glove, gave it as his opinion, that his disorder was entirely nervous, and that some drops of tincture of castor and liquid laudanum, would be of more service to him than bleeding, by bridling the inordinate sallies of his spirits, and composing the fermentation of his bile proceeding therefrom.
61-1	9388-9394	Simper	
61-2	9394-9395	,	
61-3	9396-9399	who	
61-4	9400-9402	by	
61-5	9403-9407	this	
61-6	9408-9412	time	
61-7	9412-9413	,	
61-8	9414-9415	I	
61-9	9416-9421	found	
61-10	9421-9422	,	
61-11	9423-9426	was	
61-12	9427-9434	obliged	
61-13	9435-9437	to	
61-14	9438-9441	art	
61-15	9442-9445	for	
61-16	9446-9449	the	
61-17	9450-9459	clearness	
61-18	9460-9462	of	
61-19	9463-9466	his	
61-20	9467-9477	complexion	
61-21	9477-9478	,	
61-22	9479-9486	assumed	
61-23	9487-9489	an	
61-24	9490-9493	air	
61-25	9494-9496	of	
61-26	9497-9505	softness	
61-27	9506-9509	and	
61-28	9510-9518	sympathy	
61-29	9518-9519	,	
61-30	9520-9523	and	
61-31	9524-9532	lamented	
61-32	9533-9537	with	
61-33	9538-9542	many	
61-34	9543-9549	tender	
61-35	9550-9561	expressions	
61-36	9562-9564	of	
61-37	9565-9571	sorrow	
61-38	9571-9572	,	
61-39	9573-9576	the	
61-40	9577-9580	sad	
61-41	9581-9589	accident	
61-42	9590-9594	that	
61-43	9595-9598	had	
61-44	9599-9605	thrown	
61-45	9606-9609	him	
61-46	9610-9614	into	
61-47	9615-9619	that	
61-48	9620-9629	condition	
61-49	9629-9630	;	
61-50	9631-9635	then	
61-51	9636-9643	feeling	
61-52	9644-9647	his	
61-53	9648-9655	patient	
61-54	9656-9657	'	
61-55	9658-9659	s	
61-56	9660-9665	pulse	
61-57	9666-9668	on	
61-58	9669-9672	the	
61-59	9673-9680	outside	
61-60	9681-9683	of	
61-61	9684-9687	his	
61-62	9688-9693	glove	
61-63	9693-9694	,	
61-64	9695-9699	gave	
61-65	9700-9702	it	
61-66	9703-9705	as	
61-67	9706-9709	his	
61-68	9710-9717	opinion	
61-69	9717-9718	,	
61-70	9719-9723	that	
61-71	9724-9727	his	
61-72	9728-9736	disorder	
61-73	9737-9740	was	
61-74	9741-9749	entirely	
61-75	9750-9757	nervous	
61-76	9757-9758	,	
61-77	9759-9762	and	
61-78	9763-9767	that	
61-79	9768-9772	some	
61-80	9773-9778	drops	
61-81	9779-9781	of	
61-82	9782-9790	tincture	
61-83	9791-9793	of	
61-84	9794-9800	castor	
61-85	9801-9804	and	
61-86	9805-9811	liquid	
61-87	9812-9820	laudanum	
61-88	9820-9821	,	
61-89	9822-9827	would	
61-90	9828-9830	be	
61-91	9831-9833	of	
61-92	9834-9838	more	
61-93	9839-9846	service	
61-94	9847-9849	to	
61-95	9850-9853	him	
61-96	9854-9858	than	
61-97	9859-9867	bleeding	
61-98	9867-9868	,	
61-99	9869-9871	by	
61-100	9872-9880	bridling	
61-101	9881-9884	the	
61-102	9885-9895	inordinate	
61-103	9896-9903	sallies	
61-104	9904-9906	of	
61-105	9907-9910	his	
61-106	9911-9918	spirits	
61-107	9918-9919	,	
61-108	9920-9923	and	
61-109	9924-9933	composing	
61-110	9934-9937	the	
61-111	9938-9950	fermentation	
61-112	9951-9953	of	
61-113	9954-9957	his	
61-114	9958-9962	bile	
61-115	9963-9973	proceeding	
61-116	9974-9983	therefrom	
61-117	9983-9984	.	

#Text=I was
#Text=therefore sent to prepare this prescription, which was administred in a glass of sack-posset, after the captain had been put to bed, and orders sent to the officers on the quarter-deck, to let no body walk on that side under which he lay.
62-1	9985-9986	I	
62-2	9987-9990	was	
62-3	9991-10000	therefore	
62-4	10001-10005	sent	
62-5	10006-10008	to	
62-6	10009-10016	prepare	
62-7	10017-10021	this	
62-8	10022-10034	prescription	
62-9	10034-10035	,	
62-10	10036-10041	which	
62-11	10042-10045	was	
62-12	10046-10057	administred	
62-13	10058-10060	in	
62-14	10061-10062	a	
62-15	10063-10068	glass	
62-16	10069-10071	of	
62-17	10072-10083	sack-posset	
62-18	10083-10084	,	
62-19	10085-10090	after	
62-20	10091-10094	the	
62-21	10095-10102	captain	
62-22	10103-10106	had	
62-23	10107-10111	been	
62-24	10112-10115	put	
62-25	10116-10118	to	
62-26	10119-10122	bed	
62-27	10122-10123	,	
62-28	10124-10127	and	
62-29	10128-10134	orders	
62-30	10135-10139	sent	
62-31	10140-10142	to	
62-32	10143-10146	the	
62-33	10147-10155	officers	
62-34	10156-10158	on	
62-35	10159-10162	the	
62-36	10163-10175	quarter-deck	
62-37	10175-10176	,	
62-38	10177-10179	to	
62-39	10180-10183	let	
62-40	10184-10186	no	
62-41	10187-10191	body	
62-42	10192-10196	walk	
62-43	10197-10199	on	
62-44	10200-10204	that	
62-45	10205-10209	side	
62-46	10210-10215	under	
62-47	10216-10221	which	
62-48	10222-10224	he	
62-49	10225-10228	lay	
62-50	10228-10229	.	

#Text=While the captain enjoyed his repose, the doctor watched over him, and indeed became so necessary, that a cabin was made for him contiguous to the state-room, where Whiffle slept; that he might be at hand in case of accidents in the night.
63-1	10230-10235	While	
63-2	10236-10239	the	
63-3	10240-10247	captain	
63-4	10248-10255	enjoyed	
63-5	10256-10259	his	
63-6	10260-10266	repose	
63-7	10266-10267	,	
63-8	10268-10271	the	
63-9	10272-10278	doctor	
63-10	10279-10286	watched	
63-11	10287-10291	over	
63-12	10292-10295	him	
63-13	10295-10296	,	
63-14	10297-10300	and	
63-15	10301-10307	indeed	
63-16	10308-10314	became	
63-17	10315-10317	so	
63-18	10318-10327	necessary	
63-19	10327-10328	,	
63-20	10329-10333	that	
63-21	10334-10335	a	
63-22	10336-10341	cabin	
63-23	10342-10345	was	
63-24	10346-10350	made	
63-25	10351-10354	for	
63-26	10355-10358	him	
63-27	10359-10369	contiguous	
63-28	10370-10372	to	
63-29	10373-10376	the	
63-30	10377-10387	state-room	
63-31	10387-10388	,	
63-32	10389-10394	where	
63-33	10395-10402	Whiffle	
63-34	10403-10408	slept	
63-35	10408-10409	;	
63-36	10410-10414	that	
63-37	10415-10417	he	
63-38	10418-10423	might	
63-39	10424-10426	be	
63-40	10427-10429	at	
63-41	10430-10434	hand	
63-42	10435-10437	in	
63-43	10438-10442	case	
63-44	10443-10445	of	
63-45	10446-10455	accidents	
63-46	10456-10458	in	
63-47	10459-10462	the	
63-48	10463-10468	night	
63-49	10468-10469	.	

#Text=Next day, our commander being happily recovered, gave orders, that none of the lieutenants should appear upon deck, without a wig, sword, and ruffles; nor any midshipman, or other petty officer, be seen with a check shirt or dirty linen.
64-1	10470-10474	Next	
64-2	10475-10478	day	
64-3	10478-10479	,	
64-4	10480-10483	our	
64-5	10484-10493	commander	
64-6	10494-10499	being	
64-7	10500-10507	happily	
64-8	10508-10517	recovered	
64-9	10517-10518	,	
64-10	10519-10523	gave	
64-11	10524-10530	orders	
64-12	10530-10531	,	
64-13	10532-10536	that	
64-14	10537-10541	none	
64-15	10542-10544	of	
64-16	10545-10548	the	
64-17	10549-10560	lieutenants	
64-18	10561-10567	should	
64-19	10568-10574	appear	
64-20	10575-10579	upon	
64-21	10580-10584	deck	
64-22	10584-10585	,	
64-23	10586-10593	without	
64-24	10594-10595	a	
64-25	10596-10599	wig	
64-26	10599-10600	,	
64-27	10601-10606	sword	
64-28	10606-10607	,	
64-29	10608-10611	and	
64-30	10612-10619	ruffles	
64-31	10619-10620	;	
64-32	10621-10624	nor	
64-33	10625-10628	any	
64-34	10629-10639	midshipman	
64-35	10639-10640	,	
64-36	10641-10643	or	
64-37	10644-10649	other	
64-38	10650-10655	petty	
64-39	10656-10663	officer	
64-40	10663-10664	,	
64-41	10665-10667	be	
64-42	10668-10672	seen	
64-43	10673-10677	with	
64-44	10678-10679	a	
64-45	10680-10685	check	
64-46	10686-10691	shirt	
64-47	10692-10694	or	
64-48	10695-10700	dirty	
64-49	10701-10706	linen	
64-50	10706-10707	.	

#Text=He also prohibited any person whatever, except Simper and his own servants, from coming into the great cabbin, without first sending in to obtain leave.
65-1	10708-10710	He	
65-2	10711-10715	also	
65-3	10716-10726	prohibited	
65-4	10727-10730	any	
65-5	10731-10737	person	
65-6	10738-10746	whatever	
65-7	10746-10747	,	
65-8	10748-10754	except	
65-9	10755-10761	Simper	
65-10	10762-10765	and	
65-11	10766-10769	his	
65-12	10770-10773	own	
65-13	10774-10782	servants	
65-14	10782-10783	,	
65-15	10784-10788	from	
65-16	10789-10795	coming	
65-17	10796-10800	into	
65-18	10801-10804	the	
65-19	10805-10810	great	
65-20	10811-10817	cabbin	
65-21	10817-10818	,	
65-22	10819-10826	without	
65-23	10827-10832	first	
65-24	10833-10840	sending	
65-25	10841-10843	in	
65-26	10844-10846	to	
65-27	10847-10853	obtain	
65-28	10854-10859	leave	
65-29	10859-10860	.	

#Text=These singular regulations did not prepossess the ship ' s company in his favour; but on the contrary, gave scandal an opportunity to be very busy with his character, and accuse him of maintaining a correspondence with his surgeon, not fit to be named.
66-1	10861-10866	These	
66-2	10867-10875	singular	
66-3	10876-10887	regulations	
66-4	10888-10891	did	
66-5	10892-10895	not	
66-6	10896-10906	prepossess	
66-7	10907-10910	the	
66-8	10911-10915	ship	
66-9	10916-10917	'	
66-10	10918-10919	s	
66-11	10920-10927	company	
66-12	10928-10930	in	
66-13	10931-10934	his	
66-14	10935-10941	favour	
66-15	10941-10942	;	
66-16	10943-10946	but	
66-17	10947-10949	on	
66-18	10950-10953	the	
66-19	10954-10962	contrary	
66-20	10962-10963	,	
66-21	10964-10968	gave	
66-22	10969-10976	scandal	
66-23	10977-10979	an	
66-24	10980-10991	opportunity	
66-25	10992-10994	to	
66-26	10995-10997	be	
66-27	10998-11002	very	
66-28	11003-11007	busy	
66-29	11008-11012	with	
66-30	11013-11016	his	
66-31	11017-11026	character	
66-32	11026-11027	,	
66-33	11028-11031	and	
66-34	11032-11038	accuse	
66-35	11039-11042	him	
66-36	11043-11045	of	
66-37	11046-11057	maintaining	
66-38	11058-11059	a	
66-39	11060-11074	correspondence	
66-40	11075-11079	with	
66-41	11080-11083	his	
66-42	11084-11091	surgeon	
66-43	11091-11092	,	
66-44	11093-11096	not	
66-45	11097-11100	fit	
66-46	11101-11103	to	
66-47	11104-11106	be	
66-48	11107-11112	named	
66-49	11112-11113	.	
