#FORMAT=WebAnno TSV 3.3


#Text=On our way from Khopong, along the ancient river-bed which forms the pathway to Boatlanama, I found a species of cactus, being the third I have seen in the country, namely, one in the colony with a bright red flower, one at Lake Ngami, the flower of which was liver-colored, and the present one, flower unknown.
1-1	0-2	On	
1-2	3-6	our	
1-3	7-10	way	
1-4	11-15	from	
1-5	16-23	Khopong	
1-6	23-24	,	
1-7	25-30	along	
1-8	31-34	the	
1-9	35-42	ancient	
1-10	43-52	river-bed	
1-11	53-58	which	
1-12	59-64	forms	
1-13	65-68	the	
1-14	69-76	pathway	
1-15	77-79	to	
1-16	80-90	Boatlanama	
1-17	90-91	,	
1-18	92-93	I	
1-19	94-99	found	
1-20	100-101	a	
1-21	102-109	species	
1-22	110-112	of	
1-23	113-119	cactus	
1-24	119-120	,	
1-25	121-126	being	
1-26	127-130	the	
1-27	131-136	third	
1-28	137-138	I	
1-29	139-143	have	
1-30	144-148	seen	
1-31	149-151	in	
1-32	152-155	the	
1-33	156-163	country	
1-34	163-164	,	
1-35	165-171	namely	
1-36	171-172	,	
1-37	173-176	one	
1-38	177-179	in	
1-39	180-183	the	
1-40	184-190	colony	
1-41	191-195	with	
1-42	196-197	a	
1-43	198-204	bright	
1-44	205-208	red	
1-45	209-215	flower	
1-46	215-216	,	
1-47	217-220	one	
1-48	221-223	at	
1-49	224-228	Lake	
1-50	229-234	Ngami	
1-51	234-235	,	
1-52	236-239	the	
1-53	240-246	flower	
1-54	247-249	of	
1-55	250-255	which	
1-56	256-259	was	
1-57	260-273	liver-colored	
1-58	273-274	,	
1-59	275-278	and	
1-60	279-282	the	
1-61	283-290	present	
1-62	291-294	one	
1-63	294-295	,	
1-64	296-302	flower	
1-65	303-310	unknown	
1-66	310-311	.	

#Text=That the plant is uncommon may be inferred from the fact that the Bakwains find so much difficulty in recognizing the plant again after having once seen it, that they believe it has the power of changing its locality.
2-1	312-316	That	
2-2	317-320	the	
2-3	321-326	plant	
2-4	327-329	is	
2-5	330-338	uncommon	
2-6	339-342	may	
2-7	343-345	be	
2-8	346-354	inferred	
2-9	355-359	from	
2-10	360-363	the	
2-11	364-368	fact	
2-12	369-373	that	
2-13	374-377	the	
2-14	378-386	Bakwains	
2-15	387-391	find	
2-16	392-394	so	
2-17	395-399	much	
2-18	400-410	difficulty	
2-19	411-413	in	
2-20	414-425	recognizing	
2-21	426-429	the	
2-22	430-435	plant	
2-23	436-441	again	
2-24	442-447	after	
2-25	448-454	having	
2-26	455-459	once	
2-27	460-464	seen	
2-28	465-467	it	
2-29	467-468	,	
2-30	469-473	that	
2-31	474-478	they	
2-32	479-486	believe	
2-33	487-489	it	
2-34	490-493	has	
2-35	494-497	the	
2-36	498-503	power	
2-37	504-506	of	
2-38	507-515	changing	
2-39	516-519	its	
2-40	520-528	locality	
2-41	528-529	.	

#Text=On the 21st of January we reached the wells of Boatlanama, and found them for the first time empty.
3-1	531-533	On	
3-2	534-537	the	
3-3	538-542	21st	
3-4	543-545	of	
3-5	546-553	January	
3-6	554-556	we	
3-7	557-564	reached	
3-8	565-568	the	
3-9	569-574	wells	
3-10	575-577	of	
3-11	578-588	Boatlanama	
3-12	588-589	,	
3-13	590-593	and	
3-14	594-599	found	
3-15	600-604	them	
3-16	605-608	for	
3-17	609-612	the	
3-18	613-618	first	
3-19	619-623	time	
3-20	624-629	empty	
3-21	629-630	.	

#Text=Lopepe, which I had formerly seen a stream running from a large reedy pool, was also dry.
4-1	631-637	Lopepe	
4-2	637-638	,	
4-3	639-644	which	
4-4	645-646	I	
4-5	647-650	had	
4-6	651-659	formerly	
4-7	660-664	seen	
4-8	665-666	a	
4-9	667-673	stream	
4-10	674-681	running	
4-11	682-686	from	
4-12	687-688	a	
4-13	689-694	large	
4-14	695-700	reedy	
4-15	701-705	pool	
4-16	705-706	,	
4-17	707-710	was	
4-18	711-715	also	
4-19	716-719	dry	
4-20	719-720	.	

#Text=The hot salt spring of Serinane, east of Lopepe, being undrinkable, we pushed on to Mashue for its delicious waters.
5-1	721-724	The	
5-2	725-728	hot	
5-3	729-733	salt	
5-4	734-740	spring	
5-5	741-743	of	
5-6	744-752	Serinane	
5-7	752-753	,	
5-8	754-758	east	
5-9	759-761	of	
5-10	762-768	Lopepe	
5-11	768-769	,	
5-12	770-775	being	
5-13	776-787	undrinkable	
5-14	787-788	,	
5-15	789-791	we	
5-16	792-798	pushed	
5-17	799-801	on	
5-18	802-804	to	
5-19	805-811	Mashue	
5-20	812-815	for	
5-21	816-819	its	
5-22	820-829	delicious	
5-23	830-836	waters	
5-24	836-837	.	

#Text=In traveling through this country, the olfactory nerves are frequently excited by a strong disagreeable odor.
6-1	838-840	In	
6-2	841-850	traveling	
6-3	851-858	through	
6-4	859-863	this	
6-5	864-871	country	
6-6	871-872	,	
6-7	873-876	the	
6-8	877-886	olfactory	
6-9	887-893	nerves	
6-10	894-897	are	
6-11	898-908	frequently	
6-12	909-916	excited	
6-13	917-919	by	
6-14	920-921	a	
6-15	922-928	strong	
6-16	929-941	disagreeable	
6-17	942-946	odor	
6-18	946-947	.	

#Text=This is caused by a large jet-black ant named "Leshonya".
7-1	948-952	This	
7-2	953-955	is	
7-3	956-962	caused	
7-4	963-965	by	
7-5	966-967	a	
7-6	968-973	large	
7-7	974-983	jet-black	
7-8	984-987	ant	
7-9	988-993	named	
7-10	994-995	"	
7-11	995-1003	Leshonya	
7-12	1003-1004	"	
7-13	1004-1005	.	

#Text=It is nearly an inch in length, and emits a pungent smell when alarmed, in the same manner as the skunk.
8-1	1006-1008	It	
8-2	1009-1011	is	
8-3	1012-1018	nearly	
8-4	1019-1021	an	
8-5	1022-1026	inch	
8-6	1027-1029	in	
8-7	1030-1036	length	
8-8	1036-1037	,	
8-9	1038-1041	and	
8-10	1042-1047	emits	
8-11	1048-1049	a	
8-12	1050-1057	pungent	
8-13	1058-1063	smell	
8-14	1064-1068	when	
8-15	1069-1076	alarmed	
8-16	1076-1077	,	
8-17	1078-1080	in	
8-18	1081-1084	the	
8-19	1085-1089	same	
8-20	1090-1096	manner	
8-21	1097-1099	as	
8-22	1100-1103	the	
8-23	1104-1109	skunk	
8-24	1109-1110	.	

#Text=The scent must be as volatile as ether, for, on irritating the insect with a stick six feet long, the odor is instantly perceptible.
9-1	1111-1114	The	
9-2	1115-1120	scent	
9-3	1121-1125	must	
9-4	1126-1128	be	
9-5	1129-1131	as	
9-6	1132-1140	volatile	
9-7	1141-1143	as	
9-8	1144-1149	ether	
9-9	1149-1150	,	
9-10	1151-1154	for	
9-11	1154-1155	,	
9-12	1156-1158	on	
9-13	1159-1169	irritating	
9-14	1170-1173	the	
9-15	1174-1180	insect	
9-16	1181-1185	with	
9-17	1186-1187	a	
9-18	1188-1193	stick	
9-19	1194-1197	six	
9-20	1198-1202	feet	
9-21	1203-1207	long	
9-22	1207-1208	,	
9-23	1209-1212	the	
9-24	1213-1217	odor	
9-25	1218-1220	is	
9-26	1221-1230	instantly	
9-27	1231-1242	perceptible	
9-28	1242-1243	.	

#Text=Occasionally we lighted upon land tortoises, which, with their unlaid eggs, make a very agreeable dish.
10-1	1245-1257	Occasionally	
10-2	1258-1260	we	
10-3	1261-1268	lighted	
10-4	1269-1273	upon	
10-5	1274-1278	land	
10-6	1279-1288	tortoises	
10-7	1288-1289	,	
10-8	1290-1295	which	
10-9	1295-1296	,	
10-10	1297-1301	with	
10-11	1302-1307	their	
10-12	1308-1314	unlaid	
10-13	1315-1319	eggs	
10-14	1319-1320	,	
10-15	1321-1325	make	
10-16	1326-1327	a	
10-17	1328-1332	very	
10-18	1333-1342	agreeable	
10-19	1343-1347	dish	
10-20	1347-1348	.	

#Text=We saw many of their trails leading to the salt fountain; they must have come great distances for this health-giving article.
11-1	1349-1351	We	
11-2	1352-1355	saw	
11-3	1356-1360	many	
11-4	1361-1363	of	
11-5	1364-1369	their	
11-6	1370-1376	trails	
11-7	1377-1384	leading	
11-8	1385-1387	to	
11-9	1388-1391	the	
11-10	1392-1396	salt	
11-11	1397-1405	fountain	
11-12	1405-1406	;	
11-13	1407-1411	they	
11-14	1412-1416	must	
11-15	1417-1421	have	
11-16	1422-1426	come	
11-17	1427-1432	great	
11-18	1433-1442	distances	
11-19	1443-1446	for	
11-20	1447-1451	this	
11-21	1452-1465	health-giving	
11-22	1466-1473	article	
11-23	1473-1474	.	

#Text=In lieu thereof they often devour wood-ashes.
12-1	1475-1477	In	
12-2	1478-1482	lieu	
12-3	1483-1490	thereof	
12-4	1491-1495	they	
12-5	1496-1501	often	
12-6	1502-1508	devour	
12-7	1509-1519	wood-ashes	
12-8	1519-1520	.	

#Text=It is wonderful how this reptile holds its place in the country.
13-1	1521-1523	It	
13-2	1524-1526	is	
13-3	1527-1536	wonderful	
13-4	1537-1540	how	
13-5	1541-1545	this	
13-6	1546-1553	reptile	
13-7	1554-1559	holds	
13-8	1560-1563	its	
13-9	1564-1569	place	
13-10	1570-1572	in	
13-11	1573-1576	the	
13-12	1577-1584	country	
13-13	1584-1585	.	

#Text=When seen, it never escapes.
14-1	1586-1590	When	
14-2	1591-1595	seen	
14-3	1595-1596	,	
14-4	1597-1599	it	
14-5	1600-1605	never	
14-6	1606-1613	escapes	
14-7	1613-1614	.	

#Text=The young are taken for the sake of their shells; these are made into boxes, which, filled with sweet-smelling roots, the women hang around their persons.
15-1	1615-1618	The	
15-2	1619-1624	young	
15-3	1625-1628	are	
15-4	1629-1634	taken	
15-5	1635-1638	for	
15-6	1639-1642	the	
15-7	1643-1647	sake	
15-8	1648-1650	of	
15-9	1651-1656	their	
15-10	1657-1663	shells	
15-11	1663-1664	;	
15-12	1665-1670	these	
15-13	1671-1674	are	
15-14	1675-1679	made	
15-15	1680-1684	into	
15-16	1685-1690	boxes	
15-17	1690-1691	,	
15-18	1692-1697	which	
15-19	1697-1698	,	
15-20	1699-1705	filled	
15-21	1706-1710	with	
15-22	1711-1725	sweet-smelling	
15-23	1726-1731	roots	
15-24	1731-1732	,	
15-25	1733-1736	the	
15-26	1737-1742	women	
15-27	1743-1747	hang	
15-28	1748-1754	around	
15-29	1755-1760	their	
15-30	1761-1768	persons	
15-31	1768-1769	.	

#Text=When older it is used as food, and the shell converted into a rude basin to hold food or water.
16-1	1770-1774	When	
16-2	1775-1780	older	
16-3	1781-1783	it	
16-4	1784-1786	is	
16-5	1787-1791	used	
16-6	1792-1794	as	
16-7	1795-1799	food	
16-8	1799-1800	,	
16-9	1801-1804	and	
16-10	1805-1808	the	
16-11	1809-1814	shell	
16-12	1815-1824	converted	
16-13	1825-1829	into	
16-14	1830-1831	a	
16-15	1832-1836	rude	
16-16	1837-1842	basin	
16-17	1843-1845	to	
16-18	1846-1850	hold	
16-19	1851-1855	food	
16-20	1856-1858	or	
16-21	1859-1864	water	
16-22	1864-1865	.	

#Text=It owes its continuance neither to speed nor cunning.
17-1	1866-1868	It	
17-2	1869-1873	owes	
17-3	1874-1877	its	
17-4	1878-1889	continuance	
17-5	1890-1897	neither	
17-6	1898-1900	to	
17-7	1901-1906	speed	
17-8	1907-1910	nor	
17-9	1911-1918	cunning	
17-10	1918-1919	.	

#Text=Its color, yellow and dark brown, is well adapted, by its similarity to the surrounding grass and brushwood, to render it indistinguishable; and, though it makes an awkward attempt to run on the approach of man, its trust is in its bony covering, from which even the teeth of a hyaena glance off foiled.
18-1	1920-1923	Its	
18-2	1924-1929	color	
18-3	1929-1930	,	
18-4	1931-1937	yellow	
18-5	1938-1941	and	
18-6	1942-1946	dark	
18-7	1947-1952	brown	
18-8	1952-1953	,	
18-9	1954-1956	is	
18-10	1957-1961	well	
18-11	1962-1969	adapted	
18-12	1969-1970	,	
18-13	1971-1973	by	
18-14	1974-1977	its	
18-15	1978-1988	similarity	
18-16	1989-1991	to	
18-17	1992-1995	the	
18-18	1996-2007	surrounding	
18-19	2008-2013	grass	
18-20	2014-2017	and	
18-21	2018-2027	brushwood	
18-22	2027-2028	,	
18-23	2029-2031	to	
18-24	2032-2038	render	
18-25	2039-2041	it	
18-26	2042-2059	indistinguishable	
18-27	2059-2060	;	
18-28	2061-2064	and	
18-29	2064-2065	,	
18-30	2066-2072	though	
18-31	2073-2075	it	
18-32	2076-2081	makes	
18-33	2082-2084	an	
18-34	2085-2092	awkward	
18-35	2093-2100	attempt	
18-36	2101-2103	to	
18-37	2104-2107	run	
18-38	2108-2110	on	
18-39	2111-2114	the	
18-40	2115-2123	approach	
18-41	2124-2126	of	
18-42	2127-2130	man	
18-43	2130-2131	,	
18-44	2132-2135	its	
18-45	2136-2141	trust	
18-46	2142-2144	is	
18-47	2145-2147	in	
18-48	2148-2151	its	
18-49	2152-2156	bony	
18-50	2157-2165	covering	
18-51	2165-2166	,	
18-52	2167-2171	from	
18-53	2172-2177	which	
18-54	2178-2182	even	
18-55	2183-2186	the	
18-56	2187-2192	teeth	
18-57	2193-2195	of	
18-58	2196-2197	a	
18-59	2198-2204	hyaena	
18-60	2205-2211	glance	
18-61	2212-2215	off	
18-62	2216-2222	foiled	
18-63	2222-2223	.	

#Text=When this long-lived creature is about to deposit her eggs, she lets herself into the ground by throwing the earth up round her shell, until only the top is visible; then covering up the eggs, she leaves them until the rains begin to fall and the fresh herbage appears; the young ones then come out, their shells still quite soft, and, unattended by their dam, begin the world for themselves.
19-1	2224-2228	When	
19-2	2229-2233	this	
19-3	2234-2244	long-lived	
19-4	2245-2253	creature	
19-5	2254-2256	is	
19-6	2257-2262	about	
19-7	2263-2265	to	
19-8	2266-2273	deposit	
19-9	2274-2277	her	
19-10	2278-2282	eggs	
19-11	2282-2283	,	
19-12	2284-2287	she	
19-13	2288-2292	lets	
19-14	2293-2300	herself	
19-15	2301-2305	into	
19-16	2306-2309	the	
19-17	2310-2316	ground	
19-18	2317-2319	by	
19-19	2320-2328	throwing	
19-20	2329-2332	the	
19-21	2333-2338	earth	
19-22	2339-2341	up	
19-23	2342-2347	round	
19-24	2348-2351	her	
19-25	2352-2357	shell	
19-26	2357-2358	,	
19-27	2359-2364	until	
19-28	2365-2369	only	
19-29	2370-2373	the	
19-30	2374-2377	top	
19-31	2378-2380	is	
19-32	2381-2388	visible	
19-33	2388-2389	;	
19-34	2390-2394	then	
19-35	2395-2403	covering	
19-36	2404-2406	up	
19-37	2407-2410	the	
19-38	2411-2415	eggs	
19-39	2415-2416	,	
19-40	2417-2420	she	
19-41	2421-2427	leaves	
19-42	2428-2432	them	
19-43	2433-2438	until	
19-44	2439-2442	the	
19-45	2443-2448	rains	
19-46	2449-2454	begin	
19-47	2455-2457	to	
19-48	2458-2462	fall	
19-49	2463-2466	and	
19-50	2467-2470	the	
19-51	2471-2476	fresh	
19-52	2477-2484	herbage	
19-53	2485-2492	appears	
19-54	2492-2493	;	
19-55	2494-2497	the	
19-56	2498-2503	young	
19-57	2504-2508	ones	
19-58	2509-2513	then	
19-59	2514-2518	come	
19-60	2519-2522	out	
19-61	2522-2523	,	
19-62	2524-2529	their	
19-63	2530-2536	shells	
19-64	2537-2542	still	
19-65	2543-2548	quite	
19-66	2549-2553	soft	
19-67	2553-2554	,	
19-68	2555-2558	and	
19-69	2558-2559	,	
19-70	2560-2570	unattended	
19-71	2571-2573	by	
19-72	2574-2579	their	
19-73	2580-2583	dam	
19-74	2583-2584	,	
19-75	2585-2590	begin	
19-76	2591-2594	the	
19-77	2595-2600	world	
19-78	2601-2604	for	
19-79	2605-2615	themselves	
19-80	2615-2616	.	

#Text=Their food is tender grass and a plant named thotona, and they frequently resort to heaps of ashes and places containing efflorescence of the nitrates for the salts these contain.
20-1	2617-2622	Their	
20-2	2623-2627	food	
20-3	2628-2630	is	
20-4	2631-2637	tender	
20-5	2638-2643	grass	
20-6	2644-2647	and	
20-7	2648-2649	a	
20-8	2650-2655	plant	
20-9	2656-2661	named	
20-10	2662-2669	thotona	
20-11	2669-2670	,	
20-12	2671-2674	and	
20-13	2675-2679	they	
20-14	2680-2690	frequently	
20-15	2691-2697	resort	
20-16	2698-2700	to	
20-17	2701-2706	heaps	
20-18	2707-2709	of	
20-19	2710-2715	ashes	
20-20	2716-2719	and	
20-21	2720-2726	places	
20-22	2727-2737	containing	
20-23	2738-2751	efflorescence	
20-24	2752-2754	of	
20-25	2755-2758	the	
20-26	2759-2767	nitrates	
20-27	2768-2771	for	
20-28	2772-2775	the	
20-29	2776-2781	salts	
20-30	2782-2787	these	
20-31	2788-2795	contain	
20-32	2795-2796	.	
