#FORMAT=WebAnno TSV 3.3


#Text=Percorrendo le storie moderne, quando si pesino tutte le circostanze, non incontrasi eccidio più ingiusto, più barbaro, più scellerato nelle sue forme.
1-1	0-11	Percorrendo	
1-2	12-14	le	
1-3	15-21	storie	
1-4	22-29	moderne	
1-5	29-30	,	
1-6	31-37	quando	
1-7	38-40	si	
1-8	41-47	pesino	
1-9	48-53	tutte	
1-10	54-56	le	
1-11	57-68	circostanze	
1-12	68-69	,	
1-13	70-73	non	
1-14	74-84	incontrasi	
1-15	85-92	eccidio	
1-16	93-96	più	
1-17	97-105	ingiusto	
1-18	105-106	,	
1-19	107-110	più	
1-20	111-118	barbaro	
1-21	118-119	,	
1-22	120-123	più	
1-23	124-134	scellerato	
1-24	135-140	nelle	
1-25	141-144	sue	
1-26	145-150	forme	
1-27	150-151	.	

#Text=Anche la notte di San Bartolommeo e le stragi ussite in Boemia, cui spiegano in parte molti politici ed economici influssi, vittorie e resistenze terribili, impallidiscono di faccia alle carneficine di Montalto, all ' esecuzioni di Cosenza.
2-1	152-157	Anche	
2-2	158-160	la	
2-3	161-166	notte	
2-4	167-169	di	
2-5	170-173	San	
2-6	174-185	Bartolommeo	
2-7	186-187	e	
2-8	188-190	le	
2-9	191-197	stragi	
2-10	198-204	ussite	
2-11	205-207	in	
2-12	208-214	Boemia	
2-13	214-215	,	
2-14	216-219	cui	
2-15	220-228	spiegano	
2-16	229-231	in	
2-17	232-237	parte	
2-18	238-243	molti	
2-19	244-252	politici	
2-20	253-255	ed	
2-21	256-265	economici	
2-22	266-274	influssi	
2-23	274-275	,	
2-24	276-284	vittorie	
2-25	285-286	e	
2-26	287-297	resistenze	
2-27	298-307	terribili	
2-28	307-308	,	
2-29	309-323	impallidiscono	
2-30	324-326	di	
2-31	327-333	faccia	
2-32	334-338	alle	
2-33	339-350	carneficine	
2-34	351-353	di	
2-35	354-362	Montalto	
2-36	362-363	,	
2-37	364-367	all	
2-38	368-369	'	
2-39	370-380	esecuzioni	
2-40	381-383	di	
2-41	384-391	Cosenza	
2-42	391-392	.	

#Text=Non leggesi alcun che di simile, osserva l ' Ampère, se non nella storia romana; Crasso, dopo la disfatta di Spartaco, fe ' sospendere sei mila schiavi sopra croci, lungo la via Appia da Napoli a Capua.
3-1	393-396	Non	
3-2	397-404	leggesi	
3-3	405-410	alcun	
3-4	411-414	che	
3-5	415-417	di	
3-6	418-424	simile	
3-7	424-425	,	
3-8	426-433	osserva	
3-9	434-435	l	
3-10	436-437	'	
3-11	438-444	Ampère	
3-12	444-445	,	
3-13	446-448	se	
3-14	449-452	non	
3-15	453-458	nella	
3-16	459-465	storia	
3-17	466-472	romana	
3-18	472-473	;	
3-19	474-480	Crasso	
3-20	480-481	,	
3-21	482-486	dopo	
3-22	487-489	la	
3-23	490-498	disfatta	
3-24	499-501	di	
3-25	502-510	Spartaco	
3-26	510-511	,	
3-27	512-514	fe	
3-28	515-516	'	
3-29	517-527	sospendere	
3-30	528-531	sei	
3-31	532-536	mila	
3-32	537-544	schiavi	
3-33	545-550	sopra	
3-34	551-556	croci	
3-35	556-557	,	
3-36	558-563	lungo	
3-37	564-566	la	
3-38	567-570	via	
3-39	571-576	Appia	
3-40	577-579	da	
3-41	580-586	Napoli	
3-42	587-588	a	
3-43	589-594	Capua	
3-44	594-595	.	

#Text=Ma nullo racconta che Crasso abbia torturato e scannato, non che molte donne, una sola; inoltre Crasso non crocifiggeva punto in nome di Dio.
4-1	596-598	Ma	
4-2	599-604	nullo	
4-3	605-613	racconta	
4-4	614-617	che	
4-5	618-624	Crasso	
4-6	625-630	abbia	
4-7	631-640	torturato	
4-8	641-642	e	
4-9	643-651	scannato	
4-10	651-652	,	
4-11	653-656	non	
4-12	657-660	che	
4-13	661-666	molte	
4-14	667-672	donne	
4-15	672-673	,	
4-16	674-677	una	
4-17	678-682	sola	
4-18	682-683	;	
4-19	684-691	inoltre	
4-20	692-698	Crasso	
4-21	699-702	non	
4-22	703-715	crocifiggeva	
4-23	716-721	punto	
4-24	722-724	in	
4-25	725-729	nome	
4-26	730-732	di	
4-27	733-736	Dio	
4-28	736-737	.	

#Text=E non era cristiano.
5-1	738-739	E	
5-2	740-743	non	
5-3	744-747	era	
5-4	748-757	cristiano	
5-5	757-758	.	

#Text=Non è completo il racconto; molte cose restano piene di tenebre, ma non per mancanza di buona volontà.
6-1	759-762	Non	
6-2	763-764	è	
6-3	765-773	completo	
6-4	774-776	il	
6-5	777-785	racconto	
6-6	785-786	;	
6-7	787-792	molte	
6-8	793-797	cose	
6-9	798-805	restano	
6-10	806-811	piene	
6-11	812-814	di	
6-12	815-822	tenebre	
6-13	822-823	,	
6-14	824-826	ma	
6-15	827-830	non	
6-16	831-834	per	
6-17	835-843	mancanza	
6-18	844-846	di	
6-19	847-852	buona	
6-20	853-860	volontà	
6-21	860-861	.	

#Text=Quel che ho potuto io raccolsi col riverente affetto di chi sa che raccoglie ossa di martiri.
7-1	862-866	Quel	
7-2	867-870	che	
7-3	871-873	ho	
7-4	874-880	potuto	
7-5	881-883	io	
7-6	884-892	raccolsi	
7-7	893-896	col	
7-8	897-906	riverente	
7-9	907-914	affetto	
7-10	915-917	di	
7-11	918-921	chi	
7-12	922-924	sa	
7-13	925-928	che	
7-14	929-938	raccoglie	
7-15	939-943	ossa	
7-16	944-946	di	
7-17	947-954	martiri	
7-18	954-955	.	

#Text=Interrogai di san Sisto e di Guardia parecchi uomini colti nati in quei luoghi, forse taluno nipote de ' suppliziati del 1561; chi nulla mi seppe dire, chi poco d ' assai.
8-1	956-966	Interrogai	
8-2	967-969	di	
8-3	970-973	san	
8-4	974-979	Sisto	
8-5	980-981	e	
8-6	982-984	di	
8-7	985-992	Guardia	
8-8	993-1001	parecchi	
8-9	1002-1008	uomini	
8-10	1009-1014	colti	
8-11	1015-1019	nati	
8-12	1020-1022	in	
8-13	1023-1027	quei	
8-14	1028-1034	luoghi	
8-15	1034-1035	,	
8-16	1036-1041	forse	
8-17	1042-1048	taluno	
8-18	1049-1055	nipote	
8-19	1056-1058	de	
8-20	1059-1060	'	
8-21	1061-1072	suppliziati	
8-22	1073-1076	del	
8-23	1077-1081	1561	
8-24	1081-1082	;	
8-25	1083-1086	chi	
8-26	1087-1092	nulla	
8-27	1093-1095	mi	
8-28	1096-1101	seppe	
8-29	1102-1106	dire	
8-30	1106-1107	,	
8-31	1108-1111	chi	
8-32	1112-1116	poco	
8-33	1117-1118	d	
8-34	1119-1120	'	
8-35	1121-1126	assai	
8-36	1126-1127	.	

#Text=E non è colpa loro, poichè a quel tempo cogli uomini sien stati distrutti anche gli archivi comunali.
9-1	1128-1129	E	
9-2	1130-1133	non	
9-3	1134-1135	è	
9-4	1136-1141	colpa	
9-5	1142-1146	loro	
9-6	1146-1147	,	
9-7	1148-1154	poichè	
9-8	1155-1156	a	
9-9	1157-1161	quel	
9-10	1162-1167	tempo	
9-11	1168-1173	cogli	
9-12	1174-1180	uomini	
9-13	1181-1185	sien	
9-14	1186-1191	stati	
9-15	1192-1201	distrutti	
9-16	1202-1207	anche	
9-17	1208-1211	gli	
9-18	1212-1219	archivi	
9-19	1220-1228	comunali	
9-20	1228-1229	.	

#Text=E niuno ignora che l ' inquisizione per dove passa tutto cancella, e nasconde persino i documenti delle sue geste, quasi per intima e non confessata coscienza del giusto ne vergognasse.
10-1	1230-1231	E	
10-2	1232-1237	niuno	
10-3	1238-1244	ignora	
10-4	1245-1248	che	
10-5	1249-1250	l	
10-6	1251-1252	'	
10-7	1253-1265	inquisizione	
10-8	1266-1269	per	
10-9	1270-1274	dove	
10-10	1275-1280	passa	
10-11	1281-1286	tutto	
10-12	1287-1295	cancella	
10-13	1295-1296	,	
10-14	1297-1298	e	
10-15	1299-1307	nasconde	
10-16	1308-1315	persino	
10-17	1316-1317	i	
10-18	1318-1327	documenti	
10-19	1328-1333	delle	
10-20	1334-1337	sue	
10-21	1338-1343	geste	
10-22	1343-1344	,	
10-23	1345-1350	quasi	
10-24	1351-1354	per	
10-25	1355-1361	intima	
10-26	1362-1363	e	
10-27	1364-1367	non	
10-28	1368-1378	confessata	
10-29	1379-1388	coscienza	
10-30	1389-1392	del	
10-31	1393-1399	giusto	
10-32	1400-1402	ne	
10-33	1403-1414	vergognasse	
10-34	1414-1415	.	

#Text=Perciò le memorie di que ' scempii sono cadute, come fu spenta la fede valdese in quelle contrade.
11-1	1416-1422	Perciò	
11-2	1423-1425	le	
11-3	1426-1433	memorie	
11-4	1434-1436	di	
11-5	1437-1440	que	
11-6	1441-1442	'	
11-7	1443-1450	scempii	
11-8	1451-1455	sono	
11-9	1456-1462	cadute	
11-10	1462-1463	,	
11-11	1464-1468	come	
11-12	1469-1471	fu	
11-13	1472-1478	spenta	
11-14	1479-1481	la	
11-15	1482-1486	fede	
11-16	1487-1494	valdese	
11-17	1495-1497	in	
11-18	1498-1504	quelle	
11-19	1505-1513	contrade	
11-20	1513-1514	.	

#Text=Io tentai ridestarle, perchè in esse è gran parte della vita d ' una nazione, perchè si comprenda qual vecchia fratellanza nelle prove congiunga le varie provincie nostre, e nella sola libertà si confessi possibile l ' armonia di tutte le discrepanze che durano ancora a dividerci.
12-1	1515-1517	Io	
12-2	1518-1524	tentai	
12-3	1525-1535	ridestarle	
12-4	1535-1536	,	
12-5	1537-1543	perchè	
12-6	1544-1546	in	
12-7	1547-1551	esse	
12-8	1552-1553	è	
12-9	1554-1558	gran	
12-10	1559-1564	parte	
12-11	1565-1570	della	
12-12	1571-1575	vita	
12-13	1576-1577	d	
12-14	1578-1579	'	
12-15	1580-1583	una	
12-16	1584-1591	nazione	
12-17	1591-1592	,	
12-18	1593-1599	perchè	
12-19	1600-1602	si	
12-20	1603-1612	comprenda	
12-21	1613-1617	qual	
12-22	1618-1625	vecchia	
12-23	1626-1637	fratellanza	
12-24	1638-1643	nelle	
12-25	1644-1649	prove	
12-26	1650-1659	congiunga	
12-27	1660-1662	le	
12-28	1663-1668	varie	
12-29	1669-1678	provincie	
12-30	1679-1685	nostre	
12-31	1685-1686	,	
12-32	1687-1688	e	
12-33	1689-1694	nella	
12-34	1695-1699	sola	
12-35	1700-1707	libertà	
12-36	1708-1710	si	
12-37	1711-1719	confessi	
12-38	1720-1729	possibile	
12-39	1730-1731	l	
12-40	1732-1733	'	
12-41	1734-1741	armonia	
12-42	1742-1744	di	
12-43	1745-1750	tutte	
12-44	1751-1753	le	
12-45	1754-1765	discrepanze	
12-46	1766-1769	che	
12-47	1770-1776	durano	
12-48	1777-1783	ancora	
12-49	1784-1785	a	
12-50	1786-1795	dividerci	
12-51	1795-1796	.	

#Text=A Montalto vi era un borgo dai Valdesi abitato, per cui lo si dimandava degli Oltramontani.
13-1	1797-1798	A	
13-2	1799-1807	Montalto	
13-3	1808-1810	vi	
13-4	1811-1814	era	
13-5	1815-1817	un	
13-6	1818-1823	borgo	
13-7	1824-1827	dai	
13-8	1828-1835	Valdesi	
13-9	1836-1843	abitato	
13-10	1843-1844	,	
13-11	1845-1848	per	
13-12	1849-1852	cui	
13-13	1853-1855	lo	
13-14	1856-1858	si	
13-15	1859-1868	dimandava	
13-16	1869-1874	degli	
13-17	1875-1887	Oltramontani	
13-18	1887-1888	.	

#Text=Non altro forse di loro in Montalto rimase che a questo nome sostituito quello degli Espulsi.
14-1	1889-1892	Non	
14-2	1893-1898	altro	
14-3	1899-1904	forse	
14-4	1905-1907	di	
14-5	1908-1912	loro	
14-6	1913-1915	in	
14-7	1916-1924	Montalto	
14-8	1925-1931	rimase	
14-9	1932-1935	che	
14-10	1936-1937	a	
14-11	1938-1944	questo	
14-12	1945-1949	nome	
14-13	1950-1960	sostituito	
14-14	1961-1967	quello	
14-15	1968-1973	degli	
14-16	1974-1981	Espulsi	
14-17	1981-1982	.	

#Text=Nulla a san Sisto.
15-1	1983-1988	Nulla	
15-2	1989-1990	a	
15-3	1991-1994	san	
15-4	1995-2000	Sisto	
15-5	2000-2001	.	

#Text=In Guardia, che restò popolata da ' Calabro-Valdesi, i quali niegarono o celarono l ' antica loro fede, sopravisse un vernacolo, che in tutto somiglia al dialetto ancora parlato nelle valli piemontesi48 Questo problema etnologico fu interamente sciolto dall ' onorevole amico Vegezzi-Ruscalla, nella sua citata memoria..
16-1	2002-2004	In	
16-2	2005-2012	Guardia	
16-3	2012-2013	,	
16-4	2014-2017	che	
16-5	2018-2023	restò	
16-6	2024-2032	popolata	
16-7	2033-2035	da	
16-8	2036-2037	'	
16-9	2038-2053	Calabro-Valdesi	
16-10	2053-2054	,	
16-11	2055-2056	i	
16-12	2057-2062	quali	
16-13	2063-2072	niegarono	
16-14	2073-2074	o	
16-15	2075-2083	celarono	
16-16	2084-2085	l	
16-17	2086-2087	'	
16-18	2088-2094	antica	
16-19	2095-2099	loro	
16-20	2100-2104	fede	
16-21	2104-2105	,	
16-22	2106-2116	sopravisse	
16-23	2117-2119	un	
16-24	2120-2129	vernacolo	
16-25	2129-2130	,	
16-26	2131-2134	che	
16-27	2135-2137	in	
16-28	2138-2143	tutto	
16-29	2144-2152	somiglia	
16-30	2153-2155	al	
16-31	2156-2164	dialetto	
16-32	2165-2171	ancora	
16-33	2172-2179	parlato	
16-34	2180-2185	nelle	
16-35	2186-2191	valli	
16-36	2192-2204	piemontesi48	
16-37	2205-2211	Questo	
16-38	2212-2220	problema	
16-39	2221-2231	etnologico	
16-40	2232-2234	fu	
16-41	2235-2246	interamente	
16-42	2247-2254	sciolto	
16-43	2255-2259	dall	
16-44	2260-2261	'	
16-45	2262-2271	onorevole	
16-46	2272-2277	amico	
16-47	2278-2294	Vegezzi-Ruscalla	
16-48	2294-2295	,	
16-49	2296-2301	nella	
16-50	2302-2305	sua	
16-51	2306-2312	citata	
16-52	2313-2320	memoria	
16-53	2320-2321	.	
16-54	2321-2322	.	

#Text=Inoltre le popolane ricordano sempre nel loro vestire le foggie che in val d ' Angrogna apparivano in sul finire del secolo scorso; e altre somiglianze di tipo, di carnagione e di usi si notano, che chiaro addimostrano gli abitanti di Guardia fratelli di razza ai Valdesi del Piemonte.
17-1	2323-2330	Inoltre	
17-2	2331-2333	le	
17-3	2334-2342	popolane	
17-4	2343-2352	ricordano	
17-5	2353-2359	sempre	
17-6	2360-2363	nel	
17-7	2364-2368	loro	
17-8	2369-2376	vestire	
17-9	2377-2379	le	
17-10	2380-2386	foggie	
17-11	2387-2390	che	
17-12	2391-2393	in	
17-13	2394-2397	val	
17-14	2398-2399	d	
17-15	2400-2401	'	
17-16	2402-2410	Angrogna	
17-17	2411-2421	apparivano	
17-18	2422-2424	in	
17-19	2425-2428	sul	
17-20	2429-2435	finire	
17-21	2436-2439	del	
17-22	2440-2446	secolo	
17-23	2447-2453	scorso	
17-24	2453-2454	;	
17-25	2455-2456	e	
17-26	2457-2462	altre	
17-27	2463-2474	somiglianze	
17-28	2475-2477	di	
17-29	2478-2482	tipo	
17-30	2482-2483	,	
17-31	2484-2486	di	
17-32	2487-2497	carnagione	
17-33	2498-2499	e	
17-34	2500-2502	di	
17-35	2503-2506	usi	
17-36	2507-2509	si	
17-37	2510-2516	notano	
17-38	2516-2517	,	
17-39	2518-2521	che	
17-40	2522-2528	chiaro	
17-41	2529-2541	addimostrano	
17-42	2542-2545	gli	
17-43	2546-2554	abitanti	
17-44	2555-2557	di	
17-45	2558-2565	Guardia	
17-46	2566-2574	fratelli	
17-47	2575-2577	di	
17-48	2578-2583	razza	
17-49	2584-2586	ai	
17-50	2587-2594	Valdesi	
17-51	2595-2598	del	
17-52	2599-2607	Piemonte	
17-53	2607-2608	.	

#Text=Questo problema etnologico fu interamente sciolto dall ' onorevole amico Vegezzi-Ruscalla, nella sua citata memoria.
18-1	2609-2615	Questo	
18-2	2616-2624	problema	
18-3	2625-2635	etnologico	
18-4	2636-2638	fu	
18-5	2639-2650	interamente	
18-6	2651-2658	sciolto	
18-7	2659-2663	dall	
18-8	2664-2665	'	
18-9	2666-2675	onorevole	
18-10	2676-2681	amico	
18-11	2682-2698	Vegezzi-Ruscalla	
18-12	2698-2699	,	
18-13	2700-2705	nella	
18-14	2706-2709	sua	
18-15	2710-2716	citata	
18-16	2717-2724	memoria	
18-17	2724-2725	.	

#Text=Ho pensato rivolgermi a Cosenza per disseppellire negli archivi di colà traccie se non altro dell ' antico processo.
19-1	2726-2728	Ho	
19-2	2729-2736	pensato	
19-3	2737-2747	rivolgermi	
19-4	2748-2749	a	
19-5	2750-2757	Cosenza	
19-6	2758-2761	per	
19-7	2762-2775	disseppellire	
19-8	2776-2781	negli	
19-9	2782-2789	archivi	
19-10	2790-2792	di	
19-11	2793-2797	colà	
19-12	2798-2805	traccie	
19-13	2806-2808	se	
19-14	2809-2812	non	
19-15	2813-2818	altro	
19-16	2819-2823	dell	
19-17	2824-2825	'	
19-18	2826-2832	antico	
19-19	2833-2841	processo	
19-20	2841-2842	.	

#Text=Le memorie più antiche che ivi si conservano sono del secolo decimosettimo; giacquero le anteriori distrutte.
20-1	2843-2845	Le	
20-2	2846-2853	memorie	
20-3	2854-2857	più	
20-4	2858-2865	antiche	
20-5	2866-2869	che	
20-6	2870-2873	ivi	
20-7	2874-2876	si	
20-8	2877-2887	conservano	
20-9	2888-2892	sono	
20-10	2893-2896	del	
20-11	2897-2903	secolo	
20-12	2904-2917	decimosettimo	
20-13	2917-2918	;	
20-14	2919-2928	giacquero	
20-15	2929-2931	le	
20-16	2932-2941	anteriori	
20-17	2942-2951	distrutte	
20-18	2951-2952	.	

#Text=Essendo chiusi alla storia gli archivii delle curie, che il governo avrebbe dovuto raccogliere, non mi rimaneva a pescare che nel grand ' Archivio di Napoli.
21-1	2953-2960	Essendo	
21-2	2961-2967	chiusi	
21-3	2968-2972	alla	
21-4	2973-2979	storia	
21-5	2980-2983	gli	
21-6	2984-2992	archivii	
21-7	2993-2998	delle	
21-8	2999-3004	curie	
21-9	3004-3005	,	
21-10	3006-3009	che	
21-11	3010-3012	il	
21-12	3013-3020	governo	
21-13	3021-3028	avrebbe	
21-14	3029-3035	dovuto	
21-15	3036-3047	raccogliere	
21-16	3047-3048	,	
21-17	3049-3052	non	
21-18	3053-3055	mi	
21-19	3056-3064	rimaneva	
21-20	3065-3066	a	
21-21	3067-3074	pescare	
21-22	3075-3078	che	
21-23	3079-3082	nel	
21-24	3083-3088	grand	
21-25	3089-3090	'	
21-26	3091-3099	Archivio	
21-27	3100-3102	di	
21-28	3103-3109	Napoli	
21-29	3109-3110	.	

#Text=E rinvenni ben poco49 Anche tal poco io dovetti all ' intelligente solerzia di quelli archivisti, che con amore prestaronsi alle mie ricerche, cercando in quell ' oceano di documenti, ch ' essi tuttavia mirabilmente conoscono e tengono ordinati.
22-1	3111-3112	E	
22-2	3113-3121	rinvenni	
22-3	3122-3125	ben	
22-4	3126-3132	poco49	
22-5	3133-3138	Anche	
22-6	3139-3142	tal	
22-7	3143-3147	poco	
22-8	3148-3150	io	
22-9	3151-3158	dovetti	
22-10	3159-3162	all	
22-11	3163-3164	'	
22-12	3165-3177	intelligente	
22-13	3178-3186	solerzia	
22-14	3187-3189	di	
22-15	3190-3196	quelli	
22-16	3197-3207	archivisti	
22-17	3207-3208	,	
22-18	3209-3212	che	
22-19	3213-3216	con	
22-20	3217-3222	amore	
22-21	3223-3234	prestaronsi	
22-22	3235-3239	alle	
22-23	3240-3243	mie	
22-24	3244-3252	ricerche	
22-25	3252-3253	,	
22-26	3254-3262	cercando	
22-27	3263-3265	in	
22-28	3266-3271	quell	
22-29	3272-3273	'	
22-30	3274-3280	oceano	
22-31	3281-3283	di	
22-32	3284-3293	documenti	
22-33	3293-3294	,	
22-34	3295-3297	ch	
22-35	3298-3299	'	
22-36	3300-3304	essi	
22-37	3305-3313	tuttavia	
22-38	3314-3326	mirabilmente	
22-39	3327-3336	conoscono	
22-40	3337-3338	e	
22-41	3339-3346	tengono	
22-42	3347-3355	ordinati	
22-43	3355-3356	.	

#Text=Debbo in ispecie nominare con gratitudine il primo ufficiale, Vincenzo Batti.
23-1	3357-3362	Debbo	
23-2	3363-3365	in	
23-3	3366-3373	ispecie	
23-4	3374-3382	nominare	
23-5	3383-3386	con	
23-6	3387-3398	gratitudine	
23-7	3399-3401	il	
23-8	3402-3407	primo	
23-9	3408-3417	ufficiale	
23-10	3417-3418	,	
23-11	3419-3427	Vincenzo	
23-12	3428-3433	Batti	
23-13	3433-3434	.	

#Text=E qui a tutti rendo le debite grazie..
24-1	3435-3436	E	
24-2	3437-3440	qui	
24-3	3441-3442	a	
24-4	3443-3448	tutti	
24-5	3449-3454	rendo	
24-6	3455-3457	le	
24-7	3458-3464	debite	
24-8	3465-3471	grazie	
24-9	3471-3472	.	
24-10	3472-3473	.	

#Text=Ma se le mie investigazioni non fruttarono nuovi fatti, autenticano con documenti officiali l ' eccidio; ed è molto.
25-1	3474-3476	Ma	
25-2	3477-3479	se	
25-3	3480-3482	le	
25-4	3483-3486	mie	
25-5	3487-3501	investigazioni	
25-6	3502-3505	non	
25-7	3506-3516	fruttarono	
25-8	3517-3522	nuovi	
25-9	3523-3528	fatti	
25-10	3528-3529	,	
25-11	3530-3541	autenticano	
25-12	3542-3545	con	
25-13	3546-3555	documenti	
25-14	3556-3565	officiali	
25-15	3566-3567	l	
25-16	3568-3569	'	
25-17	3570-3577	eccidio	
25-18	3577-3578	;	
25-19	3579-3581	ed	
25-20	3582-3583	è	
25-21	3584-3589	molto	
25-22	3589-3590	.	

#Text=Anche tal poco io dovetti all ' intelligente solerzia di quelli archivisti, che con amore prestaronsi alle mie ricerche, cercando in quell ' oceano di documenti, ch ' essi tuttavia mirabilmente conoscono e tengono ordinati.
26-1	3591-3596	Anche	
26-2	3597-3600	tal	
26-3	3601-3605	poco	
26-4	3606-3608	io	
26-5	3609-3616	dovetti	
26-6	3617-3620	all	
26-7	3621-3622	'	
26-8	3623-3635	intelligente	
26-9	3636-3644	solerzia	
26-10	3645-3647	di	
26-11	3648-3654	quelli	
26-12	3655-3665	archivisti	
26-13	3665-3666	,	
26-14	3667-3670	che	
26-15	3671-3674	con	
26-16	3675-3680	amore	
26-17	3681-3692	prestaronsi	
26-18	3693-3697	alle	
26-19	3698-3701	mie	
26-20	3702-3710	ricerche	
26-21	3710-3711	,	
26-22	3712-3720	cercando	
26-23	3721-3723	in	
26-24	3724-3729	quell	
26-25	3730-3731	'	
26-26	3732-3738	oceano	
26-27	3739-3741	di	
26-28	3742-3751	documenti	
26-29	3751-3752	,	
26-30	3753-3755	ch	
26-31	3756-3757	'	
26-32	3758-3762	essi	
26-33	3763-3771	tuttavia	
26-34	3772-3784	mirabilmente	
26-35	3785-3794	conoscono	
26-36	3795-3796	e	
26-37	3797-3804	tengono	
26-38	3805-3813	ordinati	
26-39	3813-3814	.	

#Text=Debbo in ispecie nominare con gratitudine il primo ufficiale, Vincenzo Batti.
27-1	3815-3820	Debbo	
27-2	3821-3823	in	
27-3	3824-3831	ispecie	
27-4	3832-3840	nominare	
27-5	3841-3844	con	
27-6	3845-3856	gratitudine	
27-7	3857-3859	il	
27-8	3860-3865	primo	
27-9	3866-3875	ufficiale	
27-10	3875-3876	,	
27-11	3877-3885	Vincenzo	
27-12	3886-3891	Batti	
27-13	3891-3892	.	

#Text=E qui a tutti rendo le debite grazie.
28-1	3893-3894	E	
28-2	3895-3898	qui	
28-3	3899-3900	a	
28-4	3901-3906	tutti	
28-5	3907-3912	rendo	
28-6	3913-3915	le	
28-7	3916-3922	debite	
28-8	3923-3929	grazie	
28-9	3929-3930	.	

#Text=I condannati a morte s ' ebbero inoltre la confisca di tutti i loro beni da volgersi alla regia Camera.
29-1	3931-3932	I	
29-2	3933-3943	condannati	
29-3	3944-3945	a	
29-4	3946-3951	morte	
29-5	3952-3953	s	
29-6	3954-3955	'	
29-7	3956-3962	ebbero	
29-8	3963-3970	inoltre	
29-9	3971-3973	la	
29-10	3974-3982	confisca	
29-11	3983-3985	di	
29-12	3986-3991	tutti	
29-13	3992-3993	i	
29-14	3994-3998	loro	
29-15	3999-4003	beni	
29-16	4004-4006	da	
29-17	4007-4015	volgersi	
29-18	4016-4020	alla	
29-19	4021-4026	regia	
29-20	4027-4033	Camera	
29-21	4033-4034	.	

#Text=A compiere questa parte il governo vicereale nel settembre del 1561 spediva il dottor Annibale Molles, nome abbastanza noto negli annali della giustizia napoletana, qual regio commissario in Calabria per ricuperare i beni degli eretici e consegnarli al fisco.
30-1	4035-4036	A	
30-2	4037-4045	compiere	
30-3	4046-4052	questa	
30-4	4053-4058	parte	
30-5	4059-4061	il	
30-6	4062-4069	governo	
30-7	4070-4079	vicereale	
30-8	4080-4083	nel	
30-9	4084-4093	settembre	
30-10	4094-4097	del	
30-11	4098-4102	1561	
30-12	4103-4110	spediva	
30-13	4111-4113	il	
30-14	4114-4120	dottor	
30-15	4121-4129	Annibale	
30-16	4130-4136	Molles	
30-17	4136-4137	,	
30-18	4138-4142	nome	
30-19	4143-4153	abbastanza	
30-20	4154-4158	noto	
30-21	4159-4164	negli	
30-22	4165-4171	annali	
30-23	4172-4177	della	
30-24	4178-4187	giustizia	
30-25	4188-4198	napoletana	
30-26	4198-4199	,	
30-27	4200-4204	qual	
30-28	4205-4210	regio	
30-29	4211-4222	commissario	
30-30	4223-4225	in	
30-31	4226-4234	Calabria	
30-32	4235-4238	per	
30-33	4239-4249	ricuperare	
30-34	4250-4251	i	
30-35	4252-4256	beni	
30-36	4257-4262	degli	
30-37	4263-4270	eretici	
30-38	4271-4272	e	
30-39	4273-4284	consegnarli	
30-40	4285-4287	al	
30-41	4288-4293	fisco	
30-42	4293-4294	.	

#Text=Si noti il vocabile ricuperare, adoperato nel decreto, che nel fondo significa togliere ai pupilli e alle vedove l ' ultimo sostegno della povera vita.
31-1	4295-4297	Si	
31-2	4298-4302	noti	
31-3	4303-4305	il	
31-4	4306-4314	vocabile	
31-5	4315-4325	ricuperare	
31-6	4325-4326	,	
31-7	4327-4336	adoperato	
31-8	4337-4340	nel	
31-9	4341-4348	decreto	
31-10	4348-4349	,	
31-11	4350-4353	che	
31-12	4354-4357	nel	
31-13	4358-4363	fondo	
31-14	4364-4373	significa	
31-15	4374-4382	togliere	
31-16	4383-4385	ai	
31-17	4386-4393	pupilli	
31-18	4394-4395	e	
31-19	4396-4400	alle	
31-20	4401-4407	vedove	
31-21	4408-4409	l	
31-22	4410-4411	'	
31-23	4412-4418	ultimo	
31-24	4419-4427	sostegno	
31-25	4428-4433	della	
31-26	4434-4440	povera	
31-27	4441-4445	vita	
31-28	4445-4446	.	

#Text=Per questo lavoro il Molles s ' ebbe tutti i poteri, che avevano i presidenti della gran Corte della Vicaria, come quello d ' applicare a suo libito la tortura50 Vedi documento F..
32-1	4447-4450	Per	
32-2	4451-4457	questo	
32-3	4458-4464	lavoro	
32-4	4465-4467	il	
32-5	4468-4474	Molles	
32-6	4475-4476	s	
32-7	4477-4478	'	
32-8	4479-4483	ebbe	
32-9	4484-4489	tutti	
32-10	4490-4491	i	
32-11	4492-4498	poteri	
32-12	4498-4499	,	
32-13	4500-4503	che	
32-14	4504-4511	avevano	
32-15	4512-4513	i	
32-16	4514-4524	presidenti	
32-17	4525-4530	della	
32-18	4531-4535	gran	
32-19	4536-4541	Corte	
32-20	4542-4547	della	
32-21	4548-4555	Vicaria	
32-22	4555-4556	,	
32-23	4557-4561	come	
32-24	4562-4568	quello	
32-25	4569-4570	d	
32-26	4571-4572	'	
32-27	4573-4582	applicare	
32-28	4583-4584	a	
32-29	4585-4588	suo	
32-30	4589-4595	libito	
32-31	4596-4598	la	
32-32	4599-4608	tortura50	
32-33	4609-4613	Vedi	
32-34	4614-4623	documento	
32-35	4624-4625	F	
32-36	4625-4626	.	
32-37	4626-4627	.	

#Text=In tale missione egli impiegò sette mesi, dal 19 settembre 1561 al 25 aprile del seguente anno.
33-1	4628-4630	In	
33-2	4631-4635	tale	
33-3	4636-4644	missione	
33-4	4645-4649	egli	
33-5	4650-4657	impiegò	
33-6	4658-4663	sette	
33-7	4664-4668	mesi	
33-8	4668-4669	,	
33-9	4670-4673	dal	
33-10	4674-4676	19	
33-11	4677-4686	settembre	
33-12	4687-4691	1561	
33-13	4692-4694	al	
33-14	4695-4697	25	
33-15	4698-4704	aprile	
33-16	4705-4708	del	
33-17	4709-4717	seguente	
33-18	4718-4722	anno	
33-19	4722-4723	.	

#Text=E n ' ebbe in rimunerazione 484 ducati51 Vedi nell ' Archivio di Napoli Consultarum Sunmariæ, vol. 32, f. 59, retro..
34-1	4724-4725	E	
34-2	4726-4727	n	
34-3	4728-4729	'	
34-4	4730-4734	ebbe	
34-5	4735-4737	in	
34-6	4738-4751	rimunerazione	
34-7	4752-4755	484	
34-8	4756-4764	ducati51	
34-9	4765-4769	Vedi	
34-10	4770-4774	nell	
34-11	4775-4776	'	
34-12	4777-4785	Archivio	
34-13	4786-4788	di	
34-14	4789-4795	Napoli	
34-15	4796-4807	Consultarum	
34-16	4808-4816	Sunmariæ	
34-17	4816-4817	,	
34-18	4818-4821	vol	
34-19	4821-4822	.	
34-20	4823-4825	32	
34-21	4825-4826	,	
34-22	4827-4828	f	
34-23	4828-4829	.	
34-24	4830-4832	59	
34-25	4832-4833	,	
34-26	4834-4839	retro	
34-27	4839-4840	.	
34-28	4840-4841	.	

#Text=Vedi documento F.
35-1	4842-4846	Vedi	
35-2	4847-4856	documento	
35-3	4857-4858	F	
35-4	4858-4859	.	

#Text=Vedi nell ' Archivio di Napoli Consultarum Sunmariæ, vol. 32, f. 59, retro.
36-1	4860-4864	Vedi	
36-2	4865-4869	nell	
36-3	4870-4871	'	
36-4	4872-4880	Archivio	
36-5	4881-4883	di	
36-6	4884-4890	Napoli	
36-7	4891-4902	Consultarum	
36-8	4903-4911	Sunmariæ	
36-9	4911-4912	,	
36-10	4913-4916	vol	
36-11	4916-4917	.	
36-12	4918-4920	32	
36-13	4920-4921	,	
36-14	4922-4923	f	
36-15	4923-4924	.	
36-16	4925-4927	59	
36-17	4927-4928	,	
36-18	4929-4934	retro	
36-19	4934-4935	.	

#Text=Esistendo nel grand ' archivio di Napoli il registro de ' fuochi per molti e molti Comuni del regno dalla prima metà del secolo decimosesto fino a ' dì nostri, un dotto officiale di quell ' archivio mi presentò i registri di san Sisto e di Guardia.
37-1	4936-4945	Esistendo	
37-2	4946-4949	nel	
37-3	4950-4955	grand	
37-4	4956-4957	'	
37-5	4958-4966	archivio	
37-6	4967-4969	di	
37-7	4970-4976	Napoli	
37-8	4977-4979	il	
37-9	4980-4988	registro	
37-10	4989-4991	de	
37-11	4992-4993	'	
37-12	4994-5000	fuochi	
37-13	5001-5004	per	
37-14	5005-5010	molti	
37-15	5011-5012	e	
37-16	5013-5018	molti	
37-17	5019-5025	Comuni	
37-18	5026-5029	del	
37-19	5030-5035	regno	
37-20	5036-5041	dalla	
37-21	5042-5047	prima	
37-22	5048-5052	metà	
37-23	5053-5056	del	
37-24	5057-5063	secolo	
37-25	5064-5075	decimosesto	
37-26	5076-5080	fino	
37-27	5081-5082	a	
37-28	5083-5084	'	
37-29	5085-5087	dì	
37-30	5088-5094	nostri	
37-31	5094-5095	,	
37-32	5096-5098	un	
37-33	5099-5104	dotto	
37-34	5105-5114	officiale	
37-35	5115-5117	di	
37-36	5118-5123	quell	
37-37	5124-5125	'	
37-38	5126-5134	archivio	
37-39	5135-5137	mi	
37-40	5138-5146	presentò	
37-41	5147-5148	i	
37-42	5149-5157	registri	
37-43	5158-5160	di	
37-44	5161-5164	san	
37-45	5165-5170	Sisto	
37-46	5171-5172	e	
37-47	5173-5175	di	
37-48	5176-5183	Guardia	
37-49	5183-5184	.	

#Text=Quanto al primo, non ritrovammo che il registro del 1545, nel quale anno il borgo contava una popolazione non minore di 6000 anime; un nuovo registro non si presenta che nel secolo decimo settimo.
38-1	5185-5191	Quanto	
38-2	5192-5194	al	
38-3	5195-5200	primo	
38-4	5200-5201	,	
38-5	5202-5205	non	
38-6	5206-5216	ritrovammo	
38-7	5217-5220	che	
38-8	5221-5223	il	
38-9	5224-5232	registro	
38-10	5233-5236	del	
38-11	5237-5241	1545	
38-12	5241-5242	,	
38-13	5243-5246	nel	
38-14	5247-5252	quale	
38-15	5253-5257	anno	
38-16	5258-5260	il	
38-17	5261-5266	borgo	
38-18	5267-5274	contava	
38-19	5275-5278	una	
38-20	5279-5290	popolazione	
38-21	5291-5294	non	
38-22	5295-5301	minore	
38-23	5302-5304	di	
38-24	5305-5309	6000	
38-25	5310-5315	anime	
38-26	5315-5316	;	
38-27	5317-5319	un	
38-28	5320-5325	nuovo	
38-29	5326-5334	registro	
38-30	5335-5338	non	
38-31	5339-5341	si	
38-32	5342-5350	presenta	
38-33	5351-5354	che	
38-34	5355-5358	nel	
38-35	5359-5365	secolo	
38-36	5366-5372	decimo	
38-37	5373-5380	settimo	
38-38	5380-5381	.	

#Text=San Sisto nel 1562 non esisteva più.
39-1	5382-5385	San	
39-2	5386-5391	Sisto	
39-3	5392-5395	nel	
39-4	5396-5400	1562	
39-5	5401-5404	non	
39-6	5405-5413	esisteva	
39-7	5414-5417	più	
39-8	5417-5418	.	

#Text=Per Guardia si conserva il registro de ' fuochi dell ' anno 1545 e dell ' anno 1562, cioè prima e dopo l ' eccidio.
40-1	5419-5422	Per	
40-2	5423-5430	Guardia	
40-3	5431-5433	si	
40-4	5434-5442	conserva	
40-5	5443-5445	il	
40-6	5446-5454	registro	
40-7	5455-5457	de	
40-8	5458-5459	'	
40-9	5460-5466	fuochi	
40-10	5467-5471	dell	
40-11	5472-5473	'	
40-12	5474-5478	anno	
40-13	5479-5483	1545	
40-14	5484-5485	e	
40-15	5486-5490	dell	
40-16	5491-5492	'	
40-17	5493-5497	anno	
40-18	5498-5502	1562	
40-19	5502-5503	,	
40-20	5504-5508	cioè	
40-21	5509-5514	prima	
40-22	5515-5516	e	
40-23	5517-5521	dopo	
40-24	5522-5523	l	
40-25	5524-5525	'	
40-26	5526-5533	eccidio	
40-27	5533-5534	.	

#Text=Lo che non poteva non attirare la più diligente attenzione.
41-1	5535-5537	Lo	
41-2	5538-5541	che	
41-3	5542-5545	non	
41-4	5546-5552	poteva	
41-5	5553-5556	non	
41-6	5557-5565	attirare	
41-7	5566-5568	la	
41-8	5569-5572	più	
41-9	5573-5582	diligente	
41-10	5583-5593	attenzione	
41-11	5593-5594	.	

#Text=Nel 1545 i fuochi di Guardia erano 160; e nel 1562, 158, perchè vi sien comprese le case abitate e le vuote, le case non tocche e le arse.
42-1	5595-5598	Nel	
42-2	5599-5603	1545	
42-3	5604-5605	i	
42-4	5606-5612	fuochi	
42-5	5613-5615	di	
42-6	5616-5623	Guardia	
42-7	5624-5629	erano	
42-8	5630-5633	160	
42-9	5633-5634	;	
42-10	5635-5636	e	
42-11	5637-5640	nel	
42-12	5641-5645	1562	
42-13	5645-5646	,	
42-14	5647-5650	158	
42-15	5650-5651	,	
42-16	5652-5658	perchè	
42-17	5659-5661	vi	
42-18	5662-5666	sien	
42-19	5667-5675	comprese	
42-20	5676-5678	le	
42-21	5679-5683	case	
42-22	5684-5691	abitate	
42-23	5692-5693	e	
42-24	5694-5696	le	
42-25	5697-5702	vuote	
42-26	5702-5703	,	
42-27	5704-5706	le	
42-28	5707-5711	case	
42-29	5712-5715	non	
42-30	5716-5722	tocche	
42-31	5723-5724	e	
42-32	5725-5727	le	
42-33	5728-5732	arse	
42-34	5732-5733	.	

#Text=Nel primo registro, se bene aguzzi lo sguardo, tu scorgi note marginali e d ' altra scrittura, minuta d ' assai, che accennano la misera fine di parecchi.
43-1	5734-5737	Nel	
43-2	5738-5743	primo	
43-3	5744-5752	registro	
43-4	5752-5753	,	
43-5	5754-5756	se	
43-6	5757-5761	bene	
43-7	5762-5768	aguzzi	
43-8	5769-5771	lo	
43-9	5772-5779	sguardo	
43-10	5779-5780	,	
43-11	5781-5783	tu	
43-12	5784-5790	scorgi	
43-13	5791-5795	note	
43-14	5796-5805	marginali	
43-15	5806-5807	e	
43-16	5808-5809	d	
43-17	5810-5811	'	
43-18	5812-5817	altra	
43-19	5818-5827	scrittura	
43-20	5827-5828	,	
43-21	5829-5835	minuta	
43-22	5836-5837	d	
43-23	5838-5839	'	
43-24	5840-5845	assai	
43-25	5845-5846	,	
43-26	5847-5850	che	
43-27	5851-5860	accennano	
43-28	5861-5863	la	
43-29	5864-5870	misera	
43-30	5871-5875	fine	
43-31	5876-5878	di	
43-32	5879-5887	parecchi	
43-33	5887-5888	.	

#Text=Qua trovi il vocabolo interfectus; ove l ' altro justitiatus, ove suspensus.
44-1	5889-5892	Qua	
44-2	5893-5898	trovi	
44-3	5899-5901	il	
44-4	5902-5910	vocabolo	
44-5	5911-5922	interfectus	
44-6	5922-5923	;	
44-7	5924-5927	ove	
44-8	5928-5929	l	
44-9	5930-5931	'	
44-10	5932-5937	altro	
44-11	5938-5949	justitiatus	
44-12	5949-5950	,	
44-13	5951-5954	ove	
44-14	5955-5964	suspensus	
44-15	5964-5965	.	

#Text=Tu senti il freddo della morte, ti sembra visitare un cimiterio popolato di croci.
45-1	5966-5968	Tu	
45-2	5969-5974	senti	
45-3	5975-5977	il	
45-4	5978-5984	freddo	
45-5	5985-5990	della	
45-6	5991-5996	morte	
45-7	5996-5997	,	
45-8	5998-6000	ti	
45-9	6001-6007	sembra	
45-10	6008-6016	visitare	
45-11	6017-6019	un	
45-12	6020-6029	cimiterio	
45-13	6030-6038	popolato	
45-14	6039-6041	di	
45-15	6042-6047	croci	
45-16	6047-6048	.	

#Text=Il secondo registro conferma le chiose laconiche ma eloquenti dell ' anteriore.
46-1	6049-6051	Il	
46-2	6052-6059	secondo	
46-3	6060-6068	registro	
46-4	6069-6077	conferma	
46-5	6078-6080	le	
46-6	6081-6087	chiose	
46-7	6088-6097	laconiche	
46-8	6098-6100	ma	
46-9	6101-6110	eloquenti	
46-10	6111-6115	dell	
46-11	6116-6117	'	
46-12	6118-6127	anteriore	
46-13	6127-6128	.	

#Text=Chi dovea assumerlo nel gennaio del 1562, insieme agli Eletti e ai notevoli del Comune, non rinveniva elementi per farlo.
47-1	6129-6132	Chi	
47-2	6133-6138	dovea	
47-3	6139-6148	assumerlo	
47-4	6149-6152	nel	
47-5	6153-6160	gennaio	
47-6	6161-6164	del	
47-7	6165-6169	1562	
47-8	6169-6170	,	
47-9	6171-6178	insieme	
47-10	6179-6183	agli	
47-11	6184-6190	Eletti	
47-12	6191-6192	e	
47-13	6193-6195	ai	
47-14	6196-6204	notevoli	
47-15	6205-6208	del	
47-16	6209-6215	Comune	
47-17	6215-6216	,	
47-18	6217-6220	non	
47-19	6221-6230	rinveniva	
47-20	6231-6239	elementi	
47-21	6240-6243	per	
47-22	6244-6249	farlo	
47-23	6249-6250	.	

#Text=In un esordio al registro, o meglio processo verbale dichiarasi Guardia in gran parte bruciata; le case in buon numero distrutte, per l ' incendio e pel saccheggio operato dai soldati del governatore della provincia per delitto d ' eresia e di ribellione armata contro la curia.
48-1	6251-6253	In	
48-2	6254-6256	un	
48-3	6257-6264	esordio	
48-4	6265-6267	al	
48-5	6268-6276	registro	
48-6	6276-6277	,	
48-7	6278-6279	o	
48-8	6280-6286	meglio	
48-9	6287-6295	processo	
48-10	6296-6303	verbale	
48-11	6304-6314	dichiarasi	
48-12	6315-6322	Guardia	
48-13	6323-6325	in	
48-14	6326-6330	gran	
48-15	6331-6336	parte	
48-16	6337-6345	bruciata	
48-17	6345-6346	;	
48-18	6347-6349	le	
48-19	6350-6354	case	
48-20	6355-6357	in	
48-21	6358-6362	buon	
48-22	6363-6369	numero	
48-23	6370-6379	distrutte	
48-24	6379-6380	,	
48-25	6381-6384	per	
48-26	6385-6386	l	
48-27	6387-6388	'	
48-28	6389-6397	incendio	
48-29	6398-6399	e	
48-30	6400-6403	pel	
48-31	6404-6414	saccheggio	
48-32	6415-6422	operato	
48-33	6423-6426	dai	
48-34	6427-6434	soldati	
48-35	6435-6438	del	
48-36	6439-6450	governatore	
48-37	6451-6456	della	
48-38	6457-6466	provincia	
48-39	6467-6470	per	
48-40	6471-6478	delitto	
48-41	6479-6480	d	
48-42	6481-6482	'	
48-43	6483-6489	eresia	
48-44	6490-6491	e	
48-45	6492-6494	di	
48-46	6495-6505	ribellione	
48-47	6506-6512	armata	
48-48	6513-6519	contro	
48-49	6520-6522	la	
48-50	6523-6528	curia	
48-51	6528-6529	.	

#Text=I deputati al registro chiesero le scritture del Comune; e venne loro risposto essere tutte arse52 Vedi Documento G, estratto dal volume de ' fuochi di Guardia in Calabria Citra, segnato n. 1263, foglio 21..
49-1	6530-6531	I	
49-2	6532-6540	deputati	
49-3	6541-6543	al	
49-4	6544-6552	registro	
49-5	6553-6561	chiesero	
49-6	6562-6564	le	
49-7	6565-6574	scritture	
49-8	6575-6578	del	
49-9	6579-6585	Comune	
49-10	6585-6586	;	
49-11	6587-6588	e	
49-12	6589-6594	venne	
49-13	6595-6599	loro	
49-14	6600-6608	risposto	
49-15	6609-6615	essere	
49-16	6616-6621	tutte	
49-17	6622-6628	arse52	
49-18	6629-6633	Vedi	
49-19	6634-6643	Documento	
49-20	6644-6645	G	
49-21	6645-6646	,	
49-22	6647-6655	estratto	
49-23	6656-6659	dal	
49-24	6660-6666	volume	
49-25	6667-6669	de	
49-26	6670-6671	'	
49-27	6672-6678	fuochi	
49-28	6679-6681	di	
49-29	6682-6689	Guardia	
49-30	6690-6692	in	
49-31	6693-6701	Calabria	
49-32	6702-6707	Citra	
49-33	6707-6708	,	
49-34	6709-6716	segnato	
49-35	6717-6718	n	
49-36	6718-6719	.	
49-37	6720-6724	1263	
49-38	6724-6725	,	
49-39	6726-6732	foglio	
49-40	6733-6735	21	
49-41	6735-6736	.	
49-42	6736-6737	.	

#Text=Le case dirute erano settantasei: più ancora le vuote.
50-1	6738-6740	Le	
50-2	6741-6745	case	
50-3	6746-6752	dirute	
50-4	6753-6758	erano	
50-5	6759-6770	settantasei	
50-6	6770-6771	:	
50-7	6772-6775	più	
50-8	6776-6782	ancora	
50-9	6783-6785	le	
50-10	6786-6791	vuote	
50-11	6791-6792	.	

#Text=Onde si può dire distrutto l ' intiero paese; fino a quel giorno, egli pare, i Valdesi dispersi non erano stati là entro raccolti.
51-1	6793-6797	Onde	
51-2	6798-6800	si	
51-3	6801-6804	può	
51-4	6805-6809	dire	
51-5	6810-6819	distrutto	
51-6	6820-6821	l	
51-7	6822-6823	'	
51-8	6824-6831	intiero	
51-9	6832-6837	paese	
51-10	6837-6838	;	
51-11	6839-6843	fino	
51-12	6844-6845	a	
51-13	6846-6850	quel	
51-14	6851-6857	giorno	
51-15	6857-6858	,	
51-16	6859-6863	egli	
51-17	6864-6868	pare	
51-18	6868-6869	,	
51-19	6870-6871	i	
51-20	6872-6879	Valdesi	
51-21	6880-6888	dispersi	
51-22	6889-6892	non	
51-23	6893-6898	erano	
51-24	6899-6904	stati	
51-25	6905-6907	là	
51-26	6908-6913	entro	
51-27	6914-6922	raccolti	
51-28	6922-6923	.	

#Text=Vedi Documento G, estratto dal volume de ' fuochi di Guardia in Calabria Citra, segnato n. 1263, foglio 21.
52-1	6924-6928	Vedi	
52-2	6929-6938	Documento	
52-3	6939-6940	G	
52-4	6940-6941	,	
52-5	6942-6950	estratto	
52-6	6951-6954	dal	
52-7	6955-6961	volume	
52-8	6962-6964	de	
52-9	6965-6966	'	
52-10	6967-6973	fuochi	
52-11	6974-6976	di	
52-12	6977-6984	Guardia	
52-13	6985-6987	in	
52-14	6988-6996	Calabria	
52-15	6997-7002	Citra	
52-16	7002-7003	,	
52-17	7004-7011	segnato	
52-18	7012-7013	n	
52-19	7013-7014	.	
52-20	7015-7019	1263	
52-21	7019-7020	,	
52-22	7021-7027	foglio	
52-23	7028-7030	21	
52-24	7030-7031	.	

#Text=In quella occasione si chiesero varie indicazioni, fra cui al dottor Molles, che allora procedeva in Montalto, una nota de ' pupilli eredi de ' morti giustiziati e contumaci di quella terra.
53-1	7032-7034	In	
53-2	7035-7041	quella	
53-3	7042-7051	occasione	
53-4	7052-7054	si	
53-5	7055-7063	chiesero	
53-6	7064-7069	varie	
53-7	7070-7081	indicazioni	
53-8	7081-7082	,	
53-9	7083-7086	fra	
53-10	7087-7090	cui	
53-11	7091-7093	al	
53-12	7094-7100	dottor	
53-13	7101-7107	Molles	
53-14	7107-7108	,	
53-15	7109-7112	che	
53-16	7113-7119	allora	
53-17	7120-7129	procedeva	
53-18	7130-7132	in	
53-19	7133-7141	Montalto	
53-20	7141-7142	,	
53-21	7143-7146	una	
53-22	7147-7151	nota	
53-23	7152-7154	de	
53-24	7155-7156	'	
53-25	7157-7164	pupilli	
53-26	7165-7170	eredi	
53-27	7171-7173	de	
53-28	7174-7175	'	
53-29	7176-7181	morti	
53-30	7182-7193	giustiziati	
53-31	7194-7195	e	
53-32	7196-7205	contumaci	
53-33	7206-7208	di	
53-34	7209-7215	quella	
53-35	7216-7221	terra	
53-36	7221-7222	.	

#Text=Ei rispose di non averla, promettendo di compilarla in seguito a Guardia stessa; ed aggiunse alla lettera una nota de ' giustiziati di Guardia, secondo gli atti della Regia Udienza e di fra Valerio, commissario per la sede apostolica53 Vedi Documento II, estratto dal volume de ' fuochi di Guardia..
54-1	7223-7225	Ei	
54-2	7226-7233	rispose	
54-3	7234-7236	di	
54-4	7237-7240	non	
54-5	7241-7247	averla	
54-6	7247-7248	,	
54-7	7249-7260	promettendo	
54-8	7261-7263	di	
54-9	7264-7274	compilarla	
54-10	7275-7277	in	
54-11	7278-7285	seguito	
54-12	7286-7287	a	
54-13	7288-7295	Guardia	
54-14	7296-7302	stessa	
54-15	7302-7303	;	
54-16	7304-7306	ed	
54-17	7307-7315	aggiunse	
54-18	7316-7320	alla	
54-19	7321-7328	lettera	
54-20	7329-7332	una	
54-21	7333-7337	nota	
54-22	7338-7340	de	
54-23	7341-7342	'	
54-24	7343-7354	giustiziati	
54-25	7355-7357	di	
54-26	7358-7365	Guardia	
54-27	7365-7366	,	
54-28	7367-7374	secondo	
54-29	7375-7378	gli	
54-30	7379-7383	atti	
54-31	7384-7389	della	
54-32	7390-7395	Regia	
54-33	7396-7403	Udienza	
54-34	7404-7405	e	
54-35	7406-7408	di	
54-36	7409-7412	fra	
54-37	7413-7420	Valerio	
54-38	7420-7421	,	
54-39	7422-7433	commissario	
54-40	7434-7437	per	
54-41	7438-7440	la	
54-42	7441-7445	sede	
54-43	7446-7458	apostolica53	
54-44	7459-7463	Vedi	
54-45	7464-7473	Documento	
54-46	7474-7476	II	
54-47	7476-7477	,	
54-48	7478-7486	estratto	
54-49	7487-7490	dal	
54-50	7491-7497	volume	
54-51	7498-7500	de	
54-52	7501-7502	'	
54-53	7503-7509	fuochi	
54-54	7510-7512	di	
54-55	7513-7520	Guardia	
54-56	7520-7521	.	
54-57	7521-7522	.	

#Text=In questa nota si contano ottantasei nomi, cioè di quelli, sui quali fu istituito un processo più o men regolare dall ' inquisizione e dalla Regia Udienza; e perciò non vi sono compresi i nomi di quanti subirono una giustizia sommaria per la campagna dai soldati, o a Montalto dal boia.
55-1	7523-7525	In	
55-2	7526-7532	questa	
55-3	7533-7537	nota	
55-4	7538-7540	si	
55-5	7541-7548	contano	
55-6	7549-7559	ottantasei	
55-7	7560-7564	nomi	
55-8	7564-7565	,	
55-9	7566-7570	cioè	
55-10	7571-7573	di	
55-11	7574-7580	quelli	
55-12	7580-7581	,	
55-13	7582-7585	sui	
55-14	7586-7591	quali	
55-15	7592-7594	fu	
55-16	7595-7604	istituito	
55-17	7605-7607	un	
55-18	7608-7616	processo	
55-19	7617-7620	più	
55-20	7621-7622	o	
55-21	7623-7626	men	
55-22	7627-7635	regolare	
55-23	7636-7640	dall	
55-24	7641-7642	'	
55-25	7643-7655	inquisizione	
55-26	7656-7657	e	
55-27	7658-7663	dalla	
55-28	7664-7669	Regia	
55-29	7670-7677	Udienza	
55-30	7677-7678	;	
55-31	7679-7680	e	
55-32	7681-7687	perciò	
55-33	7688-7691	non	
55-34	7692-7694	vi	
55-35	7695-7699	sono	
55-36	7700-7708	compresi	
55-37	7709-7710	i	
55-38	7711-7715	nomi	
55-39	7716-7718	di	
55-40	7719-7725	quanti	
55-41	7726-7734	subirono	
55-42	7735-7738	una	
55-43	7739-7748	giustizia	
55-44	7749-7757	sommaria	
55-45	7758-7761	per	
55-46	7762-7764	la	
55-47	7765-7773	campagna	
55-48	7774-7777	dai	
55-49	7778-7785	soldati	
55-50	7785-7786	,	
55-51	7787-7788	o	
55-52	7789-7790	a	
55-53	7791-7799	Montalto	
55-54	7800-7803	dal	
55-55	7804-7808	boia	
55-56	7808-7809	.	

#Text=Vedi Documento II, estratto dal volume de ' fuochi di Guardia.
56-1	7810-7814	Vedi	
56-2	7815-7824	Documento	
56-3	7825-7827	II	
56-4	7827-7828	,	
56-5	7829-7837	estratto	
56-6	7838-7841	dal	
56-7	7842-7848	volume	
56-8	7849-7851	de	
56-9	7852-7853	'	
56-10	7854-7860	fuochi	
56-11	7861-7863	di	
56-12	7864-7871	Guardia	
56-13	7871-7872	.	

#Text=Istituito uno spoglio e un confronto fra i due registri e la nota cosentina, potemmo rilevare per la sola Guardia su 158 famiglie 88 giustiziati, 13 impiccati, 4 ammazzati, 2 condannati alle galere e 6 esuli, obliando quelli che di morte ignota morirono54 Vedi alla fine Martirologio di Guardia..
57-1	7873-7882	Istituito	
57-2	7883-7886	uno	
57-3	7887-7894	spoglio	
57-4	7895-7896	e	
57-5	7897-7899	un	
57-6	7900-7909	confronto	
57-7	7910-7913	fra	
57-8	7914-7915	i	
57-9	7916-7919	due	
57-10	7920-7928	registri	
57-11	7929-7930	e	
57-12	7931-7933	la	
57-13	7934-7938	nota	
57-14	7939-7948	cosentina	
57-15	7948-7949	,	
57-16	7950-7957	potemmo	
57-17	7958-7966	rilevare	
57-18	7967-7970	per	
57-19	7971-7973	la	
57-20	7974-7978	sola	
57-21	7979-7986	Guardia	
57-22	7987-7989	su	
57-23	7990-7993	158	
57-24	7994-8002	famiglie	
57-25	8003-8005	88	
57-26	8006-8017	giustiziati	
57-27	8017-8018	,	
57-28	8019-8021	13	
57-29	8022-8031	impiccati	
57-30	8031-8032	,	
57-31	8033-8034	4	
57-32	8035-8044	ammazzati	
57-33	8044-8045	,	
57-34	8046-8047	2	
57-35	8048-8058	condannati	
57-36	8059-8063	alle	
57-37	8064-8070	galere	
57-38	8071-8072	e	
57-39	8073-8074	6	
57-40	8075-8080	esuli	
57-41	8080-8081	,	
57-42	8082-8090	obliando	
57-43	8091-8097	quelli	
57-44	8098-8101	che	
57-45	8102-8104	di	
57-46	8105-8110	morte	
57-47	8111-8117	ignota	
57-48	8118-8128	morirono54	
57-49	8129-8133	Vedi	
57-50	8134-8138	alla	
57-51	8139-8143	fine	
57-52	8144-8156	Martirologio	
57-53	8157-8159	di	
57-54	8160-8167	Guardia	
57-55	8167-8168	.	
57-56	8168-8169	.	

#Text=Vedi alla fine Martirologio di Guardia.
58-1	8170-8174	Vedi	
58-2	8175-8179	alla	
58-3	8180-8184	fine	
58-4	8185-8197	Martirologio	
58-5	8198-8200	di	
58-6	8201-8208	Guardia	
58-7	8208-8209	.	

#Text=Il Molles conduceva le sue operazioni con ogni diligenza, lasciando molte famiglie nella più squallida miseria, senza badare alle vedove, benchè rassegnate alla messa, e ai figliuoletti vaganti.
59-1	8210-8212	Il	
59-2	8213-8219	Molles	
59-3	8220-8229	conduceva	
59-4	8230-8232	le	
59-5	8233-8236	sue	
59-6	8237-8247	operazioni	
59-7	8248-8251	con	
59-8	8252-8256	ogni	
59-9	8257-8266	diligenza	
59-10	8266-8267	,	
59-11	8268-8277	lasciando	
59-12	8278-8283	molte	
59-13	8284-8292	famiglie	
59-14	8293-8298	nella	
59-15	8299-8302	più	
59-16	8303-8312	squallida	
59-17	8313-8320	miseria	
59-18	8320-8321	,	
59-19	8322-8327	senza	
59-20	8328-8334	badare	
59-21	8335-8339	alle	
59-22	8340-8346	vedove	
59-23	8346-8347	,	
59-24	8348-8354	benchè	
59-25	8355-8365	rassegnate	
59-26	8366-8370	alla	
59-27	8371-8376	messa	
59-28	8376-8377	,	
59-29	8378-8379	e	
59-30	8380-8382	ai	
59-31	8383-8395	figliuoletti	
59-32	8396-8403	vaganti	
59-33	8403-8404	.	

#Text=La ricchezza di que ' contadini consisteva nelle mandrie, negli attrezzi rurali e nelle vigne.
60-1	8405-8407	La	
60-2	8408-8417	ricchezza	
60-3	8418-8420	di	
60-4	8421-8424	que	
60-5	8425-8426	'	
60-6	8427-8436	contadini	
60-7	8437-8447	consisteva	
60-8	8448-8453	nelle	
60-9	8454-8461	mandrie	
60-10	8461-8462	,	
60-11	8463-8468	negli	
60-12	8469-8477	attrezzi	
60-13	8478-8484	rurali	
60-14	8485-8486	e	
60-15	8487-8492	nelle	
60-16	8493-8498	vigne	
60-17	8498-8499	.	

#Text=Il bestiame era disperso ed ucciso; le vigne tagliate; le case e le suppellettili arse.
61-1	8500-8502	Il	
61-2	8503-8511	bestiame	
61-3	8512-8515	era	
61-4	8516-8524	disperso	
61-5	8525-8527	ed	
61-6	8528-8534	ucciso	
61-7	8534-8535	;	
61-8	8536-8538	le	
61-9	8539-8544	vigne	
61-10	8545-8553	tagliate	
61-11	8553-8554	;	
61-12	8555-8557	le	
61-13	8558-8562	case	
61-14	8563-8564	e	
61-15	8565-8567	le	
61-16	8568-8581	suppellettili	
61-17	8582-8586	arse	
61-18	8586-8587	.	

#Text=Che potea restar loro?
62-1	8588-8591	Che	
62-2	8592-8597	potea	
62-3	8598-8604	restar	
62-4	8605-8609	loro	
62-5	8609-8610	?	

#Text=Nondimeno il valore de ' beni confiscati nella borgatella fu di circa 5000 ducati.
63-1	8611-8620	Nondimeno	
63-2	8621-8623	il	
63-3	8624-8630	valore	
63-4	8631-8633	de	
63-5	8634-8635	'	
63-6	8636-8640	beni	
63-7	8641-8651	confiscati	
63-8	8652-8657	nella	
63-9	8658-8668	borgatella	
63-10	8669-8671	fu	
63-11	8672-8674	di	
63-12	8675-8680	circa	
63-13	8681-8685	5000	
63-14	8686-8692	ducati	
63-15	8692-8693	.	

#Text=Filippo II, appropriandosi tali robe appartenute a morti per eresia, ebbe in orrore di contaminare il publico erario, cosa fatta nondimeno da lui più volte; e le devolse alla confraternita della Redenzione de ' Cattivi, così detta perchè consacravasi a riscattare cristiani caduti in mano degli infedeli55 Nell ' Archivio di Napoli, Commissione feudale, vol. 877..
64-1	8694-8701	Filippo	
64-2	8702-8704	II	
64-3	8704-8705	,	
64-4	8706-8720	appropriandosi	
64-5	8721-8725	tali	
64-6	8726-8730	robe	
64-7	8731-8742	appartenute	
64-8	8743-8744	a	
64-9	8745-8750	morti	
64-10	8751-8754	per	
64-11	8755-8761	eresia	
64-12	8761-8762	,	
64-13	8763-8767	ebbe	
64-14	8768-8770	in	
64-15	8771-8777	orrore	
64-16	8778-8780	di	
64-17	8781-8792	contaminare	
64-18	8793-8795	il	
64-19	8796-8803	publico	
64-20	8804-8810	erario	
64-21	8810-8811	,	
64-22	8812-8816	cosa	
64-23	8817-8822	fatta	
64-24	8823-8832	nondimeno	
64-25	8833-8835	da	
64-26	8836-8839	lui	
64-27	8840-8843	più	
64-28	8844-8849	volte	
64-29	8849-8850	;	
64-30	8851-8852	e	
64-31	8853-8855	le	
64-32	8856-8863	devolse	
64-33	8864-8868	alla	
64-34	8869-8882	confraternita	
64-35	8883-8888	della	
64-36	8889-8899	Redenzione	
64-37	8900-8902	de	
64-38	8903-8904	'	
64-39	8905-8912	Cattivi	
64-40	8912-8913	,	
64-41	8914-8918	così	
64-42	8919-8924	detta	
64-43	8925-8931	perchè	
64-44	8932-8944	consacravasi	
64-45	8945-8946	a	
64-46	8947-8957	riscattare	
64-47	8958-8967	cristiani	
64-48	8968-8974	caduti	
64-49	8975-8977	in	
64-50	8978-8982	mano	
64-51	8983-8988	degli	
64-52	8989-8999	infedeli55	
64-53	9000-9004	Nell	
64-54	9005-9006	'	
64-55	9007-9015	Archivio	
64-56	9016-9018	di	
64-57	9019-9025	Napoli	
64-58	9025-9026	,	
64-59	9027-9038	Commissione	
64-60	9039-9046	feudale	
64-61	9046-9047	,	
64-62	9048-9051	vol	
64-63	9051-9052	.	
64-64	9053-9056	877	
64-65	9056-9057	.	
64-66	9057-9058	.	

#Text=E questa nel 1567 cedevale al marchese Spinelli per metà prezzo; e il marchese finalmente passava codesti beni, per un censo annuo, allo stesso Comune di Guardia, cioè agli eredi degli uccisi.
65-1	9059-9060	E	
65-2	9061-9067	questa	
65-3	9068-9071	nel	
65-4	9072-9076	1567	
65-5	9077-9085	cedevale	
65-6	9086-9088	al	
65-7	9089-9097	marchese	
65-8	9098-9106	Spinelli	
65-9	9107-9110	per	
65-10	9111-9115	metà	
65-11	9116-9122	prezzo	
65-12	9122-9123	;	
65-13	9124-9125	e	
65-14	9126-9128	il	
65-15	9129-9137	marchese	
65-16	9138-9148	finalmente	
65-17	9149-9156	passava	
65-18	9157-9164	codesti	
65-19	9165-9169	beni	
65-20	9169-9170	,	
65-21	9171-9174	per	
65-22	9175-9177	un	
65-23	9178-9183	censo	
65-24	9184-9189	annuo	
65-25	9189-9190	,	
65-26	9191-9195	allo	
65-27	9196-9202	stesso	
65-28	9203-9209	Comune	
65-29	9210-9212	di	
65-30	9213-9220	Guardia	
65-31	9220-9221	,	
65-32	9222-9226	cioè	
65-33	9227-9231	agli	
65-34	9232-9237	eredi	
65-35	9238-9243	degli	
65-36	9244-9250	uccisi	
65-37	9250-9251	.	

#Text=Nell ' Archivio di Napoli, Commissione feudale, vol. 877.
66-1	9252-9256	Nell	
66-2	9257-9258	'	
66-3	9259-9267	Archivio	
66-4	9268-9270	di	
66-5	9271-9277	Napoli	
66-6	9277-9278	,	
66-7	9279-9290	Commissione	
66-8	9291-9298	feudale	
66-9	9298-9299	,	
66-10	9300-9303	vol	
66-11	9303-9304	.	
66-12	9305-9308	877	
66-13	9308-9309	.	

#Text=Dopo il sangue, la spogliazione e le beffe.
67-1	9310-9314	Dopo	
67-2	9315-9317	il	
67-3	9318-9324	sangue	
67-4	9324-9325	,	
67-5	9326-9328	la	
67-6	9329-9341	spogliazione	
67-7	9342-9343	e	
67-8	9344-9346	le	
67-9	9347-9352	beffe	
67-10	9352-9353	.	
