#FORMAT=WebAnno TSV 3.3


#Text=Besides these, the island of Java, and particularly the country round Batavia, produces many kinds of fruit which were not in season during our stay; we were also told that apples, strawberries, and many other fruits from Europe, had been planted up in the mountains, and flourished there in great luxuriance.
1-1	0-7	Besides	
1-2	8-13	these	
1-3	13-14	,	
1-4	15-18	the	
1-5	19-25	island	
1-6	26-28	of	
1-7	29-33	Java	
1-8	33-34	,	
1-9	35-38	and	
1-10	39-51	particularly	
1-11	52-55	the	
1-12	56-63	country	
1-13	64-69	round	
1-14	70-77	Batavia	
1-15	77-78	,	
1-16	79-87	produces	
1-17	88-92	many	
1-18	93-98	kinds	
1-19	99-101	of	
1-20	102-107	fruit	
1-21	108-113	which	
1-22	114-118	were	
1-23	119-122	not	
1-24	123-125	in	
1-25	126-132	season	
1-26	133-139	during	
1-27	140-143	our	
1-28	144-148	stay	
1-29	148-149	;	
1-30	150-152	we	
1-31	153-157	were	
1-32	158-162	also	
1-33	163-167	told	
1-34	168-172	that	
1-35	173-179	apples	
1-36	179-180	,	
1-37	181-193	strawberries	
1-38	193-194	,	
1-39	195-198	and	
1-40	199-203	many	
1-41	204-209	other	
1-42	210-216	fruits	
1-43	217-221	from	
1-44	222-228	Europe	
1-45	228-229	,	
1-46	230-233	had	
1-47	234-238	been	
1-48	239-246	planted	
1-49	247-249	up	
1-50	250-252	in	
1-51	253-256	the	
1-52	257-266	mountains	
1-53	266-267	,	
1-54	268-271	and	
1-55	272-282	flourished	
1-56	283-288	there	
1-57	289-291	in	
1-58	292-297	great	
1-59	298-308	luxuriance	
1-60	308-309	.	

#Text=We saw several fruits preserved in sugar, that we did not see recent from the tree, one of which is called Kimkit, and another Boa Atap: and here are several others which are eaten only by the natives, particularly the Kellor, the Guilindina, the Moringa, and the Soccum.
2-1	310-312	We	
2-2	313-316	saw	
2-3	317-324	several	
2-4	325-331	fruits	
2-5	332-341	preserved	
2-6	342-344	in	
2-7	345-350	sugar	
2-8	350-351	,	
2-9	352-356	that	
2-10	357-359	we	
2-11	360-363	did	
2-12	364-367	not	
2-13	368-371	see	
2-14	372-378	recent	
2-15	379-383	from	
2-16	384-387	the	
2-17	388-392	tree	
2-18	392-393	,	
2-19	394-397	one	
2-20	398-400	of	
2-21	401-406	which	
2-22	407-409	is	
2-23	410-416	called	
2-24	417-423	Kimkit	
2-25	423-424	,	
2-26	425-428	and	
2-27	429-436	another	
2-28	437-440	Boa	
2-29	441-445	Atap	
2-30	445-446	:	
2-31	447-450	and	
2-32	451-455	here	
2-33	456-459	are	
2-34	460-467	several	
2-35	468-474	others	
2-36	475-480	which	
2-37	481-484	are	
2-38	485-490	eaten	
2-39	491-495	only	
2-40	496-498	by	
2-41	499-502	the	
2-42	503-510	natives	
2-43	510-511	,	
2-44	512-524	particularly	
2-45	525-528	the	
2-46	529-535	Kellor	
2-47	535-536	,	
2-48	537-540	the	
2-49	541-551	Guilindina	
2-50	551-552	,	
2-51	553-556	the	
2-52	557-564	Moringa	
2-53	564-565	,	
2-54	566-569	and	
2-55	570-573	the	
2-56	574-580	Soccum	
2-57	580-581	.	

#Text=The Soccum is of the same kind with the bread-fruit in the South Sea islands, but so much inferior, that if it had not been for the similitude in the outward appearance both of the fruit and the tree, we should not have referred it to that class.
3-1	582-585	The	
3-2	586-592	Soccum	
3-3	593-595	is	
3-4	596-598	of	
3-5	599-602	the	
3-6	603-607	same	
3-7	608-612	kind	
3-8	613-617	with	
3-9	618-621	the	
3-10	622-633	bread-fruit	
3-11	634-636	in	
3-12	637-640	the	
3-13	641-646	South	
3-14	647-650	Sea	
3-15	651-658	islands	
3-16	658-659	,	
3-17	660-663	but	
3-18	664-666	so	
3-19	667-671	much	
3-20	672-680	inferior	
3-21	680-681	,	
3-22	682-686	that	
3-23	687-689	if	
3-24	690-692	it	
3-25	693-696	had	
3-26	697-700	not	
3-27	701-705	been	
3-28	706-709	for	
3-29	710-713	the	
3-30	714-724	similitude	
3-31	725-727	in	
3-32	728-731	the	
3-33	732-739	outward	
3-34	740-750	appearance	
3-35	751-755	both	
3-36	756-758	of	
3-37	759-762	the	
3-38	763-768	fruit	
3-39	769-772	and	
3-40	773-776	the	
3-41	777-781	tree	
3-42	781-782	,	
3-43	783-785	we	
3-44	786-792	should	
3-45	793-796	not	
3-46	797-801	have	
3-47	802-810	referred	
3-48	811-813	it	
3-49	814-816	to	
3-50	817-821	that	
3-51	822-827	class	
3-52	827-828	.	

#Text=These and some others do not merit to be particularly mentioned.
4-1	829-834	These	
4-2	835-838	and	
4-3	839-843	some	
4-4	844-850	others	
4-5	851-853	do	
4-6	854-857	not	
4-7	858-863	merit	
4-8	864-866	to	
4-9	867-869	be	
4-10	870-882	particularly	
4-11	883-892	mentioned	
4-12	892-893	.	

#Text=The quantity of fruit that is consumed at Batavia is incredible; but that which is publicly exposed to sale is generally over-ripe.
5-1	895-898	The	
5-2	899-907	quantity	
5-3	908-910	of	
5-4	911-916	fruit	
5-5	917-921	that	
5-6	922-924	is	
5-7	925-933	consumed	
5-8	934-936	at	
5-9	937-944	Batavia	
5-10	945-947	is	
5-11	948-958	incredible	
5-12	958-959	;	
5-13	960-963	but	
5-14	964-968	that	
5-15	969-974	which	
5-16	975-977	is	
5-17	978-986	publicly	
5-18	987-994	exposed	
5-19	995-997	to	
5-20	998-1002	sale	
5-21	1003-1005	is	
5-22	1006-1015	generally	
5-23	1016-1025	over-ripe	
5-24	1025-1026	.	

#Text=A stranger however may get good fruit in a street called Passar Pissang, which lies north from the great church,
#Text=
#Text=and very near it.
6-1	1027-1028	A	
6-2	1029-1037	stranger	
6-3	1038-1045	however	
6-4	1046-1049	may	
6-5	1050-1053	get	
6-6	1054-1058	good	
6-7	1059-1064	fruit	
6-8	1065-1067	in	
6-9	1068-1069	a	
6-10	1070-1076	street	
6-11	1077-1083	called	
6-12	1084-1090	Passar	
6-13	1091-1098	Pissang	
6-14	1098-1099	,	
6-15	1100-1105	which	
6-16	1106-1110	lies	
6-17	1111-1116	north	
6-18	1117-1121	from	
6-19	1122-1125	the	
6-20	1126-1131	great	
6-21	1132-1138	church	
6-22	1138-1139	,	
6-23	1141-1144	and	
6-24	1145-1149	very	
6-25	1150-1154	near	
6-26	1155-1157	it	
6-27	1157-1158	.	

#Text=This street is inhabited by none but Chinese fruit-sellers, who are supplied from the gardens of Gentlemen in the neighbourhood of the town, with such as is fresh, and excellent in its kind, for which however they must be paid more than four times the market price.
7-1	1159-1163	This	
7-2	1164-1170	street	
7-3	1171-1173	is	
7-4	1174-1183	inhabited	
7-5	1184-1186	by	
7-6	1187-1191	none	
7-7	1192-1195	but	
7-8	1196-1203	Chinese	
7-9	1204-1217	fruit-sellers	
7-10	1217-1218	,	
7-11	1219-1222	who	
7-12	1223-1226	are	
7-13	1227-1235	supplied	
7-14	1236-1240	from	
7-15	1241-1244	the	
7-16	1245-1252	gardens	
7-17	1253-1255	of	
7-18	1256-1265	Gentlemen	
7-19	1266-1268	in	
7-20	1269-1272	the	
7-21	1273-1286	neighbourhood	
7-22	1287-1289	of	
7-23	1290-1293	the	
7-24	1294-1298	town	
7-25	1298-1299	,	
7-26	1300-1304	with	
7-27	1305-1309	such	
7-28	1310-1312	as	
7-29	1313-1315	is	
7-30	1316-1321	fresh	
7-31	1321-1322	,	
7-32	1323-1326	and	
7-33	1327-1336	excellent	
7-34	1337-1339	in	
7-35	1340-1343	its	
7-36	1344-1348	kind	
7-37	1348-1349	,	
7-38	1350-1353	for	
7-39	1354-1359	which	
7-40	1360-1367	however	
7-41	1368-1372	they	
7-42	1373-1377	must	
7-43	1378-1380	be	
7-44	1381-1385	paid	
7-45	1386-1390	more	
7-46	1391-1395	than	
7-47	1396-1400	four	
7-48	1401-1406	times	
7-49	1407-1410	the	
7-50	1411-1417	market	
7-51	1418-1423	price	
7-52	1423-1424	.	

#Text=The town in general is supplied from a considerable distance, where great quantities of land are cultivated merely for the production of fruit.
8-1	1426-1429	The	
8-2	1430-1434	town	
8-3	1435-1437	in	
8-4	1438-1445	general	
8-5	1446-1448	is	
8-6	1449-1457	supplied	
8-7	1458-1462	from	
8-8	1463-1464	a	
8-9	1465-1477	considerable	
8-10	1478-1486	distance	
8-11	1486-1487	,	
8-12	1488-1493	where	
8-13	1494-1499	great	
8-14	1500-1510	quantities	
8-15	1511-1513	of	
8-16	1514-1518	land	
8-17	1519-1522	are	
8-18	1523-1533	cultivated	
8-19	1534-1540	merely	
8-20	1541-1544	for	
8-21	1545-1548	the	
8-22	1549-1559	production	
8-23	1560-1562	of	
8-24	1563-1568	fruit	
8-25	1568-1569	.	

#Text=The country people, to whom these lands belong, meet the people of the town at two great markets; one on Monday, called Passar Sineen; and the other on Saturday, called Passar Tanabank.
9-1	1570-1573	The	
9-2	1574-1581	country	
9-3	1582-1588	people	
9-4	1588-1589	,	
9-5	1590-1592	to	
9-6	1593-1597	whom	
9-7	1598-1603	these	
9-8	1604-1609	lands	
9-9	1610-1616	belong	
9-10	1616-1617	,	
9-11	1618-1622	meet	
9-12	1623-1626	the	
9-13	1627-1633	people	
9-14	1634-1636	of	
9-15	1637-1640	the	
9-16	1641-1645	town	
9-17	1646-1648	at	
9-18	1649-1652	two	
9-19	1653-1658	great	
9-20	1659-1666	markets	
9-21	1666-1667	;	
9-22	1668-1671	one	
9-23	1672-1674	on	
9-24	1675-1681	Monday	
9-25	1681-1682	,	
9-26	1683-1689	called	
9-27	1690-1696	Passar	
9-28	1697-1703	Sineen	
9-29	1703-1704	;	
9-30	1705-1708	and	
9-31	1709-1712	the	
9-32	1713-1718	other	
9-33	1719-1721	on	
9-34	1722-1730	Saturday	
9-35	1730-1731	,	
9-36	1732-1738	called	
9-37	1739-1745	Passar	
9-38	1746-1754	Tanabank	
9-39	1754-1755	.	

#Text=These fairs are held at places considerably distant from each other, for the convenience of different districts; neither of them however are more than five miles distant from Batavia.
10-1	1756-1761	These	
10-2	1762-1767	fairs	
10-3	1768-1771	are	
10-4	1772-1776	held	
10-5	1777-1779	at	
10-6	1780-1786	places	
10-7	1787-1799	considerably	
10-8	1800-1807	distant	
10-9	1808-1812	from	
10-10	1813-1817	each	
10-11	1818-1823	other	
10-12	1823-1824	,	
10-13	1825-1828	for	
10-14	1829-1832	the	
10-15	1833-1844	convenience	
10-16	1845-1847	of	
10-17	1848-1857	different	
10-18	1858-1867	districts	
10-19	1867-1868	;	
10-20	1869-1876	neither	
10-21	1877-1879	of	
10-22	1880-1884	them	
10-23	1885-1892	however	
10-24	1893-1896	are	
10-25	1897-1901	more	
10-26	1902-1906	than	
10-27	1907-1911	five	
10-28	1912-1917	miles	
10-29	1918-1925	distant	
10-30	1926-1930	from	
10-31	1931-1938	Batavia	
10-32	1938-1939	.	

#Text=At these fairs, the best fruit may be bought at the cheapest rate; and the sight of them to a European is very entertaining.
11-1	1940-1942	At	
11-2	1943-1948	these	
11-3	1949-1954	fairs	
11-4	1954-1955	,	
11-5	1956-1959	the	
11-6	1960-1964	best	
11-7	1965-1970	fruit	
11-8	1971-1974	may	
11-9	1975-1977	be	
11-10	1978-1984	bought	
11-11	1985-1987	at	
11-12	1988-1991	the	
11-13	1992-2000	cheapest	
11-14	2001-2005	rate	
11-15	2005-2006	;	
11-16	2007-2010	and	
11-17	2011-2014	the	
11-18	2015-2020	sight	
11-19	2021-2023	of	
11-20	2024-2028	them	
11-21	2029-2031	to	
11-22	2032-2033	a	
11-23	2034-2042	European	
11-24	2043-2045	is	
11-25	2046-2050	very	
11-26	2051-2063	entertaining	
11-27	2063-2064	.	

#Text=The quantity of fruit is astonishing; forty or fifty cart loads of the finest pine apples, packed as carelessly as turneps in England, are common, and other fruit in the same profusion.
12-1	2065-2068	The	
12-2	2069-2077	quantity	
12-3	2078-2080	of	
12-4	2081-2086	fruit	
12-5	2087-2089	is	
12-6	2090-2101	astonishing	
12-7	2101-2102	;	
12-8	2103-2108	forty	
12-9	2109-2111	or	
12-10	2112-2117	fifty	
12-11	2118-2122	cart	
12-12	2123-2128	loads	
12-13	2129-2131	of	
12-14	2132-2135	the	
12-15	2136-2142	finest	
12-16	2143-2147	pine	
12-17	2148-2154	apples	
12-18	2154-2155	,	
12-19	2156-2162	packed	
12-20	2163-2165	as	
12-21	2166-2176	carelessly	
12-22	2177-2179	as	
12-23	2180-2187	turneps	
12-24	2188-2190	in	
12-25	2191-2198	England	
12-26	2198-2199	,	
12-27	2200-2203	are	
12-28	2204-2210	common	
12-29	2210-2211	,	
12-30	2212-2215	and	
12-31	2216-2221	other	
12-32	2222-2227	fruit	
12-33	2228-2230	in	
12-34	2231-2234	the	
12-35	2235-2239	same	
12-36	2240-2249	profusion	
12-37	2249-2250	.	

#Text=The days however on which these markets are held are ill contrived; the time between Saturday and Monday is too short, and that between Monday and Saturday too long: great part of what is bought on Monday is always much the worse for keeping before a new stock can be bought, either by the retailer or consumer; so that for several days in every week there is no good fruit in the hands of any people but the Chinese in Passar Pissang.
13-1	2251-2254	The	
13-2	2255-2259	days	
13-3	2260-2267	however	
13-4	2268-2270	on	
13-5	2271-2276	which	
13-6	2277-2282	these	
13-7	2283-2290	markets	
13-8	2291-2294	are	
13-9	2295-2299	held	
13-10	2300-2303	are	
13-11	2304-2307	ill	
13-12	2308-2317	contrived	
13-13	2317-2318	;	
13-14	2319-2322	the	
13-15	2323-2327	time	
13-16	2328-2335	between	
13-17	2336-2344	Saturday	
13-18	2345-2348	and	
13-19	2349-2355	Monday	
13-20	2356-2358	is	
13-21	2359-2362	too	
13-22	2363-2368	short	
13-23	2368-2369	,	
13-24	2370-2373	and	
13-25	2374-2378	that	
13-26	2379-2386	between	
13-27	2387-2393	Monday	
13-28	2394-2397	and	
13-29	2398-2406	Saturday	
13-30	2407-2410	too	
13-31	2411-2415	long	
13-32	2415-2416	:	
13-33	2417-2422	great	
13-34	2423-2427	part	
13-35	2428-2430	of	
13-36	2431-2435	what	
13-37	2436-2438	is	
13-38	2439-2445	bought	
13-39	2446-2448	on	
13-40	2449-2455	Monday	
13-41	2456-2458	is	
13-42	2459-2465	always	
13-43	2466-2470	much	
13-44	2471-2474	the	
13-45	2475-2480	worse	
13-46	2481-2484	for	
13-47	2485-2492	keeping	
13-48	2493-2499	before	
13-49	2500-2501	a	
13-50	2502-2505	new	
13-51	2506-2511	stock	
13-52	2512-2515	can	
13-53	2516-2518	be	
13-54	2519-2525	bought	
13-55	2525-2526	,	
13-56	2527-2533	either	
13-57	2534-2536	by	
13-58	2537-2540	the	
13-59	2541-2549	retailer	
13-60	2550-2552	or	
13-61	2553-2561	consumer	
13-62	2561-2562	;	
13-63	2563-2565	so	
13-64	2566-2570	that	
13-65	2571-2574	for	
13-66	2575-2582	several	
13-67	2583-2587	days	
13-68	2588-2590	in	
13-69	2591-2596	every	
13-70	2597-2601	week	
13-71	2602-2607	there	
13-72	2608-2610	is	
13-73	2611-2613	no	
13-74	2614-2618	good	
13-75	2619-2624	fruit	
13-76	2625-2627	in	
13-77	2628-2631	the	
13-78	2632-2637	hands	
13-79	2638-2640	of	
13-80	2641-2644	any	
13-81	2645-2651	people	
13-82	2652-2655	but	
13-83	2656-2659	the	
13-84	2660-2667	Chinese	
13-85	2668-2670	in	
13-86	2671-2677	Passar	
13-87	2678-2685	Pissang	
13-88	2685-2686	.	

#Text=The inhabitants of this part of India practise a luxury which seems to be but little attended to in other countries; they are continually burning aromatic woods and resins, and scatter odours round them in a profusion of flowers, possibly as an antidote to the noisome effluvia of their ditches
#Text=
#Text=and canals.
14-1	2688-2691	The	
14-2	2692-2703	inhabitants	
14-3	2704-2706	of	
14-4	2707-2711	this	
14-5	2712-2716	part	
14-6	2717-2719	of	
14-7	2720-2725	India	
14-8	2726-2734	practise	
14-9	2735-2736	a	
14-10	2737-2743	luxury	
14-11	2744-2749	which	
14-12	2750-2755	seems	
14-13	2756-2758	to	
14-14	2759-2761	be	
14-15	2762-2765	but	
14-16	2766-2772	little	
14-17	2773-2781	attended	
14-18	2782-2784	to	
14-19	2785-2787	in	
14-20	2788-2793	other	
14-21	2794-2803	countries	
14-22	2803-2804	;	
14-23	2805-2809	they	
14-24	2810-2813	are	
14-25	2814-2825	continually	
14-26	2826-2833	burning	
14-27	2834-2842	aromatic	
14-28	2843-2848	woods	
14-29	2849-2852	and	
14-30	2853-2859	resins	
14-31	2859-2860	,	
14-32	2861-2864	and	
14-33	2865-2872	scatter	
14-34	2873-2879	odours	
14-35	2880-2885	round	
14-36	2886-2890	them	
14-37	2891-2893	in	
14-38	2894-2895	a	
14-39	2896-2905	profusion	
14-40	2906-2908	of	
14-41	2909-2916	flowers	
14-42	2916-2917	,	
14-43	2918-2926	possibly	
14-44	2927-2929	as	
14-45	2930-2932	an	
14-46	2933-2941	antidote	
14-47	2942-2944	to	
14-48	2945-2948	the	
14-49	2949-2956	noisome	
14-50	2957-2965	effluvia	
14-51	2966-2968	of	
14-52	2969-2974	their	
14-53	2975-2982	ditches	
14-54	2984-2987	and	
14-55	2988-2994	canals	
14-56	2994-2995	.	

#Text=Of sweet smelling flowers they have a great variety, altogether unknown in Europe, the chief of which I shall briefly describe.
#Text=
#Text=1.
15-1	2996-2998	Of	
15-2	2999-3004	sweet	
15-3	3005-3013	smelling	
15-4	3014-3021	flowers	
15-5	3022-3026	they	
15-6	3027-3031	have	
15-7	3032-3033	a	
15-8	3034-3039	great	
15-9	3040-3047	variety	
15-10	3047-3048	,	
15-11	3049-3059	altogether	
15-12	3060-3067	unknown	
15-13	3068-3070	in	
15-14	3071-3077	Europe	
15-15	3077-3078	,	
15-16	3079-3082	the	
15-17	3083-3088	chief	
15-18	3089-3091	of	
15-19	3092-3097	which	
15-20	3098-3099	I	
15-21	3100-3105	shall	
15-22	3106-3113	briefly	
15-23	3114-3122	describe	
15-24	3122-3123	.	
15-25	3125-3126	1	
15-26	3126-3127	.	

#Text=The Champacka, or Michelia Champacca.
16-1	3128-3131	The	
16-2	3132-3141	Champacka	
16-3	3141-3142	,	
16-4	3143-3145	or	
16-5	3146-3154	Michelia	
16-6	3155-3164	Champacca	
16-7	3164-3165	.	

#Text=This grows upon a tree as large as an apple tree, and consists of fifteen long narrow petala, which give it the appearance of being double, though in reality it is not so: its colour is yellow, and much deeper than that of a jonquil, to which it has some resemblance in smell .
#Text=
#Text=2.
17-1	3166-3170	This	
17-2	3171-3176	grows	
17-3	3177-3181	upon	
17-4	3182-3183	a	
17-5	3184-3188	tree	
17-6	3189-3191	as	
17-7	3192-3197	large	
17-8	3198-3200	as	
17-9	3201-3203	an	
17-10	3204-3209	apple	
17-11	3210-3214	tree	
17-12	3214-3215	,	
17-13	3216-3219	and	
17-14	3220-3228	consists	
17-15	3229-3231	of	
17-16	3232-3239	fifteen	
17-17	3240-3244	long	
17-18	3245-3251	narrow	
17-19	3252-3258	petala	
17-20	3258-3259	,	
17-21	3260-3265	which	
17-22	3266-3270	give	
17-23	3271-3273	it	
17-24	3274-3277	the	
17-25	3278-3288	appearance	
17-26	3289-3291	of	
17-27	3292-3297	being	
17-28	3298-3304	double	
17-29	3304-3305	,	
17-30	3306-3312	though	
17-31	3313-3315	in	
17-32	3316-3323	reality	
17-33	3324-3326	it	
17-34	3327-3329	is	
17-35	3330-3333	not	
17-36	3334-3336	so	
17-37	3336-3337	:	
17-38	3338-3341	its	
17-39	3342-3348	colour	
17-40	3349-3351	is	
17-41	3352-3358	yellow	
17-42	3358-3359	,	
17-43	3360-3363	and	
17-44	3364-3368	much	
17-45	3369-3375	deeper	
17-46	3376-3380	than	
17-47	3381-3385	that	
17-48	3386-3388	of	
17-49	3389-3390	a	
17-50	3391-3398	jonquil	
17-51	3398-3399	,	
17-52	3400-3402	to	
17-53	3403-3408	which	
17-54	3409-3411	it	
17-55	3412-3415	has	
17-56	3416-3420	some	
17-57	3421-3432	resemblance	
17-58	3433-3435	in	
17-59	3436-3441	smell	
17-60	3442-3443	.	
17-61	3445-3446	2	
17-62	3446-3447	.	

#Text=The Cananga, or Uvaria Cananga, is a green flower, not at all resembling the blossom of any tree or plant in Europe: it has indeed more the appearance of a bunch of leaves than a flower; its scent is agreeable, but altogether peculiar to itself.
#Text=
#Text=3.
18-1	3448-3451	The	
18-2	3452-3459	Cananga	
18-3	3459-3460	,	
18-4	3461-3463	or	
18-5	3464-3470	Uvaria	
18-6	3471-3478	Cananga	
18-7	3478-3479	,	
18-8	3480-3482	is	
18-9	3483-3484	a	
18-10	3485-3490	green	
18-11	3491-3497	flower	
18-12	3497-3498	,	
18-13	3499-3502	not	
18-14	3503-3505	at	
18-15	3506-3509	all	
18-16	3510-3520	resembling	
18-17	3521-3524	the	
18-18	3525-3532	blossom	
18-19	3533-3535	of	
18-20	3536-3539	any	
18-21	3540-3544	tree	
18-22	3545-3547	or	
18-23	3548-3553	plant	
18-24	3554-3556	in	
18-25	3557-3563	Europe	
18-26	3563-3564	:	
18-27	3565-3567	it	
18-28	3568-3571	has	
18-29	3572-3578	indeed	
18-30	3579-3583	more	
18-31	3584-3587	the	
18-32	3588-3598	appearance	
18-33	3599-3601	of	
18-34	3602-3603	a	
18-35	3604-3609	bunch	
18-36	3610-3612	of	
18-37	3613-3619	leaves	
18-38	3620-3624	than	
18-39	3625-3626	a	
18-40	3627-3633	flower	
18-41	3633-3634	;	
18-42	3635-3638	its	
18-43	3639-3644	scent	
18-44	3645-3647	is	
18-45	3648-3657	agreeable	
18-46	3657-3658	,	
18-47	3659-3662	but	
18-48	3663-3673	altogether	
18-49	3674-3682	peculiar	
18-50	3683-3685	to	
18-51	3686-3692	itself	
18-52	3692-3693	.	
18-53	3695-3696	3	
18-54	3696-3697	.	

#Text=The Mulatti, or Nyctanthes Sambac.
19-1	3698-3701	The	
19-2	3702-3709	Mulatti	
19-3	3709-3710	,	
19-4	3711-3713	or	
19-5	3714-3724	Nyctanthes	
19-6	3725-3731	Sambac	
19-7	3731-3732	.	

#Text=This is well known in English hot-houses by the name of Arabian jessamine: it grows here in the greatest profusion, and its fragrance, like that of all other Indian flowers, though exquisitely pleasing, has not that over-powering strength which distinguishes some of the same sorts in Europe.
#Text=
#Text=4, 5.
20-1	3733-3737	This	
20-2	3738-3740	is	
20-3	3741-3745	well	
20-4	3746-3751	known	
20-5	3752-3754	in	
20-6	3755-3762	English	
20-7	3763-3773	hot-houses	
20-8	3774-3776	by	
20-9	3777-3780	the	
20-10	3781-3785	name	
20-11	3786-3788	of	
20-12	3789-3796	Arabian	
20-13	3797-3806	jessamine	
20-14	3806-3807	:	
20-15	3808-3810	it	
20-16	3811-3816	grows	
20-17	3817-3821	here	
20-18	3822-3824	in	
20-19	3825-3828	the	
20-20	3829-3837	greatest	
20-21	3838-3847	profusion	
20-22	3847-3848	,	
20-23	3849-3852	and	
20-24	3853-3856	its	
20-25	3857-3866	fragrance	
20-26	3866-3867	,	
20-27	3868-3872	like	
20-28	3873-3877	that	
20-29	3878-3880	of	
20-30	3881-3884	all	
20-31	3885-3890	other	
20-32	3891-3897	Indian	
20-33	3898-3905	flowers	
20-34	3905-3906	,	
20-35	3907-3913	though	
20-36	3914-3925	exquisitely	
20-37	3926-3934	pleasing	
20-38	3934-3935	,	
20-39	3936-3939	has	
20-40	3940-3943	not	
20-41	3944-3948	that	
20-42	3949-3962	over-powering	
20-43	3963-3971	strength	
20-44	3972-3977	which	
20-45	3978-3991	distinguishes	
20-46	3992-3996	some	
20-47	3997-3999	of	
20-48	4000-4003	the	
20-49	4004-4008	same	
20-50	4009-4014	sorts	
20-51	4015-4017	in	
20-52	4018-4024	Europe	
20-53	4024-4025	.	
20-54	4027-4028	4	
20-55	4028-4029	,	
20-56	4030-4031	5	
20-57	4031-4032	.	

#Text=The Combang Caracnassi, and Combang Tonquin, Percularia Glabro.
21-1	4033-4036	The	
21-2	4037-4044	Combang	
21-3	4045-4055	Caracnassi	
21-4	4055-4056	,	
21-5	4057-4060	and	
21-6	4061-4068	Combang	
21-7	4069-4076	Tonquin	
21-8	4076-4077	,	
21-9	4078-4088	Percularia	
21-10	4089-4095	Glabro	
21-11	4095-4096	.	

#Text=These are small flowers, of the dog ' s-bane kind, very much resembling each other in shape and smell, highly fragrant, but very different from every product of an English garden.
#Text=
#Text=6.
22-1	4097-4102	These	
22-2	4103-4106	are	
22-3	4107-4112	small	
22-4	4113-4120	flowers	
22-5	4120-4121	,	
22-6	4122-4124	of	
22-7	4125-4128	the	
22-8	4129-4132	dog	
22-9	4133-4134	'	
22-10	4135-4141	s-bane	
22-11	4142-4146	kind	
22-12	4146-4147	,	
22-13	4148-4152	very	
22-14	4153-4157	much	
22-15	4158-4168	resembling	
22-16	4169-4173	each	
22-17	4174-4179	other	
22-18	4180-4182	in	
22-19	4183-4188	shape	
22-20	4189-4192	and	
22-21	4193-4198	smell	
22-22	4198-4199	,	
22-23	4200-4206	highly	
22-24	4207-4215	fragrant	
22-25	4215-4216	,	
22-26	4217-4220	but	
22-27	4221-4225	very	
22-28	4226-4235	different	
22-29	4236-4240	from	
22-30	4241-4246	every	
22-31	4247-4254	product	
22-32	4255-4257	of	
22-33	4258-4260	an	
22-34	4261-4268	English	
22-35	4269-4275	garden	
22-36	4275-4276	.	
22-37	4278-4279	6	
22-38	4279-4280	.	

#Text=The Bonga Tanjong, or Mimusops Elengi of Linnaeus.
23-1	4281-4284	The	
23-2	4285-4290	Bonga	
23-3	4291-4298	Tanjong	
23-4	4298-4299	,	
23-5	4300-4302	or	
23-6	4303-4311	Mimusops	
23-7	4312-4318	Elengi	
23-8	4319-4321	of	
23-9	4322-4330	Linnaeus	
23-10	4330-4331	.	

#Text=This flower is shaped like a star of seven or eight rays, and is about half an inch in diameter; it is of a yellowish colour, and has an agreeable smell.
24-1	4332-4336	This	
24-2	4337-4343	flower	
24-3	4344-4346	is	
24-4	4347-4353	shaped	
24-5	4354-4358	like	
24-6	4359-4360	a	
24-7	4361-4365	star	
24-8	4366-4368	of	
24-9	4369-4374	seven	
24-10	4375-4377	or	
24-11	4378-4383	eight	
24-12	4384-4388	rays	
24-13	4388-4389	,	
24-14	4390-4393	and	
24-15	4394-4396	is	
24-16	4397-4402	about	
24-17	4403-4407	half	
24-18	4408-4410	an	
24-19	4411-4415	inch	
24-20	4416-4418	in	
24-21	4419-4427	diameter	
24-22	4427-4428	;	
24-23	4429-4431	it	
24-24	4432-4434	is	
24-25	4435-4437	of	
24-26	4438-4439	a	
24-27	4440-4449	yellowish	
24-28	4450-4456	colour	
24-29	4456-4457	,	
24-30	4458-4461	and	
24-31	4462-4465	has	
24-32	4466-4468	an	
24-33	4469-4478	agreeable	
24-34	4479-4484	smell	
24-35	4484-4485	.	

#Text=Besides these, there is the Sundal Malam, or Polianthes Tuberosa.
25-1	4487-4494	Besides	
25-2	4495-4500	these	
25-3	4500-4501	,	
25-4	4502-4507	there	
25-5	4508-4510	is	
25-6	4511-4514	the	
25-7	4515-4521	Sundal	
25-8	4522-4527	Malam	
25-9	4527-4528	,	
25-10	4529-4531	or	
25-11	4532-4542	Polianthes	
25-12	4543-4551	Tuberosa	
25-13	4551-4552	.	

#Text=This flower, being the same with our own tuberose, can
#Text=
#Text=have no place among those that are unknown in Europe, but I mention it for its Malay name, which signifies "Intriguer of the Night," and is not inelegantly conceived.
26-1	4553-4557	This	
26-2	4558-4564	flower	
26-3	4564-4565	,	
26-4	4566-4571	being	
26-5	4572-4575	the	
26-6	4576-4580	same	
26-7	4581-4585	with	
26-8	4586-4589	our	
26-9	4590-4593	own	
26-10	4594-4602	tuberose	
26-11	4602-4603	,	
26-12	4604-4607	can	
26-13	4609-4613	have	
26-14	4614-4616	no	
26-15	4617-4622	place	
26-16	4623-4628	among	
26-17	4629-4634	those	
26-18	4635-4639	that	
26-19	4640-4643	are	
26-20	4644-4651	unknown	
26-21	4652-4654	in	
26-22	4655-4661	Europe	
26-23	4661-4662	,	
26-24	4663-4666	but	
26-25	4667-4668	I	
26-26	4669-4676	mention	
26-27	4677-4679	it	
26-28	4680-4683	for	
26-29	4684-4687	its	
26-30	4688-4693	Malay	
26-31	4694-4698	name	
26-32	4698-4699	,	
26-33	4700-4705	which	
26-34	4706-4715	signifies	
26-35	4716-4717	"	
26-36	4717-4726	Intriguer	
26-37	4727-4729	of	
26-38	4730-4733	the	
26-39	4734-4739	Night	
26-40	4739-4740	,	
26-41	4740-4741	"	
26-42	4742-4745	and	
26-43	4746-4748	is	
26-44	4749-4752	not	
26-45	4753-4764	inelegantly	
26-46	4765-4774	conceived	
26-47	4774-4775	.	

#Text=The heat of this climate is so great, that few flowers exhale their sweets in the day; and this in particular, from its total want of scent at that time, and the modesty of its colour, which is white, seems negligent of attracting admirers, but as soon as night comes on, it diffuses its fragrance, and at once compels the attention, and excites the complacency of all who approach it.
27-1	4776-4779	The	
27-2	4780-4784	heat	
27-3	4785-4787	of	
27-4	4788-4792	this	
27-5	4793-4800	climate	
27-6	4801-4803	is	
27-7	4804-4806	so	
27-8	4807-4812	great	
27-9	4812-4813	,	
27-10	4814-4818	that	
27-11	4819-4822	few	
27-12	4823-4830	flowers	
27-13	4831-4837	exhale	
27-14	4838-4843	their	
27-15	4844-4850	sweets	
27-16	4851-4853	in	
27-17	4854-4857	the	
27-18	4858-4861	day	
27-19	4861-4862	;	
27-20	4863-4866	and	
27-21	4867-4871	this	
27-22	4872-4874	in	
27-23	4875-4885	particular	
27-24	4885-4886	,	
27-25	4887-4891	from	
27-26	4892-4895	its	
27-27	4896-4901	total	
27-28	4902-4906	want	
27-29	4907-4909	of	
27-30	4910-4915	scent	
27-31	4916-4918	at	
27-32	4919-4923	that	
27-33	4924-4928	time	
27-34	4928-4929	,	
27-35	4930-4933	and	
27-36	4934-4937	the	
27-37	4938-4945	modesty	
27-38	4946-4948	of	
27-39	4949-4952	its	
27-40	4953-4959	colour	
27-41	4959-4960	,	
27-42	4961-4966	which	
27-43	4967-4969	is	
27-44	4970-4975	white	
27-45	4975-4976	,	
27-46	4977-4982	seems	
27-47	4983-4992	negligent	
27-48	4993-4995	of	
27-49	4996-5006	attracting	
27-50	5007-5015	admirers	
27-51	5015-5016	,	
27-52	5017-5020	but	
27-53	5021-5023	as	
27-54	5024-5028	soon	
27-55	5029-5031	as	
27-56	5032-5037	night	
27-57	5038-5043	comes	
27-58	5044-5046	on	
27-59	5046-5047	,	
27-60	5048-5050	it	
27-61	5051-5059	diffuses	
27-62	5060-5063	its	
27-63	5064-5073	fragrance	
27-64	5073-5074	,	
27-65	5075-5078	and	
27-66	5079-5081	at	
27-67	5082-5086	once	
27-68	5087-5094	compels	
27-69	5095-5098	the	
27-70	5099-5108	attention	
27-71	5108-5109	,	
27-72	5110-5113	and	
27-73	5114-5121	excites	
27-74	5122-5125	the	
27-75	5126-5137	complacency	
27-76	5138-5140	of	
27-77	5141-5144	all	
27-78	5145-5148	who	
27-79	5149-5157	approach	
27-80	5158-5160	it	
27-81	5160-5161	.	

#Text=These are all sold about the streets every evening at sunset, either strung upon a thread, in wreaths of about two feet long, or made up into nosegays of different forms, either of which may be purchased for about a halfpenny.
28-1	5163-5168	These	
28-2	5169-5172	are	
28-3	5173-5176	all	
28-4	5177-5181	sold	
28-5	5182-5187	about	
28-6	5188-5191	the	
28-7	5192-5199	streets	
28-8	5200-5205	every	
28-9	5206-5213	evening	
28-10	5214-5216	at	
28-11	5217-5223	sunset	
28-12	5223-5224	,	
28-13	5225-5231	either	
28-14	5232-5238	strung	
28-15	5239-5243	upon	
28-16	5244-5245	a	
28-17	5246-5252	thread	
28-18	5252-5253	,	
28-19	5254-5256	in	
28-20	5257-5264	wreaths	
28-21	5265-5267	of	
28-22	5268-5273	about	
28-23	5274-5277	two	
28-24	5278-5282	feet	
28-25	5283-5287	long	
28-26	5287-5288	,	
28-27	5289-5291	or	
28-28	5292-5296	made	
28-29	5297-5299	up	
28-30	5300-5304	into	
28-31	5305-5313	nosegays	
28-32	5314-5316	of	
28-33	5317-5326	different	
28-34	5327-5332	forms	
28-35	5332-5333	,	
28-36	5334-5340	either	
28-37	5341-5343	of	
28-38	5344-5349	which	
28-39	5350-5353	may	
28-40	5354-5356	be	
28-41	5357-5366	purchased	
28-42	5367-5370	for	
28-43	5371-5376	about	
28-44	5377-5378	a	
28-45	5379-5388	halfpenny	
28-46	5388-5389	.	

#Text=Besides these, there are, in private gardens many other sweet flowers, which are not produced in a sufficient quantity to be brought to market.
29-1	5390-5397	Besides	
29-2	5398-5403	these	
29-3	5403-5404	,	
29-4	5405-5410	there	
29-5	5411-5414	are	
29-6	5414-5415	,	
29-7	5416-5418	in	
29-8	5419-5426	private	
29-9	5427-5434	gardens	
29-10	5435-5439	many	
29-11	5440-5445	other	
29-12	5446-5451	sweet	
29-13	5452-5459	flowers	
29-14	5459-5460	,	
29-15	5461-5466	which	
29-16	5467-5470	are	
29-17	5471-5474	not	
29-18	5475-5483	produced	
29-19	5484-5486	in	
29-20	5487-5488	a	
29-21	5489-5499	sufficient	
29-22	5500-5508	quantity	
29-23	5509-5511	to	
29-24	5512-5514	be	
29-25	5515-5522	brought	
29-26	5523-5525	to	
29-27	5526-5532	market	
29-28	5532-5533	.	

#Text=With a mixture of these flowers, and the leaves of a plant called pandang, cut into small pieces, persons of both sexes fill their hair and their clothes, and with the same mixture indulge a much higher luxury by strewing it on their beds, so that the chamber in which they sleep, breathes the richest and purest of all odours, unallayed by the fumes which cannot but arise where the sleeper lies under two or three blankets and a quilt, for the bed covering here is nothing more than a single piece of fine chintz.
30-1	5534-5538	With	
30-2	5539-5540	a	
30-3	5541-5548	mixture	
30-4	5549-5551	of	
30-5	5552-5557	these	
30-6	5558-5565	flowers	
30-7	5565-5566	,	
30-8	5567-5570	and	
30-9	5571-5574	the	
30-10	5575-5581	leaves	
30-11	5582-5584	of	
30-12	5585-5586	a	
30-13	5587-5592	plant	
30-14	5593-5599	called	
30-15	5600-5607	pandang	
30-16	5607-5608	,	
30-17	5609-5612	cut	
30-18	5613-5617	into	
30-19	5618-5623	small	
30-20	5624-5630	pieces	
30-21	5630-5631	,	
30-22	5632-5639	persons	
30-23	5640-5642	of	
30-24	5643-5647	both	
30-25	5648-5653	sexes	
30-26	5654-5658	fill	
30-27	5659-5664	their	
30-28	5665-5669	hair	
30-29	5670-5673	and	
30-30	5674-5679	their	
30-31	5680-5687	clothes	
30-32	5687-5688	,	
30-33	5689-5692	and	
30-34	5693-5697	with	
30-35	5698-5701	the	
30-36	5702-5706	same	
30-37	5707-5714	mixture	
30-38	5715-5722	indulge	
30-39	5723-5724	a	
30-40	5725-5729	much	
30-41	5730-5736	higher	
30-42	5737-5743	luxury	
30-43	5744-5746	by	
30-44	5747-5755	strewing	
30-45	5756-5758	it	
30-46	5759-5761	on	
30-47	5762-5767	their	
30-48	5768-5772	beds	
30-49	5772-5773	,	
30-50	5774-5776	so	
30-51	5777-5781	that	
30-52	5782-5785	the	
30-53	5786-5793	chamber	
30-54	5794-5796	in	
30-55	5797-5802	which	
30-56	5803-5807	they	
30-57	5808-5813	sleep	
30-58	5813-5814	,	
30-59	5815-5823	breathes	
30-60	5824-5827	the	
30-61	5828-5835	richest	
30-62	5836-5839	and	
30-63	5840-5846	purest	
30-64	5847-5849	of	
30-65	5850-5853	all	
30-66	5854-5860	odours	
30-67	5860-5861	,	
30-68	5862-5871	unallayed	
30-69	5872-5874	by	
30-70	5875-5878	the	
30-71	5879-5884	fumes	
30-72	5885-5890	which	
30-73	5891-5897	cannot	
30-74	5898-5901	but	
30-75	5902-5907	arise	
30-76	5908-5913	where	
30-77	5914-5917	the	
30-78	5918-5925	sleeper	
30-79	5926-5930	lies	
30-80	5931-5936	under	
30-81	5937-5940	two	
30-82	5941-5943	or	
30-83	5944-5949	three	
30-84	5950-5958	blankets	
30-85	5959-5962	and	
30-86	5963-5964	a	
30-87	5965-5970	quilt	
30-88	5970-5971	,	
30-89	5972-5975	for	
30-90	5976-5979	the	
30-91	5980-5983	bed	
30-92	5984-5992	covering	
30-93	5993-5997	here	
30-94	5998-6000	is	
30-95	6001-6008	nothing	
30-96	6009-6013	more	
30-97	6014-6018	than	
30-98	6019-6020	a	
30-99	6021-6027	single	
30-100	6028-6033	piece	
30-101	6034-6036	of	
30-102	6037-6041	fine	
30-103	6042-6048	chintz	
30-104	6048-6049	.	

#Text=Before I close my account of the vegetable productions of this part of India, I must take some notice of the spices Java originally produced none but pepper.
31-1	6051-6057	Before	
31-2	6058-6059	I	
31-3	6060-6065	close	
31-4	6066-6068	my	
31-5	6069-6076	account	
31-6	6077-6079	of	
31-7	6080-6083	the	
31-8	6084-6093	vegetable	
31-9	6094-6105	productions	
31-10	6106-6108	of	
31-11	6109-6113	this	
31-12	6114-6118	part	
31-13	6119-6121	of	
31-14	6122-6127	India	
31-15	6127-6128	,	
31-16	6129-6130	I	
31-17	6131-6135	must	
31-18	6136-6140	take	
31-19	6141-6145	some	
31-20	6146-6152	notice	
31-21	6153-6155	of	
31-22	6156-6159	the	
31-23	6160-6166	spices	
31-24	6167-6171	Java	
31-25	6172-6182	originally	
31-26	6183-6191	produced	
31-27	6192-6196	none	
31-28	6197-6200	but	
31-29	6201-6207	pepper	
31-30	6207-6208	.	

#Text=This is now sent from hence into Europe to a great value, but the quantity consumed here is very small: the inhabitants use Capsicum, or, as it is called in Europe, Cayan pepper, almost universally in its stead.
32-1	6209-6213	This	
32-2	6214-6216	is	
32-3	6217-6220	now	
32-4	6221-6225	sent	
32-5	6226-6230	from	
32-6	6231-6236	hence	
32-7	6237-6241	into	
32-8	6242-6248	Europe	
32-9	6249-6251	to	
32-10	6252-6253	a	
32-11	6254-6259	great	
32-12	6260-6265	value	
32-13	6265-6266	,	
32-14	6267-6270	but	
32-15	6271-6274	the	
32-16	6275-6283	quantity	
32-17	6284-6292	consumed	
32-18	6293-6297	here	
32-19	6298-6300	is	
32-20	6301-6305	very	
32-21	6306-6311	small	
32-22	6311-6312	:	
32-23	6313-6316	the	
32-24	6317-6328	inhabitants	
32-25	6329-6332	use	
32-26	6333-6341	Capsicum	
32-27	6341-6342	,	
32-28	6343-6345	or	
32-29	6345-6346	,	
32-30	6347-6349	as	
32-31	6350-6352	it	
32-32	6353-6355	is	
32-33	6356-6362	called	
32-34	6363-6365	in	
32-35	6366-6372	Europe	
32-36	6372-6373	,	
32-37	6374-6379	Cayan	
32-38	6380-6386	pepper	
32-39	6386-6387	,	
32-40	6388-6394	almost	
32-41	6395-6406	universally	
32-42	6407-6409	in	
32-43	6410-6413	its	
32-44	6414-6419	stead	
32-45	6419-6420	.	

#Text=Cloves and nutmegs, having been
#Text=
#Text=monopolized by the Dutch, are become too dear to be plentifully used by the other inhabitants of this country, who are very fond of them.
33-1	6421-6427	Cloves	
33-2	6428-6431	and	
33-3	6432-6439	nutmegs	
33-4	6439-6440	,	
33-5	6441-6447	having	
33-6	6448-6452	been	
33-7	6454-6465	monopolized	
33-8	6466-6468	by	
33-9	6469-6472	the	
33-10	6473-6478	Dutch	
33-11	6478-6479	,	
33-12	6480-6483	are	
33-13	6484-6490	become	
33-14	6491-6494	too	
33-15	6495-6499	dear	
33-16	6500-6502	to	
33-17	6503-6505	be	
33-18	6506-6517	plentifully	
33-19	6518-6522	used	
33-20	6523-6525	by	
33-21	6526-6529	the	
33-22	6530-6535	other	
33-23	6536-6547	inhabitants	
33-24	6548-6550	of	
33-25	6551-6555	this	
33-26	6556-6563	country	
33-27	6563-6564	,	
33-28	6565-6568	who	
33-29	6569-6572	are	
33-30	6573-6577	very	
33-31	6578-6582	fond	
33-32	6583-6585	of	
33-33	6586-6590	them	
33-34	6590-6591	.	

#Text=Cloves, although they are said originally to have been the produce of Machian, or Bachian, a small island far to the eastward, and only fifteen miles to the northward of the line, and to have been from thence disseminated by the Dutch, at their first coming into these parts, over all the eastern islands, are now confined to Amboina, and the small isles that lie in its neighbourhood; the Dutch having, by different treaties of peace between them and the conquered kings of all the other islands, stipulated, that they should have only a certain number of trees in their dominions, and in future quarrels, as a punishment for disobedience and rebellion, lessened the quantity, till at last they left them no claim to any.
34-1	6592-6598	Cloves	
34-2	6598-6599	,	
34-3	6600-6608	although	
34-4	6609-6613	they	
34-5	6614-6617	are	
34-6	6618-6622	said	
34-7	6623-6633	originally	
34-8	6634-6636	to	
34-9	6637-6641	have	
34-10	6642-6646	been	
34-11	6647-6650	the	
34-12	6651-6658	produce	
34-13	6659-6661	of	
34-14	6662-6669	Machian	
34-15	6669-6670	,	
34-16	6671-6673	or	
34-17	6674-6681	Bachian	
34-18	6681-6682	,	
34-19	6683-6684	a	
34-20	6685-6690	small	
34-21	6691-6697	island	
34-22	6698-6701	far	
34-23	6702-6704	to	
34-24	6705-6708	the	
34-25	6709-6717	eastward	
34-26	6717-6718	,	
34-27	6719-6722	and	
34-28	6723-6727	only	
34-29	6728-6735	fifteen	
34-30	6736-6741	miles	
34-31	6742-6744	to	
34-32	6745-6748	the	
34-33	6749-6758	northward	
34-34	6759-6761	of	
34-35	6762-6765	the	
34-36	6766-6770	line	
34-37	6770-6771	,	
34-38	6772-6775	and	
34-39	6776-6778	to	
34-40	6779-6783	have	
34-41	6784-6788	been	
34-42	6789-6793	from	
34-43	6794-6800	thence	
34-44	6801-6813	disseminated	
34-45	6814-6816	by	
34-46	6817-6820	the	
34-47	6821-6826	Dutch	
34-48	6826-6827	,	
34-49	6828-6830	at	
34-50	6831-6836	their	
34-51	6837-6842	first	
34-52	6843-6849	coming	
34-53	6850-6854	into	
34-54	6855-6860	these	
34-55	6861-6866	parts	
34-56	6866-6867	,	
34-57	6868-6872	over	
34-58	6873-6876	all	
34-59	6877-6880	the	
34-60	6881-6888	eastern	
34-61	6889-6896	islands	
34-62	6896-6897	,	
34-63	6898-6901	are	
34-64	6902-6905	now	
34-65	6906-6914	confined	
34-66	6915-6917	to	
34-67	6918-6925	Amboina	
34-68	6925-6926	,	
34-69	6927-6930	and	
34-70	6931-6934	the	
34-71	6935-6940	small	
34-72	6941-6946	isles	
34-73	6947-6951	that	
34-74	6952-6955	lie	
34-75	6956-6958	in	
34-76	6959-6962	its	
34-77	6963-6976	neighbourhood	
34-78	6976-6977	;	
34-79	6978-6981	the	
34-80	6982-6987	Dutch	
34-81	6988-6994	having	
34-82	6994-6995	,	
34-83	6996-6998	by	
34-84	6999-7008	different	
34-85	7009-7017	treaties	
34-86	7018-7020	of	
34-87	7021-7026	peace	
34-88	7027-7034	between	
34-89	7035-7039	them	
34-90	7040-7043	and	
34-91	7044-7047	the	
34-92	7048-7057	conquered	
34-93	7058-7063	kings	
34-94	7064-7066	of	
34-95	7067-7070	all	
34-96	7071-7074	the	
34-97	7075-7080	other	
34-98	7081-7088	islands	
34-99	7088-7089	,	
34-100	7090-7100	stipulated	
34-101	7100-7101	,	
34-102	7102-7106	that	
34-103	7107-7111	they	
34-104	7112-7118	should	
34-105	7119-7123	have	
34-106	7124-7128	only	
34-107	7129-7130	a	
34-108	7131-7138	certain	
34-109	7139-7145	number	
34-110	7146-7148	of	
34-111	7149-7154	trees	
34-112	7155-7157	in	
34-113	7158-7163	their	
34-114	7164-7173	dominions	
34-115	7173-7174	,	
34-116	7175-7178	and	
34-117	7179-7181	in	
34-118	7182-7188	future	
34-119	7189-7197	quarrels	
34-120	7197-7198	,	
34-121	7199-7201	as	
34-122	7202-7203	a	
34-123	7204-7214	punishment	
34-124	7215-7218	for	
34-125	7219-7231	disobedience	
34-126	7232-7235	and	
34-127	7236-7245	rebellion	
34-128	7245-7246	,	
34-129	7247-7255	lessened	
34-130	7256-7259	the	
34-131	7260-7268	quantity	
34-132	7268-7269	,	
34-133	7270-7274	till	
34-134	7275-7277	at	
34-135	7278-7282	last	
34-136	7283-7287	they	
34-137	7288-7292	left	
34-138	7293-7297	them	
34-139	7298-7300	no	
34-140	7301-7306	claim	
34-141	7307-7309	to	
34-142	7310-7313	any	
34-143	7313-7314	.	

#Text=Nutmegs have in a manner been extirpated in all the islands except their first native soil, Banda, which easily supplies every nation upon earth, and would as easily supply every nation in another globe of the same dimensions, if there was any such to which the industrious Hollander could transport the commodity; it is, however, certain, that there are a few trees of this spice upon the coast of New Guinea.
35-1	7315-7322	Nutmegs	
35-2	7323-7327	have	
35-3	7328-7330	in	
35-4	7331-7332	a	
35-5	7333-7339	manner	
35-6	7340-7344	been	
35-7	7345-7355	extirpated	
35-8	7356-7358	in	
35-9	7359-7362	all	
35-10	7363-7366	the	
35-11	7367-7374	islands	
35-12	7375-7381	except	
35-13	7382-7387	their	
35-14	7388-7393	first	
35-15	7394-7400	native	
35-16	7401-7405	soil	
35-17	7405-7406	,	
35-18	7407-7412	Banda	
35-19	7412-7413	,	
35-20	7414-7419	which	
35-21	7420-7426	easily	
35-22	7427-7435	supplies	
35-23	7436-7441	every	
35-24	7442-7448	nation	
35-25	7449-7453	upon	
35-26	7454-7459	earth	
35-27	7459-7460	,	
35-28	7461-7464	and	
35-29	7465-7470	would	
35-30	7471-7473	as	
35-31	7474-7480	easily	
35-32	7481-7487	supply	
35-33	7488-7493	every	
35-34	7494-7500	nation	
35-35	7501-7503	in	
35-36	7504-7511	another	
35-37	7512-7517	globe	
35-38	7518-7520	of	
35-39	7521-7524	the	
35-40	7525-7529	same	
35-41	7530-7540	dimensions	
35-42	7540-7541	,	
35-43	7542-7544	if	
35-44	7545-7550	there	
35-45	7551-7554	was	
35-46	7555-7558	any	
35-47	7559-7563	such	
35-48	7564-7566	to	
35-49	7567-7572	which	
35-50	7573-7576	the	
35-51	7577-7588	industrious	
35-52	7589-7598	Hollander	
35-53	7599-7604	could	
35-54	7605-7614	transport	
35-55	7615-7618	the	
35-56	7619-7628	commodity	
35-57	7628-7629	;	
35-58	7630-7632	it	
35-59	7633-7635	is	
35-60	7635-7636	,	
35-61	7637-7644	however	
35-62	7644-7645	,	
35-63	7646-7653	certain	
35-64	7653-7654	,	
35-65	7655-7659	that	
35-66	7660-7665	there	
35-67	7666-7669	are	
35-68	7670-7671	a	
35-69	7672-7675	few	
35-70	7676-7681	trees	
35-71	7682-7684	of	
35-72	7685-7689	this	
35-73	7690-7695	spice	
35-74	7696-7700	upon	
35-75	7701-7704	the	
35-76	7705-7710	coast	
35-77	7711-7713	of	
35-78	7714-7717	New	
35-79	7718-7724	Guinea	
35-80	7724-7725	.	

#Text=There may perhaps be both cloves and nutmegs upon other islands to the eastward; for those, neither the Dutch, nor any other European, seem to think it worth while to examine.
36-1	7726-7731	There	
36-2	7732-7735	may	
36-3	7736-7743	perhaps	
36-4	7744-7746	be	
36-5	7747-7751	both	
36-6	7752-7758	cloves	
36-7	7759-7762	and	
36-8	7763-7770	nutmegs	
36-9	7771-7775	upon	
36-10	7776-7781	other	
36-11	7782-7789	islands	
36-12	7790-7792	to	
36-13	7793-7796	the	
36-14	7797-7805	eastward	
36-15	7805-7806	;	
36-16	7807-7810	for	
36-17	7811-7816	those	
36-18	7816-7817	,	
36-19	7818-7825	neither	
36-20	7826-7829	the	
36-21	7830-7835	Dutch	
36-22	7835-7836	,	
36-23	7837-7840	nor	
36-24	7841-7844	any	
36-25	7845-7850	other	
36-26	7851-7859	European	
36-27	7859-7860	,	
36-28	7861-7865	seem	
36-29	7866-7868	to	
36-30	7869-7874	think	
36-31	7875-7877	it	
36-32	7878-7883	worth	
36-33	7884-7889	while	
36-34	7890-7892	to	
36-35	7893-7900	examine	
36-36	7900-7901	.	

#Text=The principal tame quadrupeds of this country are horses, cattle, buffalos, sheep, goats, and hogs.
37-1	7903-7906	The	
37-2	7907-7916	principal	
37-3	7917-7921	tame	
37-4	7922-7932	quadrupeds	
37-5	7933-7935	of	
37-6	7936-7940	this	
37-7	7941-7948	country	
37-8	7949-7952	are	
37-9	7953-7959	horses	
37-10	7959-7960	,	
37-11	7961-7967	cattle	
37-12	7967-7968	,	
37-13	7969-7977	buffalos	
37-14	7977-7978	,	
37-15	7979-7984	sheep	
37-16	7984-7985	,	
37-17	7986-7991	goats	
37-18	7991-7992	,	
37-19	7993-7996	and	
37-20	7997-8001	hogs	
37-21	8001-8002	.	

#Text=The horses are small, never exceeding in size what we call a stout galloway, but they are nimble and spirited, and are reported to have been found here when the Europeans first came round the Cape of Good Hope.
38-1	8003-8006	The	
38-2	8007-8013	horses	
38-3	8014-8017	are	
38-4	8018-8023	small	
38-5	8023-8024	,	
38-6	8025-8030	never	
38-7	8031-8040	exceeding	
38-8	8041-8043	in	
38-9	8044-8048	size	
38-10	8049-8053	what	
38-11	8054-8056	we	
38-12	8057-8061	call	
38-13	8062-8063	a	
38-14	8064-8069	stout	
38-15	8070-8078	galloway	
38-16	8078-8079	,	
38-17	8080-8083	but	
38-18	8084-8088	they	
38-19	8089-8092	are	
38-20	8093-8099	nimble	
38-21	8100-8103	and	
38-22	8104-8112	spirited	
38-23	8112-8113	,	
38-24	8114-8117	and	
38-25	8118-8121	are	
38-26	8122-8130	reported	
38-27	8131-8133	to	
38-28	8134-8138	have	
38-29	8139-8143	been	
38-30	8144-8149	found	
38-31	8150-8154	here	
38-32	8155-8159	when	
38-33	8160-8163	the	
38-34	8164-8173	Europeans	
38-35	8174-8179	first	
38-36	8180-8184	came	
38-37	8185-8190	round	
38-38	8191-8194	the	
38-39	8195-8199	Cape	
38-40	8200-8202	of	
38-41	8203-8207	Good	
38-42	8208-8212	Hope	
38-43	8212-8213	.	

#Text=The horned cattle are said to be the same species as those in Europe, but they differ so much in appearance, that we were inclined to doubt it: they have indeed
#Text=
#Text=the palearia or dewlap, which naturalists make the distinguishing characteristic of the European species, but they certainly are found wild, not only in Java but several of the eastern islands.
39-1	8214-8217	The	
39-2	8218-8224	horned	
39-3	8225-8231	cattle	
39-4	8232-8235	are	
39-5	8236-8240	said	
39-6	8241-8243	to	
39-7	8244-8246	be	
39-8	8247-8250	the	
39-9	8251-8255	same	
39-10	8256-8263	species	
39-11	8264-8266	as	
39-12	8267-8272	those	
39-13	8273-8275	in	
39-14	8276-8282	Europe	
39-15	8282-8283	,	
39-16	8284-8287	but	
39-17	8288-8292	they	
39-18	8293-8299	differ	
39-19	8300-8302	so	
39-20	8303-8307	much	
39-21	8308-8310	in	
39-22	8311-8321	appearance	
39-23	8321-8322	,	
39-24	8323-8327	that	
39-25	8328-8330	we	
39-26	8331-8335	were	
39-27	8336-8344	inclined	
39-28	8345-8347	to	
39-29	8348-8353	doubt	
39-30	8354-8356	it	
39-31	8356-8357	:	
39-32	8358-8362	they	
39-33	8363-8367	have	
39-34	8368-8374	indeed	
39-35	8376-8379	the	
39-36	8380-8388	palearia	
39-37	8389-8391	or	
39-38	8392-8398	dewlap	
39-39	8398-8399	,	
39-40	8400-8405	which	
39-41	8406-8417	naturalists	
39-42	8418-8422	make	
39-43	8423-8426	the	
39-44	8427-8441	distinguishing	
39-45	8442-8456	characteristic	
39-46	8457-8459	of	
39-47	8460-8463	the	
39-48	8464-8472	European	
39-49	8473-8480	species	
39-50	8480-8481	,	
39-51	8482-8485	but	
39-52	8486-8490	they	
39-53	8491-8500	certainly	
39-54	8501-8504	are	
39-55	8505-8510	found	
39-56	8511-8515	wild	
39-57	8515-8516	,	
39-58	8517-8520	not	
39-59	8521-8525	only	
39-60	8526-8528	in	
39-61	8529-8533	Java	
39-62	8534-8537	but	
39-63	8538-8545	several	
39-64	8546-8548	of	
39-65	8549-8552	the	
39-66	8553-8560	eastern	
39-67	8561-8568	islands	
39-68	8568-8569	.	

#Text=The slesh of those that we eat at Batavia, had a finer grain than European beef, but it was less juicy, and miserably lean.
40-1	8570-8573	The	
40-2	8574-8579	slesh	
40-3	8580-8582	of	
40-4	8583-8588	those	
40-5	8589-8593	that	
40-6	8594-8596	we	
40-7	8597-8600	eat	
40-8	8601-8603	at	
40-9	8604-8611	Batavia	
40-10	8611-8612	,	
40-11	8613-8616	had	
40-12	8617-8618	a	
40-13	8619-8624	finer	
40-14	8625-8630	grain	
40-15	8631-8635	than	
40-16	8636-8644	European	
40-17	8645-8649	beef	
40-18	8649-8650	,	
40-19	8651-8654	but	
40-20	8655-8657	it	
40-21	8658-8661	was	
40-22	8662-8666	less	
40-23	8667-8672	juicy	
40-24	8672-8673	,	
40-25	8674-8677	and	
40-26	8678-8687	miserably	
40-27	8688-8692	lean	
40-28	8692-8693	.	

#Text=Buffalos are plenty, but the Dutch never eat them, nor will they drink their milk, being prepossessed with a notion that both are unwholesome, and tend to produce fevers; though the natives and Chinese eat both, without any injury to their health.
41-1	8694-8702	Buffalos	
41-2	8703-8706	are	
41-3	8707-8713	plenty	
41-4	8713-8714	,	
41-5	8715-8718	but	
41-6	8719-8722	the	
41-7	8723-8728	Dutch	
41-8	8729-8734	never	
41-9	8735-8738	eat	
41-10	8739-8743	them	
41-11	8743-8744	,	
41-12	8745-8748	nor	
41-13	8749-8753	will	
41-14	8754-8758	they	
41-15	8759-8764	drink	
41-16	8765-8770	their	
41-17	8771-8775	milk	
41-18	8775-8776	,	
41-19	8777-8782	being	
41-20	8783-8795	prepossessed	
41-21	8796-8800	with	
41-22	8801-8802	a	
41-23	8803-8809	notion	
41-24	8810-8814	that	
41-25	8815-8819	both	
41-26	8820-8823	are	
41-27	8824-8835	unwholesome	
41-28	8835-8836	,	
41-29	8837-8840	and	
41-30	8841-8845	tend	
41-31	8846-8848	to	
41-32	8849-8856	produce	
41-33	8857-8863	fevers	
41-34	8863-8864	;	
41-35	8865-8871	though	
41-36	8872-8875	the	
41-37	8876-8883	natives	
41-38	8884-8887	and	
41-39	8888-8895	Chinese	
41-40	8896-8899	eat	
41-41	8900-8904	both	
41-42	8904-8905	,	
41-43	8906-8913	without	
41-44	8914-8917	any	
41-45	8918-8924	injury	
41-46	8925-8927	to	
41-47	8928-8933	their	
41-48	8934-8940	health	
41-49	8940-8941	.	

#Text=The sheep are of the kind which have long ears that hang down, and hair instead of wool: the flesh of these is hard and tough, and in every respect the worst mutton we ever saw: we found here, however, a few Cape sheep, which are excellent, but so dear that we gave five and forty shillings a-piece for four of them, the heaviest of which weighed only five and forty pounds.
42-1	8942-8945	The	
42-2	8946-8951	sheep	
42-3	8952-8955	are	
42-4	8956-8958	of	
42-5	8959-8962	the	
42-6	8963-8967	kind	
42-7	8968-8973	which	
42-8	8974-8978	have	
42-9	8979-8983	long	
42-10	8984-8988	ears	
42-11	8989-8993	that	
42-12	8994-8998	hang	
42-13	8999-9003	down	
42-14	9003-9004	,	
42-15	9005-9008	and	
42-16	9009-9013	hair	
42-17	9014-9021	instead	
42-18	9022-9024	of	
42-19	9025-9029	wool	
42-20	9029-9030	:	
42-21	9031-9034	the	
42-22	9035-9040	flesh	
42-23	9041-9043	of	
42-24	9044-9049	these	
42-25	9050-9052	is	
42-26	9053-9057	hard	
42-27	9058-9061	and	
42-28	9062-9067	tough	
42-29	9067-9068	,	
42-30	9069-9072	and	
42-31	9073-9075	in	
42-32	9076-9081	every	
42-33	9082-9089	respect	
42-34	9090-9093	the	
42-35	9094-9099	worst	
42-36	9100-9106	mutton	
42-37	9107-9109	we	
42-38	9110-9114	ever	
42-39	9115-9118	saw	
42-40	9118-9119	:	
42-41	9120-9122	we	
42-42	9123-9128	found	
42-43	9129-9133	here	
42-44	9133-9134	,	
42-45	9135-9142	however	
42-46	9142-9143	,	
42-47	9144-9145	a	
42-48	9146-9149	few	
42-49	9150-9154	Cape	
42-50	9155-9160	sheep	
42-51	9160-9161	,	
42-52	9162-9167	which	
42-53	9168-9171	are	
42-54	9172-9181	excellent	
42-55	9181-9182	,	
42-56	9183-9186	but	
42-57	9187-9189	so	
42-58	9190-9194	dear	
42-59	9195-9199	that	
42-60	9200-9202	we	
42-61	9203-9207	gave	
42-62	9208-9212	five	
42-63	9213-9216	and	
42-64	9217-9222	forty	
42-65	9223-9232	shillings	
42-66	9233-9240	a-piece	
42-67	9241-9244	for	
42-68	9245-9249	four	
42-69	9250-9252	of	
42-70	9253-9257	them	
42-71	9257-9258	,	
42-72	9259-9262	the	
42-73	9263-9271	heaviest	
42-74	9272-9274	of	
42-75	9275-9280	which	
42-76	9281-9288	weighed	
42-77	9289-9293	only	
42-78	9294-9298	five	
42-79	9299-9302	and	
42-80	9303-9308	forty	
42-81	9309-9315	pounds	
42-82	9315-9316	.	

#Text=The goats are not better than the sheep, but the hogs, especially the Chinese breed, are incomparable, and so fat, that the purchaser agrees for the lean separately.
43-1	9317-9320	The	
43-2	9321-9326	goats	
43-3	9327-9330	are	
43-4	9331-9334	not	
43-5	9335-9341	better	
43-6	9342-9346	than	
43-7	9347-9350	the	
43-8	9351-9356	sheep	
43-9	9356-9357	,	
43-10	9358-9361	but	
43-11	9362-9365	the	
43-12	9366-9370	hogs	
43-13	9370-9371	,	
43-14	9372-9382	especially	
43-15	9383-9386	the	
43-16	9387-9394	Chinese	
43-17	9395-9400	breed	
43-18	9400-9401	,	
43-19	9402-9405	are	
43-20	9406-9418	incomparable	
43-21	9418-9419	,	
43-22	9420-9423	and	
43-23	9424-9426	so	
43-24	9427-9430	fat	
43-25	9430-9431	,	
43-26	9432-9436	that	
43-27	9437-9440	the	
43-28	9441-9450	purchaser	
43-29	9451-9457	agrees	
43-30	9458-9461	for	
43-31	9462-9465	the	
43-32	9466-9470	lean	
43-33	9471-9481	separately	
43-34	9481-9482	.	

#Text=The butcher, who is always a Chinese, without the least scruple cuts off as much of the fat as he is desired, and afterwards sells it to his countrymen, who melt it down, and eat it instead of butter with their rice: but notwithstanding the excellence of this pork, the Dutch are so strongly prejudiced in favour of every thing that comes from their native country, that they eat only of the Dutch breed, which are here sold as much dearer than the Chinese, as the Chinese are sold dearer than the Dutch in Europe.
44-1	9483-9486	The	
44-2	9487-9494	butcher	
44-3	9494-9495	,	
44-4	9496-9499	who	
44-5	9500-9502	is	
44-6	9503-9509	always	
44-7	9510-9511	a	
44-8	9512-9519	Chinese	
44-9	9519-9520	,	
44-10	9521-9528	without	
44-11	9529-9532	the	
44-12	9533-9538	least	
44-13	9539-9546	scruple	
44-14	9547-9551	cuts	
44-15	9552-9555	off	
44-16	9556-9558	as	
44-17	9559-9563	much	
44-18	9564-9566	of	
44-19	9567-9570	the	
44-20	9571-9574	fat	
44-21	9575-9577	as	
44-22	9578-9580	he	
44-23	9581-9583	is	
44-24	9584-9591	desired	
44-25	9591-9592	,	
44-26	9593-9596	and	
44-27	9597-9607	afterwards	
44-28	9608-9613	sells	
44-29	9614-9616	it	
44-30	9617-9619	to	
44-31	9620-9623	his	
44-32	9624-9634	countrymen	
44-33	9634-9635	,	
44-34	9636-9639	who	
44-35	9640-9644	melt	
44-36	9645-9647	it	
44-37	9648-9652	down	
44-38	9652-9653	,	
44-39	9654-9657	and	
44-40	9658-9661	eat	
44-41	9662-9664	it	
44-42	9665-9672	instead	
44-43	9673-9675	of	
44-44	9676-9682	butter	
44-45	9683-9687	with	
44-46	9688-9693	their	
44-47	9694-9698	rice	
44-48	9698-9699	:	
44-49	9700-9703	but	
44-50	9704-9719	notwithstanding	
44-51	9720-9723	the	
44-52	9724-9734	excellence	
44-53	9735-9737	of	
44-54	9738-9742	this	
44-55	9743-9747	pork	
44-56	9747-9748	,	
44-57	9749-9752	the	
44-58	9753-9758	Dutch	
44-59	9759-9762	are	
44-60	9763-9765	so	
44-61	9766-9774	strongly	
44-62	9775-9785	prejudiced	
44-63	9786-9788	in	
44-64	9789-9795	favour	
44-65	9796-9798	of	
44-66	9799-9804	every	
44-67	9805-9810	thing	
44-68	9811-9815	that	
44-69	9816-9821	comes	
44-70	9822-9826	from	
44-71	9827-9832	their	
44-72	9833-9839	native	
44-73	9840-9847	country	
44-74	9847-9848	,	
44-75	9849-9853	that	
44-76	9854-9858	they	
44-77	9859-9862	eat	
44-78	9863-9867	only	
44-79	9868-9870	of	
44-80	9871-9874	the	
44-81	9875-9880	Dutch	
44-82	9881-9886	breed	
44-83	9886-9887	,	
44-84	9888-9893	which	
44-85	9894-9897	are	
44-86	9898-9902	here	
44-87	9903-9907	sold	
44-88	9908-9910	as	
44-89	9911-9915	much	
44-90	9916-9922	dearer	
44-91	9923-9927	than	
44-92	9928-9931	the	
44-93	9932-9939	Chinese	
44-94	9939-9940	,	
44-95	9941-9943	as	
44-96	9944-9947	the	
44-97	9948-9955	Chinese	
44-98	9956-9959	are	
44-99	9960-9964	sold	
44-100	9965-9971	dearer	
44-101	9972-9976	than	
44-102	9977-9980	the	
44-103	9981-9986	Dutch	
44-104	9987-9989	in	
44-105	9990-9996	Europe	
44-106	9996-9997	.	
