#FORMAT=WebAnno TSV 3.3
#T_SP=custom.Span|label
#T_RL=custom.Relation|label|BT_custom.Span


#Text=Ces mots furent accompagnés de larmes qui s'échappaient du fond de mon cœur; elle parut sensible à ma situation.
1-1	0-3	Ces	_	_	_	
1-2	4-8	mots	_	_	_	
1-3	9-15	furent	_	_	_	
1-4	16-27	accompagnés	_	_	_	
1-5	28-30	de	_	_	_	
1-6	31-37	larmes	_	_	_	
1-7	38-41	qui	_	_	_	
1-8	42-55	s'échappaient	_	_	_	
1-9	56-58	du	_	_	_	
1-10	59-63	fond	_	_	_	
1-11	64-66	de	_	_	_	
1-12	67-70	mon	_	_	_	
1-13	71-75	cœur	_	_	_	
1-14	75-76	;	_	_	_	
1-15	77-81	elle	_	_	_	
1-16	82-87	parut	_	_	_	
1-17	88-96	sensible	_	_	_	
1-18	97-98	à	_	_	_	
1-19	99-101	ma	_	_	_	
1-20	102-111	situation	_	_	_	
1-21	111-112	.	_	_	_	

#Text=Je voyais tous les jours Clary.
2-1	113-115	Je	_	_	_	
2-2	116-122	voyais	_	_	_	
2-3	123-127	tous	_	_	_	
2-4	128-131	les	_	_	_	
2-5	132-137	jours	_	_	_	
2-6	138-143	Clary	_	_	_	
2-7	143-144	.	_	_	_	

#Text=Soumis à la loi cruelle qu'elle m'avait imposée, je gardois un profond silence; je me contentois d'attacher mes yeux sur les siens, et de soupirer; souvent je la surprenois dans un trouble qu'elle s'efforçait de cacher: chaque moment me la montrait plus digne de ma tendresse et de mon estime.Elle a un esprit droit et approfondi, susceptible d'une suite de réflexions, bien inférieur, je l'avoue, à la finesse des sentiments dont elle est remplie; quelle âme!
3-1	145-151	Soumis	_	_	_	
3-2	152-153	à	_	_	_	
3-3	154-156	la	_	_	_	
3-4	157-160	loi	_	_	_	
3-5	161-168	cruelle	_	_	_	
3-6	169-176	qu'elle	_	_	_	
3-7	177-184	m'avait	_	_	_	
3-8	185-192	imposée	_	_	_	
3-9	192-193	,	_	_	_	
3-10	194-196	je	_	_	_	
3-11	197-204	gardois	_	_	_	
3-12	205-207	un	_	_	_	
3-13	208-215	profond	_	_	_	
3-14	216-223	silence	_	_	_	
3-15	223-224	;	_	_	_	
3-16	225-227	je	_	_	_	
3-17	228-230	me	_	_	_	
3-18	231-241	contentois	_	_	_	
3-19	242-252	d'attacher	_	_	_	
3-20	253-256	mes	_	_	_	
3-21	257-261	yeux	_	_	_	
3-22	262-265	sur	_	_	_	
3-23	266-269	les	_	_	_	
3-24	270-275	siens	_	_	_	
3-25	275-276	,	_	_	_	
3-26	277-279	et	_	_	_	
3-27	280-282	de	_	_	_	
3-28	283-291	soupirer	_	_	_	
3-29	291-292	;	_	_	_	
3-30	293-300	souvent	_	_	_	
3-31	301-303	je	_	_	_	
3-32	304-306	la	_	_	_	
3-33	307-317	surprenois	_	_	_	
3-34	318-322	dans	_	_	_	
3-35	323-325	un	_	_	_	
3-36	326-333	trouble	_	_	_	
3-37	334-341	qu'elle	_	_	_	
3-38	342-353	s'efforçait	_	_	_	
3-39	354-356	de	_	_	_	
3-40	357-363	cacher	_	_	_	
3-41	363-364	:	_	_	_	
3-42	365-371	chaque	_	_	_	
3-43	372-378	moment	_	_	_	
3-44	379-381	me	_	_	_	
3-45	382-384	la	_	_	_	
3-46	385-393	montrait	_	_	_	
3-47	394-398	plus	_	_	_	
3-48	399-404	digne	_	_	_	
3-49	405-407	de	_	_	_	
3-50	408-410	ma	_	_	_	
3-51	411-420	tendresse	_	_	_	
3-52	421-423	et	_	_	_	
3-53	424-426	de	_	_	_	
3-54	427-430	mon	_	_	_	
3-55	431-442	estime.Elle	_	_	_	
3-56	443-444	a	_	_	_	
3-57	445-447	un	_	_	_	
3-58	448-454	esprit	_	_	_	
3-59	455-460	droit	_	_	_	
3-60	461-463	et	_	_	_	
3-61	464-474	approfondi	_	_	_	
3-62	474-475	,	_	_	_	
3-63	476-487	susceptible	_	_	_	
3-64	488-493	d'une	_	_	_	
3-65	494-499	suite	_	_	_	
3-66	500-502	de	_	_	_	
3-67	503-513	réflexions	_	_	_	
3-68	513-514	,	_	_	_	
3-69	515-519	bien	_	_	_	
3-70	520-529	inférieur	_	_	_	
3-71	529-530	,	_	_	_	
3-72	531-533	je	_	_	_	
3-73	534-541	l'avoue	_	_	_	
3-74	541-542	,	_	_	_	
3-75	543-544	à	_	_	_	
3-76	545-547	la	_	_	_	
3-77	548-555	finesse	_	_	_	
3-78	556-559	des	_	_	_	
3-79	560-570	sentiments	_	_	_	
3-80	571-575	dont	_	_	_	
3-81	576-580	elle	_	_	_	
3-82	581-584	est	_	_	_	
3-83	585-592	remplie	_	_	_	
3-84	592-593	;	_	_	_	
3-85	594-600	quelle	_	_	_	
3-86	601-604	âme	_	_	_	
3-87	604-605	!	_	_	_	

#Text=Il n'en est point de plus délicate, de plus noble, plus généreuse, plus bienfaisante: c'est un mélange délicieux, le parfum des qualités les plus exquises.
4-1	606-608	Il	_	_	_	
4-2	609-613	n'en	_	_	_	
4-3	614-617	est	_	_	_	
4-4	618-623	point	_	_	_	
4-5	624-626	de	_	_	_	
4-6	627-631	plus	_	_	_	
4-7	632-640	délicate	_	_	_	
4-8	640-641	,	_	_	_	
4-9	642-644	de	_	_	_	
4-10	645-649	plus	_	_	_	
4-11	650-655	noble	_	_	_	
4-12	655-656	,	_	_	_	
4-13	657-661	plus	_	_	_	
4-14	662-671	généreuse	_	_	_	
4-15	671-672	,	_	_	_	
4-16	673-677	plus	_	_	_	
4-17	678-690	bienfaisante	_	_	_	
4-18	690-691	:	_	_	_	
4-19	692-697	c'est	_	_	_	
4-20	698-700	un	_	_	_	
4-21	701-708	mélange	_	_	_	
4-22	709-718	délicieux	_	_	_	
4-23	718-719	,	_	_	_	
4-24	720-722	le	_	_	_	
4-25	723-729	parfum	Smell\_Word	*	4-26[1_0]	
4-26	730-733	des	Evoked\_Odorant[1]	_	_	
4-27	734-742	qualités	Evoked\_Odorant[1]	_	_	
4-28	743-746	les	Evoked\_Odorant[1]	_	_	
4-29	747-751	plus	Evoked\_Odorant[1]	_	_	
4-30	752-760	exquises	Evoked\_Odorant[1]	_	_	
4-31	760-761	.	Evoked\_Odorant[1]	_	_	

#Text=Je n'osais, parce que j'aimais véritablement, et qui aime véritablement, craint de déplaire, je n'osais, dis-je, mettre dans ma confidence les bonnes gens chez qui elle demeurait.
5-1	762-764	Je	_	_	_	
5-2	765-772	n'osais	_	_	_	
5-3	772-773	,	_	_	_	
5-4	774-779	parce	_	_	_	
5-5	780-783	que	_	_	_	
5-6	784-792	j'aimais	_	_	_	
5-7	793-806	véritablement	_	_	_	
5-8	806-807	,	_	_	_	
5-9	808-810	et	_	_	_	
5-10	811-814	qui	_	_	_	
5-11	815-819	aime	_	_	_	
5-12	820-833	véritablement	_	_	_	
5-13	833-834	,	_	_	_	
5-14	835-841	craint	_	_	_	
5-15	842-844	de	_	_	_	
5-16	845-853	déplaire	_	_	_	
5-17	853-854	,	_	_	_	
5-18	855-857	je	_	_	_	
5-19	858-865	n'osais	_	_	_	
5-20	865-866	,	_	_	_	
5-21	867-873	dis-je	_	_	_	
5-22	873-874	,	_	_	_	
5-23	875-881	mettre	_	_	_	
5-24	882-886	dans	_	_	_	
5-25	887-889	ma	_	_	_	
5-26	890-900	confidence	_	_	_	
5-27	901-904	les	_	_	_	
5-28	905-911	bonnes	_	_	_	
5-29	912-916	gens	_	_	_	
5-30	917-921	chez	_	_	_	
5-31	922-925	qui	_	_	_	
5-32	926-930	elle	_	_	_	
5-33	931-940	demeurait	_	_	_	
5-34	940-941	.	_	_	_	

#Text=Quelquefois Clary laissait tomber ses regards sur moi, et ses beaux yeux noirs s'obscurcissoient de larmes.
6-1	942-953	Quelquefois	_	_	_	
6-2	954-959	Clary	_	_	_	
6-3	960-968	laissait	_	_	_	
6-4	969-975	tomber	_	_	_	
6-5	976-979	ses	_	_	_	
6-6	980-987	regards	_	_	_	
6-7	988-991	sur	_	_	_	
6-8	992-995	moi	_	_	_	
6-9	995-996	,	_	_	_	
6-10	997-999	et	_	_	_	
6-11	1000-1003	ses	_	_	_	
6-12	1004-1009	beaux	_	_	_	
6-13	1010-1014	yeux	_	_	_	
6-14	1015-1020	noirs	_	_	_	
6-15	1021-1038	s'obscurcissoient	_	_	_	
6-16	1039-1041	de	_	_	_	
6-17	1042-1048	larmes	_	_	_	
6-18	1048-1049	.	_	_	_	
