#FORMAT=WebAnno TSV 3.3
#T_SP=custom.Span|label
#T_RL=custom.Relation|label|BT_custom.Span


#Text=An assortment of passages about smell in theatres, 1820s-1910s.
1-1	0-2	An	_	_	_	
1-2	3-13	assortment	_	_	_	
1-3	14-16	of	_	_	_	
1-4	17-25	passages	_	_	_	
1-5	26-31	about	_	_	_	
1-6	32-37	smell	Smell\_Word	*|*	1-7[1_0]|1-10[2_0]	
1-7	38-40	in	Location[1]	_	_	
1-8	41-49	theatres	Location[1]	_	_	
1-9	49-50	,	_	_	_	
1-10	51-56	1820s	Time[2]	_	_	
1-11	56-57	-	Time[2]	_	_	
1-12	57-62	1910s	Time[2]	_	_	
1-13	62-63	.	_	_	_	

#Text=Source: Thomas Jefferson Hogg, Two Hundred and Nine Days; or, The Journal of a Traveller on the Continent (London: Hunt and Clarke, 1827), pp. 72-73\r
#Text=Text: [Saturday, 10 December 1825] I visited in the evening a theatre, named Teatro del Fondo; there was an opera and a ballet; the performance was good, the house commodious, and the price of admission moderate; but great was the smell of garlic.
2-1	65-71	Source	_	_	_	
2-2	71-72	:	_	_	_	
2-3	73-79	Thomas	_	_	_	
2-4	80-89	Jefferson	_	_	_	
2-5	90-94	Hogg	_	_	_	
2-6	94-95	,	_	_	_	
2-7	96-99	Two	_	_	_	
2-8	100-107	Hundred	_	_	_	
2-9	108-111	and	_	_	_	
2-10	112-116	Nine	_	_	_	
2-11	117-121	Days	_	_	_	
2-12	121-122	;	_	_	_	
2-13	123-125	or	_	_	_	
2-14	125-126	,	_	_	_	
2-15	127-130	The	_	_	_	
2-16	131-138	Journal	_	_	_	
2-17	139-141	of	_	_	_	
2-18	142-143	a	_	_	_	
2-19	144-153	Traveller	_	_	_	
2-20	154-156	on	_	_	_	
2-21	157-160	the	_	_	_	
2-22	161-170	Continent	_	_	_	
2-23	171-172	(	_	_	_	
2-24	172-178	London	_	_	_	
2-25	178-179	:	_	_	_	
2-26	180-184	Hunt	_	_	_	
2-27	185-188	and	_	_	_	
2-28	189-195	Clarke	_	_	_	
2-29	195-196	,	_	_	_	
2-30	197-201	1827	_	_	_	
2-31	201-202	)	_	_	_	
2-32	202-203	,	_	_	_	
2-33	204-206	pp	_	_	_	
2-34	206-207	.	_	_	_	
2-35	208-210	72	_	_	_	
2-36	210-211	-	_	_	_	
2-37	211-213	73	_	_	_	
2-38	215-219	Text	_	_	_	
2-39	219-220	:	_	_	_	
2-40	221-222	[	_	_	_	
2-41	222-230	Saturday	_	_	_	
2-42	230-231	,	_	_	_	
2-43	232-234	10	_	_	_	
2-44	235-243	December	_	_	_	
2-45	244-248	1825	_	_	_	
2-46	248-249	]	_	_	_	
2-47	250-251	I	_	_	_	
2-48	252-259	visited	_	_	_	
2-49	260-262	in	_	_	_	
2-50	263-266	the	_	_	_	
2-51	267-274	evening	_	_	_	
2-52	275-276	a	_	_	_	
2-53	277-284	theatre	_	_	_	
2-54	284-285	,	_	_	_	
2-55	286-291	named	_	_	_	
2-56	292-298	Teatro	Location[3]	_	_	
2-57	299-302	del	Location[3]	_	_	
2-58	303-308	Fondo	Location[3]	_	_	
2-59	308-309	;	_	_	_	
2-60	310-315	there	_	_	_	
2-61	316-319	was	_	_	_	
2-62	320-322	an	_	_	_	
2-63	323-328	opera	_	_	_	
2-64	329-332	and	_	_	_	
2-65	333-334	a	_	_	_	
2-66	335-341	ballet	_	_	_	
2-67	341-342	;	_	_	_	
2-68	343-346	the	Circumstances[4]	_	_	
2-69	347-358	performance	Circumstances[4]	_	_	
2-70	359-362	was	_	_	_	
2-71	363-367	good	_	_	_	
2-72	367-368	,	_	_	_	
2-73	369-372	the	_	_	_	
2-74	373-378	house	_	_	_	
2-75	379-389	commodious	_	_	_	
2-76	389-390	,	_	_	_	
2-77	391-394	and	_	_	_	
2-78	395-398	the	_	_	_	
2-79	399-404	price	_	_	_	
2-80	405-407	of	_	_	_	
2-81	408-417	admission	_	_	_	
2-82	418-426	moderate	_	_	_	
2-83	426-427	;	_	_	_	
2-84	428-431	but	_	_	_	
2-85	432-437	great	Quality	_	_	
2-86	438-441	was	_	_	_	
2-87	442-445	the	_	_	_	
2-88	446-451	smell	Smell\_Word	*|*|*|*	2-89[5_0]|2-85|2-56[3_0]|2-68[4_0]	
2-89	452-454	of	Smell\_Source[5]	_	_	
2-90	455-461	garlic	Smell\_Source[5]	_	_	
2-91	461-462	.	_	_	_	

#Text=At a small theatre this was to be expected; for at the great theatre of S.
3-1	463-465	At	_	_	_	
3-2	466-467	a	_	_	_	
3-3	468-473	small	_	_	_	
3-4	474-481	theatre	_	_	_	
3-5	482-486	this	_	_	_	
3-6	487-490	was	_	_	_	
3-7	491-493	to	_	_	_	
3-8	494-496	be	_	_	_	
3-9	497-505	expected	_	_	_	
3-10	505-506	;	_	_	_	
3-11	507-510	for	_	_	_	
3-12	511-513	at	_	_	_	
3-13	514-517	the	_	_	_	
3-14	518-523	great	_	_	_	
3-15	524-531	theatre	_	_	_	
3-16	532-534	of	_	_	_	
3-17	535-536	S	_	_	_	
3-18	536-537	.	_	_	_	

#Text=Carlo, I had complained, that my place was too remote, and was brought much nearer the stage amongst a higher order of beings into a sort of fops-alley; but the fops smelt so strong of garlic, that it was difficult to live in the atmosphere of this more refined society.
4-1	538-543	Carlo	_	_	_	
4-2	543-544	,	_	_	_	
4-3	545-546	I	_	_	_	
4-4	547-550	had	_	_	_	
4-5	551-561	complained	_	_	_	
4-6	561-562	,	_	_	_	
4-7	563-567	that	_	_	_	
4-8	568-570	my	_	_	_	
4-9	571-576	place	_	_	_	
4-10	577-580	was	_	_	_	
4-11	581-584	too	_	_	_	
4-12	585-591	remote	_	_	_	
4-13	591-592	,	_	_	_	
4-14	593-596	and	_	_	_	
4-15	597-600	was	_	_	_	
4-16	601-608	brought	_	_	_	
4-17	609-613	much	_	_	_	
4-18	614-620	nearer	_	_	_	
4-19	621-624	the	_	_	_	
4-20	625-630	stage	_	_	_	
4-21	631-638	amongst	_	_	_	
4-22	639-640	a	_	_	_	
4-23	641-647	higher	_	_	_	
4-24	648-653	order	_	_	_	
4-25	654-656	of	_	_	_	
4-26	657-663	beings	_	_	_	
4-27	664-668	into	_	_	_	
4-28	669-670	a	_	_	_	
4-29	671-675	sort	_	_	_	
4-30	676-678	of	_	_	_	
4-31	679-689	fops-alley	_	_	_	
4-32	689-690	;	_	_	_	
4-33	691-694	but	_	_	_	
4-34	695-698	the	Odour\_Carrier[6]	_	_	
4-35	699-703	fops	Odour\_Carrier[6]	_	_	
4-36	704-709	smelt	Smell\_Word	*|*|*|*	4-34[6_0]|4-37[7_0]|4-39[8_0]|4-42[9_0]	
4-37	710-712	so	Quality[7]	_	_	
4-38	713-719	strong	Quality[7]	_	_	
4-39	720-722	of	Smell\_Source[8]	_	_	
4-40	723-729	garlic	Smell\_Source[8]	_	_	
4-41	729-730	,	_	_	_	
4-42	731-735	that	Effect[9]	_	_	
4-43	736-738	it	Effect[9]	_	_	
4-44	739-742	was	Effect[9]	_	_	
4-45	743-752	difficult	Effect[9]	_	_	
4-46	753-755	to	Effect[9]	_	_	
4-47	756-760	live	Effect[9]	_	_	
4-48	761-763	in	Effect[9]	_	_	
4-49	764-767	the	Effect[9]	_	_	
4-50	768-778	atmosphere	Effect[9]	_	_	
4-51	779-781	of	Effect[9]	_	_	
4-52	782-786	this	Effect[9]	_	_	
4-53	787-791	more	Effect[9]	_	_	
4-54	792-799	refined	Effect[9]	_	_	
4-55	800-807	society	Effect[9]	_	_	
4-56	807-808	.	_	_	_	

#Text=I had frequent examples of what I had heard before, that when the Italians are pleased with a performance, they hiss, to command silence and attention; the opera, and especially the ballet, were received this evening with much hissing, that is, they gave great satisfaction.
5-1	809-810	I	_	_	_	
5-2	811-814	had	_	_	_	
5-3	815-823	frequent	_	_	_	
5-4	824-832	examples	_	_	_	
5-5	833-835	of	_	_	_	
5-6	836-840	what	_	_	_	
5-7	841-842	I	_	_	_	
5-8	843-846	had	_	_	_	
5-9	847-852	heard	_	_	_	
5-10	853-859	before	_	_	_	
5-11	859-860	,	_	_	_	
5-12	861-865	that	_	_	_	
5-13	866-870	when	_	_	_	
5-14	871-874	the	_	_	_	
5-15	875-883	Italians	_	_	_	
5-16	884-887	are	_	_	_	
5-17	888-895	pleased	_	_	_	
5-18	896-900	with	_	_	_	
5-19	901-902	a	_	_	_	
5-20	903-914	performance	_	_	_	
5-21	914-915	,	_	_	_	
5-22	916-920	they	_	_	_	
5-23	921-925	hiss	_	_	_	
5-24	925-926	,	_	_	_	
5-25	927-929	to	_	_	_	
5-26	930-937	command	_	_	_	
5-27	938-945	silence	_	_	_	
5-28	946-949	and	_	_	_	
5-29	950-959	attention	_	_	_	
5-30	959-960	;	_	_	_	
5-31	961-964	the	_	_	_	
5-32	965-970	opera	_	_	_	
5-33	970-971	,	_	_	_	
5-34	972-975	and	_	_	_	
5-35	976-986	especially	_	_	_	
5-36	987-990	the	_	_	_	
5-37	991-997	ballet	_	_	_	
5-38	997-998	,	_	_	_	
5-39	999-1003	were	_	_	_	
5-40	1004-1012	received	_	_	_	
5-41	1013-1017	this	_	_	_	
5-42	1018-1025	evening	_	_	_	
5-43	1026-1030	with	_	_	_	
5-44	1031-1035	much	_	_	_	
5-45	1036-1043	hissing	_	_	_	
5-46	1043-1044	,	_	_	_	
5-47	1045-1049	that	_	_	_	
5-48	1050-1052	is	_	_	_	
5-49	1052-1053	,	_	_	_	
5-50	1054-1058	they	_	_	_	
5-51	1059-1063	gave	_	_	_	
5-52	1064-1069	great	_	_	_	
5-53	1070-1082	satisfaction	_	_	_	
5-54	1082-1083	.	_	_	_	

#Text=At the end of the ballet, the audience called for the ballet-master; the curtain was drawn up immediately, and a melancholy man in a suit of black was led on the stage between Cupid and Psyche, in the midst of the smoke and flames with which the piece had concluded; to express, as I was told by a lady, who, perceiving that I was a stranger, kindly took much pains to make me understand the whole allegory, the glowing ardours of love; he was hailed with loud applauses, and retired bowing, with an air of modest confusion, that would have been becoming even to Psyche herself.
6-1	1084-1086	At	_	_	_	
6-2	1087-1090	the	_	_	_	
6-3	1091-1094	end	_	_	_	
6-4	1095-1097	of	_	_	_	
6-5	1098-1101	the	_	_	_	
6-6	1102-1108	ballet	_	_	_	
6-7	1108-1109	,	_	_	_	
6-8	1110-1113	the	_	_	_	
6-9	1114-1122	audience	_	_	_	
6-10	1123-1129	called	_	_	_	
6-11	1130-1133	for	_	_	_	
6-12	1134-1137	the	_	_	_	
6-13	1138-1151	ballet-master	_	_	_	
6-14	1151-1152	;	_	_	_	
6-15	1153-1156	the	_	_	_	
6-16	1157-1164	curtain	_	_	_	
6-17	1165-1168	was	_	_	_	
6-18	1169-1174	drawn	_	_	_	
6-19	1175-1177	up	_	_	_	
6-20	1178-1189	immediately	_	_	_	
6-21	1189-1190	,	_	_	_	
6-22	1191-1194	and	_	_	_	
6-23	1195-1196	a	_	_	_	
6-24	1197-1207	melancholy	_	_	_	
6-25	1208-1211	man	_	_	_	
6-26	1212-1214	in	_	_	_	
6-27	1215-1216	a	_	_	_	
6-28	1217-1221	suit	_	_	_	
6-29	1222-1224	of	_	_	_	
6-30	1225-1230	black	_	_	_	
6-31	1231-1234	was	_	_	_	
6-32	1235-1238	led	_	_	_	
6-33	1239-1241	on	_	_	_	
6-34	1242-1245	the	_	_	_	
6-35	1246-1251	stage	_	_	_	
6-36	1252-1259	between	_	_	_	
6-37	1260-1265	Cupid	_	_	_	
6-38	1266-1269	and	_	_	_	
6-39	1270-1276	Psyche	_	_	_	
6-40	1276-1277	,	_	_	_	
6-41	1278-1280	in	_	_	_	
6-42	1281-1284	the	_	_	_	
6-43	1285-1290	midst	_	_	_	
6-44	1291-1293	of	_	_	_	
6-45	1294-1297	the	_	_	_	
6-46	1298-1303	smoke	_	_	_	
6-47	1304-1307	and	_	_	_	
6-48	1308-1314	flames	_	_	_	
6-49	1315-1319	with	_	_	_	
6-50	1320-1325	which	_	_	_	
6-51	1326-1329	the	_	_	_	
6-52	1330-1335	piece	_	_	_	
6-53	1336-1339	had	_	_	_	
6-54	1340-1349	concluded	_	_	_	
6-55	1349-1350	;	_	_	_	
6-56	1351-1353	to	_	_	_	
6-57	1354-1361	express	_	_	_	
6-58	1361-1362	,	_	_	_	
6-59	1363-1365	as	_	_	_	
6-60	1366-1367	I	_	_	_	
6-61	1368-1371	was	_	_	_	
6-62	1372-1376	told	_	_	_	
6-63	1377-1379	by	_	_	_	
6-64	1380-1381	a	_	_	_	
6-65	1382-1386	lady	_	_	_	
6-66	1386-1387	,	_	_	_	
6-67	1388-1391	who	_	_	_	
6-68	1391-1392	,	_	_	_	
6-69	1393-1403	perceiving	_	_	_	
6-70	1404-1408	that	_	_	_	
6-71	1409-1410	I	_	_	_	
6-72	1411-1414	was	_	_	_	
6-73	1415-1416	a	_	_	_	
6-74	1417-1425	stranger	_	_	_	
6-75	1425-1426	,	_	_	_	
6-76	1427-1433	kindly	_	_	_	
6-77	1434-1438	took	_	_	_	
6-78	1439-1443	much	_	_	_	
6-79	1444-1449	pains	_	_	_	
6-80	1450-1452	to	_	_	_	
6-81	1453-1457	make	_	_	_	
6-82	1458-1460	me	_	_	_	
6-83	1461-1471	understand	_	_	_	
6-84	1472-1475	the	_	_	_	
6-85	1476-1481	whole	_	_	_	
6-86	1482-1490	allegory	_	_	_	
6-87	1490-1491	,	_	_	_	
6-88	1492-1495	the	_	_	_	
6-89	1496-1503	glowing	_	_	_	
6-90	1504-1511	ardours	_	_	_	
6-91	1512-1514	of	_	_	_	
6-92	1515-1519	love	_	_	_	
6-93	1519-1520	;	_	_	_	
6-94	1521-1523	he	_	_	_	
6-95	1524-1527	was	_	_	_	
6-96	1528-1534	hailed	_	_	_	
6-97	1535-1539	with	_	_	_	
6-98	1540-1544	loud	_	_	_	
6-99	1545-1554	applauses	_	_	_	
6-100	1554-1555	,	_	_	_	
6-101	1556-1559	and	_	_	_	
6-102	1560-1567	retired	_	_	_	
6-103	1568-1574	bowing	_	_	_	
6-104	1574-1575	,	_	_	_	
6-105	1576-1580	with	_	_	_	
6-106	1581-1583	an	_	_	_	
6-107	1584-1587	air	_	_	_	
6-108	1588-1590	of	_	_	_	
6-109	1591-1597	modest	_	_	_	
6-110	1598-1607	confusion	_	_	_	
6-111	1607-1608	,	_	_	_	
6-112	1609-1613	that	_	_	_	
6-113	1614-1619	would	_	_	_	
6-114	1620-1624	have	_	_	_	
6-115	1625-1629	been	_	_	_	
6-116	1630-1638	becoming	_	_	_	
6-117	1639-1643	even	_	_	_	
6-118	1644-1646	to	_	_	_	
6-119	1647-1653	Psyche	_	_	_	
6-120	1654-1661	herself	_	_	_	
6-121	1661-1662	.	_	_	_	

#Text=Source: Charles Dickens, ‘Two Views of a Cheap Theatre’, All the Year Round, vol. 2, 25 February 1860, pp. 416-421.
7-1	1668-1674	Source	_	_	_	
7-2	1674-1675	:	_	_	_	
7-3	1676-1683	Charles	_	_	_	
7-4	1684-1691	Dickens	_	_	_	
7-5	1691-1692	,	_	_	_	
7-6	1693-1694	‘	_	_	_	
7-7	1694-1697	Two	_	_	_	
7-8	1698-1703	Views	_	_	_	
7-9	1704-1706	of	_	_	_	
7-10	1707-1708	a	_	_	_	
7-11	1709-1714	Cheap	_	_	_	
7-12	1715-1722	Theatre	_	_	_	
7-13	1722-1723	’	_	_	_	
7-14	1723-1724	,	_	_	_	
7-15	1725-1728	All	_	_	_	
7-16	1729-1732	the	_	_	_	
7-17	1733-1737	Year	_	_	_	
7-18	1738-1743	Round	_	_	_	
7-19	1743-1744	,	_	_	_	
7-20	1745-1748	vol	_	_	_	
7-21	1748-1749	.	_	_	_	
7-22	1750-1751	2	_	_	_	
7-23	1751-1752	,	_	_	_	
7-24	1753-1755	25	_	_	_	
7-25	1756-1764	February	_	_	_	
7-26	1765-1769	1860	_	_	_	
7-27	1769-1770	,	_	_	_	
7-28	1771-1773	pp	_	_	_	
7-29	1773-1774	.	_	_	_	
7-30	1775-1778	416	_	_	_	
7-31	1778-1779	-	_	_	_	
7-32	1779-1782	421	_	_	_	
7-33	1782-1783	.	_	_	_	

#Text=Reproduced in The Uncommercial Traveller (1861, 1868, 1875)\r
#Text=Text: My uncommercial curiosity induced me to go into every nook of this great place, and among every class of the audience assembled in it—amounting that evening, as I calculated, to about two thousand and odd hundreds.
8-1	1784-1794	Reproduced	_	_	_	
8-2	1795-1797	in	_	_	_	
8-3	1798-1801	The	_	_	_	
8-4	1802-1814	Uncommercial	_	_	_	
8-5	1815-1824	Traveller	_	_	_	
8-6	1825-1826	(	_	_	_	
8-7	1826-1830	1861	_	_	_	
8-8	1830-1831	,	_	_	_	
8-9	1832-1836	1868	_	_	_	
8-10	1836-1837	,	_	_	_	
8-11	1838-1842	1875	_	_	_	
8-12	1842-1843	)	_	_	_	
8-13	1845-1849	Text	_	_	_	
8-14	1849-1850	:	_	_	_	
8-15	1851-1853	My	_	_	_	
8-16	1854-1866	uncommercial	_	_	_	
8-17	1867-1876	curiosity	_	_	_	
8-18	1877-1884	induced	_	_	_	
8-19	1885-1887	me	_	_	_	
8-20	1888-1890	to	_	_	_	
8-21	1891-1893	go	_	_	_	
8-22	1894-1898	into	_	_	_	
8-23	1899-1904	every	_	_	_	
8-24	1905-1909	nook	_	_	_	
8-25	1910-1912	of	_	_	_	
8-26	1913-1917	this	_	_	_	
8-27	1918-1923	great	_	_	_	
8-28	1924-1929	place	_	_	_	
8-29	1929-1930	,	_	_	_	
8-30	1931-1934	and	_	_	_	
8-31	1935-1940	among	_	_	_	
8-32	1941-1946	every	_	_	_	
8-33	1947-1952	class	_	_	_	
8-34	1953-1955	of	_	_	_	
8-35	1956-1959	the	_	_	_	
8-36	1960-1968	audience	_	_	_	
8-37	1969-1978	assembled	_	_	_	
8-38	1979-1981	in	_	_	_	
8-39	1982-1994	it—amounting	_	_	_	
8-40	1995-1999	that	_	_	_	
8-41	2000-2007	evening	_	_	_	
8-42	2007-2008	,	_	_	_	
8-43	2009-2011	as	_	_	_	
8-44	2012-2013	I	_	_	_	
8-45	2014-2024	calculated	_	_	_	
8-46	2024-2025	,	_	_	_	
8-47	2026-2028	to	_	_	_	
8-48	2029-2034	about	_	_	_	
8-49	2035-2038	two	_	_	_	
8-50	2039-2047	thousand	_	_	_	
8-51	2048-2051	and	_	_	_	
8-52	2052-2055	odd	_	_	_	
8-53	2056-2064	hundreds	_	_	_	
8-54	2064-2065	.	_	_	_	

#Text=Magnificently lighted by a firmament of sparkling chandeliers, the building was ventilated to perfection.
9-1	2066-2079	Magnificently	_	_	_	
9-2	2080-2087	lighted	_	_	_	
9-3	2088-2090	by	_	_	_	
9-4	2091-2092	a	_	_	_	
9-5	2093-2102	firmament	_	_	_	
9-6	2103-2105	of	_	_	_	
9-7	2106-2115	sparkling	_	_	_	
9-8	2116-2127	chandeliers	_	_	_	
9-9	2127-2128	,	_	_	_	
9-10	2129-2132	the	_	_	_	
9-11	2133-2141	building	_	_	_	
9-12	2142-2145	was	_	_	_	
9-13	2146-2156	ventilated	_	_	_	
9-14	2157-2159	to	_	_	_	
9-15	2160-2170	perfection	_	_	_	
9-16	2170-2171	.	_	_	_	

#Text=My sense of smell, without being particularly delicate, has been so offended in some of the commoner places of public resort, that I have often been obliged to leave them when I have made an uncommercial journey expressly to look on.
10-1	2172-2174	My	Perceiver	_	_	
10-2	2175-2180	sense	_	_	_	
10-3	2181-2183	of	_	_	_	
10-4	2184-2189	smell	Smell\_Word	*|*|*	10-1|10-15[10_0]|10-25[11_0]	
10-5	2189-2190	,	_	_	_	
10-6	2191-2198	without	_	_	_	
10-7	2199-2204	being	_	_	_	
10-8	2205-2217	particularly	_	_	_	
10-9	2218-2226	delicate	_	_	_	
10-10	2226-2227	,	_	_	_	
10-11	2228-2231	has	_	_	_	
10-12	2232-2236	been	_	_	_	
10-13	2237-2239	so	_	_	_	
10-14	2240-2248	offended	_	_	_	
10-15	2249-2251	in	Location[10]	_	_	
10-16	2252-2256	some	Location[10]	_	_	
10-17	2257-2259	of	Location[10]	_	_	
10-18	2260-2263	the	Location[10]	_	_	
10-19	2264-2272	commoner	Location[10]	_	_	
10-20	2273-2279	places	Location[10]	_	_	
10-21	2280-2282	of	Location[10]	_	_	
10-22	2283-2289	public	Location[10]	_	_	
10-23	2290-2296	resort	Location[10]	_	_	
10-24	2296-2297	,	_	_	_	
10-25	2298-2302	that	Effect[11]	_	_	
10-26	2303-2304	I	Effect[11]	_	_	
10-27	2305-2309	have	Effect[11]	_	_	
10-28	2310-2315	often	Effect[11]	_	_	
10-29	2316-2320	been	Effect[11]	_	_	
10-30	2321-2328	obliged	Effect[11]	_	_	
10-31	2329-2331	to	Effect[11]	_	_	
10-32	2332-2337	leave	Effect[11]	_	_	
10-33	2338-2342	them	Effect[11]	_	_	
10-34	2343-2347	when	_	_	_	
10-35	2348-2349	I	_	_	_	
10-36	2350-2354	have	_	_	_	
10-37	2355-2359	made	_	_	_	
10-38	2360-2362	an	_	_	_	
10-39	2363-2375	uncommercial	_	_	_	
10-40	2376-2383	journey	_	_	_	
10-41	2384-2393	expressly	_	_	_	
10-42	2394-2396	to	_	_	_	
10-43	2397-2401	look	_	_	_	
10-44	2402-2404	on	_	_	_	
10-45	2404-2405	.	_	_	_	

#Text=The air of this Theatre was fresh, cool, and wholesome.
11-1	2406-2409	The	Odour\_Carrier[12]	_	_	
11-2	2410-2413	air	Odour\_Carrier[12]	_	_	
11-3	2414-2416	of	Location[13]	_	_	
11-4	2417-2421	this	Location[13]	_	_	
11-5	2422-2429	Theatre	Location[13]	_	_	
11-6	2430-2433	was	_	_	_	
11-7	2434-2439	fresh	Smell\_Word[14]|Quality[15]	*|*|*	11-1[12_14]|11-3[13_14]|11-7[15_14]	
11-8	2439-2440	,	_	_	_	
11-9	2441-2445	cool	_	_	_	
11-10	2445-2446	,	_	_	_	
11-11	2447-2450	and	_	_	_	
11-12	2451-2460	wholesome	_	_	_	
11-13	2460-2461	.	_	_	_	

#Text=To help towards this end, very sensible precautions had been used, ingeniously combining the experience of hospitals and railway stations.
12-1	2462-2464	To	_	_	_	
12-2	2465-2469	help	_	_	_	
12-3	2470-2477	towards	_	_	_	
12-4	2478-2482	this	_	_	_	
12-5	2483-2486	end	_	_	_	
12-6	2486-2487	,	_	_	_	
12-7	2488-2492	very	_	_	_	
12-8	2493-2501	sensible	_	_	_	
12-9	2502-2513	precautions	_	_	_	
12-10	2514-2517	had	_	_	_	
12-11	2518-2522	been	_	_	_	
12-12	2523-2527	used	_	_	_	
12-13	2527-2528	,	_	_	_	
12-14	2529-2540	ingeniously	_	_	_	
12-15	2541-2550	combining	_	_	_	
12-16	2551-2554	the	_	_	_	
12-17	2555-2565	experience	_	_	_	
12-18	2566-2568	of	_	_	_	
12-19	2569-2578	hospitals	_	_	_	
12-20	2579-2582	and	_	_	_	
12-21	2583-2590	railway	_	_	_	
12-22	2591-2599	stations	_	_	_	
12-23	2599-2600	.	_	_	_	

#Text=Asphalt pavements substituted for wooden floors, honest bare walls of glazed brick and tile—even at the back of the boxes—for plaster and paper, no benches stuffed, and no carpeting or baize used; a cool material with a light glazed surface, being the covering of the seats.
13-1	2601-2608	Asphalt	_	_	_	
13-2	2609-2618	pavements	_	_	_	
13-3	2619-2630	substituted	_	_	_	
13-4	2631-2634	for	_	_	_	
13-5	2635-2641	wooden	_	_	_	
13-6	2642-2648	floors	_	_	_	
13-7	2648-2649	,	_	_	_	
13-8	2650-2656	honest	_	_	_	
13-9	2657-2661	bare	_	_	_	
13-10	2662-2667	walls	_	_	_	
13-11	2668-2670	of	_	_	_	
13-12	2671-2677	glazed	_	_	_	
13-13	2678-2683	brick	_	_	_	
13-14	2684-2687	and	_	_	_	
13-15	2688-2697	tile—even	_	_	_	
13-16	2698-2700	at	_	_	_	
13-17	2701-2704	the	_	_	_	
13-18	2705-2709	back	_	_	_	
13-19	2710-2712	of	_	_	_	
13-20	2713-2716	the	_	_	_	
13-21	2717-2726	boxes—for	_	_	_	
13-22	2727-2734	plaster	_	_	_	
13-23	2735-2738	and	_	_	_	
13-24	2739-2744	paper	_	_	_	
13-25	2744-2745	,	_	_	_	
13-26	2746-2748	no	_	_	_	
13-27	2749-2756	benches	_	_	_	
13-28	2757-2764	stuffed	_	_	_	
13-29	2764-2765	,	_	_	_	
13-30	2766-2769	and	_	_	_	
13-31	2770-2772	no	_	_	_	
13-32	2773-2782	carpeting	_	_	_	
13-33	2783-2785	or	_	_	_	
13-34	2786-2791	baize	_	_	_	
13-35	2792-2796	used	_	_	_	
13-36	2796-2797	;	_	_	_	
13-37	2798-2799	a	_	_	_	
13-38	2800-2804	cool	_	_	_	
13-39	2805-2813	material	_	_	_	
13-40	2814-2818	with	_	_	_	
13-41	2819-2820	a	_	_	_	
13-42	2821-2826	light	_	_	_	
13-43	2827-2833	glazed	_	_	_	
13-44	2834-2841	surface	_	_	_	
13-45	2841-2842	,	_	_	_	
13-46	2843-2848	being	_	_	_	
13-47	2849-2852	the	_	_	_	
13-48	2853-2861	covering	_	_	_	
13-49	2862-2864	of	_	_	_	
13-50	2865-2868	the	_	_	_	
13-51	2869-2874	seats	_	_	_	
13-52	2874-2875	.	_	_	_	

#Text=Source: Arnold Bennett, ‘The Variétés’ in Paris Nights, and Other Impressions of Places and People (New York: George H.
14-1	2881-2887	Source	_	_	_	
14-2	2887-2888	:	_	_	_	
14-3	2889-2895	Arnold	_	_	_	
14-4	2896-2903	Bennett	_	_	_	
14-5	2903-2904	,	_	_	_	
14-6	2905-2906	‘	_	_	_	
14-7	2906-2909	The	_	_	_	
14-8	2910-2918	Variétés	_	_	_	
14-9	2918-2919	’	_	_	_	
14-10	2920-2922	in	_	_	_	
14-11	2923-2928	Paris	_	_	_	
14-12	2929-2935	Nights	_	_	_	
14-13	2935-2936	,	_	_	_	
14-14	2937-2940	and	_	_	_	
14-15	2941-2946	Other	_	_	_	
14-16	2947-2958	Impressions	_	_	_	
14-17	2959-2961	of	_	_	_	
14-18	2962-2968	Places	_	_	_	
14-19	2969-2972	and	_	_	_	
14-20	2973-2979	People	_	_	_	
14-21	2980-2981	(	_	_	_	
14-22	2981-2984	New	_	_	_	
14-23	2985-2989	York	_	_	_	
14-24	2989-2990	:	_	_	_	
14-25	2991-2997	George	_	_	_	
14-26	2998-2999	H	_	_	_	
14-27	2999-3000	.	_	_	_	

#Text=Doran, 1913), pp. 13-20\r
#Text=Text: They regarded our tickets with gestures of scorn, weariness, and cupidity.
15-1	3001-3006	Doran	_	_	_	
15-2	3006-3007	,	_	_	_	
15-3	3008-3012	1913	_	_	_	
15-4	3012-3013	)	_	_	_	
15-5	3013-3014	,	_	_	_	
15-6	3015-3017	pp	_	_	_	
15-7	3017-3018	.	_	_	_	
15-8	3019-3021	13	_	_	_	
15-9	3021-3022	-	_	_	_	
15-10	3022-3024	20	_	_	_	
15-11	3026-3030	Text	_	_	_	
15-12	3030-3031	:	_	_	_	
15-13	3032-3036	They	_	_	_	
15-14	3037-3045	regarded	_	_	_	
15-15	3046-3049	our	_	_	_	
15-16	3050-3057	tickets	_	_	_	
15-17	3058-3062	with	_	_	_	
15-18	3063-3071	gestures	_	_	_	
15-19	3072-3074	of	_	_	_	
15-20	3075-3080	scorn	_	_	_	
15-21	3080-3081	,	_	_	_	
15-22	3082-3091	weariness	_	_	_	
15-23	3091-3092	,	_	_	_	
15-24	3093-3096	and	_	_	_	
15-25	3097-3105	cupidity	_	_	_	
15-26	3105-3106	.	_	_	_	

#Text=None knew better than they that these coloured scraps represented a large lovely gold coin, rare and yet plentiful, reassuring and yet transient, the price of coals, boots, nectar, and love.
16-1	3107-3111	None	_	_	_	
16-2	3112-3116	knew	_	_	_	
16-3	3117-3123	better	_	_	_	
16-4	3124-3128	than	_	_	_	
16-5	3129-3133	they	_	_	_	
16-6	3134-3138	that	_	_	_	
16-7	3139-3144	these	_	_	_	
16-8	3145-3153	coloured	_	_	_	
16-9	3154-3160	scraps	_	_	_	
16-10	3161-3172	represented	_	_	_	
16-11	3173-3174	a	_	_	_	
16-12	3175-3180	large	_	_	_	
16-13	3181-3187	lovely	_	_	_	
16-14	3188-3192	gold	_	_	_	
16-15	3193-3197	coin	_	_	_	
16-16	3197-3198	,	_	_	_	
16-17	3199-3203	rare	_	_	_	
16-18	3204-3207	and	_	_	_	
16-19	3208-3211	yet	_	_	_	
16-20	3212-3221	plentiful	_	_	_	
16-21	3221-3222	,	_	_	_	
16-22	3223-3233	reassuring	_	_	_	
16-23	3234-3237	and	_	_	_	
16-24	3238-3241	yet	_	_	_	
16-25	3242-3251	transient	_	_	_	
16-26	3251-3252	,	_	_	_	
16-27	3253-3256	the	_	_	_	
16-28	3257-3262	price	_	_	_	
16-29	3263-3265	of	_	_	_	
16-30	3266-3271	coals	_	_	_	
16-31	3271-3272	,	_	_	_	
16-32	3273-3278	boots	_	_	_	
16-33	3278-3279	,	_	_	_	
16-34	3280-3286	nectar	_	_	_	
16-35	3286-3287	,	_	_	_	
16-36	3288-3291	and	_	_	_	
16-37	3292-3296	love	_	_	_	
16-38	3296-3297	.	_	_	_	

#Text=We came to a very narrow, low, foul, semi-circular tunnel which was occupied by hags and harpies with pink bows in their hair, and by marauding men, and by hats and cloaks and overcoats, and by a double odour of dirt and disinfectants.
17-1	3298-3300	We	Perceiver	_	_	
17-2	3301-3305	came	_	_	_	
17-3	3306-3308	to	_	_	_	
17-4	3309-3310	a	_	_	_	
17-5	3311-3315	very	_	_	_	
17-6	3316-3322	narrow	_	_	_	
17-7	3322-3323	,	_	_	_	
17-8	3324-3327	low	_	_	_	
17-9	3327-3328	,	_	_	_	
17-10	3329-3333	foul	Smell\_Word[16]|Quality[17]	*|*|*	17-12[18_16]|17-1[0_16]|17-10[17_16]	
17-11	3333-3334	,	_	_	_	
17-12	3335-3348	semi-circular	Smell\_Source[18]	_	_	
17-13	3349-3355	tunnel	Smell\_Source[18]	_	_	
17-14	3356-3361	which	_	_	_	
17-15	3362-3365	was	_	_	_	
17-16	3366-3374	occupied	_	_	_	
17-17	3375-3377	by	_	_	_	
17-18	3378-3382	hags	_	_	_	
17-19	3383-3386	and	_	_	_	
17-20	3387-3394	harpies	_	_	_	
17-21	3395-3399	with	_	_	_	
17-22	3400-3404	pink	_	_	_	
17-23	3405-3409	bows	_	_	_	
17-24	3410-3412	in	_	_	_	
17-25	3413-3418	their	_	_	_	
17-26	3419-3423	hair	_	_	_	
17-27	3423-3424	,	_	_	_	
17-28	3425-3428	and	_	_	_	
17-29	3429-3431	by	_	_	_	
17-30	3432-3441	marauding	_	_	_	
17-31	3442-3445	men	_	_	_	
17-32	3445-3446	,	_	_	_	
17-33	3447-3450	and	_	_	_	
17-34	3451-3453	by	_	_	_	
17-35	3454-3458	hats	_	_	_	
17-36	3459-3462	and	_	_	_	
17-37	3463-3469	cloaks	_	_	_	
17-38	3470-3473	and	_	_	_	
17-39	3474-3483	overcoats	_	_	_	
17-40	3483-3484	,	_	_	_	
17-41	3485-3488	and	_	_	_	
17-42	3489-3491	by	_	_	_	
17-43	3492-3493	a	_	_	_	
17-44	3494-3500	double	Quality	_	_	
17-45	3501-3506	odour	Smell\_Word	*|*	17-44|17-46[19_0]	
17-46	3507-3509	of	Smell\_Source[19]	_	_	
17-47	3510-3514	dirt	Smell\_Source[19]	_	_	
17-48	3515-3518	and	Smell\_Source[19]	_	_	
17-49	3519-3532	disinfectants	Smell\_Source[19]	_	_	
17-50	3532-3533	.	_	_	_	

#Text=Along the convex side of the tunnel were a number of little doors like the doors of cells.
18-1	3534-3539	Along	_	_	_	
18-2	3540-3543	the	_	_	_	
18-3	3544-3550	convex	_	_	_	
18-4	3551-3555	side	_	_	_	
18-5	3556-3558	of	_	_	_	
18-6	3559-3562	the	_	_	_	
18-7	3563-3569	tunnel	_	_	_	
18-8	3570-3574	were	_	_	_	
18-9	3575-3576	a	_	_	_	
18-10	3577-3583	number	_	_	_	
18-11	3584-3586	of	_	_	_	
18-12	3587-3593	little	_	_	_	
18-13	3594-3599	doors	_	_	_	
18-14	3600-3604	like	_	_	_	
18-15	3605-3608	the	_	_	_	
18-16	3609-3614	doors	_	_	_	
18-17	3615-3617	of	_	_	_	
18-18	3618-3623	cells	_	_	_	
18-19	3623-3624	.	_	_	_	

#Text=We bought a programme from a man, yielded our wraps to two harpies, and were led away by another man.
19-1	3625-3627	We	_	_	_	
19-2	3628-3634	bought	_	_	_	
19-3	3635-3636	a	_	_	_	
19-4	3637-3646	programme	_	_	_	
19-5	3647-3651	from	_	_	_	
19-6	3652-3653	a	_	_	_	
19-7	3654-3657	man	_	_	_	
19-8	3657-3658	,	_	_	_	
19-9	3659-3666	yielded	_	_	_	
19-10	3667-3670	our	_	_	_	
19-11	3671-3676	wraps	_	_	_	
19-12	3677-3679	to	_	_	_	
19-13	3680-3683	two	_	_	_	
19-14	3684-3691	harpies	_	_	_	
19-15	3691-3692	,	_	_	_	
19-16	3693-3696	and	_	_	_	
19-17	3697-3701	were	_	_	_	
19-18	3702-3705	led	_	_	_	
19-19	3706-3710	away	_	_	_	
19-20	3711-3713	by	_	_	_	
19-21	3714-3721	another	_	_	_	
19-22	3722-3725	man	_	_	_	
19-23	3725-3726	.	_	_	_	

#Text=All these beings looked hungrily apprehensive, like dogs nosing along a gutter.
20-1	3727-3730	All	_	_	_	
20-2	3731-3736	these	_	_	_	
20-3	3737-3743	beings	_	_	_	
20-4	3744-3750	looked	_	_	_	
20-5	3751-3759	hungrily	_	_	_	
20-6	3760-3772	apprehensive	_	_	_	
20-7	3772-3773	,	_	_	_	
20-8	3774-3778	like	_	_	_	
20-9	3779-3783	dogs	Perceiver	_	_	
20-10	3784-3790	nosing	Smell\_Word	*|*	20-11[20_0]|20-9	
20-11	3791-3796	along	Location[20]	_	_	
20-12	3797-3798	a	Location[20]	_	_	
20-13	3799-3805	gutter	Location[20]	_	_	
20-14	3805-3806	.	_	_	_	

#Text=The auditorium which was nearly full, had the same characteristics as the porch and the couloir.
21-1	3807-3810	The	Smell\_Source[21]	_	_	
21-2	3811-3821	auditorium	Smell\_Source[21]	_	_	
21-3	3822-3827	which	_	_	_	
21-4	3828-3831	was	_	_	_	
21-5	3832-3838	nearly	_	_	_	
21-6	3839-3843	full	_	_	_	
21-7	3843-3844	,	_	_	_	
21-8	3845-3848	had	_	_	_	
21-9	3849-3852	the	_	_	_	
21-10	3853-3857	same	_	_	_	
21-11	3858-3873	characteristics	_	_	_	
21-12	3874-3876	as	_	_	_	
21-13	3877-3880	the	_	_	_	
21-14	3881-3886	porch	_	_	_	
21-15	3887-3890	and	_	_	_	
21-16	3891-3894	the	_	_	_	
21-17	3895-3902	couloir	_	_	_	
21-18	3902-3903	.	_	_	_	

#Text=It was filthy, fetid, uncomfortable, and dangerous.
22-1	3904-3906	It	Smell\_Source	Anaphoric	21-1[21_0]	
22-2	3907-3910	was	_	_	_	
22-3	3911-3917	filthy	_	_	_	
22-4	3917-3918	,	_	_	_	
22-5	3919-3924	fetid	Smell\_Word[22]|Quality[23]	*|*	22-1[0_22]|22-5[23_22]	
22-6	3924-3925	,	_	_	_	
22-7	3926-3939	uncomfortable	_	_	_	
22-8	3939-3940	,	_	_	_	
22-9	3941-3944	and	_	_	_	
22-10	3945-3954	dangerous	_	_	_	
22-11	3954-3955	.	_	_	_	

#Text=It had the carpets of a lodging-house of the ‘seventies, the seats of an old omnibus, the gilt and the decorated sculpture of a circus at a fair.
23-1	3956-3958	It	_	_	_	
23-2	3959-3962	had	_	_	_	
23-3	3963-3966	the	_	_	_	
23-4	3967-3974	carpets	_	_	_	
23-5	3975-3977	of	_	_	_	
23-6	3978-3979	a	_	_	_	
23-7	3980-3993	lodging-house	_	_	_	
23-8	3994-3996	of	_	_	_	
23-9	3997-4000	the	_	_	_	
23-10	4001-4002	‘	_	_	_	
23-11	4002-4011	seventies	_	_	_	
23-12	4011-4012	,	_	_	_	
23-13	4013-4016	the	_	_	_	
23-14	4017-4022	seats	_	_	_	
23-15	4023-4025	of	_	_	_	
23-16	4026-4028	an	_	_	_	
23-17	4029-4032	old	_	_	_	
23-18	4033-4040	omnibus	_	_	_	
23-19	4040-4041	,	_	_	_	
23-20	4042-4045	the	_	_	_	
23-21	4046-4050	gilt	_	_	_	
23-22	4051-4054	and	_	_	_	
23-23	4055-4058	the	_	_	_	
23-24	4059-4068	decorated	_	_	_	
23-25	4069-4078	sculpture	_	_	_	
23-26	4079-4081	of	_	_	_	
23-27	4082-4083	a	_	_	_	
23-28	4084-4090	circus	_	_	_	
23-29	4091-4093	at	_	_	_	
23-30	4094-4095	a	_	_	_	
23-31	4096-4100	fair	_	_	_	
23-32	4100-4101	.	_	_	_	

#Text=And it was dingy!
24-1	4102-4105	And	_	_	_	
24-2	4106-4108	it	_	_	_	
24-3	4109-4112	was	_	_	_	
24-4	4113-4118	dingy	_	_	_	
24-5	4118-4119	!	_	_	_	

#Text=It was encrusted with dinginess!
25-1	4120-4122	It	_	_	_	
25-2	4123-4126	was	_	_	_	
25-3	4127-4136	encrusted	_	_	_	
25-4	4137-4141	with	_	_	_	
25-5	4142-4151	dinginess	_	_	_	
25-6	4151-4152	!	_	_	_	
