#FORMAT=WebAnno TSV 3.3
#T_SP=custom.Span|label
#T_RL=custom.Relation|label|BT_custom.Span


#Text=The Local Board are restrained by the injunction \r
#Text=from turning lime water into the river, on the plea \r
#Text=that it would destroy the fish ; but the experience at \r
#Text=Leicester shows that this is not a necessary consequence of treating the sewage with lime.
1-1	0-3	The	_	_	_	
1-2	4-9	Local	_	_	_	
1-3	10-15	Board	_	_	_	
1-4	16-19	are	_	_	_	
1-5	20-30	restrained	_	_	_	
1-6	31-33	by	_	_	_	
1-7	34-37	the	_	_	_	
1-8	38-48	injunction	_	_	_	
1-9	51-55	from	_	_	_	
1-10	56-63	turning	_	_	_	
1-11	64-68	lime	_	_	_	
1-12	69-74	water	_	_	_	
1-13	75-79	into	_	_	_	
1-14	80-83	the	_	_	_	
1-15	84-89	river	_	_	_	
1-16	89-90	,	_	_	_	
1-17	91-93	on	_	_	_	
1-18	94-97	the	_	_	_	
1-19	98-102	plea	_	_	_	
1-20	105-109	that	_	_	_	
1-21	110-112	it	_	_	_	
1-22	113-118	would	_	_	_	
1-23	119-126	destroy	_	_	_	
1-24	127-130	the	_	_	_	
1-25	131-135	fish	_	_	_	
1-26	136-137	;	_	_	_	
1-27	138-141	but	_	_	_	
1-28	142-145	the	_	_	_	
1-29	146-156	experience	_	_	_	
1-30	157-159	at	_	_	_	
1-31	162-171	Leicester	_	_	_	
1-32	172-177	shows	_	_	_	
1-33	178-182	that	_	_	_	
1-34	183-187	this	_	_	_	
1-35	188-190	is	_	_	_	
1-36	191-194	not	_	_	_	
1-37	195-196	a	_	_	_	
1-38	197-206	necessary	_	_	_	
1-39	207-218	consequence	_	_	_	
1-40	219-221	of	_	_	_	
1-41	222-230	treating	_	_	_	
1-42	231-234	the	_	_	_	
1-43	235-241	sewage	_	_	_	
1-44	242-246	with	_	_	_	
1-45	247-251	lime	_	_	_	
1-46	251-252	.	_	_	_	

#Text=There, \r
#Text=however, the lime water does not enter the river; \r
#Text=sufficient reservoir space is allowed for its precipitation before the effluent water is discharged.
2-1	253-258	There	_	_	_	
2-2	258-259	,	_	_	_	
2-3	262-269	however	_	_	_	
2-4	269-270	,	_	_	_	
2-5	271-274	the	_	_	_	
2-6	275-279	lime	_	_	_	
2-7	280-285	water	_	_	_	
2-8	286-290	does	_	_	_	
2-9	291-294	not	_	_	_	
2-10	295-300	enter	_	_	_	
2-11	301-304	the	_	_	_	
2-12	305-310	river	_	_	_	
2-13	310-311	;	_	_	_	
2-14	314-324	sufficient	_	_	_	
2-15	325-334	reservoir	_	_	_	
2-16	335-340	space	_	_	_	
2-17	341-343	is	_	_	_	
2-18	344-351	allowed	_	_	_	
2-19	352-355	for	_	_	_	
2-20	356-359	its	_	_	_	
2-21	360-373	precipitation	_	_	_	
2-22	374-380	before	_	_	_	
2-23	381-384	the	_	_	_	
2-24	385-393	effluent	_	_	_	
2-25	394-399	water	_	_	_	
2-26	400-402	is	_	_	_	
2-27	403-413	discharged	_	_	_	
2-28	413-414	.	_	_	_	

#Text=Mr.
3-1	419-421	Mr	_	_	_	
3-2	421-422	.	_	_	_	

#Text=Burns, the local Surveyor of Ely, having, as \r
#Text=early as 1834, made some successful experiments in \r
#Text=treating gas water with clay, was induced recently \r
#Text=to apply it, in conjunction with lime, for deodorizing \r
#Text=the sewage, on completion of the drainage works of \r
#Text=Ely.
4-1	423-428	Burns	_	_	_	
4-2	428-429	,	_	_	_	
4-3	430-433	the	_	_	_	
4-4	434-439	local	_	_	_	
4-5	440-448	Surveyor	_	_	_	
4-6	449-451	of	_	_	_	
4-7	452-455	Ely	_	_	_	
4-8	455-456	,	_	_	_	
4-9	457-463	having	_	_	_	
4-10	463-464	,	_	_	_	
4-11	465-467	as	Time[1]	_	_	
4-12	470-475	early	Time[1]	_	_	
4-13	476-478	as	Time[1]	_	_	
4-14	479-483	1834	Time[1]	_	_	
4-15	483-484	,	_	_	_	
4-16	485-489	made	_	_	_	
4-17	490-494	some	_	_	_	
4-18	495-505	successful	_	_	_	
4-19	506-517	experiments	_	_	_	
4-20	518-520	in	_	_	_	
4-21	523-531	treating	_	_	_	
4-22	532-535	gas	_	_	_	
4-23	536-541	water	_	_	_	
4-24	542-546	with	_	_	_	
4-25	547-551	clay	Smell\_Source	_	_	
4-26	551-552	,	_	_	_	
4-27	553-556	was	_	_	_	
4-28	557-564	induced	_	_	_	
4-29	565-573	recently	_	_	_	
4-30	576-578	to	_	_	_	
4-31	579-584	apply	_	_	_	
4-32	585-587	it	_	_	_	
4-33	587-588	,	_	_	_	
4-34	589-591	in	Smell\_Source[2]	_	_	
4-35	592-603	conjunction	Smell\_Source[2]	_	_	
4-36	604-608	with	Smell\_Source[2]	_	_	
4-37	609-613	lime	Smell\_Source[2]	_	_	
4-38	613-614	,	_	_	_	
4-39	615-618	for	_	_	_	
4-40	619-630	deodorizing	Smell\_Word	*|*|*|*|*|*	4-51|4-34[2_0]|4-25|4-41[3_0]|4-44[4_0]|4-11[1_0]	
4-41	633-636	the	Location[3]	_	_	
4-42	637-643	sewage	Location[3]	_	_	
4-43	643-644	,	_	_	_	
4-44	645-647	on	Circumstances[4]	_	_	
4-45	648-658	completion	Circumstances[4]	_	_	
4-46	659-661	of	Circumstances[4]	_	_	
4-47	662-665	the	Circumstances[4]	_	_	
4-48	666-674	drainage	Circumstances[4]	_	_	
4-49	675-680	works	Circumstances[4]	_	_	
4-50	681-683	of	_	_	_	
4-51	686-689	Ely	Location	_	_	
4-52	689-690	.	_	_	_	

#Text=Sewage works have been erected at the outfall \r
#Text=in which the experiment has been in operation for \r
#Text=some time, and it is stated with complete success.
5-1	691-697	Sewage	_	_	_	
5-2	698-703	works	_	_	_	
5-3	704-708	have	_	_	_	
5-4	709-713	been	_	_	_	
5-5	714-721	erected	_	_	_	
5-6	722-724	at	_	_	_	
5-7	725-728	the	_	_	_	
5-8	729-736	outfall	_	_	_	
5-9	739-741	in	_	_	_	
5-10	742-747	which	_	_	_	
5-11	748-751	the	_	_	_	
5-12	752-762	experiment	_	_	_	
5-13	763-766	has	_	_	_	
5-14	767-771	been	_	_	_	
5-15	772-774	in	_	_	_	
5-16	775-784	operation	_	_	_	
5-17	785-788	for	_	_	_	
5-18	791-795	some	_	_	_	
5-19	796-800	time	_	_	_	
5-20	800-801	,	_	_	_	
5-21	802-805	and	_	_	_	
5-22	806-808	it	_	_	_	
5-23	809-811	is	_	_	_	
5-24	812-818	stated	_	_	_	
5-25	819-823	with	_	_	_	
5-26	824-832	complete	_	_	_	
5-27	833-840	success	_	_	_	
5-28	840-841	.	_	_	_	

#Text=At the time of my visit the place was certainly quite \r
#Text=free from offensive smell ; but the collecting tank has \r
#Text=not yet been opened to try the effect of the manure.
6-1	844-846	At	Time[5]	_	_	
6-2	847-850	the	Time[5]	_	_	
6-3	851-855	time	Time[5]	_	_	
6-4	856-858	of	Time[5]	_	_	
6-5	859-861	my	Time[5]|Perceiver[6]	_	_	
6-6	862-867	visit	Time[5]	_	_	
6-7	868-871	the	Location[7]	_	_	
6-8	872-877	place	Location[7]	_	_	
6-9	878-881	was	_	_	_	
6-10	882-891	certainly	_	_	_	
6-11	892-897	quite	_	_	_	
6-12	900-904	free	_	_	_	
6-13	905-909	from	_	_	_	
6-14	910-919	offensive	Quality	_	_	
6-15	920-925	smell	Smell\_Word	*|*|*|*	6-14|6-5[6_0]|6-7[7_0]|6-1[5_0]	
6-16	926-927	;	_	_	_	
6-17	928-931	but	_	_	_	
6-18	932-935	the	_	_	_	
6-19	936-946	collecting	_	_	_	
6-20	947-951	tank	_	_	_	
6-21	952-955	has	_	_	_	
6-22	958-961	not	_	_	_	
6-23	962-965	yet	_	_	_	
6-24	966-970	been	_	_	_	
6-25	971-977	opened	_	_	_	
6-26	978-980	to	_	_	_	
6-27	981-984	try	_	_	_	
6-28	985-988	the	_	_	_	
6-29	989-995	effect	_	_	_	
6-30	996-998	of	_	_	_	
6-31	999-1002	the	_	_	_	
6-32	1003-1009	manure	_	_	_	
6-33	1009-1010	.	_	_	_	

#Text=It is found that one ton of clay is sufficient to \r
#Text=deodorize 600 tons of sewage as at present discharged at Ely ; but, as only a portion of the houses \r
#Text=have waterclosets as yet, the liquid is comparatively \r
#Text=weak.
7-1	1015-1017	It	_	_	_	
7-2	1018-1020	is	_	_	_	
7-3	1021-1026	found	_	_	_	
7-4	1027-1031	that	_	_	_	
7-5	1032-1035	one	Smell\_Source[8]	_	_	
7-6	1036-1039	ton	Smell\_Source[8]	_	_	
7-7	1040-1042	of	Smell\_Source[8]	_	_	
7-8	1043-1047	clay	Smell\_Source[8]	_	_	
7-9	1048-1050	is	_	_	_	
7-10	1051-1061	sufficient	_	_	_	
7-11	1062-1064	to	_	_	_	
7-12	1067-1076	deodorize	Smell\_Word	*|*|*	7-13[9_0]|7-5[8_0]|7-21[10_0]	
7-13	1077-1080	600	Location[9]	_	_	
7-14	1081-1085	tons	Location[9]	_	_	
7-15	1086-1088	of	Location[9]	_	_	
7-16	1089-1095	sewage	Location[9]	_	_	
7-17	1096-1098	as	_	_	_	
7-18	1099-1101	at	_	_	_	
7-19	1102-1109	present	_	_	_	
7-20	1110-1120	discharged	_	_	_	
7-21	1121-1123	at	Location[10]	_	_	
7-22	1124-1127	Ely	Location[10]	_	_	
7-23	1128-1129	;	_	_	_	
7-24	1130-1133	but	_	_	_	
7-25	1133-1134	,	_	_	_	
7-26	1135-1137	as	_	_	_	
7-27	1138-1142	only	_	_	_	
7-28	1143-1144	a	_	_	_	
7-29	1145-1152	portion	_	_	_	
7-30	1153-1155	of	_	_	_	
7-31	1156-1159	the	_	_	_	
7-32	1160-1166	houses	_	_	_	
7-33	1169-1173	have	_	_	_	
7-34	1174-1186	waterclosets	_	_	_	
7-35	1187-1189	as	_	_	_	
7-36	1190-1193	yet	_	_	_	
7-37	1193-1194	,	_	_	_	
7-38	1195-1198	the	_	_	_	
7-39	1199-1205	liquid	_	_	_	
7-40	1206-1208	is	_	_	_	
7-41	1209-1222	comparatively	_	_	_	
7-42	1225-1229	weak	_	_	_	
7-43	1229-1230	.	_	_	_	

#Text=It is expected that every house will in the \r
#Text=course of the present year be connected with the \r
#Text=sewers, when it is supposed that about double the \r
#Text=weight of clay will be required for the same quantity \r
#Text=of sewage.
8-1	1231-1233	It	_	_	_	
8-2	1234-1236	is	_	_	_	
8-3	1237-1245	expected	_	_	_	
8-4	1246-1250	that	_	_	_	
8-5	1251-1256	every	_	_	_	
8-6	1257-1262	house	_	_	_	
8-7	1263-1267	will	_	_	_	
8-8	1268-1270	in	_	_	_	
8-9	1271-1274	the	_	_	_	
8-10	1277-1283	course	_	_	_	
8-11	1284-1286	of	_	_	_	
8-12	1287-1290	the	_	_	_	
8-13	1291-1298	present	_	_	_	
8-14	1299-1303	year	_	_	_	
8-15	1304-1306	be	_	_	_	
8-16	1307-1316	connected	_	_	_	
8-17	1317-1321	with	_	_	_	
8-18	1322-1325	the	_	_	_	
8-19	1328-1334	sewers	_	_	_	
8-20	1334-1335	,	_	_	_	
8-21	1336-1340	when	_	_	_	
8-22	1341-1343	it	_	_	_	
8-23	1344-1346	is	_	_	_	
8-24	1347-1355	supposed	_	_	_	
8-25	1356-1360	that	_	_	_	
8-26	1361-1366	about	_	_	_	
8-27	1367-1373	double	_	_	_	
8-28	1374-1377	the	_	_	_	
8-29	1380-1386	weight	_	_	_	
8-30	1387-1389	of	_	_	_	
8-31	1390-1394	clay	_	_	_	
8-32	1395-1399	will	_	_	_	
8-33	1400-1402	be	_	_	_	
8-34	1403-1411	required	_	_	_	
8-35	1412-1415	for	_	_	_	
8-36	1416-1419	the	_	_	_	
8-37	1420-1424	same	_	_	_	
8-38	1425-1433	quantity	_	_	_	
8-39	1436-1438	of	_	_	_	
8-40	1439-1445	sewage	_	_	_	
8-41	1445-1446	.	_	_	_	

#Text=As the sewage discharges into the mixing tank A \r
#Text=(Drawing No. 3.), a stream of clay water falls from a \r
#Text=cistern B above, and passes with the sewage alternately into one of two reservoirs C below, whence the \r
#Text=water filters upwards through a layer of charcoal and \r
#Text=sand, and discharges by the outfall drain to the river.
9-1	1451-1453	As	_	_	_	
9-2	1454-1457	the	_	_	_	
9-3	1458-1464	sewage	_	_	_	
9-4	1465-1475	discharges	_	_	_	
9-5	1476-1480	into	_	_	_	
9-6	1481-1484	the	_	_	_	
9-7	1485-1491	mixing	_	_	_	
9-8	1492-1496	tank	_	_	_	
9-9	1497-1498	A	_	_	_	
9-10	1501-1502	(	_	_	_	
9-11	1502-1509	Drawing	_	_	_	
9-12	1510-1512	No	_	_	_	
9-13	1512-1513	.	_	_	_	
9-14	1514-1515	3	_	_	_	
9-15	1515-1516	.	_	_	_	
9-16	1516-1517	)	_	_	_	
9-17	1517-1518	,	_	_	_	
9-18	1519-1520	a	_	_	_	
9-19	1521-1527	stream	_	_	_	
9-20	1528-1530	of	_	_	_	
9-21	1531-1535	clay	_	_	_	
9-22	1536-1541	water	_	_	_	
9-23	1542-1547	falls	_	_	_	
9-24	1548-1552	from	_	_	_	
9-25	1553-1554	a	_	_	_	
9-26	1557-1564	cistern	_	_	_	
9-27	1565-1566	B	_	_	_	
9-28	1567-1572	above	_	_	_	
9-29	1572-1573	,	_	_	_	
9-30	1574-1577	and	_	_	_	
9-31	1578-1584	passes	_	_	_	
9-32	1585-1589	with	_	_	_	
9-33	1590-1593	the	_	_	_	
9-34	1594-1600	sewage	_	_	_	
9-35	1601-1612	alternately	_	_	_	
9-36	1613-1617	into	_	_	_	
9-37	1618-1621	one	_	_	_	
9-38	1622-1624	of	_	_	_	
9-39	1625-1628	two	_	_	_	
9-40	1629-1639	reservoirs	_	_	_	
9-41	1640-1641	C	_	_	_	
9-42	1642-1647	below	_	_	_	
9-43	1647-1648	,	_	_	_	
9-44	1649-1655	whence	_	_	_	
9-45	1656-1659	the	_	_	_	
9-46	1662-1667	water	_	_	_	
9-47	1668-1675	filters	_	_	_	
9-48	1676-1683	upwards	_	_	_	
9-49	1684-1691	through	_	_	_	
9-50	1692-1693	a	_	_	_	
9-51	1694-1699	layer	_	_	_	
9-52	1700-1702	of	_	_	_	
9-53	1703-1711	charcoal	_	_	_	
9-54	1712-1715	and	_	_	_	
9-55	1718-1722	sand	_	_	_	
9-56	1722-1723	,	_	_	_	
9-57	1724-1727	and	_	_	_	
9-58	1728-1738	discharges	_	_	_	
9-59	1739-1741	by	_	_	_	
9-60	1742-1745	the	_	_	_	
9-61	1746-1753	outfall	_	_	_	
9-62	1754-1759	drain	_	_	_	
9-63	1760-1762	to	_	_	_	
9-64	1763-1766	the	_	_	_	
9-65	1767-1772	river	_	_	_	
9-66	1772-1773	.	_	_	_	

#Text=It is proposed to pass the solid matter daily into \r
#Text=the emptying chamber D, and to mix it with dry clay \r
#Text=powder and peat charcoal, or with fine dry ashes, \r
#Text=when it will be fit for removal and use as manure.
10-1	1778-1780	It	_	_	_	
10-2	1781-1783	is	_	_	_	
10-3	1784-1792	proposed	_	_	_	
10-4	1793-1795	to	_	_	_	
10-5	1796-1800	pass	_	_	_	
10-6	1801-1804	the	_	_	_	
10-7	1805-1810	solid	_	_	_	
10-8	1811-1817	matter	_	_	_	
10-9	1818-1823	daily	_	_	_	
10-10	1824-1828	into	_	_	_	
10-11	1831-1834	the	_	_	_	
10-12	1835-1843	emptying	_	_	_	
10-13	1844-1851	chamber	_	_	_	
10-14	1852-1853	D	_	_	_	
10-15	1853-1854	,	_	_	_	
10-16	1855-1858	and	_	_	_	
10-17	1859-1861	to	_	_	_	
10-18	1862-1865	mix	_	_	_	
10-19	1866-1868	it	_	_	_	
10-20	1869-1873	with	_	_	_	
10-21	1874-1877	dry	_	_	_	
10-22	1878-1882	clay	_	_	_	
10-23	1885-1891	powder	_	_	_	
10-24	1892-1895	and	_	_	_	
10-25	1896-1900	peat	_	_	_	
10-26	1901-1909	charcoal	_	_	_	
10-27	1909-1910	,	_	_	_	
10-28	1911-1913	or	_	_	_	
10-29	1914-1918	with	_	_	_	
10-30	1919-1923	fine	_	_	_	
10-31	1924-1927	dry	_	_	_	
10-32	1928-1933	ashes	_	_	_	
10-33	1933-1934	,	_	_	_	
10-34	1937-1941	when	_	_	_	
10-35	1942-1944	it	_	_	_	
10-36	1945-1949	will	_	_	_	
10-37	1950-1952	be	_	_	_	
10-38	1953-1956	fit	_	_	_	
10-39	1957-1960	for	_	_	_	
10-40	1961-1968	removal	_	_	_	
10-41	1969-1972	and	_	_	_	
10-42	1973-1976	use	_	_	_	
10-43	1977-1979	as	_	_	_	
10-44	1980-1986	manure	_	_	_	
10-45	1986-1987	.	_	_	_	

#Text=The furnace E shewn in the section is intended for \r
#Text=consuming the foul gases from the sewers, and for \r
#Text=heating an oven for drying clay and peat for mixing \r
#Text=with the wet manure.
11-1	1992-1995	The	_	_	_	
11-2	1996-2003	furnace	_	_	_	
11-3	2004-2005	E	_	_	_	
11-4	2006-2011	shewn	_	_	_	
11-5	2012-2014	in	_	_	_	
11-6	2015-2018	the	_	_	_	
11-7	2019-2026	section	_	_	_	
11-8	2027-2029	is	_	_	_	
11-9	2030-2038	intended	_	_	_	
11-10	2039-2042	for	_	_	_	
11-11	2045-2054	consuming	_	_	_	
11-12	2055-2058	the	_	_	_	
11-13	2059-2063	foul	Quality[11]|Smell\_Word[12]	*|*|*	11-13[11_12]|11-14[0_12]|11-15[13_12]	
11-14	2064-2069	gases	Odour\_Carrier	_	_	
11-15	2070-2074	from	Smell\_Source[13]	_	_	
11-16	2075-2078	the	Smell\_Source[13]	_	_	
11-17	2079-2085	sewers	Smell\_Source[13]	_	_	
11-18	2085-2086	,	_	_	_	
11-19	2087-2090	and	_	_	_	
11-20	2091-2094	for	_	_	_	
11-21	2097-2104	heating	_	_	_	
11-22	2105-2107	an	_	_	_	
11-23	2108-2112	oven	_	_	_	
11-24	2113-2116	for	_	_	_	
11-25	2117-2123	drying	_	_	_	
11-26	2124-2128	clay	_	_	_	
11-27	2129-2132	and	_	_	_	
11-28	2133-2137	peat	_	_	_	
11-29	2138-2141	for	_	_	_	
11-30	2142-2148	mixing	_	_	_	
11-31	2151-2155	with	_	_	_	
11-32	2156-2159	the	_	_	_	
11-33	2160-2163	wet	_	_	_	
11-34	2164-2170	manure	_	_	_	
11-35	2170-2171	.	_	_	_	

#Text=When the drainage works \r
#Text=will be complete it is proposed to add a series of \r
#Text=open tanks, with other filters of charcoal and sand, \r
#Text=through which the effluent water will pass before \r
#Text=discharge.
12-1	2172-2176	When	_	_	_	
12-2	2177-2180	the	_	_	_	
12-3	2181-2189	drainage	_	_	_	
12-4	2190-2195	works	_	_	_	
12-5	2198-2202	will	_	_	_	
12-6	2203-2205	be	_	_	_	
12-7	2206-2214	complete	_	_	_	
12-8	2215-2217	it	_	_	_	
12-9	2218-2220	is	_	_	_	
12-10	2221-2229	proposed	_	_	_	
12-11	2230-2232	to	_	_	_	
12-12	2233-2236	add	_	_	_	
12-13	2237-2238	a	_	_	_	
12-14	2239-2245	series	_	_	_	
12-15	2246-2248	of	_	_	_	
12-16	2251-2255	open	_	_	_	
12-17	2256-2261	tanks	_	_	_	
12-18	2261-2262	,	_	_	_	
12-19	2263-2267	with	_	_	_	
12-20	2268-2273	other	_	_	_	
12-21	2274-2281	filters	_	_	_	
12-22	2282-2284	of	_	_	_	
12-23	2285-2293	charcoal	_	_	_	
12-24	2294-2297	and	_	_	_	
12-25	2298-2302	sand	_	_	_	
12-26	2302-2303	,	_	_	_	
12-27	2306-2313	through	_	_	_	
12-28	2314-2319	which	_	_	_	
12-29	2320-2323	the	_	_	_	
12-30	2324-2332	effluent	_	_	_	
12-31	2333-2338	water	_	_	_	
12-32	2339-2343	will	_	_	_	
12-33	2344-2348	pass	_	_	_	
12-34	2349-2355	before	_	_	_	
12-35	2358-2367	discharge	_	_	_	
12-36	2367-2368	.	_	_	_	

#Text=An attempt has been made for some time at Hitchin \r
#Text=to intercept the solid matter of the sewage in a series \r
#Text=of reservoirs and open pits at the outfall of the new \r
#Text=drainage works, without any means of deodorizing, \r
#Text=or arrangements for precipitating, straining, or filtering.
13-1	2373-2375	An	_	_	_	
13-2	2376-2383	attempt	_	_	_	
13-3	2384-2387	has	_	_	_	
13-4	2388-2392	been	_	_	_	
13-5	2393-2397	made	_	_	_	
13-6	2398-2401	for	_	_	_	
13-7	2402-2406	some	_	_	_	
13-8	2407-2411	time	_	_	_	
13-9	2412-2414	at	Location[14]	_	_	
13-10	2415-2422	Hitchin	Location[14]	_	_	
13-11	2425-2427	to	_	_	_	
13-12	2428-2437	intercept	_	_	_	
13-13	2438-2441	the	_	_	_	
13-14	2442-2447	solid	_	_	_	
13-15	2448-2454	matter	_	_	_	
13-16	2455-2457	of	_	_	_	
13-17	2458-2461	the	_	_	_	
13-18	2462-2468	sewage	_	_	_	
13-19	2469-2471	in	_	_	_	
13-20	2472-2473	a	_	_	_	
13-21	2474-2480	series	_	_	_	
13-22	2483-2485	of	_	_	_	
13-23	2486-2496	reservoirs	_	_	_	
13-24	2497-2500	and	_	_	_	
13-25	2501-2505	open	_	_	_	
13-26	2506-2510	pits	_	_	_	
13-27	2511-2513	at	_	_	_	
13-28	2514-2517	the	_	_	_	
13-29	2518-2525	outfall	_	_	_	
13-30	2526-2528	of	_	_	_	
13-31	2529-2532	the	_	_	_	
13-32	2533-2536	new	_	_	_	
13-33	2539-2547	drainage	_	_	_	
13-34	2548-2553	works	_	_	_	
13-35	2553-2554	,	_	_	_	
13-36	2555-2562	without	_	_	_	
13-37	2563-2566	any	_	_	_	
13-38	2567-2572	means	_	_	_	
13-39	2573-2575	of	_	_	_	
13-40	2576-2587	deodorizing	Smell\_Word	*	13-9[14_0]	
13-41	2587-2588	,	_	_	_	
13-42	2591-2593	or	_	_	_	
13-43	2594-2606	arrangements	_	_	_	
13-44	2607-2610	for	_	_	_	
13-45	2611-2624	precipitating	_	_	_	
13-46	2624-2625	,	_	_	_	
13-47	2626-2635	straining	_	_	_	
13-48	2635-2636	,	_	_	_	
13-49	2637-2639	or	_	_	_	
13-50	2640-2649	filtering	_	_	_	
13-51	2649-2650	.	_	_	_	

#Text=As might be expected, the process has not \r
#Text=been successful.
14-1	2651-2653	As	_	_	_	
14-2	2654-2659	might	_	_	_	
14-3	2660-2662	be	_	_	_	
14-4	2663-2671	expected	_	_	_	
14-5	2671-2672	,	_	_	_	
14-6	2673-2676	the	_	_	_	
14-7	2677-2684	process	_	_	_	
14-8	2685-2688	has	_	_	_	
14-9	2689-2692	not	_	_	_	
14-10	2695-2699	been	_	_	_	
14-11	2700-2710	successful	_	_	_	
14-12	2710-2711	.	_	_	_	

#Text=An action has been decided against \r
#Text=the Local Board for pollution of the river, which will \r
#Text=necessitate the adoption of more complete arrangements.
15-1	2712-2714	An	_	_	_	
15-2	2715-2721	action	_	_	_	
15-3	2722-2725	has	_	_	_	
15-4	2726-2730	been	_	_	_	
15-5	2731-2738	decided	_	_	_	
15-6	2739-2746	against	_	_	_	
15-7	2749-2752	the	_	_	_	
15-8	2753-2758	Local	_	_	_	
15-9	2759-2764	Board	_	_	_	
15-10	2765-2768	for	_	_	_	
15-11	2769-2778	pollution	_	_	_	
15-12	2779-2781	of	_	_	_	
15-13	2782-2785	the	_	_	_	
15-14	2786-2791	river	_	_	_	
15-15	2791-2792	,	_	_	_	
15-16	2793-2798	which	_	_	_	
15-17	2799-2803	will	_	_	_	
15-18	2806-2817	necessitate	_	_	_	
15-19	2818-2821	the	_	_	_	
15-20	2822-2830	adoption	_	_	_	
15-21	2831-2833	of	_	_	_	
15-22	2834-2838	more	_	_	_	
15-23	2839-2847	complete	_	_	_	
15-24	2848-2860	arrangements	_	_	_	
15-25	2860-2861	.	_	_	_	

#Text=The gas for lighting the Dartmoor Prison has been \r
#Text=manufactured for the last five years from the peat \r
#Text=with which that neighbourhood abounds, and some \r
#Text=very interesting results are being elicited in the process by Mr.
16-1	2866-2869	The	_	_	_	
16-2	2870-2873	gas	_	_	_	
16-3	2874-2877	for	_	_	_	
16-4	2878-2886	lighting	_	_	_	
16-5	2887-2890	the	_	_	_	
16-6	2891-2899	Dartmoor	_	_	_	
16-7	2900-2906	Prison	_	_	_	
16-8	2907-2910	has	_	_	_	
16-9	2911-2915	been	_	_	_	
16-10	2918-2930	manufactured	_	_	_	
16-11	2931-2934	for	_	_	_	
16-12	2935-2938	the	_	_	_	
16-13	2939-2943	last	_	_	_	
16-14	2944-2948	five	_	_	_	
16-15	2949-2954	years	_	_	_	
16-16	2955-2959	from	_	_	_	
16-17	2960-2963	the	_	_	_	
16-18	2964-2968	peat	_	_	_	
16-19	2971-2975	with	_	_	_	
16-20	2976-2981	which	_	_	_	
16-21	2982-2986	that	_	_	_	
16-22	2987-3000	neighbourhood	_	_	_	
16-23	3001-3008	abounds	_	_	_	
16-24	3008-3009	,	_	_	_	
16-25	3010-3013	and	_	_	_	
16-26	3014-3018	some	_	_	_	
16-27	3021-3025	very	_	_	_	
16-28	3026-3037	interesting	_	_	_	
16-29	3038-3045	results	_	_	_	
16-30	3046-3049	are	_	_	_	
16-31	3050-3055	being	_	_	_	
16-32	3056-3064	elicited	_	_	_	
16-33	3065-3067	in	_	_	_	
16-34	3068-3071	the	_	_	_	
16-35	3072-3079	process	_	_	_	
16-36	3080-3082	by	_	_	_	
16-37	3083-3085	Mr	_	_	_	
16-38	3085-3086	.	_	_	_	

#Text=Watts, the Resident Engineer, by whom \r
#Text=the system was introduced.
17-1	3087-3092	Watts	_	_	_	
17-2	3092-3093	,	_	_	_	
17-3	3094-3097	the	_	_	_	
17-4	3098-3106	Resident	_	_	_	
17-5	3107-3115	Engineer	_	_	_	
17-6	3115-3116	,	_	_	_	
17-7	3117-3119	by	_	_	_	
17-8	3120-3124	whom	_	_	_	
17-9	3127-3130	the	_	_	_	
17-10	3131-3137	system	_	_	_	
17-11	3138-3141	was	_	_	_	
17-12	3142-3152	introduced	_	_	_	
17-13	3152-3153	.	_	_	_	

#Text=The peat charcoal and the ammoniacal liquor, two \r
#Text=of the products of the manufacture, are mixed with \r
#Text=the solid night-soil of the establishment, and with \r
#Text=bone-dust, to form a solid manure, which is used on \r
#Text=the neighbouring lands.
18-1	3158-3161	The	_	_	_	
18-2	3162-3166	peat	_	_	_	
18-3	3167-3175	charcoal	_	_	_	
18-4	3176-3179	and	_	_	_	
18-5	3180-3183	the	_	_	_	
18-6	3184-3194	ammoniacal	_	_	_	
18-7	3195-3201	liquor	_	_	_	
18-8	3201-3202	,	_	_	_	
18-9	3203-3206	two	_	_	_	
18-10	3209-3211	of	_	_	_	
18-11	3212-3215	the	_	_	_	
18-12	3216-3224	products	_	_	_	
18-13	3225-3227	of	_	_	_	
18-14	3228-3231	the	_	_	_	
18-15	3232-3243	manufacture	_	_	_	
18-16	3243-3244	,	_	_	_	
18-17	3245-3248	are	_	_	_	
18-18	3249-3254	mixed	_	_	_	
18-19	3255-3259	with	_	_	_	
18-20	3262-3265	the	_	_	_	
18-21	3266-3271	solid	_	_	_	
18-22	3272-3282	night-soil	_	_	_	
18-23	3283-3285	of	_	_	_	
18-24	3286-3289	the	_	_	_	
18-25	3290-3303	establishment	_	_	_	
18-26	3303-3304	,	_	_	_	
18-27	3305-3308	and	_	_	_	
18-28	3309-3313	with	_	_	_	
18-29	3316-3325	bone-dust	_	_	_	
18-30	3325-3326	,	_	_	_	
18-31	3327-3329	to	_	_	_	
18-32	3330-3334	form	_	_	_	
18-33	3335-3336	a	_	_	_	
18-34	3337-3342	solid	_	_	_	
18-35	3343-3349	manure	_	_	_	
18-36	3349-3350	,	_	_	_	
18-37	3351-3356	which	_	_	_	
18-38	3357-3359	is	_	_	_	
18-39	3360-3364	used	_	_	_	
18-40	3365-3367	on	_	_	_	
18-41	3370-3373	the	_	_	_	
18-42	3374-3386	neighbouring	_	_	_	
18-43	3387-3392	lands	_	_	_	
18-44	3392-3393	.	_	_	_	

#Text=The liquid refuse of the premises is pumped up \r
#Text=and applied for irrigation, as will be described further \r
#Text=on.
19-1	3398-3401	The	_	_	_	
19-2	3402-3408	liquid	_	_	_	
19-3	3409-3415	refuse	_	_	_	
19-4	3416-3418	of	_	_	_	
19-5	3419-3422	the	_	_	_	
19-6	3423-3431	premises	_	_	_	
19-7	3432-3434	is	_	_	_	
19-8	3435-3441	pumped	_	_	_	
19-9	3442-3444	up	_	_	_	
19-10	3447-3450	and	_	_	_	
19-11	3451-3458	applied	_	_	_	
19-12	3459-3462	for	_	_	_	
19-13	3463-3473	irrigation	_	_	_	
19-14	3473-3474	,	_	_	_	
19-15	3475-3477	as	_	_	_	
19-16	3478-3482	will	_	_	_	
19-17	3483-3485	be	_	_	_	
19-18	3486-3495	described	_	_	_	
19-19	3496-3503	further	_	_	_	
19-20	3506-3508	on	_	_	_	
19-21	3508-3509	.	_	_	_	

#Text=It may be useful to mention, with reference to the \r
#Text=manufacture of peat charcoal, that one cubic yard of \r
#Text=the dug peat makes about 4^ cwt. of the dried material, and that 5 cwt. of charcoal are produced from \r
#Text=1 ton of the dried peat.
20-1	3514-3516	It	_	_	_	
20-2	3517-3520	may	_	_	_	
20-3	3521-3523	be	_	_	_	
20-4	3524-3530	useful	_	_	_	
20-5	3531-3533	to	_	_	_	
20-6	3534-3541	mention	_	_	_	
20-7	3541-3542	,	_	_	_	
20-8	3543-3547	with	_	_	_	
20-9	3548-3557	reference	_	_	_	
20-10	3558-3560	to	_	_	_	
20-11	3561-3564	the	_	_	_	
20-12	3567-3578	manufacture	_	_	_	
20-13	3579-3581	of	_	_	_	
20-14	3582-3586	peat	_	_	_	
20-15	3587-3595	charcoal	_	_	_	
20-16	3595-3596	,	_	_	_	
20-17	3597-3601	that	_	_	_	
20-18	3602-3605	one	_	_	_	
20-19	3606-3611	cubic	_	_	_	
20-20	3612-3616	yard	_	_	_	
20-21	3617-3619	of	_	_	_	
20-22	3622-3625	the	_	_	_	
20-23	3626-3629	dug	_	_	_	
20-24	3630-3634	peat	_	_	_	
20-25	3635-3640	makes	_	_	_	
20-26	3641-3646	about	_	_	_	
20-27	3647-3648	4	_	_	_	
20-28	3648-3649	^	_	_	_	
20-29	3650-3653	cwt	_	_	_	
20-30	3653-3654	.	_	_	_	
20-31	3655-3657	of	_	_	_	
20-32	3658-3661	the	_	_	_	
20-33	3662-3667	dried	_	_	_	
20-34	3668-3676	material	_	_	_	
20-35	3676-3677	,	_	_	_	
20-36	3678-3681	and	_	_	_	
20-37	3682-3686	that	_	_	_	
20-38	3687-3688	5	_	_	_	
20-39	3689-3692	cwt	_	_	_	
20-40	3692-3693	.	_	_	_	
20-41	3694-3696	of	_	_	_	
20-42	3697-3705	charcoal	_	_	_	
20-43	3706-3709	are	_	_	_	
20-44	3710-3718	produced	_	_	_	
20-45	3719-3723	from	_	_	_	
20-46	3726-3727	1	_	_	_	
20-47	3728-3731	ton	_	_	_	
20-48	3732-3734	of	_	_	_	
20-49	3735-3738	the	_	_	_	
20-50	3739-3744	dried	_	_	_	
20-51	3745-3749	peat	_	_	_	
20-52	3749-3750	.	_	_	_	

#Text=As so much disagreement prevails with respect to \r
#Text=the deodorizing power of peat charcoal, Mr.
21-1	3755-3757	As	_	_	_	
21-2	3758-3760	so	_	_	_	
21-3	3761-3765	much	_	_	_	
21-4	3766-3778	disagreement	_	_	_	
21-5	3779-3787	prevails	_	_	_	
21-6	3788-3792	with	_	_	_	
21-7	3793-3800	respect	_	_	_	
21-8	3801-3803	to	_	_	_	
21-9	3806-3809	the	_	_	_	
21-10	3810-3821	deodorizing	Smell\_Word	*	21-12[15_0]	
21-11	3822-3827	power	_	_	_	
21-12	3828-3830	of	Smell\_Source[15]	_	_	
21-13	3831-3835	peat	Smell\_Source[15]	_	_	
21-14	3836-3844	charcoal	Smell\_Source[15]	_	_	
21-15	3844-3845	,	_	_	_	
21-16	3846-3848	Mr	_	_	_	
21-17	3848-3849	.	_	_	_	

#Text=Blyth \r
#Text=was instructed to make some experiments on the \r
#Text=subject, and to determine the comparative value of \r
#Text=peat charcoal and the ground Boghead coke for this \r
#Text=purpose.
22-1	3850-3855	Blyth	_	_	_	
22-2	3858-3861	was	_	_	_	
22-3	3862-3872	instructed	_	_	_	
22-4	3873-3875	to	_	_	_	
22-5	3876-3880	make	_	_	_	
22-6	3881-3885	some	_	_	_	
22-7	3886-3897	experiments	_	_	_	
22-8	3898-3900	on	_	_	_	
22-9	3901-3904	the	_	_	_	
22-10	3907-3914	subject	_	_	_	
22-11	3914-3915	,	_	_	_	
22-12	3916-3919	and	_	_	_	
22-13	3920-3922	to	_	_	_	
22-14	3923-3932	determine	_	_	_	
22-15	3933-3936	the	_	_	_	
22-16	3937-3948	comparative	_	_	_	
22-17	3949-3954	value	_	_	_	
22-18	3955-3957	of	_	_	_	
22-19	3960-3964	peat	_	_	_	
22-20	3965-3973	charcoal	_	_	_	
22-21	3974-3977	and	_	_	_	
22-22	3978-3981	the	_	_	_	
22-23	3982-3988	ground	_	_	_	
22-24	3989-3996	Boghead	_	_	_	
22-25	3997-4001	coke	_	_	_	
22-26	4002-4005	for	_	_	_	
22-27	4006-4010	this	_	_	_	
22-28	4013-4020	purpose	_	_	_	
22-29	4020-4021	.	_	_	_	

#Text=I append Mr.
23-1	4022-4023	I	_	_	_	
23-2	4024-4030	append	_	_	_	
23-3	4031-4033	Mr	_	_	_	
23-4	4033-4034	.	_	_	_	

#Text=Blyth's report (App.B.) on \r
#Text=this examination.
24-1	4035-4042	Blyth's	_	_	_	
24-2	4043-4049	report	_	_	_	
24-3	4050-4051	(	_	_	_	
24-4	4051-4056	App.B	_	_	_	
24-5	4056-4057	.	_	_	_	
24-6	4057-4058	)	_	_	_	
24-7	4059-4061	on	_	_	_	
24-8	4064-4068	this	_	_	_	
24-9	4069-4080	examination	_	_	_	
24-10	4080-4081	.	_	_	_	

#Text=The results obtained arc of considerable interest.
25-1	4082-4085	The	_	_	_	
25-2	4086-4093	results	_	_	_	
25-3	4094-4102	obtained	_	_	_	
25-4	4103-4106	arc	_	_	_	
25-5	4107-4109	of	_	_	_	
25-6	4110-4122	considerable	_	_	_	
25-7	4123-4131	interest	_	_	_	
25-8	4131-4132	.	_	_	_	

#Text=It appears that neither of these substances has \r
#Text=much deodorizing power when mixed with liquid.
26-1	4141-4143	It	_	_	_	
26-2	4144-4151	appears	_	_	_	
26-3	4152-4156	that	_	_	_	
26-4	4157-4164	neither	_	_	_	
26-5	4165-4167	of	_	_	_	
26-6	4168-4173	these	Smell\_Source[16]	_	_	
26-7	4174-4184	substances	Smell\_Source[16]	_	_	
26-8	4185-4188	has	_	_	_	
26-9	4191-4195	much	_	_	_	
26-10	4196-4207	deodorizing	Smell\_Word	*|*	26-12[17_0]|26-6[16_0]	
26-11	4208-4213	power	_	_	_	
26-12	4214-4218	when	Circumstances[17]	_	_	
26-13	4219-4224	mixed	Circumstances[17]	_	_	
26-14	4225-4229	with	Circumstances[17]	_	_	
26-15	4230-4236	liquid	Circumstances[17]	_	_	
26-16	4236-4237	.	_	_	_	

#Text=When heated after saturation they both gave off \r
#Text=offensive effluvia in abundance, but, when spread \r
#Text=over the surface of offensive matter, the escape of \r
#Text=all odour was prevented.
27-1	4240-4244	When	Circumstances[18]	_	_	
27-2	4245-4251	heated	Circumstances[18]	_	_	
27-3	4252-4257	after	Circumstances[18]	_	_	
27-4	4258-4268	saturation	Circumstances[18]	_	_	
27-5	4269-4273	they	Smell\_Source	Anaphoric	26-6[16_0]	
27-6	4274-4278	both	_	_	_	
27-7	4279-4283	gave	_	_	_	
27-8	4284-4287	off	_	_	_	
27-9	4290-4299	offensive	Quality	_	_	
27-10	4300-4308	effluvia	Smell\_Word	*|*	27-9|27-1[18_0]	
27-11	4309-4311	in	_	_	_	
27-12	4312-4321	abundance	_	_	_	
27-13	4321-4322	,	_	_	_	
27-14	4323-4326	but	_	_	_	
27-15	4326-4327	,	_	_	_	
27-16	4328-4332	when	_	_	_	
27-17	4333-4339	spread	_	_	_	
27-18	4342-4346	over	_	_	_	
27-19	4347-4350	the	_	_	_	
27-20	4351-4358	surface	_	_	_	
27-21	4359-4361	of	_	_	_	
27-22	4362-4371	offensive	Smell\_Source[19]	_	_	
27-23	4372-4378	matter	Smell\_Source[19]	_	_	
27-24	4378-4379	,	_	_	_	
27-25	4380-4383	the	_	_	_	
27-26	4384-4390	escape	_	_	_	
27-27	4391-4393	of	_	_	_	
27-28	4396-4399	all	_	_	_	
27-29	4400-4405	odour	Smell\_Word	*	27-22[19_0]	
27-30	4406-4409	was	_	_	_	
27-31	4410-4419	prevented	_	_	_	
27-32	4419-4420	.	_	_	_	

#Text=The experiments show \r
#Text=that they have no power to separate matters from \r
#Text=solution, and thus confirm the previous statements of \r
#Text=Professor Way and Dr.
28-1	4421-4424	The	_	_	_	
28-2	4425-4436	experiments	_	_	_	
28-3	4437-4441	show	_	_	_	
28-4	4444-4448	that	_	_	_	
28-5	4449-4453	they	_	_	_	
28-6	4454-4458	have	_	_	_	
28-7	4459-4461	no	_	_	_	
28-8	4462-4467	power	_	_	_	
28-9	4468-4470	to	_	_	_	
28-10	4471-4479	separate	_	_	_	
28-11	4480-4487	matters	_	_	_	
28-12	4488-4492	from	_	_	_	
28-13	4495-4503	solution	_	_	_	
28-14	4503-4504	,	_	_	_	
28-15	4505-4508	and	_	_	_	
28-16	4509-4513	thus	_	_	_	
28-17	4514-4521	confirm	_	_	_	
28-18	4522-4525	the	_	_	_	
28-19	4526-4534	previous	_	_	_	
28-20	4535-4545	statements	_	_	_	
28-21	4546-4548	of	_	_	_	
28-22	4551-4560	Professor	_	_	_	
28-23	4561-4564	Way	_	_	_	
28-24	4565-4568	and	_	_	_	
28-25	4569-4571	Dr	_	_	_	
28-26	4571-4572	.	_	_	_	

#Text=Henderson that the power of \r
#Text=charcoal to absorb ammonia from the atmosphere \r
#Text=does not extend to the separation of that gas, or of \r
#Text=anything worthy of notice, from solution.
29-1	4573-4582	Henderson	_	_	_	
29-2	4583-4587	that	_	_	_	
29-3	4588-4591	the	_	_	_	
29-4	4592-4597	power	_	_	_	
29-5	4598-4600	of	_	_	_	
29-6	4603-4611	charcoal	_	_	_	
29-7	4612-4614	to	_	_	_	
29-8	4615-4621	absorb	_	_	_	
29-9	4622-4629	ammonia	_	_	_	
29-10	4630-4634	from	_	_	_	
29-11	4635-4638	the	_	_	_	
29-12	4639-4649	atmosphere	_	_	_	
29-13	4652-4656	does	_	_	_	
29-14	4657-4660	not	_	_	_	
29-15	4661-4667	extend	_	_	_	
29-16	4668-4670	to	_	_	_	
29-17	4671-4674	the	_	_	_	
29-18	4675-4685	separation	_	_	_	
29-19	4686-4688	of	_	_	_	
29-20	4689-4693	that	_	_	_	
29-21	4694-4697	gas	_	_	_	
29-22	4697-4698	,	_	_	_	
29-23	4699-4701	or	_	_	_	
29-24	4702-4704	of	_	_	_	
29-25	4707-4715	anything	_	_	_	
29-26	4716-4722	worthy	_	_	_	
29-27	4723-4725	of	_	_	_	
29-28	4726-4732	notice	_	_	_	
29-29	4732-4733	,	_	_	_	
29-30	4734-4738	from	_	_	_	
29-31	4739-4747	solution	_	_	_	
29-32	4747-4748	.	_	_	_	
