#FORMAT=WebAnno TSV 3.3
#T_SP=custom.Span|label
#T_RL=custom.Relation|label|BT_custom.Span


#Text=Cette opération qui n'occasionne aucune sensation désagréable ni incommode, suffira néaninoims pour sanifier une salle; et on pourra l'employer tous les jours ^ et meme plus souvent^ d'une manière partielle , dans les salles ou plusieurs malades affectés de nalimene ou de quelque'autre maladie putride y repandrolent des miasmes dangerreux.
1-1	0-5	Cette	_	_	_	
1-2	6-15	opération	_	_	_	
1-3	16-19	qui	_	_	_	
1-4	20-32	n'occasionne	_	_	_	
1-5	33-39	aucune	_	_	_	
1-6	40-49	sensation	_	_	_	
1-7	50-61	désagréable	_	_	_	
1-8	62-64	ni	_	_	_	
1-9	65-74	incommode	_	_	_	
1-10	74-75	,	_	_	_	
1-11	76-83	suffira	_	_	_	
1-12	84-94	néaninoims	_	_	_	
1-13	95-99	pour	_	_	_	
1-14	100-108	sanifier	_	_	_	
1-15	109-112	une	_	_	_	
1-16	113-118	salle	_	_	_	
1-17	118-119	;	_	_	_	
1-18	120-122	et	_	_	_	
1-19	123-125	on	_	_	_	
1-20	126-132	pourra	_	_	_	
1-21	133-143	l'employer	_	_	_	
1-22	144-148	tous	Time[1]	_	_	
1-23	149-152	les	Time[1]	_	_	
1-24	153-158	jours	Time[1]	_	_	
1-25	159-160	^	_	_	_	
1-26	161-163	et	_	_	_	
1-27	164-168	meme	_	_	_	
1-28	169-173	plus	_	_	_	
1-29	174-181	souvent	_	_	_	
1-30	181-182	^	_	_	_	
1-31	183-188	d'une	_	_	_	
1-32	189-196	manière	_	_	_	
1-33	197-206	partielle	_	_	_	
1-34	207-208	,	_	_	_	
1-35	209-213	dans	_	_	_	
1-36	214-217	les	Location[2]	_	_	
1-37	218-224	salles	Location[2]	_	_	
1-38	225-227	ou	Location[2]	_	_	
1-39	228-237	plusieurs	Location[2]	_	_	
1-40	238-245	malades	Location[2]	_	_	
1-41	246-254	affectés	_	_	_	
1-42	255-257	de	_	_	_	
1-43	258-266	nalimene	_	_	_	
1-44	267-269	ou	_	_	_	
1-45	270-272	de	_	_	_	
1-46	273-286	quelque'autre	_	_	_	
1-47	287-294	maladie	Smell\_Source	_	_	
1-48	295-302	putride	Smell\_Word	*|*	1-47|1-36[2_0]	
1-49	303-304	y	_	_	_	
1-50	305-317	repandrolent	_	_	_	
1-51	318-321	des	_	_	_	
1-52	322-329	miasmes	Smell\_Word	*|*|*	1-53|1-36[2_0]|1-22[1_0]	
1-53	330-340	dangerreux	Quality	_	_	
1-54	340-341	.	_	_	_	

#Text=Dans un cas d'urgence , s'il se trouve dans la pharmacie de l'acide muriatique concentré ( acide marin fuînant ) on obtient- dra le même effet en portant dans les salles la bouteille ouverte ; et si cet acide n'est pas assez concentré ^ on le chainiera pour le réduire en état de gaz.
2-1	342-346	Dans	_	_	_	
2-2	347-349	un	_	_	_	
2-3	350-353	cas	_	_	_	
2-4	354-363	d'urgence	_	_	_	
2-5	364-365	,	_	_	_	
2-6	366-370	s'il	_	_	_	
2-7	371-373	se	_	_	_	
2-8	374-380	trouve	_	_	_	
2-9	381-385	dans	_	_	_	
2-10	386-388	la	_	_	_	
2-11	389-398	pharmacie	_	_	_	
2-12	399-401	de	_	_	_	
2-13	402-409	l'acide	_	_	_	
2-14	410-420	muriatique	_	_	_	
2-15	421-430	concentré	_	_	_	
2-16	431-432	(	_	_	_	
2-17	433-438	acide	_	_	_	
2-18	439-444	marin	_	_	_	
2-19	445-452	fuînant	_	_	_	
2-20	453-454	)	_	_	_	
2-21	455-457	on	_	_	_	
2-22	458-465	obtient	_	_	_	
2-23	465-466	-	_	_	_	
2-24	467-470	dra	_	_	_	
2-25	471-473	le	_	_	_	
2-26	474-478	même	_	_	_	
2-27	479-484	effet	_	_	_	
2-28	485-487	en	_	_	_	
2-29	488-495	portant	_	_	_	
2-30	496-500	dans	_	_	_	
2-31	501-504	les	_	_	_	
2-32	505-511	salles	_	_	_	
2-33	512-514	la	_	_	_	
2-34	515-524	bouteille	_	_	_	
2-35	525-532	ouverte	_	_	_	
2-36	533-534	;	_	_	_	
2-37	535-537	et	_	_	_	
2-38	538-540	si	_	_	_	
2-39	541-544	cet	_	_	_	
2-40	545-550	acide	_	_	_	
2-41	551-556	n'est	_	_	_	
2-42	557-560	pas	_	_	_	
2-43	561-566	assez	_	_	_	
2-44	567-576	concentré	_	_	_	
2-45	577-578	^	_	_	_	
2-46	579-581	on	_	_	_	
2-47	582-584	le	_	_	_	
2-48	585-594	chainiera	_	_	_	
2-49	595-599	pour	_	_	_	
2-50	600-602	le	_	_	_	
2-51	603-610	réduire	_	_	_	
2-52	611-613	en	_	_	_	
2-53	614-618	état	_	_	_	
2-54	619-621	de	_	_	_	
2-55	622-625	gaz	_	_	_	
2-56	625-626	.	_	_	_	

#Text=Enfin on répétera ces différens procédés toutes les fois qu'il sera jugé nécessaire parles Officiers de Santé, ainsi que cela se pratique oit pour les inutiles et crime dangereuses fumigations arometiques.
3-1	627-632	Enfin	_	_	_	
3-2	633-635	on	_	_	_	
3-3	636-644	répétera	_	_	_	
3-4	645-648	ces	_	_	_	
3-5	649-658	différens	_	_	_	
3-6	659-667	procédés	_	_	_	
3-7	668-674	toutes	Time[3]	_	_	
3-8	675-678	les	Time[3]	_	_	
3-9	679-683	fois	Time[3]	_	_	
3-10	684-689	qu'il	Time[3]	_	_	
3-11	690-694	sera	Time[3]	_	_	
3-12	695-699	jugé	Time[3]	_	_	
3-13	700-710	nécessaire	Time[3]	_	_	
3-14	711-717	parles	Time[3]	_	_	
3-15	718-727	Officiers	Time[3]	_	_	
3-16	728-730	de	Time[3]	_	_	
3-17	731-736	Santé	Time[3]	_	_	
3-18	736-737	,	_	_	_	
3-19	738-743	ainsi	_	_	_	
3-20	744-747	que	_	_	_	
3-21	748-752	cela	_	_	_	
3-22	753-755	se	_	_	_	
3-23	756-764	pratique	_	_	_	
3-24	765-768	oit	_	_	_	
3-25	769-773	pour	_	_	_	
3-26	774-777	les	_	_	_	
3-27	778-786	inutiles	Quality	_	_	
3-28	787-789	et	_	_	_	
3-29	790-795	crime	_	_	_	
3-30	796-807	dangereuses	Quality	_	_	
3-31	808-819	fumigations	Smell\_Source	_	_	
3-32	820-831	arometiques	Smell\_Word	*|*|*|*	3-31|3-7[3_0]|3-30|3-27	
3-33	831-832	.	_	_	_	

#Text=Il sera prodent qu'avant l'opération , les Officiers de Santé en crier se rconissent pour prendre une connoissance positive de l'état des malades ^ et que quand Fatmosplière de la salle se trouvera remplie de gaz muriatique , ils puissent observer avec plus de certitude si les individus qui y seront exposés , éprouvent quelques" changemens qu'il soit possible d'attribuer directement ou indi- rectement à l'action de ce destructeur des miasmes putrides : cette précaution servira à augmenter la con fiance de tous et peut-être à perfectionner l'application du moyeu.
4-1	834-836	Il	_	_	_	
4-2	837-841	sera	_	_	_	
4-3	842-849	prodent	_	_	_	
4-4	850-858	qu'avant	_	_	_	
4-5	859-870	l'opération	_	_	_	
4-6	871-872	,	_	_	_	
4-7	873-876	les	_	_	_	
4-8	877-886	Officiers	_	_	_	
4-9	887-889	de	_	_	_	
4-10	890-895	Santé	_	_	_	
4-11	896-898	en	_	_	_	
4-12	899-904	crier	_	_	_	
4-13	905-907	se	_	_	_	
4-14	908-918	rconissent	_	_	_	
4-15	919-923	pour	_	_	_	
4-16	924-931	prendre	_	_	_	
4-17	932-935	une	_	_	_	
4-18	936-948	connoissance	_	_	_	
4-19	949-957	positive	_	_	_	
4-20	958-960	de	_	_	_	
4-21	961-967	l'état	_	_	_	
4-22	968-971	des	_	_	_	
4-23	972-979	malades	_	_	_	
4-24	980-981	^	_	_	_	
4-25	982-984	et	_	_	_	
4-26	985-988	que	_	_	_	
4-27	989-994	quand	_	_	_	
4-28	995-1007	Fatmosplière	_	_	_	
4-29	1008-1010	de	_	_	_	
4-30	1011-1013	la	_	_	_	
4-31	1014-1019	salle	_	_	_	
4-32	1020-1022	se	_	_	_	
4-33	1023-1031	trouvera	_	_	_	
4-34	1032-1039	remplie	_	_	_	
4-35	1040-1042	de	_	_	_	
4-36	1043-1046	gaz	_	_	_	
4-37	1047-1057	muriatique	_	_	_	
4-38	1058-1059	,	_	_	_	
4-39	1060-1063	ils	_	_	_	
4-40	1064-1072	puissent	_	_	_	
4-41	1073-1081	observer	_	_	_	
4-42	1082-1086	avec	_	_	_	
4-43	1087-1091	plus	_	_	_	
4-44	1092-1094	de	_	_	_	
4-45	1095-1104	certitude	_	_	_	
4-46	1105-1107	si	_	_	_	
4-47	1108-1111	les	_	_	_	
4-48	1112-1121	individus	_	_	_	
4-49	1122-1125	qui	_	_	_	
4-50	1126-1127	y	_	_	_	
4-51	1128-1134	seront	_	_	_	
4-52	1135-1142	exposés	_	_	_	
4-53	1143-1144	,	_	_	_	
4-54	1145-1154	éprouvent	_	_	_	
4-55	1155-1163	quelques	_	_	_	
4-56	1163-1164	"	_	_	_	
4-57	1165-1175	changemens	_	_	_	
4-58	1176-1181	qu'il	_	_	_	
4-59	1182-1186	soit	_	_	_	
4-60	1187-1195	possible	_	_	_	
4-61	1196-1207	d'attribuer	_	_	_	
4-62	1208-1219	directement	_	_	_	
4-63	1220-1222	ou	_	_	_	
4-64	1223-1227	indi	_	_	_	
4-65	1227-1228	-	_	_	_	
4-66	1229-1238	rectement	_	_	_	
4-67	1239-1240	à	_	_	_	
4-68	1241-1249	l'action	_	_	_	
4-69	1250-1252	de	_	_	_	
4-70	1253-1255	ce	_	_	_	
4-71	1256-1267	destructeur	_	_	_	
4-72	1268-1271	des	_	_	_	
4-73	1272-1279	miasmes	Smell\_Word	*	4-74	
4-74	1280-1288	putrides	Quality	_	_	
4-75	1289-1290	:	_	_	_	
4-76	1291-1296	cette	_	_	_	
4-77	1297-1307	précaution	_	_	_	
4-78	1308-1315	servira	_	_	_	
4-79	1316-1317	à	_	_	_	
4-80	1318-1327	augmenter	_	_	_	
4-81	1328-1330	la	_	_	_	
4-82	1331-1334	con	_	_	_	
4-83	1335-1341	fiance	_	_	_	
4-84	1342-1344	de	_	_	_	
4-85	1345-1349	tous	_	_	_	
4-86	1350-1352	et	_	_	_	
4-87	1353-1362	peut-être	_	_	_	
4-88	1363-1364	à	_	_	_	
4-89	1365-1378	perfectionner	_	_	_	
4-90	1379-1392	l'application	_	_	_	
4-91	1393-1395	du	_	_	_	
4-92	1396-1401	moyeu	_	_	_	
4-93	1401-1402	.	_	_	_	
