#FORMAT=WebAnno TSV 3.3
#T_SP=custom.Span|label
#T_RL=custom.Relation|label|BT_custom.Span


#Text=Comme on retira de terre les corps des deux Maries & furent portez à l'Eglise en grand honneur.
1-1	0-5	Comme	_	_	_	
1-2	6-8	on	_	_	_	
1-3	9-15	retira	_	_	_	
1-4	16-18	de	_	_	_	
1-5	19-24	terre	_	_	_	
1-6	25-28	les	_	_	_	
1-7	29-34	corps	_	_	_	
1-8	35-38	des	_	_	_	
1-9	39-43	deux	_	_	_	
1-10	44-50	Maries	_	_	_	
1-11	51-52	&	_	_	_	
1-12	53-59	furent	_	_	_	
1-13	60-66	portez	_	_	_	
1-14	67-68	à	_	_	_	
1-15	69-77	l'Eglise	Location	_	_	
1-16	78-80	en	_	_	_	
1-17	81-86	grand	_	_	_	
1-18	87-94	honneur	_	_	_	
1-19	94-95	.	_	_	_	

#Text=TOus les assistans furent rejoüis quand ils connurent les corps saints, l'Evêque & les autres leverent les corps de terre & les emporterent en la cité, tout le clergé alloit après chantant mélodieusement le psalme Laudate nomen Domini Les gens de la Ville allerent au-devant à cause de la grande odeur qu'ils sentoient, on sonna les cloches par toutes la ville, & chacun courroit pour voir les corps saints.
2-1	97-101	TOus	_	_	_	
2-2	102-105	les	_	_	_	
2-3	106-115	assistans	_	_	_	
2-4	116-122	furent	_	_	_	
2-5	123-130	rejoüis	_	_	_	
2-6	131-136	quand	_	_	_	
2-7	137-140	ils	_	_	_	
2-8	141-150	connurent	_	_	_	
2-9	151-154	les	_	_	_	
2-10	155-160	corps	_	_	_	
2-11	161-167	saints	_	_	_	
2-12	167-168	,	_	_	_	
2-13	169-177	l'Evêque	_	_	_	
2-14	178-179	&	_	_	_	
2-15	180-183	les	_	_	_	
2-16	184-190	autres	_	_	_	
2-17	191-199	leverent	_	_	_	
2-18	200-203	les	_	_	_	
2-19	204-209	corps	_	_	_	
2-20	210-212	de	_	_	_	
2-21	213-218	terre	_	_	_	
2-22	219-220	&	_	_	_	
2-23	221-224	les	_	_	_	
2-24	225-236	emporterent	_	_	_	
2-25	237-239	en	_	_	_	
2-26	240-242	la	_	_	_	
2-27	243-247	cité	_	_	_	
2-28	247-248	,	_	_	_	
2-29	249-253	tout	_	_	_	
2-30	254-256	le	_	_	_	
2-31	257-263	clergé	_	_	_	
2-32	264-270	alloit	_	_	_	
2-33	271-276	après	_	_	_	
2-34	277-285	chantant	_	_	_	
2-35	286-300	mélodieusement	_	_	_	
2-36	301-303	le	_	_	_	
2-37	304-310	psalme	_	_	_	
2-38	311-318	Laudate	_	_	_	
2-39	319-324	nomen	_	_	_	
2-40	325-331	Domini	_	_	_	
2-41	332-335	Les	Perceiver[1]	_	_	
2-42	336-340	gens	Perceiver[1]	_	_	
2-43	341-343	de	Perceiver[1]	_	_	
2-44	344-346	la	Perceiver[1]	_	_	
2-45	347-352	Ville	Perceiver[1]	_	_	
2-46	353-361	allerent	_	_	_	
2-47	362-371	au-devant	_	_	_	
2-48	372-373	à	_	_	_	
2-49	374-379	cause	_	_	_	
2-50	380-382	de	_	_	_	
2-51	383-385	la	_	_	_	
2-52	386-392	grande	Quality	_	_	
2-53	393-398	odeur	Smell\_Word	*|*|*	2-52|1-15|2-41[1_0]	
2-54	399-405	qu'ils	_	_	_	
2-55	406-415	sentoient	_	_	_	
2-56	415-416	,	_	_	_	
2-57	417-419	on	_	_	_	
2-58	420-425	sonna	_	_	_	
2-59	426-429	les	_	_	_	
2-60	430-437	cloches	_	_	_	
2-61	438-441	par	_	_	_	
2-62	442-448	toutes	_	_	_	
2-63	449-451	la	_	_	_	
2-64	452-457	ville	_	_	_	
2-65	457-458	,	_	_	_	
2-66	459-460	&	_	_	_	
2-67	461-467	chacun	_	_	_	
2-68	468-476	courroit	_	_	_	
2-69	477-481	pour	_	_	_	
2-70	482-486	voir	_	_	_	
2-71	487-490	les	_	_	_	
2-72	491-496	corps	_	_	_	
2-73	497-503	saints	_	_	_	
2-74	503-504	.	_	_	_	

#Text=Quand ils furent dans l'Eglise on mit la biére fur l'Autel jusqu'à ce que la Messe fut chantée, puis on couvrit la biere de fort riches draps; quand la Messe fut chantée l'Evêque ouvrit le coffre tant que chacun les vit & sentirent très grande odeur, puis il lut les écriteaux qui étoient dans le coffre, parquoi on connut les Dames, & chacun y ajouta foi.
3-1	505-510	Quand	_	_	_	
3-2	511-514	ils	_	_	_	
3-3	515-521	furent	_	_	_	
3-4	522-526	dans	_	_	_	
3-5	527-535	l'Eglise	_	_	_	
3-6	536-538	on	_	_	_	
3-7	539-542	mit	_	_	_	
3-8	543-545	la	_	_	_	
3-9	546-551	biére	_	_	_	
3-10	552-555	fur	_	_	_	
3-11	556-563	l'Autel	_	_	_	
3-12	564-571	jusqu'à	_	_	_	
3-13	572-574	ce	_	_	_	
3-14	575-578	que	_	_	_	
3-15	579-581	la	_	_	_	
3-16	582-587	Messe	_	_	_	
3-17	588-591	fut	_	_	_	
3-18	592-599	chantée	_	_	_	
3-19	599-600	,	_	_	_	
3-20	601-605	puis	_	_	_	
3-21	606-608	on	_	_	_	
3-22	609-616	couvrit	_	_	_	
3-23	617-619	la	_	_	_	
3-24	620-625	biere	_	_	_	
3-25	626-628	de	_	_	_	
3-26	629-633	fort	_	_	_	
3-27	634-640	riches	_	_	_	
3-28	641-646	draps	_	_	_	
3-29	646-647	;	_	_	_	
3-30	648-653	quand	_	_	_	
3-31	654-656	la	_	_	_	
3-32	657-662	Messe	_	_	_	
3-33	663-666	fut	_	_	_	
3-34	667-674	chantée	_	_	_	
3-35	675-683	l'Evêque	_	_	_	
3-36	684-690	ouvrit	_	_	_	
3-37	691-693	le	_	_	_	
3-38	694-700	coffre	_	_	_	
3-39	701-705	tant	_	_	_	
3-40	706-709	que	_	_	_	
3-41	710-716	chacun	_	_	_	
3-42	717-720	les	_	_	_	
3-43	721-724	vit	_	_	_	
3-44	725-726	&	_	_	_	
3-45	727-736	sentirent	_	_	_	
3-46	737-741	très	_	_	_	
3-47	742-748	grande	Quality	_	_	
3-48	749-754	odeur	Smell\_Word	*	3-47	
3-49	754-755	,	_	_	_	
3-50	756-760	puis	_	_	_	
3-51	761-763	il	_	_	_	
3-52	764-767	lut	_	_	_	
3-53	768-771	les	_	_	_	
3-54	772-781	écriteaux	_	_	_	
3-55	782-785	qui	_	_	_	
3-56	786-793	étoient	_	_	_	
3-57	794-798	dans	_	_	_	
3-58	799-801	le	_	_	_	
3-59	802-808	coffre	_	_	_	
3-60	808-809	,	_	_	_	
3-61	810-817	parquoi	_	_	_	
3-62	818-820	on	_	_	_	
3-63	821-827	connut	_	_	_	
3-64	828-831	les	_	_	_	
3-65	832-837	Dames	_	_	_	
3-66	837-838	,	_	_	_	
3-67	839-840	&	_	_	_	
3-68	841-847	chacun	_	_	_	
3-69	848-849	y	_	_	_	
3-70	850-856	ajouta	_	_	_	
3-71	857-860	foi	_	_	_	
3-72	860-861	.	_	_	_	

#Text=Comme plusieurs miracles furent faits à l'Eglise.
4-1	863-868	Comme	_	_	_	
4-2	869-878	plusieurs	_	_	_	
4-3	879-887	miracles	_	_	_	
4-4	888-894	furent	_	_	_	
4-5	895-900	faits	_	_	_	
4-6	901-902	à	_	_	_	
4-7	903-911	l'Eglise	_	_	_	
4-8	911-912	.	_	_	_	

#Text=GRande odeur fut sentie en l'Eglise, dont le peuple loüa Jesus Christ, Dieu voulut montrer de grands miracles, car il entra dans l'Eglise malades, sourds, aveugles, manchots, démoniacles, contrefaits & bossus, mais nul n'y entra qu'il n'en sortit sain & gueri, les nouvelles
#Text=en furent par tout, tellement que les malades y vinrent de toutes parts, la solemnité dura quinze jours en la ville, on fit un vaisseau pour mettre les corps, puis firent nouveaux ecrit, faisant mention de l'invention & des miracles, ils mirent les corps dedans & fermerent le coffre, puis le mirent près de l'Autel en un fort beau lieu, & fut couvert d'un riche drap rouge, l'Evêque prêcha & leur annonça le fête des deux sœurs, & ordonna que tous les ans chacun feroit la fête, puis il donna à chacun la benediction, dont chacun loüa Dieu le créateur Je vous ai promis de parler du lieu où sont à présent les corps des deux Maries, ce que j'espere faire en re chapitre, sçavoir si aucuns veulent sçavoir où sont à present les corps des Dames, ils sont en Provence à 3. lieuës de S.
5-1	914-920	GRande	_	_	_	
5-2	921-926	odeur	Smell\_Word	_	_	
5-3	927-930	fut	_	_	_	
5-4	931-937	sentie	_	_	_	
5-5	938-940	en	_	_	_	
5-6	941-949	l'Eglise	_	_	_	
5-7	949-950	,	_	_	_	
5-8	951-955	dont	_	_	_	
5-9	956-958	le	_	_	_	
5-10	959-965	peuple	_	_	_	
5-11	966-970	loüa	_	_	_	
5-12	971-976	Jesus	_	_	_	
5-13	977-983	Christ	_	_	_	
5-14	983-984	,	_	_	_	
5-15	985-989	Dieu	_	_	_	
5-16	990-996	voulut	_	_	_	
5-17	997-1004	montrer	_	_	_	
5-18	1005-1007	de	_	_	_	
5-19	1008-1014	grands	_	_	_	
5-20	1015-1023	miracles	_	_	_	
5-21	1023-1024	,	_	_	_	
5-22	1025-1028	car	_	_	_	
5-23	1029-1031	il	_	_	_	
5-24	1032-1037	entra	_	_	_	
5-25	1038-1042	dans	_	_	_	
5-26	1043-1051	l'Eglise	_	_	_	
5-27	1052-1059	malades	_	_	_	
5-28	1059-1060	,	_	_	_	
5-29	1061-1067	sourds	_	_	_	
5-30	1067-1068	,	_	_	_	
5-31	1069-1077	aveugles	_	_	_	
5-32	1077-1078	,	_	_	_	
5-33	1079-1087	manchots	_	_	_	
5-34	1087-1088	,	_	_	_	
5-35	1089-1100	démoniacles	_	_	_	
5-36	1100-1101	,	_	_	_	
5-37	1102-1113	contrefaits	_	_	_	
5-38	1114-1115	&	_	_	_	
5-39	1116-1122	bossus	_	_	_	
5-40	1122-1123	,	_	_	_	
5-41	1124-1128	mais	_	_	_	
5-42	1129-1132	nul	_	_	_	
5-43	1133-1136	n'y	_	_	_	
5-44	1137-1142	entra	_	_	_	
5-45	1143-1148	qu'il	_	_	_	
5-46	1149-1153	n'en	_	_	_	
5-47	1154-1160	sortit	_	_	_	
5-48	1161-1165	sain	_	_	_	
5-49	1166-1167	&	_	_	_	
5-50	1168-1173	gueri	_	_	_	
5-51	1173-1174	,	_	_	_	
5-52	1175-1178	les	_	_	_	
5-53	1179-1188	nouvelles	_	_	_	
5-54	1189-1191	en	_	_	_	
5-55	1192-1198	furent	_	_	_	
5-56	1199-1202	par	_	_	_	
5-57	1203-1207	tout	_	_	_	
5-58	1207-1208	,	_	_	_	
5-59	1209-1218	tellement	_	_	_	
5-60	1219-1222	que	_	_	_	
5-61	1223-1226	les	_	_	_	
5-62	1227-1234	malades	_	_	_	
5-63	1235-1236	y	_	_	_	
5-64	1237-1244	vinrent	_	_	_	
5-65	1245-1247	de	_	_	_	
5-66	1248-1254	toutes	_	_	_	
5-67	1255-1260	parts	_	_	_	
5-68	1260-1261	,	_	_	_	
5-69	1262-1264	la	_	_	_	
5-70	1265-1274	solemnité	_	_	_	
5-71	1275-1279	dura	_	_	_	
5-72	1280-1286	quinze	_	_	_	
5-73	1287-1292	jours	_	_	_	
5-74	1293-1295	en	_	_	_	
5-75	1296-1298	la	_	_	_	
5-76	1299-1304	ville	_	_	_	
5-77	1304-1305	,	_	_	_	
5-78	1306-1308	on	_	_	_	
5-79	1309-1312	fit	_	_	_	
5-80	1313-1315	un	_	_	_	
5-81	1316-1324	vaisseau	_	_	_	
5-82	1325-1329	pour	_	_	_	
5-83	1330-1336	mettre	_	_	_	
5-84	1337-1340	les	_	_	_	
5-85	1341-1346	corps	_	_	_	
5-86	1346-1347	,	_	_	_	
5-87	1348-1352	puis	_	_	_	
5-88	1353-1359	firent	_	_	_	
5-89	1360-1368	nouveaux	_	_	_	
5-90	1369-1374	ecrit	_	_	_	
5-91	1374-1375	,	_	_	_	
5-92	1376-1383	faisant	_	_	_	
5-93	1384-1391	mention	_	_	_	
5-94	1392-1394	de	_	_	_	
5-95	1395-1406	l'invention	_	_	_	
5-96	1407-1408	&	_	_	_	
5-97	1409-1412	des	_	_	_	
5-98	1413-1421	miracles	_	_	_	
5-99	1421-1422	,	_	_	_	
5-100	1423-1426	ils	_	_	_	
5-101	1427-1433	mirent	_	_	_	
5-102	1434-1437	les	_	_	_	
5-103	1438-1443	corps	_	_	_	
5-104	1444-1450	dedans	_	_	_	
5-105	1451-1452	&	_	_	_	
5-106	1453-1462	fermerent	_	_	_	
5-107	1463-1465	le	_	_	_	
5-108	1466-1472	coffre	_	_	_	
5-109	1472-1473	,	_	_	_	
5-110	1474-1478	puis	_	_	_	
5-111	1479-1481	le	_	_	_	
5-112	1482-1488	mirent	_	_	_	
5-113	1489-1493	près	_	_	_	
5-114	1494-1496	de	_	_	_	
5-115	1497-1504	l'Autel	_	_	_	
5-116	1505-1507	en	_	_	_	
5-117	1508-1510	un	_	_	_	
5-118	1511-1515	fort	_	_	_	
5-119	1516-1520	beau	_	_	_	
5-120	1521-1525	lieu	_	_	_	
5-121	1525-1526	,	_	_	_	
5-122	1527-1528	&	_	_	_	
5-123	1529-1532	fut	_	_	_	
5-124	1533-1540	couvert	_	_	_	
5-125	1541-1545	d'un	_	_	_	
5-126	1546-1551	riche	_	_	_	
5-127	1552-1556	drap	_	_	_	
5-128	1557-1562	rouge	_	_	_	
5-129	1562-1563	,	_	_	_	
5-130	1564-1572	l'Evêque	_	_	_	
5-131	1573-1579	prêcha	_	_	_	
5-132	1580-1581	&	_	_	_	
5-133	1582-1586	leur	_	_	_	
5-134	1587-1594	annonça	_	_	_	
5-135	1595-1597	le	_	_	_	
5-136	1598-1602	fête	_	_	_	
5-137	1603-1606	des	_	_	_	
5-138	1607-1611	deux	_	_	_	
5-139	1612-1617	sœurs	_	_	_	
5-140	1617-1618	,	_	_	_	
5-141	1619-1620	&	_	_	_	
5-142	1621-1628	ordonna	_	_	_	
5-143	1629-1632	que	_	_	_	
5-144	1633-1637	tous	_	_	_	
5-145	1638-1641	les	_	_	_	
5-146	1642-1645	ans	_	_	_	
5-147	1646-1652	chacun	_	_	_	
5-148	1653-1659	feroit	_	_	_	
5-149	1660-1662	la	_	_	_	
5-150	1663-1667	fête	_	_	_	
5-151	1667-1668	,	_	_	_	
5-152	1669-1673	puis	_	_	_	
5-153	1674-1676	il	_	_	_	
5-154	1677-1682	donna	_	_	_	
5-155	1683-1684	à	_	_	_	
5-156	1685-1691	chacun	_	_	_	
5-157	1692-1694	la	_	_	_	
5-158	1695-1706	benediction	_	_	_	
5-159	1706-1707	,	_	_	_	
5-160	1708-1712	dont	_	_	_	
5-161	1713-1719	chacun	_	_	_	
5-162	1720-1724	loüa	_	_	_	
5-163	1725-1729	Dieu	_	_	_	
5-164	1730-1732	le	_	_	_	
5-165	1733-1741	créateur	_	_	_	
5-166	1742-1744	Je	_	_	_	
5-167	1745-1749	vous	_	_	_	
5-168	1750-1752	ai	_	_	_	
5-169	1753-1759	promis	_	_	_	
5-170	1760-1762	de	_	_	_	
5-171	1763-1769	parler	_	_	_	
5-172	1770-1772	du	_	_	_	
5-173	1773-1777	lieu	_	_	_	
5-174	1778-1780	où	_	_	_	
5-175	1781-1785	sont	_	_	_	
5-176	1786-1787	à	_	_	_	
5-177	1788-1795	présent	_	_	_	
5-178	1796-1799	les	_	_	_	
5-179	1800-1805	corps	_	_	_	
5-180	1806-1809	des	_	_	_	
5-181	1810-1814	deux	_	_	_	
5-182	1815-1821	Maries	_	_	_	
5-183	1821-1822	,	_	_	_	
5-184	1823-1825	ce	_	_	_	
5-185	1826-1829	que	_	_	_	
5-186	1830-1838	j'espere	_	_	_	
5-187	1839-1844	faire	_	_	_	
5-188	1845-1847	en	_	_	_	
5-189	1848-1850	re	_	_	_	
5-190	1851-1859	chapitre	_	_	_	
5-191	1859-1860	,	_	_	_	
5-192	1861-1868	sçavoir	_	_	_	
5-193	1869-1871	si	_	_	_	
5-194	1872-1878	aucuns	_	_	_	
5-195	1879-1886	veulent	_	_	_	
5-196	1887-1894	sçavoir	_	_	_	
5-197	1895-1897	où	_	_	_	
5-198	1898-1902	sont	_	_	_	
5-199	1903-1904	à	_	_	_	
5-200	1905-1912	present	_	_	_	
5-201	1913-1916	les	_	_	_	
5-202	1917-1922	corps	_	_	_	
5-203	1923-1926	des	_	_	_	
5-204	1927-1932	Dames	_	_	_	
5-205	1932-1933	,	_	_	_	
5-206	1934-1937	ils	_	_	_	
5-207	1938-1942	sont	_	_	_	
5-208	1943-1945	en	_	_	_	
5-209	1946-1954	Provence	_	_	_	
5-210	1955-1956	à	_	_	_	
5-211	1957-1958	3	_	_	_	
5-212	1958-1959	.	_	_	_	
5-213	1960-1966	lieuës	_	_	_	
5-214	1967-1969	de	_	_	_	
5-215	1970-1971	S	_	_	_	
5-216	1971-1972	.	_	_	_	

#Text=Gilles en une belle Chapelle, dans un Couvent de Religieux & Chanoines qui est dans la mer sur une roche, & ladite Eglise est appellée Nôtre-Dame de la mer.
6-1	1973-1979	Gilles	_	_	_	
6-2	1980-1982	en	_	_	_	
6-3	1983-1986	une	_	_	_	
6-4	1987-1992	belle	_	_	_	
6-5	1993-2001	Chapelle	_	_	_	
6-6	2001-2002	,	_	_	_	
6-7	2003-2007	dans	_	_	_	
6-8	2008-2010	un	_	_	_	
6-9	2011-2018	Couvent	_	_	_	
6-10	2019-2021	de	_	_	_	
6-11	2022-2031	Religieux	_	_	_	
6-12	2032-2033	&	_	_	_	
6-13	2034-2043	Chanoines	_	_	_	
6-14	2044-2047	qui	_	_	_	
6-15	2048-2051	est	_	_	_	
6-16	2052-2056	dans	_	_	_	
6-17	2057-2059	la	_	_	_	
6-18	2060-2063	mer	_	_	_	
6-19	2064-2067	sur	_	_	_	
6-20	2068-2071	une	_	_	_	
6-21	2072-2077	roche	_	_	_	
6-22	2077-2078	,	_	_	_	
6-23	2079-2080	&	_	_	_	
6-24	2081-2087	ladite	_	_	_	
6-25	2088-2094	Eglise	_	_	_	
6-26	2095-2098	est	_	_	_	
6-27	2099-2107	appellée	_	_	_	
6-28	2108-2118	Nôtre-Dame	_	_	_	
6-29	2119-2121	de	_	_	_	
6-30	2122-2124	la	_	_	_	
6-31	2125-2128	mer	_	_	_	
6-32	2128-2129	.	_	_	_	
