#FORMAT=WebAnno TSV 3.3


#Text=I have often observed, that the Women, living 
#Text=near these Work-houses, complain of hysteric Passions, occasioned by the noisome Smell, which 
#Text=some may wonder at, upon the Consideration that
#Text=sharp-smelling Things, applied to the Nostrils, are 
#Text=recommend ed by Hippocrates as a Remedy for 
#Text=hysteric Fits.
1-1	0-1	I	
1-2	2-6	have	
1-3	7-12	often	
1-4	13-21	observed	
1-5	21-22	,	
1-6	23-27	that	
1-7	28-31	the	
1-8	32-37	Women	
1-9	37-38	,	
1-10	39-45	living	
1-11	47-51	near	
1-12	52-57	these	
1-13	58-69	Work-houses	
1-14	69-70	,	
1-15	71-79	complain	
1-16	80-82	of	
1-17	83-91	hysteric	
1-18	92-100	Passions	
1-19	100-101	,	
1-20	102-112	occasioned	
1-21	113-115	by	
1-22	116-119	the	
1-23	120-127	noisome	
1-24	128-133	Smell	
1-25	133-134	,	
1-26	135-140	which	
1-27	142-146	some	
1-28	147-150	may	
1-29	151-157	wonder	
1-30	158-160	at	
1-31	160-161	,	
1-32	162-166	upon	
1-33	167-170	the	
1-34	171-184	Consideration	
1-35	185-189	that	
1-36	190-204	sharp-smelling	
1-37	205-211	Things	
1-38	211-212	,	
1-39	213-220	applied	
1-40	221-223	to	
1-41	224-227	the	
1-42	228-236	Nostrils	
1-43	236-237	,	
1-44	238-241	are	
1-45	243-252	recommend	
1-46	253-255	ed	
1-47	256-258	by	
1-48	259-270	Hippocrates	
1-49	271-273	as	
1-50	274-275	a	
1-51	276-282	Remedy	
1-52	283-286	for	
1-53	288-296	hysteric	
1-54	297-301	Fits	
1-55	301-302	.	

#Text=But as on the one hand sweet-scented 
#Text=Things do not always excite hysteric Fits, in regard that Cinnamon, Nutmegs and such like odoriferous Things are Remedies against them, which 
#Text=Horatius Augenius cries up as infallible, and 
#Text=
#Text=which Etmuller does not condemn, and as Hippocrates recommends the sweetest scented Wine, in 
#Text=his Book de Nat.
2-1	303-306	But	
2-2	307-309	as	
2-3	310-312	on	
2-4	313-316	the	
2-5	317-320	one	
2-6	321-325	hand	
2-7	326-339	sweet-scented	
2-8	341-347	Things	
2-9	348-350	do	
2-10	351-354	not	
2-11	355-361	always	
2-12	362-368	excite	
2-13	369-377	hysteric	
2-14	378-382	Fits	
2-15	382-383	,	
2-16	384-386	in	
2-17	387-393	regard	
2-18	394-398	that	
2-19	399-407	Cinnamon	
2-20	407-408	,	
2-21	409-416	Nutmegs	
2-22	417-420	and	
2-23	421-425	such	
2-24	426-430	like	
2-25	431-442	odoriferous	
2-26	443-449	Things	
2-27	450-453	are	
2-28	454-462	Remedies	
2-29	463-470	against	
2-30	471-475	them	
2-31	475-476	,	
2-32	477-482	which	
2-33	484-492	Horatius	
2-34	493-501	Augenius	
2-35	502-507	cries	
2-36	508-510	up	
2-37	511-513	as	
2-38	514-524	infallible	
2-39	524-525	,	
2-40	526-529	and	
2-41	532-537	which	
2-42	538-546	Etmuller	
2-43	547-551	does	
2-44	552-555	not	
2-45	556-563	condemn	
2-46	563-564	,	
2-47	565-568	and	
2-48	569-571	as	
2-49	572-583	Hippocrates	
2-50	584-594	recommends	
2-51	595-598	the	
2-52	599-607	sweetest	
2-53	608-615	scented	
2-54	616-620	Wine	
2-55	620-621	,	
2-56	622-624	in	
2-57	626-629	his	
2-58	630-634	Book	
2-59	635-637	de	
2-60	638-641	Nat	
2-61	641-642	.	

#Text=Mul.
3-1	643-646	Mul	
3-2	646-647	.	

#Text=So on the other hand 
#Text=Things of an unsavoury Smell are not always proper to check their Fits, as Forestus has well observed ; and it is an ansient Observation, that the 
#Text=Snuff of a Lamp raises hysteric Commotions.
4-1	648-650	So	
4-2	651-653	on	
4-3	654-657	the	
4-4	658-663	other	
4-5	664-668	hand	
4-6	670-676	Things	
4-7	677-679	of	
4-8	680-682	an	
4-9	683-692	unsavoury	
4-10	693-698	Smell	
4-11	699-702	are	
4-12	703-706	not	
4-13	707-713	always	
4-14	714-720	proper	
4-15	721-723	to	
4-16	724-729	check	
4-17	730-735	their	
4-18	736-740	Fits	
4-19	740-741	,	
4-20	742-744	as	
4-21	745-753	Forestus	
4-22	754-757	has	
4-23	758-762	well	
4-24	763-771	observed	
4-25	772-773	;	
4-26	774-777	and	
4-27	778-780	it	
4-28	781-783	is	
4-29	784-786	an	
4-30	787-794	ansient	
4-31	795-806	Observation	
4-32	806-807	,	
4-33	808-812	that	
4-34	813-816	the	
4-35	818-823	Snuff	
4-36	824-826	of	
4-37	827-828	a	
4-38	829-833	Lamp	
4-39	834-840	raises	
4-40	841-849	hysteric	
4-41	850-860	Commotions	
4-42	860-861	.	

#Text=And 
#Text=therefore I do not wonder that the animal Spirits
#Text=are put into disorderly Motions by the putrid Smell 
#Text=of Tallow ; and that thereby the Uterus suffers 
#Text=Convulsions along with the Stomach, which is forced 
#Text=upwards by the Nauseousness of the Smell.
5-1	862-865	And	
5-2	867-876	therefore	
5-3	877-878	I	
5-4	879-881	do	
5-5	882-885	not	
5-6	886-892	wonder	
5-7	893-897	that	
5-8	898-901	the	
5-9	902-908	animal	
5-10	909-916	Spirits	
5-11	917-920	are	
5-12	921-924	put	
5-13	925-929	into	
5-14	930-940	disorderly	
5-15	941-948	Motions	
5-16	949-951	by	
5-17	952-955	the	
5-18	956-962	putrid	
5-19	963-968	Smell	
5-20	970-972	of	
5-21	973-979	Tallow	
5-22	980-981	;	
5-23	982-985	and	
5-24	986-990	that	
5-25	991-998	thereby	
5-26	999-1002	the	
5-27	1003-1009	Uterus	
5-28	1010-1017	suffers	
5-29	1019-1030	Convulsions	
5-30	1031-1036	along	
5-31	1037-1041	with	
5-32	1042-1045	the	
5-33	1046-1053	Stomach	
5-34	1053-1054	,	
5-35	1055-1060	which	
5-36	1061-1063	is	
5-37	1064-1070	forced	
5-38	1072-1079	upwards	
5-39	1080-1082	by	
5-40	1083-1086	the	
5-41	1087-1099	Nauseousness	
5-42	1100-1102	of	
5-43	1103-1106	the	
5-44	1107-1112	Smell	
5-45	1112-1113	.	

#Text=Nay I 
#Text=have oftentimes seen Women of a tender, nice 
#Text=Constitution, fall into fainting Fits and hysteric 
#Text=Commotions upon using the Light of a Tallow- 
#Text=candle.
6-1	1114-1117	Nay	
6-2	1118-1119	I	
6-3	1121-1125	have	
6-4	1126-1136	oftentimes	
6-5	1137-1141	seen	
6-6	1142-1147	Women	
6-7	1148-1150	of	
6-8	1151-1152	a	
6-9	1153-1159	tender	
6-10	1159-1160	,	
6-11	1161-1165	nice	
6-12	1167-1179	Constitution	
6-13	1179-1180	,	
6-14	1181-1185	fall	
6-15	1186-1190	into	
6-16	1191-1199	fainting	
6-17	1200-1204	Fits	
6-18	1205-1208	and	
6-19	1209-1217	hysteric	
6-20	1219-1229	Commotions	
6-21	1230-1234	upon	
6-22	1235-1240	using	
6-23	1241-1244	the	
6-24	1245-1250	Light	
6-25	1251-1253	of	
6-26	1254-1255	a	
6-27	1256-1262	Tallow	
6-28	1262-1263	-	
6-29	1265-1271	candle	
6-30	1271-1272	.	

#Text=To be further satisfied of the pernicious Smell of 
#Text=Tallow-candles do but consult Solenander who 
#Text=informs you, that his Brother John contracted a 
#Text=violent Disorder in his Lungs and his Brain by studying hard by the Light of Tallow-candles.
7-1	1276-1278	To	
7-2	1279-1281	be	
7-3	1282-1289	further	
7-4	1290-1299	satisfied	
7-5	1300-1302	of	
7-6	1303-1306	the	
7-7	1307-1317	pernicious	
7-8	1318-1323	Smell	
7-9	1324-1326	of	
7-10	1328-1342	Tallow-candles	
7-11	1343-1345	do	
7-12	1346-1349	but	
7-13	1350-1357	consult	
7-14	1358-1368	Solenander	
7-15	1369-1372	who	
7-16	1374-1381	informs	
7-17	1382-1385	you	
7-18	1385-1386	,	
7-19	1387-1391	that	
7-20	1392-1395	his	
7-21	1396-1403	Brother	
7-22	1404-1408	John	
7-23	1409-1419	contracted	
7-24	1420-1421	a	
7-25	1423-1430	violent	
7-26	1431-1439	Disorder	
7-27	1440-1442	in	
7-28	1443-1446	his	
7-29	1447-1452	Lungs	
7-30	1453-1456	and	
7-31	1457-1460	his	
7-32	1461-1466	Brain	
7-33	1467-1469	by	
7-34	1470-1478	studying	
7-35	1479-1483	hard	
7-36	1484-1486	by	
7-37	1487-1490	the	
7-38	1491-1496	Light	
7-39	1497-1499	of	
7-40	1500-1514	Tallow-candles	
7-41	1514-1515	.	

#Text=He 
#Text=adds, that Ox-tallow gives a more noisome Smell 
#Text=than that of Sheep : But in our Country we find 
#Text=that the Tallow-candles never smell so rank, as 
#Text=when some Hogs-tallow is one of the Ingredients.
8-1	1516-1518	He	
8-2	1520-1524	adds	
8-3	1524-1525	,	
8-4	1526-1530	that	
8-5	1531-1540	Ox-tallow	
8-6	1541-1546	gives	
8-7	1547-1548	a	
8-8	1549-1553	more	
8-9	1554-1561	noisome	
8-10	1562-1567	Smell	
8-11	1569-1573	than	
8-12	1574-1578	that	
8-13	1579-1581	of	
8-14	1582-1587	Sheep	
8-15	1588-1589	:	
8-16	1590-1593	But	
8-17	1594-1596	in	
8-18	1597-1600	our	
8-19	1601-1608	Country	
8-20	1609-1611	we	
8-21	1612-1616	find	
8-22	1618-1622	that	
8-23	1623-1626	the	
8-24	1627-1641	Tallow-candles	
8-25	1642-1647	never	
8-26	1648-1653	smell	
8-27	1654-1656	so	
8-28	1657-1661	rank	
8-29	1661-1662	,	
8-30	1663-1665	as	
8-31	1667-1671	when	
8-32	1672-1676	some	
8-33	1677-1688	Hogs-tallow	
8-34	1689-1691	is	
8-35	1692-1695	one	
8-36	1696-1698	of	
8-37	1699-1702	the	
8-38	1703-1714	Ingredients	
8-39	1714-1715	.	
