#FORMAT=WebAnno TSV 3.3


#Text=Memorandum of Nuisance from any other cause or general remarks.
1-1	1-11	Memorandum	
1-2	12-14	of	
1-3	15-23	Nuisance	
1-4	24-28	from	
1-5	29-32	any	
1-6	33-38	other	
1-7	39-44	cause	
1-8	45-47	or	
1-9	48-55	general	
1-10	56-63	remarks	
1-11	63-64	.	

#Text=In considering the question of nuisances from offensive
#Text=trades it might be an infraction of personal liberty to
#Text=interfere with a proprietor ' s right to make offensive smells
#Text=within the limits of his own tenement, and for his own
#Text=separate inhalation, but surely it is a greater infraction of
#Text=personal liberty when the proprietor assumes what is
#Text=equivalent to a sole possession of the atmosphere, and
#Text=claims the right of diffusing through it some nauseous
#Text=effluvium which others equally with himself are thus
#Text=obliged to inhale.
2-1	66-68	In	
2-2	69-80	considering	
2-3	81-84	the	
2-4	85-93	question	
2-5	94-96	of	
2-6	97-106	nuisances	
2-7	107-111	from	
2-8	112-121	offensive	
2-9	122-128	trades	
2-10	129-131	it	
2-11	132-137	might	
2-12	138-140	be	
2-13	141-143	an	
2-14	144-154	infraction	
2-15	155-157	of	
2-16	158-166	personal	
2-17	167-174	liberty	
2-18	175-177	to	
2-19	178-187	interfere	
2-20	188-192	with	
2-21	193-194	a	
2-22	195-205	proprietor	
2-23	206-207	'	
2-24	208-209	s	
2-25	210-215	right	
2-26	216-218	to	
2-27	219-223	make	
2-28	224-233	offensive	
2-29	234-240	smells	
2-30	241-247	within	
2-31	248-251	the	
2-32	252-258	limits	
2-33	259-261	of	
2-34	262-265	his	
2-35	266-269	own	
2-36	270-278	tenement	
2-37	278-279	,	
2-38	280-283	and	
2-39	284-287	for	
2-40	288-291	his	
2-41	292-295	own	
2-42	296-304	separate	
2-43	305-315	inhalation	
2-44	315-316	,	
2-45	317-320	but	
2-46	321-327	surely	
2-47	328-330	it	
2-48	331-333	is	
2-49	334-335	a	
2-50	336-343	greater	
2-51	344-354	infraction	
2-52	355-357	of	
2-53	358-366	personal	
2-54	367-374	liberty	
2-55	375-379	when	
2-56	380-383	the	
2-57	384-394	proprietor	
2-58	395-402	assumes	
2-59	403-407	what	
2-60	408-410	is	
2-61	411-421	equivalent	
2-62	422-424	to	
2-63	425-426	a	
2-64	427-431	sole	
2-65	432-442	possession	
2-66	443-445	of	
2-67	446-449	the	
2-68	450-460	atmosphere	
2-69	460-461	,	
2-70	462-465	and	
2-71	466-472	claims	
2-72	473-476	the	
2-73	477-482	right	
2-74	483-485	of	
2-75	486-495	diffusing	
2-76	496-503	through	
2-77	504-506	it	
2-78	507-511	some	
2-79	512-520	nauseous	
2-80	521-530	effluvium	
2-81	531-536	which	
2-82	537-543	others	
2-83	544-551	equally	
2-84	552-556	with	
2-85	557-564	himself	
2-86	565-568	are	
2-87	569-573	thus	
2-88	574-581	obliged	
2-89	582-584	to	
2-90	585-591	inhale	
2-91	591-592	.	

#Text=Nuisances arising from offensive trades affect some
#Text=inspectors more than others, but no offensive business
#Text=can be established without the sanction of the London
#Text=County Council in the Metropolis, or an urban sanitary
#Text=authority in the provinces.
3-1	594-603	Nuisances	
3-2	604-611	arising	
3-3	612-616	from	
3-4	617-626	offensive	
3-5	627-633	trades	
3-6	634-640	affect	
3-7	641-645	some	
3-8	646-656	inspectors	
3-9	657-661	more	
3-10	662-666	than	
3-11	667-673	others	
3-12	673-674	,	
3-13	675-678	but	
3-14	679-681	no	
3-15	682-691	offensive	
3-16	692-700	business	
3-17	701-704	can	
3-18	705-707	be	
3-19	708-719	established	
3-20	720-727	without	
3-21	728-731	the	
3-22	732-740	sanction	
3-23	741-743	of	
3-24	744-747	the	
3-25	748-754	London	
3-26	755-761	County	
3-27	762-769	Council	
3-28	770-772	in	
3-29	773-776	the	
3-30	777-787	Metropolis	
3-31	787-788	,	
3-32	789-791	or	
3-33	792-794	an	
3-34	795-800	urban	
3-35	801-809	sanitary	
3-36	810-819	authority	
3-37	820-822	in	
3-38	823-826	the	
3-39	827-836	provinces	
3-40	836-837	.	

#Text=In London, the County
#Text=Council is required to give at least 14 days '  notice to
#Text=the sanitary authority of the district where the premises
#Text=requiring the license are situate, to enable the latter, if
#Text=necessary, to oppose the application.
4-1	838-840	In	
4-2	841-847	London	
4-3	847-848	,	
4-4	849-852	the	
4-5	853-859	County	
4-6	860-867	Council	
4-7	868-870	is	
4-8	871-879	required	
4-9	880-882	to	
4-10	883-887	give	
4-11	888-890	at	
4-12	891-896	least	
4-13	897-899	14	
4-14	900-904	days	
4-15	905-906	'	
4-16	908-914	notice	
4-17	915-917	to	
4-18	918-921	the	
4-19	922-930	sanitary	
4-20	931-940	authority	
4-21	941-943	of	
4-22	944-947	the	
4-23	948-956	district	
4-24	957-962	where	
4-25	963-966	the	
4-26	967-975	premises	
4-27	976-985	requiring	
4-28	986-989	the	
4-29	990-997	license	
4-30	998-1001	are	
4-31	1002-1009	situate	
4-32	1009-1010	,	
4-33	1011-1013	to	
4-34	1014-1020	enable	
4-35	1021-1024	the	
4-36	1025-1031	latter	
4-37	1031-1032	,	
4-38	1033-1035	if	
4-39	1036-1045	necessary	
4-40	1045-1046	,	
4-41	1047-1049	to	
4-42	1050-1056	oppose	
4-43	1057-1060	the	
4-44	1061-1072	application	
4-45	1072-1073	.	

#Text=In Scotland offensive businesses cannot be established
#Text=without the sanction of the Local Authority, whatever be
#Text=the situation of the business ; and as regards slaughter
#Text=houses and knackers '  yards, a Hcense must be obtained
#Text=from such Authority before they can be carried on, and
#Text=this license is subject to annual renewal.
5-1	1075-1077	In	
5-2	1078-1086	Scotland	
5-3	1087-1096	offensive	
5-4	1097-1107	businesses	
5-5	1108-1114	cannot	
5-6	1115-1117	be	
5-7	1118-1129	established	
5-8	1130-1137	without	
5-9	1138-1141	the	
5-10	1142-1150	sanction	
5-11	1151-1153	of	
5-12	1154-1157	the	
5-13	1158-1163	Local	
5-14	1164-1173	Authority	
5-15	1173-1174	,	
5-16	1175-1183	whatever	
5-17	1184-1186	be	
5-18	1187-1190	the	
5-19	1191-1200	situation	
5-20	1201-1203	of	
5-21	1204-1207	the	
5-22	1208-1216	business	
5-23	1217-1218	;	
5-24	1219-1222	and	
5-25	1223-1225	as	
5-26	1226-1233	regards	
5-27	1234-1243	slaughter	
5-28	1244-1250	houses	
5-29	1251-1254	and	
5-30	1255-1263	knackers	
5-31	1264-1265	'	
5-32	1267-1272	yards	
5-33	1272-1273	,	
5-34	1274-1275	a	
5-35	1276-1282	Hcense	
5-36	1283-1287	must	
5-37	1288-1290	be	
5-38	1291-1299	obtained	
5-39	1300-1304	from	
5-40	1305-1309	such	
5-41	1310-1319	Authority	
5-42	1320-1326	before	
5-43	1327-1331	they	
5-44	1332-1335	can	
5-45	1336-1338	be	
5-46	1339-1346	carried	
5-47	1347-1349	on	
5-48	1349-1350	,	
5-49	1351-1354	and	
5-50	1355-1359	this	
5-51	1360-1367	license	
5-52	1368-1370	is	
5-53	1371-1378	subject	
5-54	1379-1381	to	
5-55	1382-1388	annual	
5-56	1389-1396	renewal	
5-57	1396-1397	.	

#Text=The Local Government Board and the London County
#Text=Council have made by-laws for regulating these businesses,
#Text=and these must be enforced by the sanitary authority
#Text=in the Provinces, and the County Council within the
#Text=Metropolis.
6-1	1399-1402	The	
6-2	1403-1408	Local	
6-3	1409-1419	Government	
6-4	1420-1425	Board	
6-5	1426-1429	and	
6-6	1430-1433	the	
6-7	1434-1440	London	
6-8	1441-1447	County	
6-9	1448-1455	Council	
6-10	1456-1460	have	
6-11	1461-1465	made	
6-12	1466-1473	by-laws	
6-13	1474-1477	for	
6-14	1478-1488	regulating	
6-15	1489-1494	these	
6-16	1495-1505	businesses	
6-17	1505-1506	,	
6-18	1507-1510	and	
6-19	1511-1516	these	
6-20	1517-1521	must	
6-21	1522-1524	be	
6-22	1525-1533	enforced	
6-23	1534-1536	by	
6-24	1537-1540	the	
6-25	1541-1549	sanitary	
6-26	1550-1559	authority	
6-27	1560-1562	in	
6-28	1563-1566	the	
6-29	1567-1576	Provinces	
6-30	1576-1577	,	
6-31	1578-1581	and	
6-32	1582-1585	the	
6-33	1586-1592	County	
6-34	1593-1600	Council	
6-35	1601-1607	within	
6-36	1608-1611	the	
6-37	1612-1622	Metropolis	
6-38	1622-1623	.	

#Text=The Act provides that : —
#Text=
#Text=If any person —
#Text=
#Text=Establishes anew the following businesses, or any of them ; that is to
#Text=say, the business of blood boiler, bone boiler, manure manufacturer,
#Text=soap boiler, tallow melter, or knacker, or
#Text=
#Text=Establishes anew, without the sanction of the county council, the
#Text=following businesses or any of them ; that is to say, the business of
#Text=fellmonger, tripe boiler, slaughterer of cattle or horses, or any other
#Text=business which the county council may declare by order confirmed by the Local Government Board, and published in the London
#Text=Gazette to be an offensive business
7-1	1624-1627	The	
7-2	1628-1631	Act	
7-3	1632-1640	provides	
7-4	1641-1645	that	
7-5	1646-1647	:	
7-6	1648-1649	—	
7-7	1651-1653	If	
7-8	1654-1657	any	
7-9	1658-1664	person	
7-10	1665-1666	—	
7-11	1668-1679	Establishes	
7-12	1680-1684	anew	
7-13	1685-1688	the	
7-14	1689-1698	following	
7-15	1699-1709	businesses	
7-16	1709-1710	,	
7-17	1711-1713	or	
7-18	1714-1717	any	
7-19	1718-1720	of	
7-20	1721-1725	them	
7-21	1726-1727	;	
7-22	1728-1732	that	
7-23	1733-1735	is	
7-24	1736-1738	to	
7-25	1739-1742	say	
7-26	1742-1743	,	
7-27	1744-1747	the	
7-28	1748-1756	business	
7-29	1757-1759	of	
7-30	1760-1765	blood	
7-31	1766-1772	boiler	
7-32	1772-1773	,	
7-33	1774-1778	bone	
7-34	1779-1785	boiler	
7-35	1785-1786	,	
7-36	1787-1793	manure	
7-37	1794-1806	manufacturer	
7-38	1806-1807	,	
7-39	1808-1812	soap	
7-40	1813-1819	boiler	
7-41	1819-1820	,	
7-42	1821-1827	tallow	
7-43	1828-1834	melter	
7-44	1834-1835	,	
7-45	1836-1838	or	
7-46	1839-1846	knacker	
7-47	1846-1847	,	
7-48	1848-1850	or	
7-49	1852-1863	Establishes	
7-50	1864-1868	anew	
7-51	1868-1869	,	
7-52	1870-1877	without	
7-53	1878-1881	the	
7-54	1882-1890	sanction	
7-55	1891-1893	of	
7-56	1894-1897	the	
7-57	1898-1904	county	
7-58	1905-1912	council	
7-59	1912-1913	,	
7-60	1914-1917	the	
7-61	1918-1927	following	
7-62	1928-1938	businesses	
7-63	1939-1941	or	
7-64	1942-1945	any	
7-65	1946-1948	of	
7-66	1949-1953	them	
7-67	1954-1955	;	
7-68	1956-1960	that	
7-69	1961-1963	is	
7-70	1964-1966	to	
7-71	1967-1970	say	
7-72	1970-1971	,	
7-73	1972-1975	the	
7-74	1976-1984	business	
7-75	1985-1987	of	
7-76	1988-1998	fellmonger	
7-77	1998-1999	,	
7-78	2000-2005	tripe	
7-79	2006-2012	boiler	
7-80	2012-2013	,	
7-81	2014-2025	slaughterer	
7-82	2026-2028	of	
7-83	2029-2035	cattle	
7-84	2036-2038	or	
7-85	2039-2045	horses	
7-86	2045-2046	,	
7-87	2047-2049	or	
7-88	2050-2053	any	
7-89	2054-2059	other	
7-90	2060-2068	business	
7-91	2069-2074	which	
7-92	2075-2078	the	
7-93	2079-2085	county	
7-94	2086-2093	council	
7-95	2094-2097	may	
7-96	2098-2105	declare	
7-97	2106-2108	by	
7-98	2109-2114	order	
7-99	2115-2124	confirmed	
7-100	2125-2127	by	
7-101	2128-2131	the	
7-102	2132-2137	Local	
7-103	2138-2148	Government	
7-104	2149-2154	Board	
7-105	2154-2155	,	
7-106	2156-2159	and	
7-107	2160-2169	published	
7-108	2170-2172	in	
7-109	2173-2176	the	
7-110	2177-2183	London	
7-111	2184-2191	Gazette	
7-112	2192-2194	to	
7-113	2195-2197	be	
7-114	2198-2200	an	
7-115	2201-2210	offensive	
7-116	2211-2219	business	
