#FORMAT=WebAnno TSV 3.3
#T_SP=custom.Span|label
#T_RL=custom.Relation|label|BT_custom.Span


#Text=La sueur de l'aisselle doit son parfum sui generis aux valérates, et surtout aux caproates . alcalins (Gh.
1-1	0-2	La	_	_	_	
1-2	3-8	sueur	Smell\_Source[1]	_	_	
1-3	9-11	de	Smell\_Source[1]	_	_	
1-4	12-22	l'aisselle	Smell\_Source[1]	_	_	
1-5	23-27	doit	_	_	_	
1-6	28-31	son	Smell\_Source	Anaphoric	1-2[1_0]	
1-7	32-38	parfum	Smell\_Word	*|*|*|*|*	1-6|1-8[2_0]|2-11[4_0]|1-16[3_0]|1-11	
1-8	39-42	sui	Quality[2]	_	_	
1-9	43-50	generis	Quality[2]	_	_	
1-10	51-54	aux	_	_	_	
1-11	55-64	valérates	Smell\_Source	_	_	
1-12	64-65	,	_	_	_	
1-13	66-68	et	_	_	_	
1-14	69-76	surtout	_	_	_	
1-15	77-80	aux	_	_	_	
1-16	81-90	caproates	Smell\_Source[3]	_	_	
1-17	91-92	.	Smell\_Source[3]	_	_	
1-18	93-101	alcalins	Smell\_Source[3]	_	_	
1-19	102-103	(	_	_	_	
1-20	103-105	Gh	_	_	_	
1-21	105-106	.	_	_	_	

#Text=Robin, Humeurs, p. 625) et à certains acides libres, volatils et odorants : « Car, dit Robin, il n'y a pas d'odeur qui, dans l'économie, soit due absolument à un seul principe immédiat.
2-1	107-112	Robin	_	_	_	
2-2	112-113	,	_	_	_	
2-3	114-121	Humeurs	_	_	_	
2-4	121-122	,	_	_	_	
2-5	123-124	p	_	_	_	
2-6	124-125	.	_	_	_	
2-7	126-129	625	_	_	_	
2-8	129-130	)	_	_	_	
2-9	131-133	et	_	_	_	
2-10	134-135	à	_	_	_	
2-11	136-144	certains	Smell\_Source[4]	_	_	
2-12	145-151	acides	Smell\_Source[4]	_	_	
2-13	152-158	libres	Smell\_Source[4]	_	_	
2-14	158-159	,	_	_	_	
2-15	160-168	volatils	_	_	_	
2-16	169-171	et	_	_	_	
2-17	172-180	odorants	_	_	_	
2-18	181-182	:	_	_	_	
2-19	183-184	«	_	_	_	
2-20	185-188	Car	_	_	_	
2-21	188-189	,	_	_	_	
2-22	190-193	dit	_	_	_	
2-23	194-199	Robin	_	_	_	
2-24	199-200	,	_	_	_	
2-25	201-203	il	_	_	_	
2-26	204-207	n'y	_	_	_	
2-27	208-209	a	_	_	_	
2-28	210-213	pas	_	_	_	
2-29	214-221	d'odeur	_	_	_	
2-30	222-225	qui	_	_	_	
2-31	225-226	,	_	_	_	
2-32	227-231	dans	_	_	_	
2-33	232-242	l'économie	_	_	_	
2-34	242-243	,	_	_	_	
2-35	244-248	soit	_	_	_	
2-36	249-252	due	_	_	_	
2-37	253-263	absolument	_	_	_	
2-38	264-265	à	_	_	_	
2-39	266-268	un	_	_	_	
2-40	269-273	seul	_	_	_	
2-41	274-282	principe	_	_	_	
2-42	283-291	immédiat	_	_	_	
2-43	291-292	.	_	_	_	

#Text=Il y a toujours un mélange de ceux-ci ; et lorsqu'une odeur se rapproche de celle de quelque principe particulier (comme l'acide caproïque pour la sueur axillaire), elle n'est jamais franchement, tout à fait, celle du principe seul. »\r
#Text=\r
#Text=La sueur axillaire revêt aisément l'odeur du bouc chez les gens malpropres.
3-1	293-295	Il	_	_	_	
3-2	296-297	y	_	_	_	
3-3	298-299	a	_	_	_	
3-4	300-308	toujours	_	_	_	
3-5	309-311	un	_	_	_	
3-6	312-319	mélange	_	_	_	
3-7	320-322	de	_	_	_	
3-8	323-330	ceux-ci	_	_	_	
3-9	331-332	;	_	_	_	
3-10	333-335	et	_	_	_	
3-11	336-346	lorsqu'une	Circumstances[5]	_	_	
3-12	347-352	odeur	Circumstances[5]|Smell\_Word[6]	*	3-11[5_6]	
3-13	353-355	se	Circumstances[5]	_	_	
3-14	356-365	rapproche	Circumstances[5]	_	_	
3-15	366-368	de	Circumstances[5]	_	_	
3-16	369-374	celle	Circumstances[5]	_	_	
3-17	375-377	de	Circumstances[5]	_	_	
3-18	378-385	quelque	Circumstances[5]	_	_	
3-19	386-394	principe	Circumstances[5]	_	_	
3-20	395-406	particulier	Circumstances[5]	_	_	
3-21	407-408	(	_	_	_	
3-22	408-413	comme	_	_	_	
3-23	414-421	l'acide	_	_	_	
3-24	422-431	caproïque	_	_	_	
3-25	432-436	pour	_	_	_	
3-26	437-439	la	_	_	_	
3-27	440-445	sueur	_	_	_	
3-28	446-455	axillaire	_	_	_	
3-29	455-456	)	_	_	_	
3-30	456-457	,	_	_	_	
3-31	458-462	elle	_	_	_	
3-32	463-468	n'est	_	_	_	
3-33	469-475	jamais	_	_	_	
3-34	476-487	franchement	_	_	_	
3-35	487-488	,	_	_	_	
3-36	489-493	tout	_	_	_	
3-37	494-495	à	_	_	_	
3-38	496-500	fait	_	_	_	
3-39	500-501	,	_	_	_	
3-40	502-507	celle	_	_	_	
3-41	508-510	du	_	_	_	
3-42	511-519	principe	_	_	_	
3-43	520-524	seul	_	_	_	
3-44	524-525	.	_	_	_	
3-45	526-527	»	_	_	_	
3-46	531-533	La	_	_	_	
3-47	534-539	sueur	Smell\_Source[7]	_	_	
3-48	540-549	axillaire	Smell\_Source[7]	_	_	
3-49	550-555	revêt	_	_	_	
3-50	556-564	aisément	_	_	_	
3-51	565-572	l'odeur	Smell\_Word	*|*|*	3-47[7_0]|3-53|3-54[8_0]	
3-52	573-575	du	_	_	_	
3-53	576-580	bouc	Evoked\_Odorant	_	_	
3-54	581-585	chez	Circumstances[8]	_	_	
3-55	586-589	les	Circumstances[8]	_	_	
3-56	590-594	gens	Circumstances[8]	_	_	
3-57	595-605	malpropres	Circumstances[8]	_	_	
3-58	605-606	.	_	_	_	

#Text=Les anciens en faisaient le sujet de fréquentes épigrammes :\r
#Text=\r
#Text=«, Valle sub alarum trux habitare çaper. »\r
#Text=\r
#Text=Catulle
4-1	607-610	Les	_	_	_	
4-2	611-618	anciens	_	_	_	
4-3	619-621	en	_	_	_	
4-4	622-631	faisaient	_	_	_	
4-5	632-634	le	_	_	_	
4-6	635-640	sujet	_	_	_	
4-7	641-643	de	_	_	_	
4-8	644-654	fréquentes	_	_	_	
4-9	655-665	épigrammes	_	_	_	
4-10	666-667	:	_	_	_	
4-11	671-672	«	_	_	_	
4-12	672-673	,	_	_	_	
4-13	674-679	Valle	_	_	_	
4-14	680-683	sub	_	_	_	
4-15	684-690	alarum	_	_	_	
4-16	691-695	trux	_	_	_	
4-17	696-704	habitare	_	_	_	
4-18	705-710	çaper	_	_	_	
4-19	710-711	.	_	_	_	
4-20	712-713	»	_	_	_	
4-21	717-724	Catulle	_	_	_	

#Text=.
5-1	724-725	.	_	_	_	

#Text=«...
6-1	729-730	«	_	_	_	
6-2	730-731	.	_	_	_	
6-3	731-732	.	_	_	_	
6-4	732-733	.	_	_	_	

#Text=Loedùnt nares virque paterque gregis. »\r
#Text=\r
#Text=Ovide
7-1	734-741	Loedùnt	_	_	_	
7-2	742-747	nares	_	_	_	
7-3	748-754	virque	_	_	_	
7-4	755-763	paterque	_	_	_	
7-5	764-770	gregis	_	_	_	
7-6	770-771	.	_	_	_	
7-7	772-773	»	_	_	_	
7-8	777-782	Ovide	_	_	_	

#Text=.
8-1	782-783	.	_	_	_	

#Text=« La puanteur des aisselles vient, parce que le lieu est concave, non perspirable, qui faictque les sueurs ne s'exhalent et ne perspirent : et partant acquièrent pourriture, et mauvaise odeur de bouquin ou d'espaule de mouton. » (Amb: Paré. -7- Lib.
9-1	787-788	«	_	_	_	
9-2	789-791	La	_	_	_	
9-3	792-800	puanteur	Smell\_Word	*|*|*	9-5|9-23|9-35	
9-4	801-804	des	_	_	_	
9-5	805-814	aisselles	Smell\_Source	_	_	
9-6	815-820	vient	_	_	_	
9-7	820-821	,	_	_	_	
9-8	822-827	parce	_	_	_	
9-9	828-831	que	_	_	_	
9-10	832-834	le	_	_	_	
9-11	835-839	lieu	_	_	_	
9-12	840-843	est	_	_	_	
9-13	844-851	concave	_	_	_	
9-14	851-852	,	_	_	_	
9-15	853-856	non	_	_	_	
9-16	857-868	perspirable	_	_	_	
9-17	868-869	,	_	_	_	
9-18	870-873	qui	_	_	_	
9-19	874-882	faictque	_	_	_	
9-20	883-886	les	_	_	_	
9-21	887-893	sueurs	_	_	_	
9-22	894-896	ne	_	_	_	
9-23	897-907	s'exhalent	Smell\_Word	_	_	
9-24	908-910	et	_	_	_	
9-25	911-913	ne	_	_	_	
9-26	914-924	perspirent	_	_	_	
9-27	925-926	:	_	_	_	
9-28	927-929	et	_	_	_	
9-29	930-937	partant	_	_	_	
9-30	938-948	acquièrent	_	_	_	
9-31	949-959	pourriture	_	_	_	
9-32	959-960	,	_	_	_	
9-33	961-963	et	_	_	_	
9-34	964-972	mauvaise	Quality	_	_	
9-35	973-978	odeur	Smell\_Word	*|*|*	9-34|9-37|9-39[9_0]	
9-36	979-981	de	_	_	_	
9-37	982-989	bouquin	Evoked\_Odorant	_	_	
9-38	990-992	ou	_	_	_	
9-39	993-1002	d'espaule	Odour\_Carrier[9]	_	_	
9-40	1003-1005	de	Odour\_Carrier[9]	_	_	
9-41	1006-1012	mouton	Odour\_Carrier[9]	_	_	
9-42	1012-1013	.	_	_	_	
9-43	1014-1015	»	_	_	_	
9-44	1016-1017	(	_	_	_	
9-45	1017-1020	Amb	_	_	_	
9-46	1020-1021	:	_	_	_	
9-47	1022-1026	Paré	_	_	_	
9-48	1026-1027	.	_	_	_	
9-49	1028-1029	-	_	_	_	
9-50	1029-1030	7	_	_	_	
9-51	1030-1031	-	_	_	_	
9-52	1032-1035	Lib	_	_	_	
9-53	1035-1036	.	_	_	_	

#Text=XIX, ch. 39).
10-1	1037-1040	XIX	_	_	_	
10-2	1040-1041	,	_	_	_	
10-3	1042-1044	ch	_	_	_	
10-4	1044-1045	.	_	_	_	
10-5	1046-1048	39	_	_	_	
10-6	1048-1049	)	_	_	_	
10-7	1049-1050	.	_	_	_	

#Text=Explication très juste, croyons-nous.
11-1	1051-1062	Explication	_	_	_	
11-2	1063-1067	très	_	_	_	
11-3	1068-1073	juste	_	_	_	
11-4	1073-1074	,	_	_	_	
11-5	1075-1087	croyons-nous	_	_	_	
11-6	1087-1088	.	_	_	_	

#Text=L'hypérhidrose axillaire est fréquente.
12-1	1092-1106	L'hypérhidrose	_	_	_	
12-2	1107-1116	axillaire	_	_	_	
12-3	1117-1120	est	_	_	_	
12-4	1121-1130	fréquente	_	_	_	
12-5	1130-1131	.	_	_	_	

#Text=Elle se produit notamment lorsque le corps est à° nu (Aubert, de Lyon) et, chez la femme, aux époques menstruelles : alors, elle répand fréquemment une odeur aromatique acidulé ou chloroformée.
13-1	1132-1136	Elle	_	_	_	
13-2	1137-1139	se	_	_	_	
13-3	1140-1147	produit	_	_	_	
13-4	1148-1157	notamment	_	_	_	
13-5	1158-1165	lorsque	_	_	_	
13-6	1166-1168	le	_	_	_	
13-7	1169-1174	corps	_	_	_	
13-8	1175-1178	est	_	_	_	
13-9	1179-1180	à	_	_	_	
13-10	1180-1181	°	_	_	_	
13-11	1182-1184	nu	_	_	_	
13-12	1185-1186	(	_	_	_	
13-13	1186-1192	Aubert	_	_	_	
13-14	1192-1193	,	_	_	_	
13-15	1194-1196	de	_	_	_	
13-16	1197-1201	Lyon	_	_	_	
13-17	1201-1202	)	_	_	_	
13-18	1203-1205	et	_	_	_	
13-19	1205-1206	,	_	_	_	
13-20	1207-1211	chez	_	_	_	
13-21	1212-1214	la	_	_	_	
13-22	1215-1220	femme	Smell\_Source	*|Anaphoric	13-34|15-9	
13-23	1220-1221	,	_	_	_	
13-24	1222-1225	aux	Circumstances[10]	_	_	
13-25	1226-1233	époques	Circumstances[10]	_	_	
13-26	1234-1246	menstruelles	Circumstances[10]	_	_	
13-27	1247-1248	:	_	_	_	
13-28	1249-1254	alors	_	_	_	
13-29	1254-1255	,	_	_	_	
13-30	1256-1260	elle	_	_	_	
13-31	1261-1267	répand	_	_	_	
13-32	1268-1279	fréquemment	_	_	_	
13-33	1280-1283	une	_	_	_	
13-34	1284-1289	odeur	Smell\_Word	*|*|*|*	13-35|13-36|13-38|13-24[10_0]	
13-35	1290-1300	aromatique	Quality	_	_	
13-36	1301-1308	acidulé	Evoked\_Odorant	_	_	
13-37	1309-1311	ou	_	_	_	
13-38	1312-1324	chloroformée	Evoked\_Odorant	_	_	
13-39	1324-1325	.	_	_	_	

#Text=Pour ne rien omettre, mentionnons ici l'odeur du smegma préputial.
14-1	1329-1333	Pour	_	_	_	
14-2	1334-1336	ne	_	_	_	
14-3	1337-1341	rien	_	_	_	
14-4	1342-1349	omettre	_	_	_	
14-5	1349-1350	,	_	_	_	
14-6	1351-1362	mentionnons	_	_	_	
14-7	1363-1366	ici	_	_	_	
14-8	1367-1374	l'odeur	_	_	_	
14-9	1375-1377	du	_	_	_	
14-10	1378-1384	smegma	_	_	_	
14-11	1385-1394	préputial	_	_	_	
14-12	1394-1395	.	_	_	_	

#Text=Fade et aromatique à la fois,, elle rappelle l'odeur de marée, d'écrevisse cuite.
15-1	1396-1400	Fade	Quality	_	_	
15-2	1401-1403	et	_	_	_	
15-3	1404-1414	aromatique	Quality	_	_	
15-4	1415-1416	à	_	_	_	
15-5	1417-1419	la	_	_	_	
15-6	1420-1424	fois	_	_	_	
15-7	1424-1425	,	_	_	_	
15-8	1425-1426	,	_	_	_	
15-9	1427-1431	elle	Smell\_Source	_	_	
15-10	1432-1440	rappelle	_	_	_	
15-11	1441-1448	l'odeur	Smell\_Word	*|*|*|*	15-1|15-3|15-13|15-15[11_0]	
15-12	1449-1451	de	_	_	_	
15-13	1452-1457	marée	Evoked\_Odorant	_	_	
15-14	1457-1458	,	_	_	_	
15-15	1459-1470	d'écrevisse	Evoked\_Odorant[11]	_	_	
15-16	1471-1476	cuite	Evoked\_Odorant[11]	_	_	
15-17	1476-1477	.	_	_	_	

#Text=Lorsque le smegma est accumulé, il fermente; facilement, et produit une odeur aigre et fétide, due à l'acide butyrique et surtout à l'acroléine, d'après Barallier (article Crasse, du Dtat. de Jaccoud)
#Text=\r
#Text=Les sueurs localisées, très étudiées en ces dernières années, et dont les causes résident, presque toujours, dans les troubles nerveux tropliiques, sont ordinairement très odorantes.
16-1	1478-1485	Lorsque	Circumstances[12]	_	_	
16-2	1486-1488	le	Circumstances[12]	_	_	
16-3	1489-1495	smegma	Circumstances[12]|Smell\_Source[13]	_	_	
16-4	1496-1499	est	Circumstances[12]	_	_	
16-5	1500-1508	accumulé	Circumstances[12]	_	_	
16-6	1508-1509	,	_	_	_	
16-7	1510-1512	il	_	_	_	
16-8	1513-1521	fermente	_	_	_	
16-9	1521-1522	;	_	_	_	
16-10	1523-1533	facilement	_	_	_	
16-11	1533-1534	,	_	_	_	
16-12	1535-1537	et	_	_	_	
16-13	1538-1545	produit	_	_	_	
16-14	1546-1549	une	_	_	_	
16-15	1550-1555	odeur	Smell\_Word	*|*|*|*	16-16|16-18|16-3[13_0]|16-1[12_0]	
16-16	1556-1561	aigre	Quality	_	_	
16-17	1562-1564	et	_	_	_	
16-18	1565-1571	fétide	Quality	_	_	
16-19	1571-1572	,	_	_	_	
16-20	1573-1576	due	_	_	_	
16-21	1577-1578	à	_	_	_	
16-22	1579-1586	l'acide	_	_	_	
16-23	1587-1596	butyrique	_	_	_	
16-24	1597-1599	et	_	_	_	
16-25	1600-1607	surtout	_	_	_	
16-26	1608-1609	à	_	_	_	
16-27	1610-1621	l'acroléine	_	_	_	
16-28	1621-1622	,	_	_	_	
16-29	1623-1630	d'après	_	_	_	
16-30	1631-1640	Barallier	_	_	_	
16-31	1641-1642	(	_	_	_	
16-32	1642-1649	article	_	_	_	
16-33	1650-1656	Crasse	_	_	_	
16-34	1656-1657	,	_	_	_	
16-35	1658-1660	du	_	_	_	
16-36	1661-1665	Dtat	_	_	_	
16-37	1665-1666	.	_	_	_	
16-38	1667-1669	de	_	_	_	
16-39	1670-1677	Jaccoud	_	_	_	
16-40	1677-1678	)	_	_	_	
16-41	1681-1684	Les	_	_	_	
16-42	1685-1691	sueurs	Smell\_Source[14]	_	_	
16-43	1692-1702	localisées	Smell\_Source[14]	_	_	
16-44	1702-1703	,	_	_	_	
16-45	1704-1708	très	_	_	_	
16-46	1709-1717	étudiées	_	_	_	
16-47	1718-1720	en	_	_	_	
16-48	1721-1724	ces	_	_	_	
16-49	1725-1734	dernières	_	_	_	
16-50	1735-1741	années	_	_	_	
16-51	1741-1742	,	_	_	_	
16-52	1743-1745	et	_	_	_	
16-53	1746-1750	dont	_	_	_	
16-54	1751-1754	les	_	_	_	
16-55	1755-1761	causes	_	_	_	
16-56	1762-1770	résident	_	_	_	
16-57	1770-1771	,	_	_	_	
16-58	1772-1779	presque	_	_	_	
16-59	1780-1788	toujours	_	_	_	
16-60	1788-1789	,	_	_	_	
16-61	1790-1794	dans	_	_	_	
16-62	1795-1798	les	_	_	_	
16-63	1799-1807	troubles	_	_	_	
16-64	1808-1815	nerveux	_	_	_	
16-65	1816-1827	tropliiques	_	_	_	
16-66	1827-1828	,	_	_	_	
16-67	1829-1833	sont	_	_	_	
16-68	1834-1847	ordinairement	_	_	_	
16-69	1848-1852	très	_	_	_	
16-70	1853-1862	odorantes	Smell\_Word	*	16-42[14_0]	
16-71	1862-1863	.	_	_	_	

#Text=Cette odeur forte tient, croyons-nous, à la macération épidermique dans le liquide hyperhidrosique (la desquamation épithéliale étant, d'ailleurs, fréquente dans tous les états trophonévrotiques).
17-1	1864-1869	Cette	_	_	_	
17-2	1870-1875	odeur	Smell\_Word	*	17-3	
17-3	1876-1881	forte	Quality	_	_	
17-4	1882-1887	tient	_	_	_	
17-5	1887-1888	,	_	_	_	
17-6	1889-1901	croyons-nous	_	_	_	
17-7	1901-1902	,	_	_	_	
17-8	1903-1904	à	_	_	_	
17-9	1905-1907	la	_	_	_	
17-10	1908-1918	macération	_	_	_	
17-11	1919-1930	épidermique	_	_	_	
17-12	1931-1935	dans	_	_	_	
17-13	1936-1938	le	_	_	_	
17-14	1939-1946	liquide	_	_	_	
17-15	1947-1962	hyperhidrosique	_	_	_	
17-16	1963-1964	(	_	_	_	
17-17	1964-1966	la	_	_	_	
17-18	1967-1979	desquamation	_	_	_	
17-19	1980-1991	épithéliale	_	_	_	
17-20	1992-1997	étant	_	_	_	
17-21	1997-1998	,	_	_	_	
17-22	1999-2009	d'ailleurs	_	_	_	
17-23	2009-2010	,	_	_	_	
17-24	2011-2020	fréquente	_	_	_	
17-25	2021-2025	dans	_	_	_	
17-26	2026-2030	tous	_	_	_	
17-27	2031-2034	les	_	_	_	
17-28	2035-2040	états	_	_	_	
17-29	2041-2058	trophonévrotiques	_	_	_	
17-30	2058-2059	)	_	_	_	
17-31	2059-2060	.	_	_	_	

#Text=Weir-Mitchell observait, du reste, que dans les lésions des nerfs, le territoire cutané correspondant exhale une senteur comparable à celle de l'eau croupie : il s'agit plutôt dans ces faits (croyons-nous), d'une dystrophie épithéliale, que de réelles altérations dans la sécrétion de la sueur.
18-1	2061-2074	Weir-Mitchell	_	_	_	
18-2	2075-2084	observait	_	_	_	
18-3	2084-2085	,	_	_	_	
18-4	2086-2088	du	_	_	_	
18-5	2089-2094	reste	_	_	_	
18-6	2094-2095	,	_	_	_	
18-7	2096-2099	que	_	_	_	
18-8	2100-2104	dans	Circumstances[15]	_	_	
18-9	2105-2108	les	Circumstances[15]	_	_	
18-10	2109-2116	lésions	Circumstances[15]	_	_	
18-11	2117-2120	des	Circumstances[15]	_	_	
18-12	2121-2126	nerfs	Circumstances[15]	_	_	
18-13	2126-2127	,	_	_	_	
18-14	2128-2130	le	_	_	_	
18-15	2131-2141	territoire	Smell\_Source[16]	_	_	
18-16	2142-2148	cutané	Smell\_Source[16]	_	_	
18-17	2149-2162	correspondant	Smell\_Source[16]	_	_	
18-18	2163-2169	exhale	Smell\_Word	*|*	18-8[15_0]|18-15[16_0]	
18-19	2170-2173	une	_	_	_	
18-20	2174-2181	senteur	Smell\_Word	*|*	18-18|18-25[17_0]	
18-21	2182-2192	comparable	_	_	_	
18-22	2193-2194	à	_	_	_	
18-23	2195-2200	celle	_	_	_	
18-24	2201-2203	de	_	_	_	
18-25	2204-2209	l'eau	Evoked\_Odorant[17]	_	_	
18-26	2210-2217	croupie	Evoked\_Odorant[17]	_	_	
18-27	2218-2219	:	_	_	_	
18-28	2220-2222	il	_	_	_	
18-29	2223-2229	s'agit	_	_	_	
18-30	2230-2236	plutôt	_	_	_	
18-31	2237-2241	dans	_	_	_	
18-32	2242-2245	ces	_	_	_	
18-33	2246-2251	faits	_	_	_	
18-34	2252-2253	(	_	_	_	
18-35	2253-2265	croyons-nous	_	_	_	
18-36	2265-2266	)	_	_	_	
18-37	2266-2267	,	_	_	_	
18-38	2268-2273	d'une	_	_	_	
18-39	2274-2284	dystrophie	_	_	_	
18-40	2285-2296	épithéliale	_	_	_	
18-41	2296-2297	,	_	_	_	
18-42	2298-2301	que	_	_	_	
18-43	2302-2304	de	_	_	_	
18-44	2305-2312	réelles	_	_	_	
18-45	2313-2324	altérations	_	_	_	
18-46	2325-2329	dans	_	_	_	
18-47	2330-2332	la	_	_	_	
18-48	2333-2342	sécrétion	_	_	_	
18-49	2343-2345	de	_	_	_	
18-50	2346-2348	la	_	_	_	
18-51	2349-2354	sueur	_	_	_	
18-52	2354-2355	.	_	_	_	

#Text=Les ingesta, aliments et médicaments, éliminent volontiers par la peau leurs principes odorants> et viennent ainsi modifier l'odeur cutanée.
19-1	2359-2362	Les	Smell\_Source[18]	Anaphoric	19-13[0_18]	
19-2	2363-2370	ingesta	Smell\_Source[18]	_	_	
19-3	2370-2371	,	Smell\_Source[18]	_	_	
19-4	2372-2380	aliments	Smell\_Source[18]	_	_	
19-5	2381-2383	et	Smell\_Source[18]	_	_	
19-6	2384-2395	médicaments	Smell\_Source[18]	_	_	
19-7	2395-2396	,	_	_	_	
19-8	2397-2406	éliminent	_	_	_	
19-9	2407-2417	volontiers	_	_	_	
19-10	2418-2421	par	_	_	_	
19-11	2422-2424	la	_	_	_	
19-12	2425-2429	peau	_	_	_	
19-13	2430-2435	leurs	Smell\_Source	_	_	
19-14	2436-2445	principes	_	_	_	
19-15	2446-2454	odorants	Smell\_Word	*	19-13	
19-16	2454-2455	>	_	_	_	
19-17	2456-2458	et	_	_	_	
19-18	2459-2467	viennent	_	_	_	
19-19	2468-2473	ainsi	_	_	_	
19-20	2474-2482	modifier	_	_	_	
19-21	2483-2490	l'odeur	Smell\_Word	*	19-22	
19-22	2491-2498	cutanée	Smell\_Source	_	_	
19-23	2498-2499	.	_	_	_	

#Text=C'est ainsi que l'ail, l'alcool, le café, les truffes, la valériane (Barallier), le musc, la térébenthine, le goudron, le soufre et les sulfures alcalins, les gommes-résines fétides, les éthers, l'angéliquej l'acide benzoïque, l'iode et les iodures, le phosphore, etc... transmettent à la peau leur odeur propre, plus ou moins modifiée, selon l'activité fonctionnelle du tégument externe et les idiosyncrasies spéciales.
20-1	2500-2505	C'est	_	_	_	
20-2	2506-2511	ainsi	_	_	_	
20-3	2512-2515	que	_	_	_	
20-4	2516-2521	l'ail	Smell\_Source	Anaphoric	20-63	
20-5	2521-2522	,	_	_	_	
20-6	2523-2531	l'alcool	Smell\_Source	Anaphoric	20-63	
20-7	2531-2532	,	_	_	_	
20-8	2533-2535	le	_	_	_	
20-9	2536-2540	café	Smell\_Source	Anaphoric	20-63	
20-10	2540-2541	,	_	_	_	
20-11	2542-2545	les	_	_	_	
20-12	2546-2553	truffes	Smell\_Source	Anaphoric	20-63	
20-13	2553-2554	,	_	_	_	
20-14	2555-2557	la	_	_	_	
20-15	2558-2567	valériane	Smell\_Source	Anaphoric	20-63	
20-16	2568-2569	(	_	_	_	
20-17	2569-2578	Barallier	_	_	_	
20-18	2578-2579	)	_	_	_	
20-19	2579-2580	,	_	_	_	
20-20	2581-2583	le	_	_	_	
20-21	2584-2588	musc	Smell\_Source	Anaphoric	20-63	
20-22	2588-2589	,	_	_	_	
20-23	2590-2592	la	_	_	_	
20-24	2593-2605	térébenthine	Smell\_Source	Anaphoric	20-63	
20-25	2605-2606	,	_	_	_	
20-26	2607-2609	le	_	_	_	
20-27	2610-2617	goudron	Smell\_Source	Anaphoric	20-63	
20-28	2617-2618	,	_	_	_	
20-29	2619-2621	le	_	_	_	
20-30	2622-2628	soufre	Smell\_Source	Anaphoric	20-63	
20-31	2629-2631	et	_	_	_	
20-32	2632-2635	les	_	_	_	
20-33	2636-2644	sulfures	Smell\_Source[19]	Anaphoric	20-63[0_19]	
20-34	2645-2653	alcalins	Smell\_Source[19]	_	_	
20-35	2653-2654	,	_	_	_	
20-36	2655-2658	les	_	_	_	
20-37	2659-2673	gommes-résines	Smell\_Source[20]	Anaphoric	20-63[0_20]	
20-38	2674-2681	fétides	Smell\_Source[20]	_	_	
20-39	2681-2682	,	_	_	_	
20-40	2683-2686	les	_	_	_	
20-41	2687-2693	éthers	Smell\_Source	Anaphoric	20-63	
20-42	2693-2694	,	_	_	_	
20-43	2695-2707	l'angéliquej	Smell\_Source	Anaphoric	20-63	
20-44	2708-2715	l'acide	Smell\_Source[21]	Anaphoric	20-63[0_21]	
20-45	2716-2725	benzoïque	Smell\_Source[21]	_	_	
20-46	2725-2726	,	_	_	_	
20-47	2727-2733	l'iode	Smell\_Source[22]	Anaphoric	20-63[0_22]	
20-48	2734-2736	et	Smell\_Source[22]	_	_	
20-49	2737-2740	les	Smell\_Source[22]	_	_	
20-50	2741-2748	iodures	Smell\_Source[22]	_	_	
20-51	2748-2749	,	_	_	_	
20-52	2750-2752	le	_	_	_	
20-53	2753-2762	phosphore	Smell\_Source	Anaphoric	20-63	
20-54	2762-2763	,	_	_	_	
20-55	2764-2767	etc	_	_	_	
20-56	2767-2768	.	_	_	_	
20-57	2768-2769	.	_	_	_	
20-58	2769-2770	.	_	_	_	
20-59	2771-2783	transmettent	_	_	_	
20-60	2784-2785	à	_	_	_	
20-61	2786-2788	la	_	_	_	
20-62	2789-2793	peau	Smell\_Source	_	_	
20-63	2794-2798	leur	Smell\_Source	_	_	
20-64	2799-2804	odeur	Smell\_Word	*|*|*	20-62|20-63|20-70	
20-65	2805-2811	propre	_	_	_	
20-66	2811-2812	,	_	_	_	
20-67	2813-2817	plus	_	_	_	
20-68	2818-2820	ou	_	_	_	
20-69	2821-2826	moins	_	_	_	
20-70	2827-2835	modifiée	Quality	_	_	
20-71	2835-2836	,	_	_	_	
20-72	2837-2842	selon	_	_	_	
20-73	2843-2853	l'activité	_	_	_	
20-74	2854-2867	fonctionnelle	_	_	_	
20-75	2868-2870	du	_	_	_	
20-76	2871-2879	tégument	_	_	_	
20-77	2880-2887	externe	_	_	_	
20-78	2888-2890	et	_	_	_	
20-79	2891-2894	les	_	_	_	
20-80	2895-2909	idiosyncrasies	_	_	_	
20-81	2910-2919	spéciales	_	_	_	
20-82	2919-2920	.	_	_	_	

#Text=Lecopahu communique souvent à la peau sa senteur dénonciatrice.
21-1	2921-2929	Lecopahu	_	_	_	
21-2	2930-2940	communique	_	_	_	
21-3	2941-2948	souvent	_	_	_	
21-4	2949-2950	à	_	_	_	
21-5	2951-2953	la	_	_	_	
21-6	2954-2958	peau	Smell\_Source	_	_	
21-7	2959-2961	sa	_	_	_	
21-8	2962-2969	senteur	Smell\_Word	*	21-6	
21-9	2970-2983	dénonciatrice	_	_	_	
21-10	2983-2984	.	_	_	_	

#Text=Le sulfate de potasse, pris à l'intérieur, ■se réduit dans l'organisme, et donne à la sueur l'odeur hydrosulfurée.
22-1	2985-2987	Le	_	_	_	
22-2	2988-2995	sulfate	_	_	_	
22-3	2996-2998	de	_	_	_	
22-4	2999-3006	potasse	_	_	_	
22-5	3006-3007	,	_	_	_	
22-6	3008-3012	pris	_	_	_	
22-7	3013-3014	à	_	_	_	
22-8	3015-3026	l'intérieur	_	_	_	
22-9	3026-3027	,	_	_	_	
22-10	3028-3029	■	_	_	_	
22-11	3029-3031	se	_	_	_	
22-12	3032-3038	réduit	_	_	_	
22-13	3039-3043	dans	_	_	_	
22-14	3044-3055	l'organisme	_	_	_	
22-15	3055-3056	,	_	_	_	
22-16	3057-3059	et	_	_	_	
22-17	3060-3065	donne	_	_	_	
22-18	3066-3067	à	_	_	_	
22-19	3068-3070	la	_	_	_	
22-20	3071-3076	sueur	Smell\_Source	_	_	
22-21	3077-3084	l'odeur	Smell\_Word	*|*	22-22|22-20	
22-22	3085-3098	hydrosulfurée	Smell\_Source	_	_	
22-23	3098-3099	.	_	_	_	

#Text=Le phosphure de zinc donne des sueurs alliacées, etc.
23-1	3100-3102	Le	_	_	_	
23-2	3103-3112	phosphure	_	_	_	
23-3	3113-3115	de	_	_	_	
23-4	3116-3120	zinc	_	_	_	
23-5	3121-3126	donne	_	_	_	
23-6	3127-3130	des	_	_	_	
23-7	3131-3137	sueurs	_	_	_	
23-8	3138-3147	alliacées	_	_	_	
23-9	3147-3148	,	_	_	_	
23-10	3149-3152	etc	_	_	_	
23-11	3152-3153	.	_	_	_	
