#FORMAT=WebAnno TSV 3.3


#Text=Les senteurs plus simples et naturelles me semblent plus aggreables.
1-1	0-3	Les	
1-2	4-12	senteurs	
1-3	13-17	plus	
1-4	18-25	simples	
1-5	26-28	et	
1-6	29-39	naturelles	
1-7	40-42	me	
1-8	43-51	semblent	
1-9	52-56	plus	
1-10	57-67	aggreables	
1-11	67-68	.	

#Text=Et touche ce soing principalement les dames.
2-1	69-71	Et	
2-2	72-78	touche	
2-3	79-81	ce	
2-4	82-87	soing	
2-5	88-102	principalement	
2-6	103-106	les	
2-7	107-112	dames	
2-8	112-113	.	

#Text=En la plus espesse barbarie, les femmes Scythes, apres s'estre lavées, se saupoudrent et encroustent tout le corps et le visage de certaine drogue qui naist en leur terroir, odoriferante; et, pour approcher les hommes, ayans osté ce fard, elles s'en trouvent et polies et parfumées.
3-1	114-116	En	
3-2	117-119	la	
3-3	120-124	plus	
3-4	125-132	espesse	
3-5	133-141	barbarie	
3-6	141-142	,	
3-7	143-146	les	
3-8	147-153	femmes	
3-9	154-161	Scythes	
3-10	161-162	,	
3-11	163-168	apres	
3-12	169-176	s'estre	
3-13	177-183	lavées	
3-14	183-184	,	
3-15	185-187	se	
3-16	188-199	saupoudrent	
3-17	200-202	et	
3-18	203-214	encroustent	
3-19	215-219	tout	
3-20	220-222	le	
3-21	223-228	corps	
3-22	229-231	et	
3-23	232-234	le	
3-24	235-241	visage	
3-25	242-244	de	
3-26	245-253	certaine	
3-27	254-260	drogue	
3-28	261-264	qui	
3-29	265-270	naist	
3-30	271-273	en	
3-31	274-278	leur	
3-32	279-286	terroir	
3-33	286-287	,	
3-34	288-300	odoriferante	
3-35	300-301	;	
3-36	302-304	et	
3-37	304-305	,	
3-38	306-310	pour	
3-39	311-320	approcher	
3-40	321-324	les	
3-41	325-331	hommes	
3-42	331-332	,	
3-43	333-338	ayans	
3-44	339-343	osté	
3-45	344-346	ce	
3-46	347-351	fard	
3-47	351-352	,	
3-48	353-358	elles	
3-49	359-363	s'en	
3-50	364-372	trouvent	
3-51	373-375	et	
3-52	376-382	polies	
3-53	383-385	et	
3-54	386-395	parfumées	
3-55	395-396	.	

#Text=Quelque odeur que ce soit, c'est merveille combien elle s'attache à moy, et combien j'ay la peau propre à s'en abreuver.
4-1	398-405	Quelque	
4-2	406-411	odeur	
4-3	412-415	que	
4-4	416-418	ce	
4-5	419-423	soit	
4-6	423-424	,	
4-7	425-430	c'est	
4-8	431-440	merveille	
4-9	441-448	combien	
4-10	449-453	elle	
4-11	454-463	s'attache	
4-12	464-465	à	
4-13	466-469	moy	
4-14	469-470	,	
4-15	471-473	et	
4-16	474-481	combien	
4-17	482-486	j'ay	
4-18	487-489	la	
4-19	490-494	peau	
4-20	495-501	propre	
4-21	502-503	à	
4-22	504-508	s'en	
4-23	509-517	abreuver	
4-24	517-518	.	

#Text=Celuy qui se plaint de nature, dequoy elle a laissé l'homme sans instrument à porter les senteurs au nez, a tort, car elles se portent elles mesmes.
5-1	519-524	Celuy	
5-2	525-528	qui	
5-3	529-531	se	
5-4	532-538	plaint	
5-5	539-541	de	
5-6	542-548	nature	
5-7	548-549	,	
5-8	550-556	dequoy	
5-9	557-561	elle	
5-10	562-563	a	
5-11	564-570	laissé	
5-12	571-578	l'homme	
5-13	579-583	sans	
5-14	584-594	instrument	
5-15	595-596	à	
5-16	597-603	porter	
5-17	604-607	les	
5-18	608-616	senteurs	
5-19	617-619	au	
5-20	620-623	nez	
5-21	623-624	,	
5-22	625-626	a	
5-23	627-631	tort	
5-24	631-632	,	
5-25	633-636	car	
5-26	637-642	elles	
5-27	643-645	se	
5-28	646-653	portent	
5-29	654-659	elles	
5-30	660-666	mesmes	
5-31	666-667	.	

#Text=Mais à moy particulierement, les moustaches, que j'ay pleines, m'en servent.
6-1	668-672	Mais	
6-2	673-674	à	
6-3	675-678	moy	
6-4	679-695	particulierement	
6-5	695-696	,	
6-6	697-700	les	
6-7	701-711	moustaches	
6-8	711-712	,	
6-9	713-716	que	
6-10	717-721	j'ay	
6-11	722-729	pleines	
6-12	729-730	,	
6-13	731-735	m'en	
6-14	736-743	servent	
6-15	743-744	.	

#Text=Si j'en approche mes gans ou mon mouchoir, l'odeur y tiendra tout un jour.
7-1	745-747	Si	
7-2	748-752	j'en	
7-3	753-761	approche	
7-4	762-765	mes	
7-5	766-770	gans	
7-6	771-773	ou	
7-7	774-777	mon	
7-8	778-786	mouchoir	
7-9	786-787	,	
7-10	788-795	l'odeur	
7-11	796-797	y	
7-12	798-805	tiendra	
7-13	806-810	tout	
7-14	811-813	un	
7-15	814-818	jour	
7-16	818-819	.	

#Text=Elles accusent le lieu d'où je viens.
8-1	820-825	Elles	
8-2	826-834	accusent	
8-3	835-837	le	
8-4	838-842	lieu	
8-5	843-847	d'où	
8-6	848-850	je	
8-7	851-856	viens	
8-8	856-857	.	

#Text=Les estroits baisers de la jeunesse, savoureux, gloutons et gluants s'y colloyent autresfois, et s'y tenoient plusieurs heures apres.
9-1	858-861	Les	
9-2	862-870	estroits	
9-3	871-878	baisers	
9-4	879-881	de	
9-5	882-884	la	
9-6	885-893	jeunesse	
9-7	893-894	,	
9-8	895-904	savoureux	
9-9	904-905	,	
9-10	906-914	gloutons	
9-11	915-917	et	
9-12	918-925	gluants	
9-13	926-929	s'y	
9-14	930-939	colloyent	
9-15	940-950	autresfois	
9-16	950-951	,	
9-17	952-954	et	
9-18	955-958	s'y	
9-19	959-967	tenoient	
9-20	968-977	plusieurs	
9-21	978-984	heures	
9-22	985-990	apres	
9-23	990-991	.	
