#FORMAT=WebAnno TSV 3.3
#T_SP=custom.Span|label
#T_SP=webanno.custom.Emotions|Label
#T_RL=custom.Relation|label|BT_custom.Span


#Text=Les senteurs plus simples et naturelles me semblent plus aggreables.
1-1	0-3	Les	_	_	_	_	
1-2	4-12	senteurs	Smell\_Word	_	*|*|*	1-4|1-6|1-10	
1-3	13-17	plus	_	_	_	_	
1-4	18-25	simples	Quality	_	_	_	
1-5	26-28	et	_	_	_	_	
1-6	29-39	naturelles	Quality	_	_	_	
1-7	40-42	me	_	_	_	_	
1-8	43-51	semblent	_	_	_	_	
1-9	52-56	plus	_	_	_	_	
1-10	57-67	aggreables	Quality	_	_	_	
1-11	67-68	.	_	_	_	_	

#Text=Et touche ce soing principalement les dames.
2-1	69-71	Et	_	_	_	_	
2-2	72-78	touche	_	_	_	_	
2-3	79-81	ce	_	_	_	_	
2-4	82-87	soing	_	_	_	_	
2-5	88-102	principalement	_	_	_	_	
2-6	103-106	les	_	_	_	_	
2-7	107-112	dames	_	_	_	_	
2-8	112-113	.	_	_	_	_	

#Text=En la plus espesse barbarie, les femmes Scythes, apres s'estre lavées, se saupoudrent et encroustent tout le corps et le visage de certaine drogue qui naist en leur terroir, odoriferante; et, pour approcher les hommes, ayans osté ce fard, elles s'en trouvent et polies et parfumées.
3-1	114-116	En	_	_	_	_	
3-2	117-119	la	_	_	_	_	
3-3	120-124	plus	_	_	_	_	
3-4	125-132	espesse	_	_	_	_	
3-5	133-141	barbarie	_	_	_	_	
3-6	141-142	,	_	_	_	_	
3-7	143-146	les	Perceiver[1]	_	Anaphoric	3-48[0_1]	
3-8	147-153	femmes	Perceiver[1]	_	_	_	
3-9	154-161	Scythes	Perceiver[1]	_	_	_	
3-10	161-162	,	_	_	_	_	
3-11	163-168	apres	Time[2]	_	_	_	
3-12	169-176	s'estre	Time[2]	_	_	_	
3-13	177-183	lavées	Time[2]	_	_	_	
3-14	183-184	,	_	_	_	_	
3-15	185-187	se	_	_	_	_	
3-16	188-199	saupoudrent	_	_	_	_	
3-17	200-202	et	_	_	_	_	
3-18	203-214	encroustent	_	_	_	_	
3-19	215-219	tout	_	_	_	_	
3-20	220-222	le	_	_	_	_	
3-21	223-228	corps	Odour\_Carrier	_	_	_	
3-22	229-231	et	_	_	_	_	
3-23	232-234	le	_	_	_	_	
3-24	235-241	visage	Odour\_Carrier	_	_	_	
3-25	242-244	de	_	_	_	_	
3-26	245-253	certaine	Smell\_Source[3]	_	_	_	
3-27	254-260	drogue	Smell\_Source[3]	_	_	_	
3-28	261-264	qui	_	_	_	_	
3-29	265-270	naist	_	_	_	_	
3-30	271-273	en	_	_	_	_	
3-31	274-278	leur	_	_	_	_	
3-32	279-286	terroir	_	_	_	_	
3-33	286-287	,	_	_	_	_	
3-34	288-300	odoriferante	Smell\_Word[4]|Quality[5]	_	*|*|*|*	3-24[0_5]|3-21[0_4]|3-26[3_4]|3-11[2_5]	
3-35	300-301	;	_	_	_	_	
3-36	302-304	et	_	_	_	_	
3-37	304-305	,	_	_	_	_	
3-38	306-310	pour	_	_	_	_	
3-39	311-320	approcher	_	_	_	_	
3-40	321-324	les	_	_	_	_	
3-41	325-331	hommes	Perceiver	_	_	_	
3-42	331-332	,	_	_	_	_	
3-43	333-338	ayans	_	_	_	_	
3-44	339-343	osté	_	_	_	_	
3-45	344-346	ce	_	_	_	_	
3-46	347-351	fard	_	_	_	_	
3-47	351-352	,	_	_	_	_	
3-48	353-358	elles	Smell\_Source	_	_	_	
3-49	359-363	s'en	_	_	_	_	
3-50	364-372	trouvent	_	_	_	_	
3-51	373-375	et	_	_	_	_	
3-52	376-382	polies	_	_	_	_	
3-53	383-385	et	_	_	_	_	
3-54	386-395	parfumées	Smell\_Word	_	*|*	3-48|3-41	
3-55	395-396	.	_	_	_	_	

#Text=Quelque odeur que ce soit, c'est merveille combien elle s'attache à moy, et combien j'ay la peau propre à s'en abreuver.
4-1	398-405	Quelque	_	_	_	_	
4-2	406-411	odeur	Smell\_Word	_	*	4-13	
4-3	412-415	que	_	_	_	_	
4-4	416-418	ce	_	_	_	_	
4-5	419-423	soit	_	_	_	_	
4-6	423-424	,	_	_	_	_	
4-7	425-430	c'est	_	_	_	_	
4-8	431-440	merveille	_	Surprise	_	_	
4-9	441-448	combien	_	_	_	_	
4-10	449-453	elle	_	_	_	_	
4-11	454-463	s'attache	_	_	_	_	
4-12	464-465	à	_	_	_	_	
4-13	466-469	moy	Odour\_Carrier	_	_	_	
4-14	469-470	,	_	_	_	_	
4-15	471-473	et	_	_	_	_	
4-16	474-481	combien	_	_	_	_	
4-17	482-486	j'ay	_	_	_	_	
4-18	487-489	la	_	_	_	_	
4-19	490-494	peau	_	_	_	_	
4-20	495-501	propre	_	_	_	_	
4-21	502-503	à	_	_	_	_	
4-22	504-508	s'en	_	_	_	_	
4-23	509-517	abreuver	_	_	_	_	
4-24	517-518	.	_	_	_	_	

#Text=Celuy qui se plaint de nature, dequoy elle a laissé l'homme sans instrument à porter les senteurs au nez, a tort, car elles se portent elles mesmes.
5-1	519-524	Celuy	_	_	_	_	
5-2	525-528	qui	_	_	_	_	
5-3	529-531	se	_	_	_	_	
5-4	532-538	plaint	_	_	_	_	
5-5	539-541	de	_	_	_	_	
5-6	542-548	nature	_	_	_	_	
5-7	548-549	,	_	_	_	_	
5-8	550-556	dequoy	_	_	_	_	
5-9	557-561	elle	_	_	_	_	
5-10	562-563	a	_	_	_	_	
5-11	564-570	laissé	_	_	_	_	
5-12	571-578	l'homme	Perceiver	_	_	_	
5-13	579-583	sans	_	_	_	_	
5-14	584-594	instrument	_	_	_	_	
5-15	595-596	à	_	_	_	_	
5-16	597-603	porter	_	_	_	_	
5-17	604-607	les	_	_	_	_	
5-18	608-616	senteurs	Smell\_Word	_	*	5-12	
5-19	617-619	au	_	_	_	_	
5-20	620-623	nez	_	_	_	_	
5-21	623-624	,	_	_	_	_	
5-22	625-626	a	_	_	_	_	
5-23	627-631	tort	_	_	_	_	
5-24	631-632	,	_	_	_	_	
5-25	633-636	car	_	_	_	_	
5-26	637-642	elles	_	_	_	_	
5-27	643-645	se	_	_	_	_	
5-28	646-653	portent	_	_	_	_	
5-29	654-659	elles	_	_	_	_	
5-30	660-666	mesmes	_	_	_	_	
5-31	666-667	.	_	_	_	_	

#Text=Mais à moy particulierement, les moustaches, que j'ay pleines, m'en servent.
6-1	668-672	Mais	_	_	_	_	
6-2	673-674	à	_	_	_	_	
6-3	675-678	moy	_	_	_	_	
6-4	679-695	particulierement	_	_	_	_	
6-5	695-696	,	_	_	_	_	
6-6	697-700	les	_	_	_	_	
6-7	701-711	moustaches	_	_	_	_	
6-8	711-712	,	_	_	_	_	
6-9	713-716	que	_	_	_	_	
6-10	717-721	j'ay	_	_	_	_	
6-11	722-729	pleines	_	_	_	_	
6-12	729-730	,	_	_	_	_	
6-13	731-735	m'en	_	_	_	_	
6-14	736-743	servent	_	_	_	_	
6-15	743-744	.	_	_	_	_	

#Text=Si j'en approche mes gans ou mon mouchoir, l'odeur y tiendra tout un jour.
7-1	745-747	Si	_	_	_	_	
7-2	748-752	j'en	_	_	_	_	
7-3	753-761	approche	_	_	_	_	
7-4	762-765	mes	_	_	_	_	
7-5	766-770	gans	Odour\_Carrier	_	_	_	
7-6	771-773	ou	_	_	_	_	
7-7	774-777	mon	_	_	_	_	
7-8	778-786	mouchoir	Odour\_Carrier	_	_	_	
7-9	786-787	,	_	_	_	_	
7-10	788-795	l'odeur	Smell\_Word	_	*|*|*	7-13[6_0]|7-8|7-5	
7-11	796-797	y	_	_	_	_	
7-12	798-805	tiendra	_	_	_	_	
7-13	806-810	tout	Time[6]	_	_	_	
7-14	811-813	un	Time[6]	_	_	_	
7-15	814-818	jour	Time[6]	_	_	_	
7-16	818-819	.	_	_	_	_	

#Text=Elles accusent le lieu d'où je viens.
8-1	820-825	Elles	_	_	_	_	
8-2	826-834	accusent	_	_	_	_	
8-3	835-837	le	_	_	_	_	
8-4	838-842	lieu	_	_	_	_	
8-5	843-847	d'où	_	_	_	_	
8-6	848-850	je	_	_	_	_	
8-7	851-856	viens	_	_	_	_	
8-8	856-857	.	_	_	_	_	

#Text=Les estroits baisers de la jeunesse, savoureux, gloutons et gluants s'y colloyent autresfois, et s'y tenoient plusieurs heures apres.
9-1	858-861	Les	_	_	_	_	
9-2	862-870	estroits	_	_	_	_	
9-3	871-878	baisers	_	_	_	_	
9-4	879-881	de	_	_	_	_	
9-5	882-884	la	_	_	_	_	
9-6	885-893	jeunesse	_	_	_	_	
9-7	893-894	,	_	_	_	_	
9-8	895-904	savoureux	_	_	_	_	
9-9	904-905	,	_	_	_	_	
9-10	906-914	gloutons	_	_	_	_	
9-11	915-917	et	_	_	_	_	
9-12	918-925	gluants	_	_	_	_	
9-13	926-929	s'y	_	_	_	_	
9-14	930-939	colloyent	_	_	_	_	
9-15	940-950	autresfois	_	_	_	_	
9-16	950-951	,	_	_	_	_	
9-17	952-954	et	_	_	_	_	
9-18	955-958	s'y	_	_	_	_	
9-19	959-967	tenoient	_	_	_	_	
9-20	968-977	plusieurs	_	_	_	_	
9-21	978-984	heures	_	_	_	_	
9-22	985-990	apres	_	_	_	_	
9-23	990-991	.	_	_	_	_	
