#FORMAT=WebAnno TSV 3.3
#T_SP=custom.Span|label
#T_RL=custom.Relation|label|BT_custom.Span


#Text=La Laconie produit plusieurs espèces de vins.
1-1	0-2	La	_	_	_	
1-2	3-10	Laconie	Location	_	_	
1-3	11-18	produit	_	_	_	
1-4	19-28	plusieurs	_	_	_	
1-5	29-36	espèces	_	_	_	
1-6	37-39	de	_	_	_	
1-7	40-44	vins	Smell\_Source	_	_	
1-8	44-45	.	_	_	_	

#Text=Celui que l'on recueille sur les cinq collines, à sept stades de Sparte, exhale une odeur aussi douce que celle des fleurs.
2-1	46-51	Celui	_	_	_	
2-2	52-55	que	_	_	_	
2-3	56-60	l'on	_	_	_	
2-4	61-70	recueille	_	_	_	
2-5	71-74	sur	_	_	_	
2-6	75-78	les	Location[1]	_	_	
2-7	79-83	cinq	Location[1]	_	_	
2-8	84-92	collines	Location[1]	_	_	
2-9	92-93	,	Location[1]	_	_	
2-10	94-95	à	Location[1]	_	_	
2-11	96-100	sept	Location[1]	_	_	
2-12	101-107	stades	Location[1]	_	_	
2-13	108-110	de	Location[1]	_	_	
2-14	111-117	Sparte	Location[1]	_	_	
2-15	117-118	,	_	_	_	
2-16	119-125	exhale	_	_	_	
2-17	126-129	une	_	_	_	
2-18	130-135	odeur	Smell\_Word	*|*|*|*|*	1-7|2-6[1_0]|1-2|2-20|2-24	
2-19	136-141	aussi	_	_	_	
2-20	142-147	douce	Quality	_	_	
2-21	148-151	que	_	_	_	
2-22	152-157	celle	_	_	_	
2-23	158-161	des	_	_	_	
2-24	162-168	fleurs	Evoked\_Odorant	_	_	
2-25	168-169	.	_	_	_	

#Text=Celui qu'ils font cuire, doit bouillir jusqu'à ce que le feu en ait consumé la cinquième partie.
3-1	170-175	Celui	_	_	_	
3-2	176-182	qu'ils	_	_	_	
3-3	183-187	font	_	_	_	
3-4	188-193	cuire	_	_	_	
3-5	193-194	,	_	_	_	
3-6	195-199	doit	_	_	_	
3-7	200-208	bouillir	_	_	_	
3-8	209-216	jusqu'à	_	_	_	
3-9	217-219	ce	_	_	_	
3-10	220-223	que	_	_	_	
3-11	224-226	le	_	_	_	
3-12	227-230	feu	_	_	_	
3-13	231-233	en	_	_	_	
3-14	234-237	ait	_	_	_	
3-15	238-245	consumé	_	_	_	
3-16	246-248	la	_	_	_	
3-17	249-258	cinquième	_	_	_	
3-18	259-265	partie	_	_	_	
3-19	265-266	.	_	_	_	

#Text=Ils le conservent pendant quatre ans avant de le boire.
4-1	267-270	Ils	_	_	_	
4-2	271-273	le	_	_	_	
4-3	274-284	conservent	_	_	_	
4-4	285-292	pendant	_	_	_	
4-5	293-299	quatre	_	_	_	
4-6	300-303	ans	_	_	_	
4-7	304-309	avant	_	_	_	
4-8	310-312	de	_	_	_	
4-9	313-315	le	_	_	_	
4-10	316-321	boire	_	_	_	
4-11	321-322	.	_	_	_	

#Text=Dans leurs repas, la coupe ne passe pas de main en main, comme chez les autres peuples; mais chacun épuise la sienne, remplie aussitôt par l'esclave qui les sert à table.
5-1	323-327	Dans	_	_	_	
5-2	328-333	leurs	_	_	_	
5-3	334-339	repas	_	_	_	
5-4	339-340	,	_	_	_	
5-5	341-343	la	_	_	_	
5-6	344-349	coupe	_	_	_	
5-7	350-352	ne	_	_	_	
5-8	353-358	passe	_	_	_	
5-9	359-362	pas	_	_	_	
5-10	363-365	de	_	_	_	
5-11	366-370	main	_	_	_	
5-12	371-373	en	_	_	_	
5-13	374-378	main	_	_	_	
5-14	378-379	,	_	_	_	
5-15	380-385	comme	_	_	_	
5-16	386-390	chez	_	_	_	
5-17	391-394	les	_	_	_	
5-18	395-401	autres	_	_	_	
5-19	402-409	peuples	_	_	_	
5-20	409-410	;	_	_	_	
5-21	411-415	mais	_	_	_	
5-22	416-422	chacun	_	_	_	
5-23	423-429	épuise	_	_	_	
5-24	430-432	la	_	_	_	
5-25	433-439	sienne	_	_	_	
5-26	439-440	,	_	_	_	
5-27	441-448	remplie	_	_	_	
5-28	449-457	aussitôt	_	_	_	
5-29	458-461	par	_	_	_	
5-30	462-471	l'esclave	_	_	_	
5-31	472-475	qui	_	_	_	
5-32	476-479	les	_	_	_	
5-33	480-484	sert	_	_	_	
5-34	485-486	à	_	_	_	
5-35	487-492	table	_	_	_	
5-36	492-493	.	_	_	_	

#Text=Ils ont la permission de boire tant qu'ils en ont besoin; ils en usent avec plaisir, et n'en abusent jamais.
6-1	494-497	Ils	_	_	_	
6-2	498-501	ont	_	_	_	
6-3	502-504	la	_	_	_	
6-4	505-515	permission	_	_	_	
6-5	516-518	de	_	_	_	
6-6	519-524	boire	_	_	_	
6-7	525-529	tant	_	_	_	
6-8	530-536	qu'ils	_	_	_	
6-9	537-539	en	_	_	_	
6-10	540-543	ont	_	_	_	
6-11	544-550	besoin	_	_	_	
6-12	550-551	;	_	_	_	
6-13	552-555	ils	_	_	_	
6-14	556-558	en	_	_	_	
6-15	559-564	usent	_	_	_	
6-16	565-569	avec	_	_	_	
6-17	570-577	plaisir	_	_	_	
6-18	577-578	,	_	_	_	
6-19	579-581	et	_	_	_	
6-20	582-586	n'en	_	_	_	
6-21	587-594	abusent	_	_	_	
6-22	595-601	jamais	_	_	_	
6-23	601-602	.	_	_	_	

#Text=Le spectacle dégoûtant d'un esclave qu'on enivre, et qu'on jette quelquefois sous leurs yeux, lorsqu'ils sont encore enfants, leur inspire une profondeaversion pour l'ivresse; et leur âme est trop fière pour consentir jamais à se dégrader.
7-1	603-605	Le	_	_	_	
7-2	606-615	spectacle	_	_	_	
7-3	616-625	dégoûtant	_	_	_	
7-4	626-630	d'un	_	_	_	
7-5	631-638	esclave	_	_	_	
7-6	639-644	qu'on	_	_	_	
7-7	645-651	enivre	_	_	_	
7-8	651-652	,	_	_	_	
7-9	653-655	et	_	_	_	
7-10	656-661	qu'on	_	_	_	
7-11	662-667	jette	_	_	_	
7-12	668-679	quelquefois	_	_	_	
7-13	680-684	sous	_	_	_	
7-14	685-690	leurs	_	_	_	
7-15	691-695	yeux	_	_	_	
7-16	695-696	,	_	_	_	
7-17	697-707	lorsqu'ils	_	_	_	
7-18	708-712	sont	_	_	_	
7-19	713-719	encore	_	_	_	
7-20	720-727	enfants	_	_	_	
7-21	727-728	,	_	_	_	
7-22	729-733	leur	_	_	_	
7-23	734-741	inspire	_	_	_	
7-24	742-745	une	_	_	_	
7-25	746-762	profondeaversion	_	_	_	
7-26	763-767	pour	_	_	_	
7-27	768-777	l'ivresse	_	_	_	
7-28	777-778	;	_	_	_	
7-29	779-781	et	_	_	_	
7-30	782-786	leur	_	_	_	
7-31	787-790	âme	_	_	_	
7-32	791-794	est	_	_	_	
7-33	795-799	trop	_	_	_	
7-34	800-805	fière	_	_	_	
7-35	806-810	pour	_	_	_	
7-36	811-820	consentir	_	_	_	
7-37	821-827	jamais	_	_	_	
7-38	828-829	à	_	_	_	
7-39	830-832	se	_	_	_	
7-40	833-841	dégrader	_	_	_	
7-41	841-842	.	_	_	_	

#Text=Tel est l'esprit de la réponse d'un spartiate à quelqu'un qui lui demandait pourquoi il se modéroit dans l'usage du vin: " c'est, dit-il, pour n'avoir jamais besoin de la raison d'autrui. " outre cette boisson, ils appaisent souvent leur soif avec du petit-lait.
8-1	843-846	Tel	_	_	_	
8-2	847-850	est	_	_	_	
8-3	851-859	l'esprit	_	_	_	
8-4	860-862	de	_	_	_	
8-5	863-865	la	_	_	_	
8-6	866-873	réponse	_	_	_	
8-7	874-878	d'un	_	_	_	
8-8	879-888	spartiate	_	_	_	
8-9	889-890	à	_	_	_	
8-10	891-900	quelqu'un	_	_	_	
8-11	901-904	qui	_	_	_	
8-12	905-908	lui	_	_	_	
8-13	909-918	demandait	_	_	_	
8-14	919-927	pourquoi	_	_	_	
8-15	928-930	il	_	_	_	
8-16	931-933	se	_	_	_	
8-17	934-942	modéroit	_	_	_	
8-18	943-947	dans	_	_	_	
8-19	948-955	l'usage	_	_	_	
8-20	956-958	du	_	_	_	
8-21	959-962	vin	_	_	_	
8-22	962-963	:	_	_	_	
8-23	964-965	"	_	_	_	
8-24	966-971	c'est	_	_	_	
8-25	971-972	,	_	_	_	
8-26	973-979	dit-il	_	_	_	
8-27	979-980	,	_	_	_	
8-28	981-985	pour	_	_	_	
8-29	986-993	n'avoir	_	_	_	
8-30	994-1000	jamais	_	_	_	
8-31	1001-1007	besoin	_	_	_	
8-32	1008-1010	de	_	_	_	
8-33	1011-1013	la	_	_	_	
8-34	1014-1020	raison	_	_	_	
8-35	1021-1029	d'autrui	_	_	_	
8-36	1029-1030	.	_	_	_	
8-37	1031-1032	"	_	_	_	
8-38	1033-1038	outre	_	_	_	
8-39	1039-1044	cette	_	_	_	
8-40	1045-1052	boisson	_	_	_	
8-41	1052-1053	,	_	_	_	
8-42	1054-1057	ils	_	_	_	
8-43	1058-1067	appaisent	_	_	_	
8-44	1068-1075	souvent	_	_	_	
8-45	1076-1080	leur	_	_	_	
8-46	1081-1085	soif	_	_	_	
8-47	1086-1090	avec	_	_	_	
8-48	1091-1093	du	_	_	_	
8-49	1094-1104	petit-lait	_	_	_	
8-50	1104-1105	.	_	_	_	
