#FORMAT=WebAnno TSV 3.3
#T_SP=custom.Span|label
#T_SP=webanno.custom.Emotions|Label
#T_RL=custom.Relation|label|BT_custom.Span


#Text=Des odeurs et de leur influence sur l'économie animale.
1-1	0-3	Des	_	_	_	_	
1-2	4-10	odeurs	Smell\_Word	_	_	_	
1-3	11-13	et	_	_	_	_	
1-4	14-16	de	_	_	_	_	
1-5	17-21	leur	_	_	_	_	
1-6	22-31	influence	_	_	_	_	
1-7	32-35	sur	_	_	_	_	
1-8	36-46	l'économie	_	_	_	_	
1-9	47-54	animale	_	_	_	_	
1-10	54-55	.	_	_	_	_	

#Text=Tous les corps de la nature combinés avec le calorique sont susceptibles de passer à l'état de gaz , et d'acquérir par là la condition nécessaire pour faire impression sur l'odorat.
2-1	57-61	Tous	Smell\_Source[1]	_	_	_	
2-2	62-65	les	Smell\_Source[1]	_	_	_	
2-3	66-71	corps	Smell\_Source[1]	_	_	_	
2-4	72-74	de	Smell\_Source[1]	_	_	_	
2-5	75-77	la	Smell\_Source[1]	_	_	_	
2-6	78-84	nature	Smell\_Source[1]	_	_	_	
2-7	85-93	combinés	Circumstances[2]	_	_	_	
2-8	94-98	avec	Circumstances[2]	_	_	_	
2-9	99-101	le	Circumstances[2]	_	_	_	
2-10	102-111	calorique	Circumstances[2]	_	_	_	
2-11	112-116	sont	_	_	_	_	
2-12	117-129	susceptibles	_	_	_	_	
2-13	130-132	de	_	_	_	_	
2-14	133-139	passer	_	_	_	_	
2-15	140-141	à	_	_	_	_	
2-16	142-148	l'état	_	_	_	_	
2-17	149-151	de	_	_	_	_	
2-18	152-155	gaz	_	_	_	_	
2-19	156-157	,	_	_	_	_	
2-20	158-160	et	_	_	_	_	
2-21	161-171	d'acquérir	_	_	_	_	
2-22	172-175	par	_	_	_	_	
2-23	176-178	là	_	_	_	_	
2-24	179-181	la	_	_	_	_	
2-25	182-191	condition	_	_	_	_	
2-26	192-202	nécessaire	_	_	_	_	
2-27	203-207	pour	_	_	_	_	
2-28	208-213	faire	_	_	_	_	
2-29	214-224	impression	_	_	_	_	
2-30	225-228	sur	_	_	_	_	
2-31	229-237	l'odorat	Smell\_Word	_	*|*	2-1[1_0]|2-7[2_0]	
2-32	237-238	.	_	_	_	_	

#Text=Il n’est question en effet pour développer le principe odorant des animaux , des végétaux , des métaux môme les plus durs, ( Boyle cité par Haller ) que de combiner avec eux une grande quantité de calorique , ou de dégager celui qu'ils contiennent déjà par un frottement rude et souvent répété.
3-1	239-241	Il	_	_	_	_	
3-2	242-243	n	_	_	_	_	
3-3	243-244	’	_	_	_	_	
3-4	244-247	est	_	_	_	_	
3-5	248-256	question	_	_	_	_	
3-6	257-259	en	_	_	_	_	
3-7	260-265	effet	_	_	_	_	
3-8	266-270	pour	_	_	_	_	
3-9	271-281	développer	_	_	_	_	
3-10	282-284	le	_	_	_	_	
3-11	285-293	principe	_	_	_	_	
3-12	294-301	odorant	Smell\_Word	_	*|*|*	3-14|3-20|3-17	
3-13	302-305	des	_	_	_	_	
3-14	306-313	animaux	Smell\_Source	_	_	_	
3-15	314-315	,	_	_	_	_	
3-16	316-319	des	_	_	_	_	
3-17	320-328	végétaux	Smell\_Source	_	_	_	
3-18	329-330	,	_	_	_	_	
3-19	331-334	des	_	_	_	_	
3-20	335-341	métaux	Smell\_Source	_	_	_	
3-21	342-346	môme	_	_	_	_	
3-22	347-350	les	_	_	_	_	
3-23	351-355	plus	_	_	_	_	
3-24	356-360	durs	_	_	_	_	
3-25	360-361	,	_	_	_	_	
3-26	362-363	(	_	_	_	_	
3-27	364-369	Boyle	_	_	_	_	
3-28	370-374	cité	_	_	_	_	
3-29	375-378	par	_	_	_	_	
3-30	379-385	Haller	_	_	_	_	
3-31	386-387	)	_	_	_	_	
3-32	388-391	que	_	_	_	_	
3-33	392-394	de	_	_	_	_	
3-34	395-403	combiner	_	_	_	_	
3-35	404-408	avec	_	_	_	_	
3-36	409-412	eux	_	_	_	_	
3-37	413-416	une	_	_	_	_	
3-38	417-423	grande	_	_	_	_	
3-39	424-432	quantité	_	_	_	_	
3-40	433-435	de	_	_	_	_	
3-41	436-445	calorique	_	_	_	_	
3-42	446-447	,	_	_	_	_	
3-43	448-450	ou	_	_	_	_	
3-44	451-453	de	_	_	_	_	
3-45	454-461	dégager	_	_	_	_	
3-46	462-467	celui	_	_	_	_	
3-47	468-474	qu'ils	_	_	_	_	
3-48	475-486	contiennent	_	_	_	_	
3-49	487-491	déjà	_	_	_	_	
3-50	492-495	par	_	_	_	_	
3-51	496-498	un	_	_	_	_	
3-52	499-509	frottement	_	_	_	_	
3-53	510-514	rude	_	_	_	_	
3-54	515-517	et	_	_	_	_	
3-55	518-525	souvent	_	_	_	_	
3-56	526-532	répété	_	_	_	_	
3-57	532-533	.	_	_	_	_	

#Text=Plerique odores optime flagrant discerpti aut contusi (i).
4-1	534-542	Plerique	_	_	_	_	
4-2	543-549	odores	_	_	_	_	
4-3	550-556	optime	_	_	_	_	
4-4	557-565	flagrant	_	_	_	_	
4-5	566-575	discerpti	_	_	_	_	
4-6	576-579	aut	_	_	_	_	
4-7	580-587	contusi	_	_	_	_	
4-8	588-589	(	_	_	_	_	
4-9	589-590	i	_	_	_	_	
4-10	590-591	)	_	_	_	_	
4-11	591-592	.	_	_	_	_	

#Text=L'air n'est pas moins que le calorique partie essentielle des odeurs , puisqu'il en est le véhicule!
5-1	594-599	L'air	Odour\_Carrier	_	_	_	
5-2	600-605	n'est	_	_	_	_	
5-3	606-609	pas	_	_	_	_	
5-4	610-615	moins	_	_	_	_	
5-5	616-619	que	_	_	_	_	
5-6	620-622	le	_	_	_	_	
5-7	623-632	calorique	_	_	_	_	
5-8	633-639	partie	_	_	_	_	
5-9	640-651	essentielle	_	_	_	_	
5-10	652-655	des	_	_	_	_	
5-11	656-662	odeurs	Smell\_Word	_	*	5-1	
5-12	663-664	,	_	_	_	_	
5-13	665-674	puisqu'il	_	_	_	_	
5-14	675-677	en	_	_	_	_	
5-15	678-681	est	_	_	_	_	
5-16	682-684	le	_	_	_	_	
5-17	685-693	véhicule	_	_	_	_	
5-18	693-694	!	_	_	_	_	

#Text=; aussi Bacon appelle-t-il les odeurs des infusions dans l’air.
6-1	694-695	;	_	_	_	_	
6-2	696-701	aussi	_	_	_	_	
6-3	702-707	Bacon	Perceiver	_	_	_	
6-4	708-720	appelle-t-il	_	_	_	_	
6-5	721-724	les	_	_	_	_	
6-6	725-731	odeurs	Smell\_Word	_	*|*	6-12|6-3	
6-7	732-735	des	_	_	_	_	
6-8	736-745	infusions	_	_	_	_	
6-9	746-750	dans	_	_	_	_	
6-10	751-752	l	_	_	_	_	
6-11	752-753	’	_	_	_	_	
6-12	753-756	air	Odour\_Carrier	_	_	_	
6-13	756-757	.	_	_	_	_	

#Text=Infusiones in aërem ( sic odores vocare llceat ).
7-1	758-768	Infusiones	_	_	_	_	
7-2	769-771	in	_	_	_	_	
7-3	772-777	aërem	_	_	_	_	
7-4	778-779	(	_	_	_	_	
7-5	780-783	sic	_	_	_	_	
7-6	784-790	odores	_	_	_	_	
7-7	791-797	vocare	_	_	_	_	
7-8	798-804	llceat	_	_	_	_	
7-9	805-806	)	_	_	_	_	
7-10	806-807	.	_	_	_	_	

#Text=L’on s’est assuré qu’un grain d’ambre ou de musc enfermé sous la cloche d’une machine pneumatique n'exhale presque plus aucune odeur, lorsqu'on en a pompé l’air qui y étoit contenu.
8-1	808-809	L	_	_	_	_	
8-2	809-810	’	_	_	_	_	
8-3	810-812	on	_	_	_	_	
8-4	813-814	s	_	_	_	_	
8-5	814-815	’	_	_	_	_	
8-6	815-818	est	_	_	_	_	
8-7	819-825	assuré	_	_	_	_	
8-8	826-828	qu	_	_	_	_	
8-9	828-829	’	_	_	_	_	
8-10	829-831	un	_	_	_	_	
8-11	832-837	grain	_	_	_	_	
8-12	838-839	d	_	_	_	_	
8-13	839-840	’	_	_	_	_	
8-14	840-845	ambre	Smell\_Source	_	_	_	
8-15	846-848	ou	_	_	_	_	
8-16	849-851	de	_	_	_	_	
8-17	852-856	musc	Smell\_Source	_	_	_	
8-18	857-864	enfermé	Circumstances[3]	_	_	_	
8-19	865-869	sous	Circumstances[3]	_	_	_	
8-20	870-872	la	Circumstances[3]	_	_	_	
8-21	873-879	cloche	Circumstances[3]	_	_	_	
8-22	880-881	d	Circumstances[3]	_	_	_	
8-23	881-882	’	Circumstances[3]	_	_	_	
8-24	882-885	une	Circumstances[3]	_	_	_	
8-25	886-893	machine	Circumstances[3]	_	_	_	
8-26	894-905	pneumatique	Circumstances[3]	_	_	_	
8-27	906-914	n'exhale	_	_	_	_	
8-28	915-922	presque	_	_	_	_	
8-29	923-927	plus	_	_	_	_	
8-30	928-934	aucune	Quality	_	_	_	
8-31	935-940	odeur	Smell\_Word	_	*|*|*|*	8-17|8-14|8-30|8-18[3_0]	
8-32	940-941	,	_	_	_	_	
8-33	942-951	lorsqu'on	_	_	_	_	
8-34	952-954	en	_	_	_	_	
8-35	955-956	a	_	_	_	_	
8-36	957-962	pompé	_	_	_	_	
8-37	963-964	l	_	_	_	_	
8-38	964-965	’	_	_	_	_	
8-39	965-968	air	_	_	_	_	
8-40	969-972	qui	_	_	_	_	
8-41	973-974	y	_	_	_	_	
8-42	975-980	étoit	_	_	_	_	
8-43	981-988	contenu	_	_	_	_	
8-44	988-989	.	_	_	_	_	

#Text=Le contact de la lumière favorise le dégagement des particules odorantes ; on connoit son influence sur la végétation depuis les belles expériences des deux illustres physiciens, Priestley et Ingen-housz.
9-1	990-992	Le	_	_	_	_	
9-2	993-1000	contact	_	_	_	_	
9-3	1001-1003	de	_	_	_	_	
9-4	1004-1006	la	_	_	_	_	
9-5	1007-1014	lumière	_	_	_	_	
9-6	1015-1023	favorise	_	_	_	_	
9-7	1024-1026	le	_	_	_	_	
9-8	1027-1037	dégagement	_	_	_	_	
9-9	1038-1041	des	_	_	_	_	
9-10	1042-1052	particules	_	_	_	_	
9-11	1053-1062	odorantes	Smell\_Word	_	_	_	
9-12	1063-1064	;	_	_	_	_	
9-13	1065-1067	on	_	_	_	_	
9-14	1068-1075	connoit	_	_	_	_	
9-15	1076-1079	son	_	_	_	_	
9-16	1080-1089	influence	_	_	_	_	
9-17	1090-1093	sur	_	_	_	_	
9-18	1094-1096	la	_	_	_	_	
9-19	1097-1107	végétation	_	_	_	_	
9-20	1108-1114	depuis	_	_	_	_	
9-21	1115-1118	les	_	_	_	_	
9-22	1119-1125	belles	_	_	_	_	
9-23	1126-1137	expériences	_	_	_	_	
9-24	1138-1141	des	_	_	_	_	
9-25	1142-1146	deux	_	_	_	_	
9-26	1147-1156	illustres	_	_	_	_	
9-27	1157-1167	physiciens	_	_	_	_	
9-28	1167-1168	,	_	_	_	_	
9-29	1169-1178	Priestley	_	_	_	_	
9-30	1179-1181	et	_	_	_	_	
9-31	1182-1193	Ingen-housz	_	_	_	_	
9-32	1193-1194	.	_	_	_	_	

#Text=La matière des odeurs est d’une ténuité très-considérable , moindre cependant que celle de la lumière et des sons qui se propagent à travers le verre.
10-1	1195-1197	La	_	_	_	_	
10-2	1198-1205	matière	_	_	_	_	
10-3	1206-1209	des	_	_	_	_	
10-4	1210-1216	odeurs	Smell\_Word	_	_	_	
10-5	1217-1220	est	_	_	_	_	
10-6	1221-1222	d	_	_	_	_	
10-7	1222-1223	’	_	_	_	_	
10-8	1223-1226	une	_	_	_	_	
10-9	1227-1234	ténuité	_	_	_	_	
10-10	1235-1252	très-considérable	_	_	_	_	
10-11	1253-1254	,	_	_	_	_	
10-12	1255-1262	moindre	_	_	_	_	
10-13	1263-1272	cependant	_	_	_	_	
10-14	1273-1276	que	_	_	_	_	
10-15	1277-1282	celle	_	_	_	_	
10-16	1283-1285	de	_	_	_	_	
10-17	1286-1288	la	_	_	_	_	
10-18	1289-1296	lumière	_	_	_	_	
10-19	1297-1299	et	_	_	_	_	
10-20	1300-1303	des	_	_	_	_	
10-21	1304-1308	sons	_	_	_	_	
10-22	1309-1312	qui	_	_	_	_	
10-23	1313-1315	se	_	_	_	_	
10-24	1316-1325	propagent	_	_	_	_	
10-25	1326-1327	à	_	_	_	_	
10-26	1328-1335	travers	_	_	_	_	
10-27	1336-1338	le	_	_	_	_	
10-28	1339-1344	verre	_	_	_	_	
10-29	1344-1345	.	_	_	_	_	

#Text=Un grain de musc placé dans un appartement n’a cessé de répandre dans l'air des émanations odorantes pendant 20 ans , sans avoir sensiblement perdu de son poids.
11-1	1346-1348	Un	Smell\_Source[4]	_	_	_	
11-2	1349-1354	grain	Smell\_Source[4]	_	_	_	
11-3	1355-1357	de	Smell\_Source[4]	_	_	_	
11-4	1358-1362	musc	Smell\_Source[4]	_	_	_	
11-5	1363-1368	placé	_	_	_	_	
11-6	1369-1373	dans	_	_	_	_	
11-7	1374-1376	un	_	_	_	_	
11-8	1377-1388	appartement	Location	_	_	_	
11-9	1389-1390	n	_	_	_	_	
11-10	1390-1391	’	_	_	_	_	
11-11	1391-1392	a	_	_	_	_	
11-12	1393-1398	cessé	_	_	_	_	
11-13	1399-1401	de	_	_	_	_	
11-14	1402-1410	répandre	_	_	_	_	
11-15	1411-1415	dans	_	_	_	_	
11-16	1416-1421	l'air	Odour\_Carrier	_	_	_	
11-17	1422-1425	des	_	_	_	_	
11-18	1426-1436	émanations	Smell\_Word	_	*|*|*|*|*	11-19|11-16|11-8|11-20[5_0]|11-1[4_0]	
11-19	1437-1446	odorantes	Quality	_	_	_	
11-20	1447-1454	pendant	Time[5]	_	_	_	
11-21	1455-1457	20	Time[5]	_	_	_	
11-22	1458-1461	ans	Time[5]	_	_	_	
11-23	1462-1463	,	_	_	_	_	
11-24	1464-1468	sans	_	_	_	_	
11-25	1469-1474	avoir	_	_	_	_	
11-26	1475-1487	sensiblement	_	_	_	_	
11-27	1488-1493	perdu	_	_	_	_	
11-28	1494-1496	de	_	_	_	_	
11-29	1497-1500	son	_	_	_	_	
11-30	1501-1506	poids	_	_	_	_	
11-31	1506-1507	.	_	_	_	_	

#Text=On raconte que dans l'Arabie, dans l’isle de Sumatra , de Ceylan , etc. , on sent à plusieurs mille de distance l’odeur aromatique qu’exhalent les plantes qui crois sent dans ces pays (1).
12-1	1508-1510	On	_	_	_	_	
12-2	1511-1518	raconte	_	_	_	_	
12-3	1519-1522	que	_	_	_	_	
12-4	1523-1527	dans	_	_	_	_	
12-5	1528-1536	l'Arabie	Location	_	_	_	
12-6	1536-1537	,	_	_	_	_	
12-7	1538-1542	dans	_	_	_	_	
12-8	1543-1544	l	_	_	_	_	
12-9	1544-1545	’	_	_	_	_	
12-10	1545-1549	isle	Location[6]	_	_	_	
12-11	1550-1552	de	Location[6]	_	_	_	
12-12	1553-1560	Sumatra	Location[6]	_	_	_	
12-13	1561-1562	,	_	_	_	_	
12-14	1563-1565	de	_	_	_	_	
12-15	1566-1572	Ceylan	Location	_	_	_	
12-16	1573-1574	,	_	_	_	_	
12-17	1575-1578	etc	_	_	_	_	
12-18	1578-1579	.	_	_	_	_	
12-19	1580-1581	,	_	_	_	_	
12-20	1582-1584	on	_	_	_	_	
12-21	1585-1589	sent	_	_	_	_	
12-22	1590-1591	à	_	_	_	_	
12-23	1592-1601	plusieurs	_	_	_	_	
12-24	1602-1607	mille	_	_	_	_	
12-25	1608-1610	de	_	_	_	_	
12-26	1611-1619	distance	_	_	_	_	
12-27	1620-1621	l	_	_	_	_	
12-28	1621-1622	’	_	_	_	_	
12-29	1622-1627	odeur	Smell\_Word	_	*|*|*|*|*|*	12-15|12-10[6_0]|12-5|12-33|12-35|12-30	
12-30	1628-1638	aromatique	Quality	_	_	_	
12-31	1639-1641	qu	_	_	_	_	
12-32	1641-1642	’	_	_	_	_	
12-33	1642-1650	exhalent	Smell\_Word	_	_	_	
12-34	1651-1654	les	_	_	_	_	
12-35	1655-1662	plantes	Smell\_Source	_	_	_	
12-36	1663-1666	qui	_	_	_	_	
12-37	1667-1672	crois	_	_	_	_	
12-38	1673-1677	sent	_	_	_	_	
12-39	1678-1682	dans	_	_	_	_	
12-40	1683-1686	ces	_	_	_	_	
12-41	1687-1691	pays	_	_	_	_	
12-42	1692-1693	(	_	_	_	_	
12-43	1693-1694	1	_	_	_	_	
12-44	1694-1695	)	_	_	_	_	
12-45	1695-1696	.	_	_	_	_	

#Text=La dissolution et le mélange de deux corps peuvent rendre leurs odeurs plus intenses et en développer même qui n’existoient pas avant leur combinaison.
13-1	1697-1699	La	_	_	_	_	
13-2	1700-1711	dissolution	_	_	_	_	
13-3	1712-1714	et	_	_	_	_	
13-4	1715-1717	le	_	_	_	_	
13-5	1718-1725	mélange	_	_	_	_	
13-6	1726-1728	de	_	_	_	_	
13-7	1729-1733	deux	_	_	_	_	
13-8	1734-1739	corps	Smell\_Source	_	_	_	
13-9	1740-1747	peuvent	_	_	_	_	
13-10	1748-1754	rendre	_	_	_	_	
13-11	1755-1760	leurs	_	_	_	_	
13-12	1761-1767	odeurs	Smell\_Word	_	*|*	13-8|13-13[7_0]	
13-13	1768-1772	plus	Quality[7]	_	_	_	
13-14	1773-1781	intenses	Quality[7]	_	_	_	
13-15	1782-1784	et	_	_	_	_	
13-16	1785-1787	en	_	_	_	_	
13-17	1788-1798	développer	_	_	_	_	
13-18	1799-1803	même	_	_	_	_	
13-19	1804-1807	qui	_	_	_	_	
13-20	1808-1809	n	_	_	_	_	
13-21	1809-1810	’	_	_	_	_	
13-22	1810-1820	existoient	_	_	_	_	
13-23	1821-1824	pas	_	_	_	_	
13-24	1825-1830	avant	_	_	_	_	
13-25	1831-1835	leur	_	_	_	_	
13-26	1836-1847	combinaison	_	_	_	_	
13-27	1847-1848	.	_	_	_	_	

#Text=Ainsi l’ambre qui est presque inodore par lui-même acquiert une odeur très-suave et très-forte par l’addition d’un peu de musc ou de civette.
14-1	1849-1854	Ainsi	_	_	_	_	
14-2	1855-1856	l	_	_	_	_	
14-3	1856-1857	’	_	_	_	_	
14-4	1857-1862	ambre	Smell\_Source	_	Anaphoric	14-5	
14-5	1863-1866	qui	Smell\_Source	_	_	_	
14-6	1867-1870	est	_	_	_	_	
14-7	1871-1878	presque	Quality[8]	_	_	_	
14-8	1879-1886	inodore	Quality[8]|Smell\_Word[9]	_	*|*	14-7[8_9]|14-5[0_9]	
14-9	1887-1890	par	_	_	_	_	
14-10	1891-1899	lui-même	_	_	_	_	
14-11	1900-1908	acquiert	_	_	_	_	
14-12	1909-1912	une	_	_	_	_	
14-13	1913-1918	odeur	Smell\_Word	_	*|*|*|*|*	14-4|14-14|14-16|14-29|14-26	
14-14	1919-1929	très-suave	Quality	_	_	_	
14-15	1930-1932	et	_	_	_	_	
14-16	1933-1943	très-forte	Quality	_	_	_	
14-17	1944-1947	par	_	_	_	_	
14-18	1948-1949	l	_	_	_	_	
14-19	1949-1950	’	_	_	_	_	
14-20	1950-1958	addition	_	_	_	_	
14-21	1959-1960	d	_	_	_	_	
14-22	1960-1961	’	_	_	_	_	
14-23	1961-1963	un	_	_	_	_	
14-24	1964-1967	peu	_	_	_	_	
14-25	1968-1970	de	_	_	_	_	
14-26	1971-1975	musc	Smell\_Source	_	_	_	
14-27	1976-1978	ou	_	_	_	_	
14-28	1979-1981	de	_	_	_	_	
14-29	1982-1989	civette	Smell\_Source	_	_	_	
14-30	1989-1990	.	_	_	_	_	

#Text=C’est sut la combinaison des divers corps odorans, qu’est fondé l’art du parfumeur.
15-1	1991-1992	C	_	_	_	_	
15-2	1992-1993	’	_	_	_	_	
15-3	1993-1996	est	_	_	_	_	
15-4	1997-2000	sut	_	_	_	_	
15-5	2001-2003	la	_	_	_	_	
15-6	2004-2015	combinaison	_	_	_	_	
15-7	2016-2019	des	_	_	_	_	
15-8	2020-2026	divers	_	_	_	_	
15-9	2027-2032	corps	Smell\_Source	_	_	_	
15-10	2033-2040	odorans	Smell\_Word	_	*	15-9	
15-11	2040-2041	,	_	_	_	_	
15-12	2042-2044	qu	_	_	_	_	
15-13	2044-2045	’	_	_	_	_	
15-14	2045-2048	est	_	_	_	_	
15-15	2049-2054	fondé	_	_	_	_	
15-16	2055-2056	l	_	_	_	_	
15-17	2056-2057	’	_	_	_	_	
15-18	2057-2060	art	_	_	_	_	
15-19	2061-2063	du	_	_	_	_	
15-20	2064-2073	parfumeur	Smell\_Word	_	_	_	
15-21	2073-2074	.	_	_	_	_	

#Text=On distingue communément les odeurs, en odeurs agréables et en odeurs désagréables.
16-1	2075-2077	On	_	_	_	_	
16-2	2078-2087	distingue	_	_	_	_	
16-3	2088-2099	communément	_	_	_	_	
16-4	2100-2103	les	_	_	_	_	
16-5	2104-2110	odeurs	Smell\_Word	_	_	_	
16-6	2110-2111	,	_	_	_	_	
16-7	2112-2114	en	_	_	_	_	
16-8	2115-2121	odeurs	Smell\_Word	_	*	16-9	
16-9	2122-2131	agréables	Quality	_	_	_	
16-10	2132-2134	et	_	_	_	_	
16-11	2135-2137	en	_	_	_	_	
16-12	2138-2144	odeurs	Smell\_Word	_	*	16-13	
16-13	2145-2157	désagréables	Quality	_	_	_	
16-14	2157-2158	.	_	_	_	_	

#Text=On doit voir aisément combien cette distinction est arbitraire ; car ce qui plaît à l’un, est précisément ce qui déplaît à l’autre.
17-1	2159-2161	On	_	_	_	_	
17-2	2162-2166	doit	_	_	_	_	
17-3	2167-2171	voir	_	_	_	_	
17-4	2172-2180	aisément	_	_	_	_	
17-5	2181-2188	combien	_	_	_	_	
17-6	2189-2194	cette	_	_	_	_	
17-7	2195-2206	distinction	_	_	_	_	
17-8	2207-2210	est	_	_	_	_	
17-9	2211-2221	arbitraire	_	_	_	_	
17-10	2222-2223	;	_	_	_	_	
17-11	2224-2227	car	_	_	_	_	
17-12	2228-2230	ce	_	_	_	_	
17-13	2231-2234	qui	_	_	_	_	
17-14	2235-2240	plaît	_	_	_	_	
17-15	2241-2242	à	_	_	_	_	
17-16	2243-2244	l	_	_	_	_	
17-17	2244-2245	’	_	_	_	_	
17-18	2245-2247	un	_	_	_	_	
17-19	2247-2248	,	_	_	_	_	
17-20	2249-2252	est	_	_	_	_	
17-21	2253-2264	précisément	_	_	_	_	
17-22	2265-2267	ce	_	_	_	_	
17-23	2268-2271	qui	_	_	_	_	
17-24	2272-2279	déplaît	_	_	_	_	
17-25	2280-2281	à	_	_	_	_	
17-26	2282-2283	l	_	_	_	_	
17-27	2283-2284	’	_	_	_	_	
17-28	2284-2289	autre	_	_	_	_	
17-29	2289-2290	.	_	_	_	_	

#Text=Sans aller chercher des exemples de ce que j’avance dans des faits particuliers, qui ont plutôt leur source dans la bizarrerie des idiosyncrasies , que dans les lois séminales de la nature ; il suffira de citer les goûts dominans de certains peuples qui contrastent d’une manière singulière avec ceux des divers peuples de l'Europe.
18-1	2291-2295	Sans	_	_	_	_	
18-2	2296-2301	aller	_	_	_	_	
18-3	2302-2310	chercher	_	_	_	_	
18-4	2311-2314	des	_	_	_	_	
18-5	2315-2323	exemples	_	_	_	_	
18-6	2324-2326	de	_	_	_	_	
18-7	2327-2329	ce	_	_	_	_	
18-8	2330-2333	que	_	_	_	_	
18-9	2334-2335	j	_	_	_	_	
18-10	2335-2336	’	_	_	_	_	
18-11	2336-2342	avance	_	_	_	_	
18-12	2343-2347	dans	_	_	_	_	
18-13	2348-2351	des	_	_	_	_	
18-14	2352-2357	faits	_	_	_	_	
18-15	2358-2370	particuliers	_	_	_	_	
18-16	2370-2371	,	_	_	_	_	
18-17	2372-2375	qui	_	_	_	_	
18-18	2376-2379	ont	_	_	_	_	
18-19	2380-2386	plutôt	_	_	_	_	
18-20	2387-2391	leur	_	_	_	_	
18-21	2392-2398	source	_	_	_	_	
18-22	2399-2403	dans	_	_	_	_	
18-23	2404-2406	la	_	_	_	_	
18-24	2407-2417	bizarrerie	_	_	_	_	
18-25	2418-2421	des	_	_	_	_	
18-26	2422-2436	idiosyncrasies	_	_	_	_	
18-27	2437-2438	,	_	_	_	_	
18-28	2439-2442	que	_	_	_	_	
18-29	2443-2447	dans	_	_	_	_	
18-30	2448-2451	les	_	_	_	_	
18-31	2452-2456	lois	_	_	_	_	
18-32	2457-2466	séminales	_	_	_	_	
18-33	2467-2469	de	_	_	_	_	
18-34	2470-2472	la	_	_	_	_	
18-35	2473-2479	nature	_	_	_	_	
18-36	2480-2481	;	_	_	_	_	
18-37	2482-2484	il	_	_	_	_	
18-38	2485-2492	suffira	_	_	_	_	
18-39	2493-2495	de	_	_	_	_	
18-40	2496-2501	citer	_	_	_	_	
18-41	2502-2505	les	_	_	_	_	
18-42	2506-2511	goûts	_	_	_	_	
18-43	2512-2520	dominans	_	_	_	_	
18-44	2521-2523	de	_	_	_	_	
18-45	2524-2532	certains	_	_	_	_	
18-46	2533-2540	peuples	_	_	_	_	
18-47	2541-2544	qui	_	_	_	_	
18-48	2545-2556	contrastent	_	_	_	_	
18-49	2557-2558	d	_	_	_	_	
18-50	2558-2559	’	_	_	_	_	
18-51	2559-2562	une	_	_	_	_	
18-52	2563-2570	manière	_	_	_	_	
18-53	2571-2581	singulière	_	_	_	_	
18-54	2582-2586	avec	_	_	_	_	
18-55	2587-2591	ceux	_	_	_	_	
18-56	2592-2595	des	_	_	_	_	
18-57	2596-2602	divers	_	_	_	_	
18-58	2603-2610	peuples	_	_	_	_	
18-59	2611-2613	de	_	_	_	_	
18-60	2614-2622	l'Europe	_	_	_	_	
18-61	2622-2623	.	_	_	_	_	

#Text=Les habitans du Groenland respirent avec plaisir l’odeur de l'huile de baleine.
19-1	2624-2627	Les	_	_	_	_	
19-2	2628-2636	habitans	Perceiver	_	_	_	
19-3	2637-2639	du	_	_	_	_	
19-4	2640-2649	Groenland	Location	_	_	_	
19-5	2650-2659	respirent	_	_	_	_	
19-6	2660-2664	avec	_	_	_	_	
19-7	2665-2672	plaisir	Effect	Desire	_	_	
19-8	2673-2674	l	_	_	_	_	
19-9	2674-2675	’	_	_	_	_	
19-10	2675-2680	odeur	Smell\_Word	_	*|*|*|*	19-4|19-2|19-12[10_0]|19-7	
19-11	2681-2683	de	_	_	_	_	
19-12	2684-2691	l'huile	Smell\_Source[10]	_	_	_	
19-13	2692-2694	de	Smell\_Source[10]	_	_	_	
19-14	2695-2702	baleine	Smell\_Source[10]	_	_	_	
19-15	2702-2703	.	_	_	_	_	

#Text=Les siamois aiment l'odeur des œufs couvés.
20-1	2704-2707	Les	_	_	_	_	
20-2	2708-2715	siamois	Perceiver	_	_	_	
20-3	2716-2722	aiment	_	_	_	_	
20-4	2723-2730	l'odeur	Smell\_Word	_	*|*|Anaphoric	20-6[11_0]|20-2|21-3	
20-5	2731-2734	des	_	_	_	_	
20-6	2735-2739	œufs	Smell\_Source[11]	_	_	_	
20-7	2740-2746	couvés	Smell\_Source[11]	_	_	_	
20-8	2746-2747	.	_	_	_	_	

#Text=Les africains celle des cadavres des éléphans en décomposétion dont ils font leur nourriture.
21-1	2748-2751	Les	_	_	_	_	
21-2	2752-2761	africains	Perceiver	_	_	_	
21-3	2762-2767	celle	Smell\_Word	_	*|*|*	21-2|21-5[12_0]|21-9	
21-4	2768-2771	des	_	_	_	_	
21-5	2772-2780	cadavres	Smell\_Source[12]	_	_	_	
21-6	2781-2784	des	Smell\_Source[12]	_	_	_	
21-7	2785-2793	éléphans	Smell\_Source[12]	_	_	_	
21-8	2794-2796	en	_	_	_	_	
21-9	2797-2810	décomposétion	Circumstances	_	_	_	
21-10	2811-2815	dont	_	_	_	_	
21-11	2816-2819	ils	_	_	_	_	
21-12	2820-2824	font	_	_	_	_	
21-13	2825-2829	leur	_	_	_	_	
21-14	2830-2840	nourriture	_	_	_	_	
21-15	2840-2841	.	_	_	_	_	

#Text=Les indiens regardent l'assa-fœtida comme un mets délicieux ; ils font quali lié de man- ger des dieux , tandis que nous lavons nommé stercus di aboli , à cause de l'odeur qu'il exhale , sur-tout lorsqu’il çst exposé au feu.
22-1	2842-2845	Les	_	_	_	_	
22-2	2846-2853	indiens	Perceiver	_	_	_	
22-3	2854-2863	regardent	_	_	_	_	
22-4	2864-2877	l'assa-fœtida	Smell\_Source	_	_	_	
22-5	2878-2883	comme	_	_	_	_	
22-6	2884-2886	un	_	_	_	_	
22-7	2887-2891	mets	Smell\_Word	_	*|*|*	22-8|22-2|22-4	
22-8	2892-2901	délicieux	Quality	_	_	_	
22-9	2902-2903	;	_	_	_	_	
22-10	2904-2907	ils	_	_	_	_	
22-11	2908-2912	font	_	_	_	_	
22-12	2913-2918	quali	_	_	_	_	
22-13	2919-2922	lié	_	_	_	_	
22-14	2923-2925	de	_	_	_	_	
22-15	2926-2929	man	_	_	_	_	
22-16	2929-2930	-	_	_	_	_	
22-17	2931-2934	ger	_	_	_	_	
22-18	2935-2938	des	_	_	_	_	
22-19	2939-2944	dieux	_	_	_	_	
22-20	2945-2946	,	_	_	_	_	
22-21	2947-2953	tandis	_	_	_	_	
22-22	2954-2957	que	_	_	_	_	
22-23	2958-2962	nous	Perceiver	_	_	_	
22-24	2963-2969	lavons	_	_	_	_	
22-25	2970-2975	nommé	_	_	_	_	
22-26	2976-2983	stercus	Evoked\_Odorant[13]	_	_	_	
22-27	2984-2986	di	Evoked\_Odorant[13]	_	_	_	
22-28	2987-2992	aboli	Evoked\_Odorant[13]	_	_	_	
22-29	2993-2994	,	_	_	_	_	
22-30	2995-2996	à	_	_	_	_	
22-31	2997-3002	cause	_	_	_	_	
22-32	3003-3005	de	_	_	_	_	
22-33	3006-3013	l'odeur	Smell\_Word	_	*|*|*|*	22-26[13_0]|22-35|22-4|22-23	
22-34	3014-3019	qu'il	_	_	_	_	
22-35	3020-3026	exhale	Smell\_Word	_	_	_	
22-36	3027-3028	,	_	_	_	_	
22-37	3029-3037	sur-tout	_	_	_	_	
22-38	3038-3044	lorsqu	_	_	_	_	
22-39	3044-3045	’	_	_	_	_	
22-40	3045-3047	il	_	_	_	_	
22-41	3048-3051	çst	_	_	_	_	
22-42	3052-3058	exposé	_	_	_	_	
22-43	3059-3061	au	_	_	_	_	
22-44	3062-3065	feu	_	_	_	_	
22-45	3065-3066	.	_	_	_	_	

#Text=Peut-être dans l'état de nature, l'homme , comme les autres animaux, juge-t-il des rapports qu’ont avec son corps,, les substances auxquelles les odeurs sont attachées.
23-1	3067-3076	Peut-être	_	_	_	_	
23-2	3077-3081	dans	_	_	_	_	
23-3	3082-3088	l'état	_	_	_	_	
23-4	3089-3091	de	_	_	_	_	
23-5	3092-3098	nature	_	_	_	_	
23-6	3098-3099	,	_	_	_	_	
23-7	3100-3107	l'homme	Perceiver	_	_	_	
23-8	3108-3109	,	_	_	_	_	
23-9	3110-3115	comme	_	_	_	_	
23-10	3116-3119	les	Perceiver[14]	_	_	_	
23-11	3120-3126	autres	Perceiver[14]	_	_	_	
23-12	3127-3134	animaux	Perceiver[14]	_	_	_	
23-13	3134-3135	,	_	_	_	_	
23-14	3136-3145	juge-t-il	_	_	_	_	
23-15	3146-3149	des	_	_	_	_	
23-16	3150-3158	rapports	_	_	_	_	
23-17	3159-3161	qu	_	_	_	_	
23-18	3161-3162	’	_	_	_	_	
23-19	3162-3165	ont	_	_	_	_	
23-20	3166-3170	avec	_	_	_	_	
23-21	3171-3174	son	_	_	_	_	
23-22	3175-3180	corps	_	_	_	_	
23-23	3180-3181	,	_	_	_	_	
23-24	3181-3182	,	_	_	_	_	
23-25	3183-3186	les	_	_	_	_	
23-26	3187-3197	substances	_	_	_	_	
23-27	3198-3208	auxquelles	_	_	_	_	
23-28	3209-3212	les	_	_	_	_	
23-29	3213-3219	odeurs	Smell\_Word	_	*|*	23-10[14_0]|23-7	
23-30	3220-3224	sont	_	_	_	_	
23-31	3225-3234	attachées	_	_	_	_	
23-32	3234-3235	.	_	_	_	_	
