#FORMAT=WebAnno TSV 3.3
#T_SP=custom.Span|label
#T_RL=custom.Relation|label|BT_custom.Span


#Text=CHAPITRE III.
1-1	0-8	CHAPITRE	_	_	_	
1-2	9-12	III	_	_	_	
1-3	12-13	.	_	_	_	

#Text=L'ignition semble même donner à l'odeur du camphre plus d'énergie , loin de l'anéantir ; c'est ce\r
#Text=dont on peut se convaincre lorsqu'on vient d'enflammer l'atmosphère combustible qui entoure la\r
#Text=fraxinelle (Dictamnus albus, Linnaeus).
2-1	17-27	L'ignition	Circumstances	_	_	
2-2	28-34	semble	_	_	_	
2-3	35-39	même	_	_	_	
2-4	40-46	donner	_	_	_	
2-5	47-48	à	_	_	_	
2-6	49-56	l'odeur	Smell\_Word	*|*|*	2-8|2-1|2-9[1_0]	
2-7	57-59	du	_	_	_	
2-8	60-67	camphre	Smell\_Source	_	_	
2-9	68-72	plus	Quality[1]	_	_	
2-10	73-82	d'énergie	Quality[1]	_	_	
2-11	83-84	,	_	_	_	
2-12	85-89	loin	_	_	_	
2-13	90-92	de	_	_	_	
2-14	93-103	l'anéantir	_	_	_	
2-15	104-105	;	_	_	_	
2-16	106-111	c'est	_	_	_	
2-17	112-114	ce	_	_	_	
2-18	116-120	dont	_	_	_	
2-19	121-123	on	_	_	_	
2-20	124-128	peut	_	_	_	
2-21	129-131	se	_	_	_	
2-22	132-142	convaincre	_	_	_	
2-23	143-152	lorsqu'on	_	_	_	
2-24	153-158	vient	_	_	_	
2-25	159-170	d'enflammer	_	_	_	
2-26	171-183	l'atmosphère	_	_	_	
2-27	184-195	combustible	_	_	_	
2-28	196-199	qui	_	_	_	
2-29	200-207	entoure	_	_	_	
2-30	208-210	la	_	_	_	
2-31	212-222	fraxinelle	_	_	_	
2-32	223-224	(	_	_	_	
2-33	224-233	Dictamnus	_	_	_	
2-34	234-239	albus	_	_	_	
2-35	239-240	,	_	_	_	
2-36	241-249	Linnaeus	_	_	_	
2-37	249-250	)	_	_	_	
2-38	250-251	.	_	_	_	

#Text=Le mouvement et le frottement sont fréquemment un moyen de faire dégager des odeurs.
3-1	255-257	Le	_	_	_	
3-2	258-267	mouvement	Circumstances[2]	_	_	
3-3	268-270	et	Circumstances[2]	_	_	
3-4	271-273	le	Circumstances[2]	_	_	
3-5	274-284	frottement	Circumstances[2]	_	_	
3-6	285-289	sont	_	_	_	
3-7	290-301	fréquemment	_	_	_	
3-8	302-304	un	_	_	_	
3-9	305-310	moyen	_	_	_	
3-10	311-313	de	_	_	_	
3-11	314-319	faire	_	_	_	
3-12	320-327	dégager	_	_	_	
3-13	328-331	des	_	_	_	
3-14	332-338	odeurs	Smell\_Word	*	3-2[2_0]	
3-15	338-339	.	_	_	_	

#Text=Quand\r
#Text=on travaille sur le tour le bois du hêtre, on sent le\r
#Text=parfum des roses.
4-1	340-345	Quand	Circumstances[3]	_	_	
4-2	347-349	on	Circumstances[3]	_	_	
4-3	350-359	travaille	Circumstances[3]	_	_	
4-4	360-363	sur	Circumstances[3]	_	_	
4-5	364-366	le	Circumstances[3]	_	_	
4-6	367-371	tour	Circumstances[3]	_	_	
4-7	372-374	le	_	_	_	
4-8	375-379	bois	Smell\_Source[4]	_	_	
4-9	380-382	du	Smell\_Source[4]	_	_	
4-10	383-388	hêtre	Smell\_Source[4]	_	_	
4-11	388-389	,	_	_	_	
4-12	390-392	on	_	_	_	
4-13	393-397	sent	_	_	_	
4-14	398-400	le	_	_	_	
4-15	402-408	parfum	Smell\_Word	*|*|*	4-8[4_0]|4-17|4-1[3_0]	
4-16	409-412	des	_	_	_	
4-17	413-418	roses	Evoked\_Odorant	_	_	
4-18	418-419	.	_	_	_	

#Text=Ulysse Aldrovandi (1) assure que si on frappe avec un marteau les pierres de Mariembourg, il en sort une odeur de musc ; ce qu'An-\r
#Text=selme Boëtius avait dit avant lui.
5-1	420-426	Ulysse	Perceiver[5]	_	_	
5-2	427-437	Aldrovandi	Perceiver[5]	_	_	
5-3	438-439	(	_	_	_	
5-4	439-440	1	_	_	_	
5-5	440-441	)	_	_	_	
5-6	442-448	assure	_	_	_	
5-7	449-452	que	_	_	_	
5-8	453-455	si	Circumstances[6]	_	_	
5-9	456-458	on	Circumstances[6]	_	_	
5-10	459-465	frappe	Circumstances[6]	_	_	
5-11	466-470	avec	Circumstances[6]	_	_	
5-12	471-473	un	Circumstances[6]	_	_	
5-13	474-481	marteau	Circumstances[6]	_	_	
5-14	482-485	les	_	_	_	
5-15	486-493	pierres	Smell\_Source[7]	_	_	
5-16	494-496	de	Smell\_Source[7]	_	_	
5-17	497-508	Mariembourg	Smell\_Source[7]	_	_	
5-18	508-509	,	_	_	_	
5-19	510-512	il	_	_	_	
5-20	513-515	en	_	_	_	
5-21	516-520	sort	_	_	_	
5-22	521-524	une	_	_	_	
5-23	525-530	odeur	Smell\_Word	*|*|*|*|*|*	5-15[7_0]|5-25|5-1[5_0]|5-8[6_0]|5-28[8_0]|5-34[9_0]	
5-24	531-533	de	_	_	_	
5-25	534-538	musc	Evoked\_Odorant	_	_	
5-26	539-540	;	_	_	_	
5-27	541-543	ce	_	_	_	
5-28	544-549	qu'An	Perceiver[8]	_	_	
5-29	549-550	-	Perceiver[8]	_	_	
5-30	552-557	selme	Perceiver[8]	_	_	
5-31	558-565	Boëtius	Perceiver[8]	_	_	
5-32	566-571	avait	_	_	_	
5-33	572-575	dit	_	_	_	
5-34	576-581	avant	Time[9]	_	_	
5-35	582-585	lui	Time[9]	_	_	
5-36	585-586	.	_	_	_	

#Text=Le frottement développe aussi une odeur fétide dans un grand\r
#Text=nombre de minéraux, et l'on connaît la propriété du quartz fétide , des pierres de Bologne , etc.
6-1	587-589	Le	_	_	_	
6-2	590-600	frottement	Circumstances	_	_	
6-3	601-610	développe	_	_	_	
6-4	611-616	aussi	_	_	_	
6-5	617-620	une	_	_	_	
6-6	621-626	odeur	Smell\_Word	*|*|*	6-7|6-9[10_0]|6-2	
6-7	627-633	fétide	Quality	_	_	
6-8	634-638	dans	_	_	_	
6-9	639-641	un	Smell\_Source[10]	_	_	
6-10	642-647	grand	Smell\_Source[10]	_	_	
6-11	649-655	nombre	Smell\_Source[10]	_	_	
6-12	656-658	de	Smell\_Source[10]	_	_	
6-13	659-667	minéraux	Smell\_Source[10]	_	_	
6-14	667-668	,	_	_	_	
6-15	669-671	et	_	_	_	
6-16	672-676	l'on	_	_	_	
6-17	677-684	connaît	_	_	_	
6-18	685-687	la	_	_	_	
6-19	688-697	propriété	_	_	_	
6-20	698-700	du	_	_	_	
6-21	701-707	quartz	_	_	_	
6-22	708-714	fétide	_	_	_	
6-23	715-716	,	_	_	_	
6-24	717-720	des	_	_	_	
6-25	721-728	pierres	_	_	_	
6-26	729-731	de	_	_	_	
6-27	732-739	Bologne	_	_	_	
6-28	740-741	,	_	_	_	
6-29	742-745	etc	_	_	_	
6-30	745-746	.	_	_	_	

#Text=On\r
#Text=sait également qu'en frottant les métaux , les résines, la cire à cacheter, etc. , on en fait dégager\r
#Text=des particules odorantes.
7-1	747-749	On	_	_	_	
7-2	751-755	sait	_	_	_	
7-3	756-765	également	_	_	_	
7-4	766-771	qu'en	_	_	_	
7-5	772-780	frottant	Circumstances	_	_	
7-6	781-784	les	_	_	_	
7-7	785-791	métaux	Smell\_Source	_	_	
7-8	792-793	,	_	_	_	
7-9	794-797	les	_	_	_	
7-10	798-805	résines	Smell\_Source	_	_	
7-11	805-806	,	_	_	_	
7-12	807-809	la	_	_	_	
7-13	810-814	cire	Smell\_Source[11]	_	_	
7-14	815-816	à	Smell\_Source[11]	_	_	
7-15	817-825	cacheter	Smell\_Source[11]	_	_	
7-16	825-826	,	_	_	_	
7-17	827-830	etc	_	_	_	
7-18	830-831	.	_	_	_	
7-19	832-833	,	_	_	_	
7-20	834-836	on	_	_	_	
7-21	837-839	en	_	_	_	
7-22	840-844	fait	_	_	_	
7-23	845-852	dégager	_	_	_	
7-24	854-857	des	_	_	_	
7-25	858-868	particules	_	_	_	
7-26	869-878	odorantes	Smell\_Word	*|*|*|*	7-7|7-10|7-13[11_0]|7-5	
7-27	878-879	.	_	_	_	

#Text=Le trajet de la scie à travers les os en fait exhaler une odeur bien connue\r
#Text=des anatomistes , et tout-à-fait particulière.
8-1	880-882	Le	_	_	_	
8-2	883-889	trajet	_	_	_	
8-3	890-892	de	_	_	_	
8-4	893-895	la	_	_	_	
8-5	896-900	scie	_	_	_	
8-6	901-902	à	_	_	_	
8-7	903-910	travers	_	_	_	
8-8	911-914	les	_	_	_	
8-9	915-917	os	Smell\_Source	_	_	
8-10	918-920	en	_	_	_	
8-11	921-925	fait	_	_	_	
8-12	926-933	exhaler	Smell\_Word	*	8-9	
8-13	934-937	une	_	_	_	
8-14	938-943	odeur	Smell\_Word	*|*	8-18|8-15[12_0]	
8-15	944-948	bien	Quality[12]	_	_	
8-16	949-955	connue	Quality[12]	_	_	
8-17	957-960	des	_	_	_	
8-18	961-972	anatomistes	Perceiver	_	_	
8-19	973-974	,	_	_	_	
8-20	975-977	et	_	_	_	
8-21	978-989	tout-à-fait	_	_	_	
8-22	990-1002	particulière	_	_	_	
8-23	1002-1003	.	_	_	_	

#Text=Il est des odeurs qui, comme celle du musc , varient suivant la distance à laquelle on les sent ;\r
#Text=les grappes si célèbres du henné ( Lawsonia inermis , Linn. ), dont les beautés de l'Orient se déco-\r
#Text=rent avec orgueil , répandent au loin les plus doux parfums ; mais dès qu'on les flaire de près , on est\r
#Text=frappe de l'odeur spermatique la plus décidée (2)
9-1	1007-1009	Il	_	_	_	
9-2	1010-1013	est	_	_	_	
9-3	1014-1017	des	_	_	_	
9-4	1018-1024	odeurs	Smell\_Word	*	9-10	
9-5	1025-1028	qui	_	_	_	
9-6	1028-1029	,	_	_	_	
9-7	1030-1035	comme	_	_	_	
9-8	1036-1041	celle	_	_	_	
9-9	1042-1044	du	_	_	_	
9-10	1045-1049	musc	Evoked\_Odorant	_	_	
9-11	1050-1051	,	_	_	_	
9-12	1052-1059	varient	_	_	_	
9-13	1060-1067	suivant	_	_	_	
9-14	1068-1070	la	_	_	_	
9-15	1071-1079	distance	_	_	_	
9-16	1080-1081	à	_	_	_	
9-17	1082-1090	laquelle	_	_	_	
9-18	1091-1093	on	_	_	_	
9-19	1094-1097	les	_	_	_	
9-20	1098-1102	sent	_	_	_	
9-21	1103-1104	;	_	_	_	
9-22	1106-1109	les	_	_	_	
9-23	1110-1117	grappes	_	_	_	
9-24	1118-1120	si	_	_	_	
9-25	1121-1129	célèbres	_	_	_	
9-26	1130-1132	du	_	_	_	
9-27	1133-1138	henné	Smell\_Source	_	_	
9-28	1139-1140	(	_	_	_	
9-29	1141-1149	Lawsonia	_	_	_	
9-30	1150-1157	inermis	_	_	_	
9-31	1158-1159	,	_	_	_	
9-32	1160-1164	Linn	_	_	_	
9-33	1164-1165	.	_	_	_	
9-34	1166-1167	)	_	_	_	
9-35	1167-1168	,	_	_	_	
9-36	1169-1173	dont	_	_	_	
9-37	1174-1177	les	_	_	_	
9-38	1178-1185	beautés	Odour\_Carrier[13]	_	_	
9-39	1186-1188	de	Odour\_Carrier[13]	_	_	
9-40	1189-1197	l'Orient	Odour\_Carrier[13]	_	_	
9-41	1198-1200	se	_	_	_	
9-42	1201-1205	déco	_	_	_	
9-43	1205-1206	-	_	_	_	
9-44	1208-1212	rent	_	_	_	
9-45	1213-1217	avec	_	_	_	
9-46	1218-1225	orgueil	_	_	_	
9-47	1226-1227	,	_	_	_	
9-48	1228-1237	répandent	_	_	_	
9-49	1238-1240	au	Location[14]	_	_	
9-50	1241-1245	loin	Location[14]	_	_	
9-51	1246-1249	les	_	_	_	
9-52	1250-1254	plus	_	_	_	
9-53	1255-1259	doux	Quality	_	_	
9-54	1260-1267	parfums	Smell\_Word	*|*|*|*	9-53|9-27|9-38[13_0]|9-49[14_0]	
9-55	1268-1269	;	_	_	_	
9-56	1270-1274	mais	_	_	_	
9-57	1275-1278	dès	_	_	_	
9-58	1279-1284	qu'on	_	_	_	
9-59	1285-1288	les	_	_	_	
9-60	1289-1295	flaire	_	_	_	
9-61	1296-1298	de	Location[15]	_	_	
9-62	1299-1303	près	Location[15]	_	_	
9-63	1304-1305	,	_	_	_	
9-64	1306-1308	on	_	_	_	
9-65	1309-1312	est	_	_	_	
9-66	1314-1320	frappe	_	_	_	
9-67	1321-1323	de	_	_	_	
9-68	1324-1331	l'odeur	Smell\_Word	*|*|*|*	9-70[16_0]|9-69|9-27|9-61[15_0]	
9-69	1332-1343	spermatique	Evoked\_Odorant	_	_	
9-70	1344-1346	la	Quality[16]	_	_	
9-71	1347-1351	plus	Quality[16]	_	_	
9-72	1352-1359	décidée	Quality[16]	_	_	
9-73	1360-1361	(	_	_	_	
9-74	1361-1362	2	_	_	_	
9-75	1362-1363	)	_	_	_	

#Text=.
10-1	1363-1364	.	_	_	_	

#Text=( 1 ) Musœum mctallor
11-1	1368-1369	(	_	_	_	
11-2	1370-1371	1	_	_	_	
11-3	1372-1373	)	_	_	_	
11-4	1374-1380	Musœum	_	_	_	
11-5	1381-1389	mctallor	_	_	_	

#Text=.
12-1	1389-1390	.	_	_	_	

#Text=(2) Sonmm , Voyage en Egypte 7 tom. 1, pag. 296.
13-1	1394-1395	(	_	_	_	
13-2	1395-1396	2	_	_	_	
13-3	1396-1397	)	_	_	_	
13-4	1398-1403	Sonmm	_	_	_	
13-5	1404-1405	,	_	_	_	
13-6	1406-1412	Voyage	_	_	_	
13-7	1413-1415	en	_	_	_	
13-8	1416-1422	Egypte	_	_	_	
13-9	1423-1424	7	_	_	_	
13-10	1425-1428	tom	_	_	_	
13-11	1428-1429	.	_	_	_	
13-12	1430-1431	1	_	_	_	
13-13	1431-1432	,	_	_	_	
13-14	1433-1436	pag	_	_	_	
13-15	1436-1437	.	_	_	_	
13-16	1438-1441	296	_	_	_	
13-17	1441-1442	.	_	_	_	

#Text=L'odeur du réséda forme une atmosphère très-étendue autour de la plante : celle de la rose ne se\r
#Text=sent que de fort près, comme nous l'avons déjà dit.
14-1	1448-1455	L'odeur	Smell\_Word	*|*|Anaphoric|*	14-6|14-3|14-13|14-7	
14-2	1456-1458	du	_	_	_	
14-3	1459-1465	réséda	Smell\_Source	_	_	
14-4	1466-1471	forme	_	_	_	
14-5	1472-1475	une	_	_	_	
14-6	1476-1486	atmosphère	Odour\_Carrier	_	_	
14-7	1487-1499	très-étendue	Quality	_	_	
14-8	1500-1506	autour	_	_	_	
14-9	1507-1509	de	_	_	_	
14-10	1510-1512	la	_	_	_	
14-11	1513-1519	plante	_	_	_	
14-12	1520-1521	:	_	_	_	
14-13	1522-1527	celle	Smell\_Word	*|*	14-16|14-17[17_0]	
14-14	1528-1530	de	_	_	_	
14-15	1531-1533	la	_	_	_	
14-16	1534-1538	rose	Smell\_Source	_	_	
14-17	1539-1541	ne	Quality[17]	_	_	
14-18	1542-1544	se	Quality[17]	_	_	
14-19	1546-1550	sent	Quality[17]	_	_	
14-20	1551-1554	que	Quality[17]	_	_	
14-21	1555-1557	de	Quality[17]	_	_	
14-22	1558-1562	fort	Quality[17]	_	_	
14-23	1563-1567	près	Quality[17]	_	_	
14-24	1567-1568	,	_	_	_	
14-25	1569-1574	comme	_	_	_	
14-26	1575-1579	nous	_	_	_	
14-27	1580-1587	l'avons	_	_	_	
14-28	1588-1592	déjà	_	_	_	
14-29	1593-1596	dit	_	_	_	
14-30	1596-1597	.	_	_	_	

#Text=Si quelques végétaux, comme le Stapelia variegâta et le Phallus impudicus perdent, en se dé-\r
#Text=composant, leur fétidité naturelle , il faut cependant remarquer que presque tous les corps en pu-\r
#Text=tréfaction , surtout ceux qui ont appartenu à des animaux, produisent au contraire des émanations\r
#Text=infectes et dangereuses ; néanmoins l'extrait d'urine de vache , celui de la bile de l'homme et des\r
#Text=animaux , sentent le musc lorsqu'ils commencent à se corrompre (1)
15-1	1601-1603	Si	_	_	_	
15-2	1604-1612	quelques	Smell\_Source[18]	_	_	
15-3	1613-1621	végétaux	Smell\_Source[18]	_	_	
15-4	1621-1622	,	_	_	_	
15-5	1623-1628	comme	_	_	_	
15-6	1629-1631	le	_	_	_	
15-7	1632-1640	Stapelia	Smell\_Source[19]	_	_	
15-8	1641-1650	variegâta	Smell\_Source[19]	_	_	
15-9	1651-1653	et	_	_	_	
15-10	1654-1656	le	_	_	_	
15-11	1657-1664	Phallus	Smell\_Source[20]	_	_	
15-12	1665-1674	impudicus	Smell\_Source[20]	_	_	
15-13	1675-1682	perdent	_	_	_	
15-14	1682-1683	,	_	_	_	
15-15	1684-1686	en	Circumstances[21]	_	_	
15-16	1687-1689	se	Circumstances[21]	_	_	
15-17	1690-1692	dé	Circumstances[21]	_	_	
15-18	1692-1693	-	Circumstances[21]	_	_	
15-19	1695-1704	composant	Circumstances[21]	_	_	
15-20	1704-1705	,	_	_	_	
15-21	1706-1710	leur	_	_	_	
15-22	1711-1719	fétidité	Smell\_Word	*|*|*|*|*	15-23|15-2[18_0]|15-15[21_0]|15-7[19_0]|15-11[20_0]	
15-23	1720-1729	naturelle	Quality	_	_	
15-24	1730-1731	,	_	_	_	
15-25	1732-1734	il	_	_	_	
15-26	1735-1739	faut	_	_	_	
15-27	1740-1749	cependant	_	_	_	
15-28	1750-1759	remarquer	_	_	_	
15-29	1760-1763	que	_	_	_	
15-30	1764-1771	presque	_	_	_	
15-31	1772-1776	tous	_	_	_	
15-32	1777-1780	les	_	_	_	
15-33	1781-1786	corps	Smell\_Source	_	_	
15-34	1787-1789	en	Circumstances[22]	_	_	
15-35	1790-1792	pu	Circumstances[22]	_	_	
15-36	1792-1793	-	Circumstances[22]	_	_	
15-37	1795-1805	tréfaction	Circumstances[22]	_	_	
15-38	1806-1807	,	_	_	_	
15-39	1808-1815	surtout	_	_	_	
15-40	1816-1820	ceux	_	_	_	
15-41	1821-1824	qui	_	_	_	
15-42	1825-1828	ont	_	_	_	
15-43	1829-1838	appartenu	_	_	_	
15-44	1839-1840	à	_	_	_	
15-45	1841-1844	des	_	_	_	
15-46	1845-1852	animaux	_	_	_	
15-47	1852-1853	,	_	_	_	
15-48	1854-1864	produisent	_	_	_	
15-49	1865-1867	au	_	_	_	
15-50	1868-1877	contraire	_	_	_	
15-51	1878-1881	des	_	_	_	
15-52	1882-1892	émanations	Smell\_Word	*|*|*|*	15-55|15-53|15-33|15-34[22_0]	
15-53	1894-1902	infectes	Quality	_	_	
15-54	1903-1905	et	_	_	_	
15-55	1906-1917	dangereuses	Quality	_	_	
15-56	1918-1919	;	_	_	_	
15-57	1920-1929	néanmoins	_	_	_	
15-58	1930-1939	l'extrait	_	_	_	
15-59	1940-1947	d'urine	_	_	_	
15-60	1948-1950	de	_	_	_	
15-61	1951-1956	vache	_	_	_	
15-62	1957-1958	,	_	_	_	
15-63	1959-1964	celui	_	_	_	
15-64	1965-1967	de	_	_	_	
15-65	1968-1970	la	_	_	_	
15-66	1971-1975	bile	_	_	_	
15-67	1976-1978	de	_	_	_	
15-68	1979-1986	l'homme	_	_	_	
15-69	1987-1989	et	_	_	_	
15-70	1990-1993	des	_	_	_	
15-71	1995-2002	animaux	_	_	_	
15-72	2003-2004	,	_	_	_	
15-73	2005-2012	sentent	_	_	_	
15-74	2013-2015	le	_	_	_	
15-75	2016-2020	musc	_	_	_	
15-76	2021-2031	lorsqu'ils	_	_	_	
15-77	2032-2042	commencent	_	_	_	
15-78	2043-2044	à	_	_	_	
15-79	2045-2047	se	_	_	_	
15-80	2048-2057	corrompre	_	_	_	
15-81	2058-2059	(	_	_	_	
15-82	2059-2060	1	_	_	_	
15-83	2060-2061	)	_	_	_	

#Text=.
16-1	2061-2062	.	_	_	_	

#Text=(1) Ramsay, De bile, pag. 12.
17-1	2066-2067	(	_	_	_	
17-2	2067-2068	1	_	_	_	
17-3	2068-2069	)	_	_	_	
17-4	2070-2076	Ramsay	_	_	_	
17-5	2076-2077	,	_	_	_	
17-6	2078-2080	De	_	_	_	
17-7	2081-2085	bile	_	_	_	
17-8	2085-2086	,	_	_	_	
17-9	2087-2090	pag	_	_	_	
17-10	2090-2091	.	_	_	_	
17-11	2092-2094	12	_	_	_	
17-12	2094-2095	.	_	_	_	
