#FORMAT=WebAnno TSV 3.3


#Text=Fu ella in vero di sommo spavento la perdizione di costui, e la diabolica durezza: e fu considerato da tutti, a qual precipizio, e irreparabil rovina può arrivare l ' umana malizia.
1-1	0-2	Fu	
1-2	3-7	ella	
1-3	8-10	in	
1-4	11-15	vero	
1-5	16-18	di	
1-6	19-24	sommo	
1-7	25-33	spavento	
1-8	34-36	la	
1-9	37-47	perdizione	
1-10	48-50	di	
1-11	51-57	costui	
1-12	57-58	,	
1-13	59-60	e	
1-14	61-63	la	
1-15	64-73	diabolica	
1-16	74-81	durezza	
1-17	81-82	:	
1-18	83-84	e	
1-19	85-87	fu	
1-20	88-99	considerato	
1-21	100-102	da	
1-22	103-108	tutti	
1-23	108-109	,	
1-24	110-111	a	
1-25	112-116	qual	
1-26	117-127	precipizio	
1-27	127-128	,	
1-28	129-130	e	
1-29	131-142	irreparabil	
1-30	143-149	rovina	
1-31	150-153	può	
1-32	154-162	arrivare	
1-33	163-164	l	
1-34	165-166	'	
1-35	167-172	umana	
1-36	173-180	malizia	
1-37	180-181	.	

#Text=Avrebbe Egli dovuto apprendere massime di altissima perfezione, e di santa vita in quel rigoroso, ed esemplare istituto, che professava: e dalle virtù di tanti Religiosi che in esso han sempre fiorito ornati di consumata perfezione.
2-1	182-189	Avrebbe	
2-2	190-194	Egli	
2-3	195-201	dovuto	
2-4	202-212	apprendere	
2-5	213-220	massime	
2-6	221-223	di	
2-7	224-233	altissima	
2-8	234-244	perfezione	
2-9	244-245	,	
2-10	246-247	e	
2-11	248-250	di	
2-12	251-256	santa	
2-13	257-261	vita	
2-14	262-264	in	
2-15	265-269	quel	
2-16	270-278	rigoroso	
2-17	278-279	,	
2-18	280-282	ed	
2-19	283-292	esemplare	
2-20	293-301	istituto	
2-21	301-302	,	
2-22	303-306	che	
2-23	307-317	professava	
2-24	317-318	:	
2-25	319-320	e	
2-26	321-326	dalle	
2-27	327-332	virtù	
2-28	333-335	di	
2-29	336-341	tanti	
2-30	342-351	Religiosi	
2-31	352-355	che	
2-32	356-358	in	
2-33	359-363	esso	
2-34	364-367	han	
2-35	368-374	sempre	
2-36	375-382	fiorito	
2-37	383-389	ornati	
2-38	390-392	di	
2-39	393-402	consumata	
2-40	403-413	perfezione	
2-41	413-414	.	

#Text=Nulladimeno declinando da quei principj, che succiò da esso ne ' primi anni della sua vita religiosa, diede in tali eccessi di enormità, che parvero opere più tosto, e sentimenti di pazzo, che di persona ragionevole: ma eran frutto d ' un ' ostinata malizia, che lo rese incapace d ' ogni sentimento di pietà Cristiana.
3-1	415-426	Nulladimeno	
3-2	427-437	declinando	
3-3	438-440	da	
3-4	441-445	quei	
3-5	446-454	principj	
3-6	454-455	,	
3-7	456-459	che	
3-8	460-466	succiò	
3-9	467-469	da	
3-10	470-474	esso	
3-11	475-477	ne	
3-12	478-479	'	
3-13	480-485	primi	
3-14	486-490	anni	
3-15	491-496	della	
3-16	497-500	sua	
3-17	501-505	vita	
3-18	506-515	religiosa	
3-19	515-516	,	
3-20	517-522	diede	
3-21	523-525	in	
3-22	526-530	tali	
3-23	531-538	eccessi	
3-24	539-541	di	
3-25	542-550	enormità	
3-26	550-551	,	
3-27	552-555	che	
3-28	556-563	parvero	
3-29	564-569	opere	
3-30	570-573	più	
3-31	574-579	tosto	
3-32	579-580	,	
3-33	581-582	e	
3-34	583-593	sentimenti	
3-35	594-596	di	
3-36	597-602	pazzo	
3-37	602-603	,	
3-38	604-607	che	
3-39	608-610	di	
3-40	611-618	persona	
3-41	619-630	ragionevole	
3-42	630-631	:	
3-43	632-634	ma	
3-44	635-639	eran	
3-45	640-646	frutto	
3-46	647-648	d	
3-47	649-650	'	
3-48	651-653	un	
3-49	654-655	'	
3-50	656-664	ostinata	
3-51	665-672	malizia	
3-52	672-673	,	
3-53	674-677	che	
3-54	678-680	lo	
3-55	681-685	rese	
3-56	686-694	incapace	
3-57	695-696	d	
3-58	697-698	'	
3-59	699-703	ogni	
3-60	704-714	sentimento	
3-61	715-717	di	
3-62	718-723	pietà	
3-63	724-733	Cristiana	
3-64	733-734	.	

#Text=Lo stesso dee argomentarsi dell ' altra Rea Suor Geltruda, i cui principj si raccontano dirizzati ad alta perfezione.
4-1	735-737	Lo	
4-2	738-744	stesso	
4-3	745-748	dee	
4-4	749-761	argomentarsi	
4-5	762-766	dell	
4-6	767-768	'	
4-7	769-774	altra	
4-8	775-778	Rea	
4-9	779-783	Suor	
4-10	784-792	Geltruda	
4-11	792-793	,	
4-12	794-795	i	
4-13	796-799	cui	
4-14	800-808	principj	
4-15	809-811	si	
4-16	812-822	raccontano	
4-17	823-832	dirizzati	
4-18	833-835	ad	
4-19	836-840	alta	
4-20	841-851	perfezione	
4-21	851-852	.	

#Text=Ma non debbon le cadute, ed enormità di costoro recarsi a colpa degli Ordini Religiosi, e santi, che professarono, come l ' ignoranza di taluno potrebbe opponere.
5-1	853-855	Ma	
5-2	856-859	non	
5-3	860-866	debbon	
5-4	867-869	le	
5-5	870-876	cadute	
5-6	876-877	,	
5-7	878-880	ed	
5-8	881-889	enormità	
5-9	890-892	di	
5-10	893-900	costoro	
5-11	901-908	recarsi	
5-12	909-910	a	
5-13	911-916	colpa	
5-14	917-922	degli	
5-15	923-929	Ordini	
5-16	930-939	Religiosi	
5-17	939-940	,	
5-18	941-942	e	
5-19	943-948	santi	
5-20	948-949	,	
5-21	950-953	che	
5-22	954-966	professarono	
5-23	966-967	,	
5-24	968-972	come	
5-25	973-974	l	
5-26	975-976	'	
5-27	977-986	ignoranza	
5-28	987-989	di	
5-29	990-996	taluno	
5-30	997-1005	potrebbe	
5-31	1006-1014	opponere	
5-32	1014-1015	.	

#Text=Il difetto d ' un solo membro putrido non dee rifondersi a tutto intiero il corpo: nè per un frutto guasto dee condannarsi tutto l ' albero.
6-1	1016-1018	Il	
6-2	1019-1026	difetto	
6-3	1027-1028	d	
6-4	1029-1030	'	
6-5	1031-1033	un	
6-6	1034-1038	solo	
6-7	1039-1045	membro	
6-8	1046-1053	putrido	
6-9	1054-1057	non	
6-10	1058-1061	dee	
6-11	1062-1072	rifondersi	
6-12	1073-1074	a	
6-13	1075-1080	tutto	
6-14	1081-1088	intiero	
6-15	1089-1091	il	
6-16	1092-1097	corpo	
6-17	1097-1098	:	
6-18	1099-1101	nè	
6-19	1102-1105	per	
6-20	1106-1108	un	
6-21	1109-1115	frutto	
6-22	1116-1122	guasto	
6-23	1123-1126	dee	
6-24	1127-1138	condannarsi	
6-25	1139-1144	tutto	
6-26	1145-1146	l	
6-27	1147-1148	'	
6-28	1149-1155	albero	
6-29	1155-1156	.	

#Text=Così la colpa d ' un Religioso, non dee ascriversi a tutto l ' Ordine regolare, che professarono, come dottamente scrisse l ' Angelico S.
7-1	1157-1161	Così	
7-2	1162-1164	la	
7-3	1165-1170	colpa	
7-4	1171-1172	d	
7-5	1173-1174	'	
7-6	1175-1177	un	
7-7	1178-1187	Religioso	
7-8	1187-1188	,	
7-9	1189-1192	non	
7-10	1193-1196	dee	
7-11	1197-1207	ascriversi	
7-12	1208-1209	a	
7-13	1210-1215	tutto	
7-14	1216-1217	l	
7-15	1218-1219	'	
7-16	1220-1226	Ordine	
7-17	1227-1235	regolare	
7-18	1235-1236	,	
7-19	1237-1240	che	
7-20	1241-1253	professarono	
7-21	1253-1254	,	
7-22	1255-1259	come	
7-23	1260-1270	dottamente	
7-24	1271-1278	scrisse	
7-25	1279-1280	l	
7-26	1281-1282	'	
7-27	1283-1291	Angelico	
7-28	1292-1293	S	
7-29	1293-1294	.	

#Text=Tommaso(60): Non propter hoc infamandum est Religiosorum Collegium, si aliqui ex eorum numero gravia etiam peccata, committunt: alias simili modo et Apostolorum Collegium vituperabile fuit propter hoc quod dicitur: nonne duodecim vos elegi, et unus ex vobis diabolus est?
8-1	1295-1302	Tommaso	
8-2	1302-1303	(	
8-3	1303-1305	60	
8-4	1305-1306	)	
8-5	1306-1307	:	
8-6	1308-1311	Non	
8-7	1312-1319	propter	
8-8	1320-1323	hoc	
8-9	1324-1334	infamandum	
8-10	1335-1338	est	
8-11	1339-1351	Religiosorum	
8-12	1352-1361	Collegium	
8-13	1361-1362	,	
8-14	1363-1365	si	
8-15	1366-1372	aliqui	
8-16	1373-1375	ex	
8-17	1376-1381	eorum	
8-18	1382-1388	numero	
8-19	1389-1395	gravia	
8-20	1396-1401	etiam	
8-21	1402-1409	peccata	
8-22	1409-1410	,	
8-23	1411-1421	committunt	
8-24	1421-1422	:	
8-25	1423-1428	alias	
8-26	1429-1435	simili	
8-27	1436-1440	modo	
8-28	1441-1443	et	
8-29	1444-1455	Apostolorum	
8-30	1456-1465	Collegium	
8-31	1466-1478	vituperabile	
8-32	1479-1483	fuit	
8-33	1484-1491	propter	
8-34	1492-1495	hoc	
8-35	1496-1500	quod	
8-36	1501-1508	dicitur	
8-37	1508-1509	:	
8-38	1510-1515	nonne	
8-39	1516-1524	duodecim	
8-40	1525-1528	vos	
8-41	1529-1534	elegi	
8-42	1534-1535	,	
8-43	1536-1538	et	
8-44	1539-1543	unus	
8-45	1544-1546	ex	
8-46	1547-1552	vobis	
8-47	1553-1561	diabolus	
8-48	1562-1565	est	
8-49	1565-1566	?	

#Text=CAPITOLO DECIMOQUINTO.
9-1	1568-1576	CAPITOLO	
9-2	1577-1589	DECIMOQUINTO	
9-3	1589-1590	.	

#Text=Ritorno degl ' Inquisitori, e della Croce al Palazzo del S.
10-1	1591-1598	Ritorno	
10-2	1599-1603	degl	
10-3	1604-1605	'	
10-4	1606-1617	Inquisitori	
10-5	1617-1618	,	
10-6	1619-1620	e	
10-7	1621-1626	della	
10-8	1627-1632	Croce	
10-9	1633-1635	al	
10-10	1636-1643	Palazzo	
10-11	1644-1647	del	
10-12	1648-1649	S	
10-13	1649-1650	.	

#Text=Uffizio.
11-1	1651-1658	Uffizio	
11-2	1658-1659	.	

#Text=Mentre i Rei Pentiti facean l ' atto dell ' abjurazione, si levò la Santa Croce Verde dell ' Altare dal P.
12-1	1662-1668	Mentre	
12-2	1669-1670	i	
12-3	1671-1674	Rei	
12-4	1675-1682	Pentiti	
12-5	1683-1689	facean	
12-6	1690-1691	l	
12-7	1692-1693	'	
12-8	1694-1698	atto	
12-9	1699-1703	dell	
12-10	1704-1705	'	
12-11	1706-1717	abjurazione	
12-12	1717-1718	,	
12-13	1719-1721	si	
12-14	1722-1726	levò	
12-15	1727-1729	la	
12-16	1730-1735	Santa	
12-17	1736-1741	Croce	
12-18	1742-1747	Verde	
12-19	1748-1752	dell	
12-20	1753-1754	'	
12-21	1755-1761	Altare	
12-22	1762-1765	dal	
12-23	1766-1767	P	
12-24	1767-1768	.	

#Text=D.
13-1	1769-1770	D	
13-2	1770-1771	.	

#Text=Placido Vanni Chierico Regolare, seguito da due altri Teatini; e accompagnato da molti Preti con torce accese in mano, che la precedeano, si portò vicino alla scala, per cui si saliva al Solio de ' Sig.
14-1	1772-1779	Placido	
14-2	1780-1785	Vanni	
14-3	1786-1794	Chierico	
14-4	1795-1803	Regolare	
14-5	1803-1804	,	
14-6	1805-1812	seguito	
14-7	1813-1815	da	
14-8	1816-1819	due	
14-9	1820-1825	altri	
14-10	1826-1833	Teatini	
14-11	1833-1834	;	
14-12	1835-1836	e	
14-13	1837-1849	accompagnato	
14-14	1850-1852	da	
14-15	1853-1858	molti	
14-16	1859-1864	Preti	
14-17	1865-1868	con	
14-18	1869-1874	torce	
14-19	1875-1881	accese	
14-20	1882-1884	in	
14-21	1885-1889	mano	
14-22	1889-1890	,	
14-23	1891-1894	che	
14-24	1895-1897	la	
14-25	1898-1908	precedeano	
14-26	1908-1909	,	
14-27	1910-1912	si	
14-28	1913-1918	portò	
14-29	1919-1925	vicino	
14-30	1926-1930	alla	
14-31	1931-1936	scala	
14-32	1936-1937	,	
14-33	1938-1941	per	
14-34	1942-1945	cui	
14-35	1946-1948	si	
14-36	1949-1955	saliva	
14-37	1956-1958	al	
14-38	1959-1964	Solio	
14-39	1965-1967	de	
14-40	1968-1969	'	
14-41	1970-1973	Sig	
14-42	1973-1974	.	

#Text=Inquisitori, per poi riportarla al Palazzo del S.
15-1	1975-1986	Inquisitori	
15-2	1986-1987	,	
15-3	1988-1991	per	
15-4	1992-1995	poi	
15-5	1996-2006	riportarla	
15-6	2007-2009	al	
15-7	2010-2017	Palazzo	
15-8	2018-2021	del	
15-9	2022-2023	S	
15-10	2023-2024	.	

#Text=Uffizio, come si dirà in appresso.
16-1	2025-2032	Uffizio	
16-2	2032-2033	,	
16-3	2034-2038	come	
16-4	2039-2041	si	
16-5	2042-2046	dirà	
16-6	2047-2049	in	
16-7	2050-2058	appresso	
16-8	2058-2059	.	

#Text=Terminata l ' assoluzione, nel modo narrato, ad ore 23 e non restando altro, che fare a ' Signori Inquisitori, mandarono Essi ambasciata di complimento al Senato, ragguagliandolo, esser già terminato l ' Atto Generale della Santa Fede, e che detti Signori Inquisitori attendevan gli ordini dell ' Eccellentissimo Senato.
17-1	2060-2069	Terminata	
17-2	2070-2071	l	
17-3	2072-2073	'	
17-4	2074-2085	assoluzione	
17-5	2085-2086	,	
17-6	2087-2090	nel	
17-7	2091-2095	modo	
17-8	2096-2103	narrato	
17-9	2103-2104	,	
17-10	2105-2107	ad	
17-11	2108-2111	ore	
17-12	2112-2114	23	
17-13	2115-2116	e	
17-14	2117-2120	non	
17-15	2121-2129	restando	
17-16	2130-2135	altro	
17-17	2135-2136	,	
17-18	2137-2140	che	
17-19	2141-2145	fare	
17-20	2146-2147	a	
17-21	2148-2149	'	
17-22	2150-2157	Signori	
17-23	2158-2169	Inquisitori	
17-24	2169-2170	,	
17-25	2171-2180	mandarono	
17-26	2181-2185	Essi	
17-27	2186-2196	ambasciata	
17-28	2197-2199	di	
17-29	2200-2211	complimento	
17-30	2212-2214	al	
17-31	2215-2221	Senato	
17-32	2221-2222	,	
17-33	2223-2238	ragguagliandolo	
17-34	2238-2239	,	
17-35	2240-2245	esser	
17-36	2246-2249	già	
17-37	2250-2259	terminato	
17-38	2260-2261	l	
17-39	2262-2263	'	
17-40	2264-2268	Atto	
17-41	2269-2277	Generale	
17-42	2278-2283	della	
17-43	2284-2289	Santa	
17-44	2290-2294	Fede	
17-45	2294-2295	,	
17-46	2296-2297	e	
17-47	2298-2301	che	
17-48	2302-2307	detti	
17-49	2308-2315	Signori	
17-50	2316-2327	Inquisitori	
17-51	2328-2338	attendevan	
17-52	2339-2342	gli	
17-53	2343-2349	ordini	
17-54	2350-2354	dell	
17-55	2355-2356	'	
17-56	2357-2372	Eccellentissimo	
17-57	2373-2379	Senato	
17-58	2379-2380	.	

#Text=A quest ' ambasciata s ' alzò il Senato, e si trasferì al Solio degl ' Inquisitori: ove giunto, scesero dal loro Solio gl ' Inquisitori, ringraziando il Senato per la grave fatica sostenuta in quel giorno: e seguendo scambievoli atti di cortesia, s ' incamminarono per iscender dalla scala secreta dietro il palco.
18-1	2381-2382	A	
18-2	2383-2388	quest	
18-3	2389-2390	'	
18-4	2391-2401	ambasciata	
18-5	2402-2403	s	
18-6	2404-2405	'	
18-7	2406-2410	alzò	
18-8	2411-2413	il	
18-9	2414-2420	Senato	
18-10	2420-2421	,	
18-11	2422-2423	e	
18-12	2424-2426	si	
18-13	2427-2435	trasferì	
18-14	2436-2438	al	
18-15	2439-2444	Solio	
18-16	2445-2449	degl	
18-17	2450-2451	'	
18-18	2452-2463	Inquisitori	
18-19	2463-2464	:	
18-20	2465-2468	ove	
18-21	2469-2475	giunto	
18-22	2475-2476	,	
18-23	2477-2484	scesero	
18-24	2485-2488	dal	
18-25	2489-2493	loro	
18-26	2494-2499	Solio	
18-27	2500-2502	gl	
18-28	2503-2504	'	
18-29	2505-2516	Inquisitori	
18-30	2516-2517	,	
18-31	2518-2530	ringraziando	
18-32	2531-2533	il	
18-33	2534-2540	Senato	
18-34	2541-2544	per	
18-35	2545-2547	la	
18-36	2548-2553	grave	
18-37	2554-2560	fatica	
18-38	2561-2570	sostenuta	
18-39	2571-2573	in	
18-40	2574-2578	quel	
18-41	2579-2585	giorno	
18-42	2585-2586	:	
18-43	2587-2588	e	
18-44	2589-2597	seguendo	
18-45	2598-2609	scambievoli	
18-46	2610-2614	atti	
18-47	2615-2617	di	
18-48	2618-2626	cortesia	
18-49	2626-2627	,	
18-50	2628-2629	s	
18-51	2630-2631	'	
18-52	2632-2645	incamminarono	
18-53	2646-2649	per	
18-54	2650-2658	iscender	
18-55	2659-2664	dalla	
18-56	2665-2670	scala	
18-57	2671-2678	secreta	
18-58	2679-2685	dietro	
18-59	2686-2688	il	
18-60	2689-2694	palco	
18-61	2694-2695	.	

#Text=Precedean gli Alabardieri del Vicerè: indi la famiglia degl ' Inquisitori, gli Ufficiali maggiori del Tribunale, il Pro-Fiscale: i due Mazzieri del Senato colle insegne inalberate, dopo de ' quali seguiva il Pretore, e Senatore Priore con in mezzo il primo Inquisitore: indi altri due Senatori col secondo Inquisitore nel mezzo: e poi il terzo Inquisitore fra altri due Senatori; e appresso seguirono gli Uffiziali nobili del Senato.
19-1	2696-2705	Precedean	
19-2	2706-2709	gli	
19-3	2710-2721	Alabardieri	
19-4	2722-2725	del	
19-5	2726-2732	Vicerè	
19-6	2732-2733	:	
19-7	2734-2738	indi	
19-8	2739-2741	la	
19-9	2742-2750	famiglia	
19-10	2751-2755	degl	
19-11	2756-2757	'	
19-12	2758-2769	Inquisitori	
19-13	2769-2770	,	
19-14	2771-2774	gli	
19-15	2775-2784	Ufficiali	
19-16	2785-2793	maggiori	
19-17	2794-2797	del	
19-18	2798-2807	Tribunale	
19-19	2807-2808	,	
19-20	2809-2811	il	
19-21	2812-2823	Pro-Fiscale	
19-22	2823-2824	:	
19-23	2825-2826	i	
19-24	2827-2830	due	
19-25	2831-2839	Mazzieri	
19-26	2840-2843	del	
19-27	2844-2850	Senato	
19-28	2851-2856	colle	
19-29	2857-2864	insegne	
19-30	2865-2875	inalberate	
19-31	2875-2876	,	
19-32	2877-2881	dopo	
19-33	2882-2884	de	
19-34	2885-2886	'	
19-35	2887-2892	quali	
19-36	2893-2900	seguiva	
19-37	2901-2903	il	
19-38	2904-2911	Pretore	
19-39	2911-2912	,	
19-40	2913-2914	e	
19-41	2915-2923	Senatore	
19-42	2924-2930	Priore	
19-43	2931-2934	con	
19-44	2935-2937	in	
19-45	2938-2943	mezzo	
19-46	2944-2946	il	
19-47	2947-2952	primo	
19-48	2953-2964	Inquisitore	
19-49	2964-2965	:	
19-50	2966-2970	indi	
19-51	2971-2976	altri	
19-52	2977-2980	due	
19-53	2981-2989	Senatori	
19-54	2990-2993	col	
19-55	2994-3001	secondo	
19-56	3002-3013	Inquisitore	
19-57	3014-3017	nel	
19-58	3018-3023	mezzo	
19-59	3023-3024	:	
19-60	3025-3026	e	
19-61	3027-3030	poi	
19-62	3031-3033	il	
19-63	3034-3039	terzo	
19-64	3040-3051	Inquisitore	
19-65	3052-3055	fra	
19-66	3056-3061	altri	
19-67	3062-3065	due	
19-68	3066-3074	Senatori	
19-69	3074-3075	;	
19-70	3076-3077	e	
19-71	3078-3086	appresso	
19-72	3087-3096	seguirono	
19-73	3097-3100	gli	
19-74	3101-3110	Uffiziali	
19-75	3111-3117	nobili	
19-76	3118-3121	del	
19-77	3122-3128	Senato	
19-78	3128-3129	.	

#Text=Con quest ' Ordine discesi, entrarono nella Cattedrale, e si portarono all ' adorazione del SS.
20-1	3130-3133	Con	
20-2	3134-3139	quest	
20-3	3140-3141	'	
20-4	3142-3148	Ordine	
20-5	3149-3156	discesi	
20-6	3156-3157	,	
20-7	3158-3167	entrarono	
20-8	3168-3173	nella	
20-9	3174-3184	Cattedrale	
20-10	3184-3185	,	
20-11	3186-3187	e	
20-12	3188-3190	si	
20-13	3191-3200	portarono	
20-14	3201-3204	all	
20-15	3205-3206	'	
20-16	3207-3217	adorazione	
20-17	3218-3221	del	
20-18	3222-3224	SS	
20-19	3224-3225	.	

#Text=Sacramento; ringraziando la Divina Maestà della felice condotta dell ' Atto della Fede, e del glorioso Trionfo riportato de ' Sagrilegi spregiatori della Cattolica Religione.
21-1	3226-3236	Sacramento	
21-2	3236-3237	;	
21-3	3238-3250	ringraziando	
21-4	3251-3253	la	
21-5	3254-3260	Divina	
21-6	3261-3267	Maestà	
21-7	3268-3273	della	
21-8	3274-3280	felice	
21-9	3281-3289	condotta	
21-10	3290-3294	dell	
21-11	3295-3296	'	
21-12	3297-3301	Atto	
21-13	3302-3307	della	
21-14	3308-3312	Fede	
21-15	3312-3313	,	
21-16	3314-3315	e	
21-17	3316-3319	del	
21-18	3320-3328	glorioso	
21-19	3329-3336	Trionfo	
21-20	3337-3346	riportato	
21-21	3347-3349	de	
21-22	3350-3351	'	
21-23	3352-3361	Sagrilegi	
21-24	3362-3373	spregiatori	
21-25	3374-3379	della	
21-26	3380-3389	Cattolica	
21-27	3390-3399	Religione	
21-28	3399-3400	.	

#Text=Passaron poi alla Cappella di S.
22-1	3401-3409	Passaron	
22-2	3410-3413	poi	
22-3	3414-3418	alla	
22-4	3419-3427	Cappella	
22-5	3428-3430	di	
22-6	3431-3432	S	
22-7	3432-3433	.	

#Text=Rosalia, ove fecero lo stesso; ed uscirono dalla Porta Settentrionale di rimpetto alla Badia Nuova: Arrivati alla ferrata del portico di essa Porta, si licenziarono gl ' Inquisitori dal Senato, entrando nella carrozza del Vicerè ivi preparata; deponendo prima le berrette, e ripigliando i cappelli: e con essoloro andò al il Pro-Fiscale.
23-1	3434-3441	Rosalia	
23-2	3441-3442	,	
23-3	3443-3446	ove	
23-4	3447-3453	fecero	
23-5	3454-3456	lo	
23-6	3457-3463	stesso	
23-7	3463-3464	;	
23-8	3465-3467	ed	
23-9	3468-3476	uscirono	
23-10	3477-3482	dalla	
23-11	3483-3488	Porta	
23-12	3489-3503	Settentrionale	
23-13	3504-3506	di	
23-14	3507-3515	rimpetto	
23-15	3516-3520	alla	
23-16	3521-3526	Badia	
23-17	3527-3532	Nuova	
23-18	3532-3533	:	
23-19	3534-3542	Arrivati	
23-20	3543-3547	alla	
23-21	3548-3555	ferrata	
23-22	3556-3559	del	
23-23	3560-3567	portico	
23-24	3568-3570	di	
23-25	3571-3575	essa	
23-26	3576-3581	Porta	
23-27	3581-3582	,	
23-28	3583-3585	si	
23-29	3586-3598	licenziarono	
23-30	3599-3601	gl	
23-31	3602-3603	'	
23-32	3604-3615	Inquisitori	
23-33	3616-3619	dal	
23-34	3620-3626	Senato	
23-35	3626-3627	,	
23-36	3628-3636	entrando	
23-37	3637-3642	nella	
23-38	3643-3651	carrozza	
23-39	3652-3655	del	
23-40	3656-3662	Vicerè	
23-41	3663-3666	ivi	
23-42	3667-3676	preparata	
23-43	3676-3677	;	
23-44	3678-3687	deponendo	
23-45	3688-3693	prima	
23-46	3694-3696	le	
23-47	3697-3705	berrette	
23-48	3705-3706	,	
23-49	3707-3708	e	
23-50	3709-3720	ripigliando	
23-51	3721-3722	i	
23-52	3723-3731	cappelli	
23-53	3731-3732	:	
23-54	3733-3734	e	
23-55	3735-3738	con	
23-56	3739-3747	essoloro	
23-57	3748-3752	andò	
23-58	3753-3755	al	
23-59	3756-3758	il	
23-60	3759-3770	Pro-Fiscale	
23-61	3770-3771	.	

#Text=Per la strada del Cassaro a dirittura si portarono al loro Palazzo del Sant ' Uffizio; precedendo gli Alabardieri del Vicerè.
24-1	3772-3775	Per	
24-2	3776-3778	la	
24-3	3779-3785	strada	
24-4	3786-3789	del	
24-5	3790-3797	Cassaro	
24-6	3798-3799	a	
24-7	3800-3809	dirittura	
24-8	3810-3812	si	
24-9	3813-3822	portarono	
24-10	3823-3825	al	
24-11	3826-3830	loro	
24-12	3831-3838	Palazzo	
24-13	3839-3842	del	
24-14	3843-3847	Sant	
24-15	3848-3849	'	
24-16	3850-3857	Uffizio	
24-17	3857-3858	;	
24-18	3859-3869	precedendo	
24-19	3870-3873	gli	
24-20	3874-3885	Alabardieri	
24-21	3886-3889	del	
24-22	3890-3896	Vicerè	
24-23	3896-3897	.	

#Text=Partiti gl ' Inquisitori, anche il Senato entrò nella sua carrozza, e co ' suoi Uffiziali in appresso s ' incamminò verso il Baluardo dello Spasimo per veder l ' ultimo atto della tragica azione degli Ostinati, che dovea finir col fuoco.
25-1	3898-3905	Partiti	
25-2	3906-3908	gl	
25-3	3909-3910	'	
25-4	3911-3922	Inquisitori	
25-5	3922-3923	,	
25-6	3924-3929	anche	
25-7	3930-3932	il	
25-8	3933-3939	Senato	
25-9	3940-3945	entrò	
25-10	3946-3951	nella	
25-11	3952-3955	sua	
25-12	3956-3964	carrozza	
25-13	3964-3965	,	
25-14	3966-3967	e	
25-15	3968-3970	co	
25-16	3971-3972	'	
25-17	3973-3977	suoi	
25-18	3978-3987	Uffiziali	
25-19	3988-3990	in	
25-20	3991-3999	appresso	
25-21	4000-4001	s	
25-22	4002-4003	'	
25-23	4004-4013	incamminò	
25-24	4014-4019	verso	
25-25	4020-4022	il	
25-26	4023-4031	Baluardo	
25-27	4032-4037	dello	
25-28	4038-4045	Spasimo	
25-29	4046-4049	per	
25-30	4050-4055	veder	
25-31	4056-4057	l	
25-32	4058-4059	'	
25-33	4060-4066	ultimo	
25-34	4067-4071	atto	
25-35	4072-4077	della	
25-36	4078-4085	tragica	
25-37	4086-4092	azione	
25-38	4093-4098	degli	
25-39	4099-4107	Ostinati	
25-40	4107-4108	,	
25-41	4109-4112	che	
25-42	4113-4118	dovea	
25-43	4119-4124	finir	
25-44	4125-4128	col	
25-45	4129-4134	fuoco	
25-46	4134-4135	.	

#Text=Arrivati al baluardo, ad ore 23 e mezza, il Senato con gli Uffiziali si assise in una parte del palco ivi eretto; e in altra parte vi fu la Principessa Moglie del Pretore, con molte Dame invitate.
26-1	4136-4144	Arrivati	
26-2	4145-4147	al	
26-3	4148-4156	baluardo	
26-4	4156-4157	,	
26-5	4158-4160	ad	
26-6	4161-4164	ore	
26-7	4165-4167	23	
26-8	4168-4169	e	
26-9	4170-4175	mezza	
26-10	4175-4176	,	
26-11	4177-4179	il	
26-12	4180-4186	Senato	
26-13	4187-4190	con	
26-14	4191-4194	gli	
26-15	4195-4204	Uffiziali	
26-16	4205-4207	si	
26-17	4208-4214	assise	
26-18	4215-4217	in	
26-19	4218-4221	una	
26-20	4222-4227	parte	
26-21	4228-4231	del	
26-22	4232-4237	palco	
26-23	4238-4241	ivi	
26-24	4242-4248	eretto	
26-25	4248-4249	;	
26-26	4250-4251	e	
26-27	4252-4254	in	
26-28	4255-4260	altra	
26-29	4261-4266	parte	
26-30	4267-4269	vi	
26-31	4270-4272	fu	
26-32	4273-4275	la	
26-33	4276-4287	Principessa	
26-34	4288-4294	Moglie	
26-35	4295-4298	del	
26-36	4299-4306	Pretore	
26-37	4306-4307	,	
26-38	4308-4311	con	
26-39	4312-4317	molte	
26-40	4318-4322	Dame	
26-41	4323-4331	invitate	
26-42	4331-4332	.	

#Text=L ' arrivo fu opportuno, in tempo, che i carri de ' Rei eran già arrivati in poca distanza dello steccato: e fra tanto si passò un copioso rinfresco.
27-1	4333-4334	L	
27-2	4335-4336	'	
27-3	4337-4343	arrivo	
27-4	4344-4346	fu	
27-5	4347-4356	opportuno	
27-6	4356-4357	,	
27-7	4358-4360	in	
27-8	4361-4366	tempo	
27-9	4366-4367	,	
27-10	4368-4371	che	
27-11	4372-4373	i	
27-12	4374-4379	carri	
27-13	4380-4382	de	
27-14	4383-4384	'	
27-15	4385-4388	Rei	
27-16	4389-4393	eran	
27-17	4394-4397	già	
27-18	4398-4406	arrivati	
27-19	4407-4409	in	
27-20	4410-4414	poca	
27-21	4415-4423	distanza	
27-22	4424-4429	dello	
27-23	4430-4438	steccato	
27-24	4438-4439	:	
27-25	4440-4441	e	
27-26	4442-4445	fra	
27-27	4446-4451	tanto	
27-28	4452-4454	si	
27-29	4455-4460	passò	
27-30	4461-4463	un	
27-31	4464-4471	copioso	
27-32	4472-4481	rinfresco	
27-33	4481-4482	.	

#Text=Nello stesso tempo, che gl ' Inquisitori, e Senato diedero la mossa per uscir del Teatro, la Congregazione della Pescagione riordinata in Processione, s ' incamminò per riportar la Croce Verde, e li Rei assoluti al Palazzo del Sant ' Uffizio.
28-1	4483-4488	Nello	
28-2	4489-4495	stesso	
28-3	4496-4501	tempo	
28-4	4501-4502	,	
28-5	4503-4506	che	
28-6	4507-4509	gl	
28-7	4510-4511	'	
28-8	4512-4523	Inquisitori	
28-9	4523-4524	,	
28-10	4525-4526	e	
28-11	4527-4533	Senato	
28-12	4534-4541	diedero	
28-13	4542-4544	la	
28-14	4545-4550	mossa	
28-15	4551-4554	per	
28-16	4555-4560	uscir	
28-17	4561-4564	del	
28-18	4565-4571	Teatro	
28-19	4571-4572	,	
28-20	4573-4575	la	
28-21	4576-4589	Congregazione	
28-22	4590-4595	della	
28-23	4596-4606	Pescagione	
28-24	4607-4617	riordinata	
28-25	4618-4620	in	
28-26	4621-4632	Processione	
28-27	4632-4633	,	
28-28	4634-4635	s	
28-29	4636-4637	'	
28-30	4638-4647	incamminò	
28-31	4648-4651	per	
28-32	4652-4660	riportar	
28-33	4661-4663	la	
28-34	4664-4669	Croce	
28-35	4670-4675	Verde	
28-36	4675-4676	,	
28-37	4677-4678	e	
28-38	4679-4681	li	
28-39	4682-4685	Rei	
28-40	4686-4694	assoluti	
28-41	4695-4697	al	
28-42	4698-4705	Palazzo	
28-43	4706-4709	del	
28-44	4710-4714	Sant	
28-45	4715-4716	'	
28-46	4717-4724	Uffizio	
28-47	4724-4725	.	

#Text=Precedettero i Portieri del Tribunale: indi lo Stendardo Verde della Congregazione, e in appresso la Croce della Parrocchia di S.
29-1	4726-4738	Precedettero	
29-2	4739-4740	i	
29-3	4741-4749	Portieri	
29-4	4750-4753	del	
29-5	4754-4763	Tribunale	
29-6	4763-4764	:	
29-7	4765-4769	indi	
29-8	4770-4772	lo	
29-9	4773-4782	Stendardo	
29-10	4783-4788	Verde	
29-11	4789-4794	della	
29-12	4795-4808	Congregazione	
29-13	4808-4809	,	
29-14	4810-4811	e	
29-15	4812-4814	in	
29-16	4815-4823	appresso	
29-17	4824-4826	la	
29-18	4827-4832	Croce	
29-19	4833-4838	della	
29-20	4839-4849	Parrocchia	
29-21	4850-4852	di	
29-22	4853-4854	S	
29-23	4854-4855	.	

#Text=Niccolò la Calza, colla Croce svelata.
30-1	4856-4863	Niccolò	
30-2	4864-4866	la	
30-3	4867-4872	Calza	
30-4	4872-4873	,	
30-5	4874-4879	colla	
30-6	4880-4885	Croce	
30-7	4886-4893	svelata	
30-8	4893-4894	.	

#Text=Seguirono i Fratelli della Congregazione, parte de ' quali andarono due a due con torce accese alle mani, altri si applicarono alla custodia de ' Rei, che seguivano colle candele accese; custoditi ancora da altri Portieri, e Familiari del Sant ' Uffizio: Indi succedeano i Preti con torce accese, e in ultimo la Croce Verde disvelata, che era portata dal detto Padre D.
31-1	4895-4904	Seguirono	
31-2	4905-4906	i	
31-3	4907-4915	Fratelli	
31-4	4916-4921	della	
31-5	4922-4935	Congregazione	
31-6	4935-4936	,	
31-7	4937-4942	parte	
31-8	4943-4945	de	
31-9	4946-4947	'	
31-10	4948-4953	quali	
31-11	4954-4962	andarono	
31-12	4963-4966	due	
31-13	4967-4968	a	
31-14	4969-4972	due	
31-15	4973-4976	con	
31-16	4977-4982	torce	
31-17	4983-4989	accese	
31-18	4990-4994	alle	
31-19	4995-4999	mani	
31-20	4999-5000	,	
31-21	5001-5006	altri	
31-22	5007-5009	si	
31-23	5010-5021	applicarono	
31-24	5022-5026	alla	
31-25	5027-5035	custodia	
31-26	5036-5038	de	
31-27	5039-5040	'	
31-28	5041-5044	Rei	
31-29	5044-5045	,	
31-30	5046-5049	che	
31-31	5050-5059	seguivano	
31-32	5060-5065	colle	
31-33	5066-5073	candele	
31-34	5074-5080	accese	
31-35	5080-5081	;	
31-36	5082-5091	custoditi	
31-37	5092-5098	ancora	
31-38	5099-5101	da	
31-39	5102-5107	altri	
31-40	5108-5116	Portieri	
31-41	5116-5117	,	
31-42	5118-5119	e	
31-43	5120-5129	Familiari	
31-44	5130-5133	del	
31-45	5134-5138	Sant	
31-46	5139-5140	'	
31-47	5141-5148	Uffizio	
31-48	5148-5149	:	
31-49	5150-5154	Indi	
31-50	5155-5165	succedeano	
31-51	5166-5167	i	
31-52	5168-5173	Preti	
31-53	5174-5177	con	
31-54	5178-5183	torce	
31-55	5184-5190	accese	
31-56	5190-5191	,	
31-57	5192-5193	e	
31-58	5194-5196	in	
31-59	5197-5203	ultimo	
31-60	5204-5206	la	
31-61	5207-5212	Croce	
31-62	5213-5218	Verde	
31-63	5219-5228	disvelata	
31-64	5228-5229	,	
31-65	5230-5233	che	
31-66	5234-5237	era	
31-67	5238-5245	portata	
31-68	5246-5249	dal	
31-69	5250-5255	detto	
31-70	5256-5261	Padre	
31-71	5262-5263	D	
31-72	5263-5264	.	

#Text=Placido Vanni senza superpelliccia, ma nel suo abito Religioso.
32-1	5265-5272	Placido	
32-2	5273-5278	Vanni	
32-3	5279-5284	senza	
32-4	5285-5299	superpelliccia	
32-5	5299-5300	,	
32-6	5301-5303	ma	
32-7	5304-5307	nel	
32-8	5308-5311	suo	
32-9	5312-5317	abito	
32-10	5318-5327	Religioso	
32-11	5327-5328	.	

#Text=S ' avviò la Processione per lo Cassaro sino al palazzo del Tribunale: e saliti sopra, furono i Penitenti Rei riconsegnati all ' Alcaide del S.
33-1	5329-5330	S	
33-2	5331-5332	'	
33-3	5333-5338	avviò	
33-4	5339-5341	la	
33-5	5342-5353	Processione	
33-6	5354-5357	per	
33-7	5358-5360	lo	
33-8	5361-5368	Cassaro	
33-9	5369-5373	sino	
33-10	5374-5376	al	
33-11	5377-5384	palazzo	
33-12	5385-5388	del	
33-13	5389-5398	Tribunale	
33-14	5398-5399	:	
33-15	5400-5401	e	
33-16	5402-5408	saliti	
33-17	5409-5414	sopra	
33-18	5414-5415	,	
33-19	5416-5422	furono	
33-20	5423-5424	i	
33-21	5425-5434	Penitenti	
33-22	5435-5438	Rei	
33-23	5439-5451	riconsegnati	
33-24	5452-5455	all	
33-25	5456-5457	'	
33-26	5458-5465	Alcaide	
33-27	5466-5469	del	
33-28	5470-5471	S	
33-29	5471-5472	.	

#Text=Uffizio: rinserrati altra volta nelle carceri secrete, per pagar poi la pena ad ognun di essi prescritta dagl ' Inquisitori, secondo il merito della loro causa.
34-1	5473-5480	Uffizio	
34-2	5480-5481	:	
34-3	5482-5492	rinserrati	
34-4	5493-5498	altra	
34-5	5499-5504	volta	
34-6	5505-5510	nelle	
34-7	5511-5518	carceri	
34-8	5519-5526	secrete	
34-9	5526-5527	,	
34-10	5528-5531	per	
34-11	5532-5537	pagar	
34-12	5538-5541	poi	
34-13	5542-5544	la	
34-14	5545-5549	pena	
34-15	5550-5552	ad	
34-16	5553-5558	ognun	
34-17	5559-5561	di	
34-18	5562-5566	essi	
34-19	5567-5577	prescritta	
34-20	5578-5582	dagl	
34-21	5583-5584	'	
34-22	5585-5596	Inquisitori	
34-23	5596-5597	,	
34-24	5598-5605	secondo	
34-25	5606-5608	il	
34-26	5609-5615	merito	
34-27	5616-5621	della	
34-28	5622-5626	loro	
34-29	5627-5632	causa	
34-30	5632-5633	.	

#Text=I Fratelli però della Congregazione s ' avanzarono sino alla Cappella, ove eran già arrivati gli Inquisitori, che all ' apparir della Santa Croce, si posero genuflessi: e il P.
35-1	5634-5635	I	
35-2	5636-5644	Fratelli	
35-3	5645-5649	però	
35-4	5650-5655	della	
35-5	5656-5669	Congregazione	
35-6	5670-5671	s	
35-7	5672-5673	'	
35-8	5674-5684	avanzarono	
35-9	5685-5689	sino	
35-10	5690-5694	alla	
35-11	5695-5703	Cappella	
35-12	5703-5704	,	
35-13	5705-5708	ove	
35-14	5709-5713	eran	
35-15	5714-5717	già	
35-16	5718-5726	arrivati	
35-17	5727-5730	gli	
35-18	5731-5742	Inquisitori	
35-19	5742-5743	,	
35-20	5744-5747	che	
35-21	5748-5751	all	
35-22	5752-5753	'	
35-23	5754-5761	apparir	
35-24	5762-5767	della	
35-25	5768-5773	Santa	
35-26	5774-5779	Croce	
35-27	5779-5780	,	
35-28	5781-5783	si	
35-29	5784-5790	posero	
35-30	5791-5801	genuflessi	
35-31	5801-5802	:	
35-32	5803-5804	e	
35-33	5805-5807	il	
35-34	5808-5809	P	
35-35	5809-5810	.	

#Text=D.
36-1	5811-5812	D	
36-2	5812-5813	.	

#Text=Placido la depose a piè dell ' Altare; collocata poi con gran riverenza sullo stesso Altare.
37-1	5814-5821	Placido	
37-2	5822-5824	la	
37-3	5825-5831	depose	
37-4	5832-5833	a	
37-5	5834-5837	piè	
37-6	5838-5842	dell	
37-7	5843-5844	'	
37-8	5845-5851	Altare	
37-9	5851-5852	;	
37-10	5853-5862	collocata	
37-11	5863-5866	poi	
37-12	5867-5870	con	
37-13	5871-5875	gran	
37-14	5876-5885	riverenza	
37-15	5886-5891	sullo	
37-16	5892-5898	stesso	
37-17	5899-5905	Altare	
37-18	5905-5906	.	

#Text=Indi recitate alcune orazioni, tutti si alzarono, e gl ' Inquisitori resero cortesemente le grazie al Padre Vanni, e a ' Fratelli della Congregazione, per le tante fatiche sostenute in servizio del S.
38-1	5907-5911	Indi	
38-2	5912-5920	recitate	
38-3	5921-5927	alcune	
38-4	5928-5936	orazioni	
38-5	5936-5937	,	
38-6	5938-5943	tutti	
38-7	5944-5946	si	
38-8	5947-5955	alzarono	
38-9	5955-5956	,	
38-10	5957-5958	e	
38-11	5959-5961	gl	
38-12	5962-5963	'	
38-13	5964-5975	Inquisitori	
38-14	5976-5982	resero	
38-15	5983-5995	cortesemente	
38-16	5996-5998	le	
38-17	5999-6005	grazie	
38-18	6006-6008	al	
38-19	6009-6014	Padre	
38-20	6015-6020	Vanni	
38-21	6020-6021	,	
38-22	6022-6023	e	
38-23	6024-6025	a	
38-24	6026-6027	'	
38-25	6028-6036	Fratelli	
38-26	6037-6042	della	
38-27	6043-6056	Congregazione	
38-28	6056-6057	,	
38-29	6058-6061	per	
38-30	6062-6064	le	
38-31	6065-6070	tante	
38-32	6071-6078	fatiche	
38-33	6079-6088	sostenute	
38-34	6089-6091	in	
38-35	6092-6100	servizio	
38-36	6101-6104	del	
38-37	6105-6106	S	
38-38	6106-6107	.	

#Text=Tribunale.
39-1	6108-6117	Tribunale	
39-2	6117-6118	.	

#Text=Usciti dalla Cappella, il P.
40-1	6119-6125	Usciti	
40-2	6126-6131	dalla	
40-3	6132-6140	Cappella	
40-4	6140-6141	,	
40-5	6142-6144	il	
40-6	6145-6146	P	
40-7	6146-6147	.	

#Text=Vanni, e Preti partirono: la Congregazione però collo stesso ordine s ' incamminò verso il piano di S.
41-1	6148-6153	Vanni	
41-2	6153-6154	,	
41-3	6155-6156	e	
41-4	6157-6162	Preti	
41-5	6163-6172	partirono	
41-6	6172-6173	:	
41-7	6174-6176	la	
41-8	6177-6190	Congregazione	
41-9	6191-6195	però	
41-10	6196-6201	collo	
41-11	6202-6208	stesso	
41-12	6209-6215	ordine	
41-13	6216-6217	s	
41-14	6218-6219	'	
41-15	6220-6229	incamminò	
41-16	6230-6235	verso	
41-17	6236-6238	il	
41-18	6239-6244	piano	
41-19	6245-6247	di	
41-20	6248-6249	S	
41-21	6249-6250	.	

#Text=Erasimo, e s ' avanzò verso lo steccato, per assistere al funesto Spettacolo de ' Rei ostinati, e ripigliar poi la sua Croce Bianca.
42-1	6251-6258	Erasimo	
42-2	6258-6259	,	
42-3	6260-6261	e	
42-4	6262-6263	s	
42-5	6264-6265	'	
42-6	6266-6272	avanzò	
42-7	6273-6278	verso	
42-8	6279-6281	lo	
42-9	6282-6290	steccato	
42-10	6290-6291	,	
42-11	6292-6295	per	
42-12	6296-6305	assistere	
42-13	6306-6308	al	
42-14	6309-6316	funesto	
42-15	6317-6327	Spettacolo	
42-16	6328-6330	de	
42-17	6331-6332	'	
42-18	6333-6336	Rei	
42-19	6337-6345	ostinati	
42-20	6345-6346	,	
42-21	6347-6348	e	
42-22	6349-6358	ripigliar	
42-23	6359-6362	poi	
42-24	6363-6365	la	
42-25	6366-6369	sua	
42-26	6370-6375	Croce	
42-27	6376-6382	Bianca	
42-28	6382-6383	.	

#Text=CAPITOLO DECIMOSESTO.
43-1	6386-6394	CAPITOLO	
43-2	6395-6406	DECIMOSESTO	
43-3	6406-6407	.	

#Text=Esecuzione della Sentenza contro gli ostinati Rei.
44-1	6408-6418	Esecuzione	
44-2	6419-6424	della	
44-3	6425-6433	Sentenza	
44-4	6434-6440	contro	
44-5	6441-6444	gli	
44-6	6445-6453	ostinati	
44-7	6454-6457	Rei	
44-8	6457-6458	.	

#Text=Ma tempo è già di chiuder questa narrazione col racconto del fine deplorabile de ' due Rei, che colla loro inflessibile durezza si tiraron sul capo il meritato gastigo.
45-1	6462-6464	Ma	
45-2	6465-6470	tempo	
45-3	6471-6472	è	
45-4	6473-6476	già	
45-5	6477-6479	di	
45-6	6480-6487	chiuder	
45-7	6488-6494	questa	
45-8	6495-6505	narrazione	
45-9	6506-6509	col	
45-10	6510-6518	racconto	
45-11	6519-6522	del	
45-12	6523-6527	fine	
45-13	6528-6539	deplorabile	
45-14	6540-6542	de	
45-15	6543-6544	'	
45-16	6545-6548	due	
45-17	6549-6552	Rei	
45-18	6552-6553	,	
45-19	6554-6557	che	
45-20	6558-6563	colla	
45-21	6564-6568	loro	
45-22	6569-6581	inflessibile	
45-23	6582-6589	durezza	
45-24	6590-6592	si	
45-25	6593-6600	tiraron	
45-26	6601-6604	sul	
45-27	6605-6609	capo	
45-28	6610-6612	il	
45-29	6613-6621	meritato	
45-30	6622-6629	gastigo	
45-31	6629-6630	.	

#Text=Essi consegnati dalla Corte Capitaniale a ' Ministri della Giustizia, e a ' Fratelli della Pescagione, furono estratti dalla stanza, ove s ' era pronunziata la loro sentenza.
46-1	6631-6635	Essi	
46-2	6636-6646	consegnati	
46-3	6647-6652	dalla	
46-4	6653-6658	Corte	
46-5	6659-6670	Capitaniale	
46-6	6671-6672	a	
46-7	6673-6674	'	
46-8	6675-6683	Ministri	
46-9	6684-6689	della	
46-10	6690-6699	Giustizia	
46-11	6699-6700	,	
46-12	6701-6702	e	
46-13	6703-6704	a	
46-14	6705-6706	'	
46-15	6707-6715	Fratelli	
46-16	6716-6721	della	
46-17	6722-6732	Pescagione	
46-18	6732-6733	,	
46-19	6734-6740	furono	
46-20	6741-6749	estratti	
46-21	6750-6755	dalla	
46-22	6756-6762	stanza	
46-23	6762-6763	,	
46-24	6764-6767	ove	
46-25	6768-6769	s	
46-26	6770-6771	'	
46-27	6772-6775	era	
46-28	6776-6787	pronunziata	
46-29	6788-6790	la	
46-30	6791-6795	loro	
46-31	6796-6804	sentenza	
46-32	6804-6805	.	

#Text=Fu fatta salire sopra d ' un carro tirato da ' buoi Suor Geltruda sull ' uscir della stanza: il Carnefice la legò al palo, sopra di esso già preparato.
47-1	6806-6808	Fu	
47-2	6809-6814	fatta	
47-3	6815-6821	salire	
47-4	6822-6827	sopra	
47-5	6828-6829	d	
47-6	6830-6831	'	
47-7	6832-6834	un	
47-8	6835-6840	carro	
47-9	6841-6847	tirato	
47-10	6848-6850	da	
47-11	6851-6852	'	
47-12	6853-6857	buoi	
47-13	6858-6862	Suor	
47-14	6863-6871	Geltruda	
47-15	6872-6876	sull	
47-16	6877-6878	'	
47-17	6879-6884	uscir	
47-18	6885-6890	della	
47-19	6891-6897	stanza	
47-20	6897-6898	:	
47-21	6899-6901	il	
47-22	6902-6911	Carnefice	
47-23	6912-6914	la	
47-24	6915-6919	legò	
47-25	6920-6922	al	
47-26	6923-6927	palo	
47-27	6927-6928	,	
47-28	6929-6934	sopra	
47-29	6935-6937	di	
47-30	6938-6942	esso	
47-31	6943-6946	già	
47-32	6947-6956	preparato	
47-33	6956-6957	.	

#Text=Fra Romualdo s ' incamminò a piedi, e così passò per la strada della Badia Nuova, e per lo Monastero de ' Sett ' Angioli, ove poco appresso la Chiesa si trovò altro carro con due buoi, ed in esso salì l ' Infelice, legato colle mani addietro ad altro palo.
48-1	6958-6961	Fra	
48-2	6962-6970	Romualdo	
48-3	6971-6972	s	
48-4	6973-6974	'	
48-5	6975-6984	incamminò	
48-6	6985-6986	a	
48-7	6987-6992	piedi	
48-8	6992-6993	,	
48-9	6994-6995	e	
48-10	6996-7000	così	
48-11	7001-7006	passò	
48-12	7007-7010	per	
48-13	7011-7013	la	
48-14	7014-7020	strada	
48-15	7021-7026	della	
48-16	7027-7032	Badia	
48-17	7033-7038	Nuova	
48-18	7038-7039	,	
48-19	7040-7041	e	
48-20	7042-7045	per	
48-21	7046-7048	lo	
48-22	7049-7058	Monastero	
48-23	7059-7061	de	
48-24	7062-7063	'	
48-25	7064-7068	Sett	
48-26	7069-7070	'	
48-27	7071-7078	Angioli	
48-28	7078-7079	,	
48-29	7080-7083	ove	
48-30	7084-7088	poco	
48-31	7089-7097	appresso	
48-32	7098-7100	la	
48-33	7101-7107	Chiesa	
48-34	7108-7110	si	
48-35	7111-7116	trovò	
48-36	7117-7122	altro	
48-37	7123-7128	carro	
48-38	7129-7132	con	
48-39	7133-7136	due	
48-40	7137-7141	buoi	
48-41	7141-7142	,	
48-42	7143-7145	ed	
48-43	7146-7148	in	
48-44	7149-7153	esso	
48-45	7154-7158	salì	
48-46	7159-7160	l	
48-47	7161-7162	'	
48-48	7163-7171	Infelice	
48-49	7171-7172	,	
48-50	7173-7179	legato	
48-51	7180-7185	colle	
48-52	7186-7190	mani	
48-53	7191-7199	addietro	
48-54	7200-7202	ad	
48-55	7203-7208	altro	
48-56	7209-7213	palo	
48-57	7213-7214	.	
