#FORMAT=WebAnno TSV 3.3


#Text=' IL BRODO. ' 
#Text=
#Text=Zuppa fredda, guerra aperta.
#Text=
#Text=1. ' Maniera di fare il brodo colla carne. ' — Se volete che il brodo diventi buono dovete mettere al fuoco la carne nell’acqua fredda.
1-1	0-1	'	
1-2	2-4	IL	
1-3	5-10	BRODO	
1-4	10-11	.	
1-5	12-13	'	
1-6	16-21	Zuppa	
1-7	22-28	fredda	
1-8	28-29	,	
1-9	30-36	guerra	
1-10	37-43	aperta	
1-11	43-44	.	
1-12	46-47	1	
1-13	47-48	.	
1-14	49-50	'	
1-15	51-58	Maniera	
1-16	59-61	di	
1-17	62-66	fare	
1-18	67-69	il	
1-19	70-75	brodo	
1-20	76-81	colla	
1-21	82-87	carne	
1-22	87-88	.	
1-23	89-90	'	
1-24	91-92	—	
1-25	93-95	Se	
1-26	96-102	volete	
1-27	103-106	che	
1-28	107-109	il	
1-29	110-115	brodo	
1-30	116-123	diventi	
1-31	124-129	buono	
1-32	130-136	dovete	
1-33	137-144	mettere	
1-34	145-147	al	
1-35	148-153	fuoco	
1-36	154-156	la	
1-37	157-162	carne	
1-38	163-167	nell	
1-39	167-168	’	
1-40	168-173	acqua	
1-41	174-180	fredda	
1-42	180-181	.	

#Text=Se gradite invece che resti più saporita la carne, date la preferenza all’acqua bollente.
2-1	182-184	Se	
2-2	185-192	gradite	
2-3	193-199	invece	
2-4	200-203	che	
2-5	204-209	resti	
2-6	210-213	più	
2-7	214-222	saporita	
2-8	223-225	la	
2-9	226-231	carne	
2-10	231-232	,	
2-11	233-237	date	
2-12	238-240	la	
2-13	241-251	preferenza	
2-14	252-255	all	
2-15	255-256	’	
2-16	256-261	acqua	
2-17	262-270	bollente	
2-18	270-271	.	

#Text=Ricordatevi di lavare sempre bene la carne ma di non lasciarla mai giacere nell’acqua.
3-1	273-284	Ricordatevi	
3-2	285-287	di	
3-3	288-294	lavare	
3-4	295-301	sempre	
3-5	302-306	bene	
3-6	307-309	la	
3-7	310-315	carne	
3-8	316-318	ma	
3-9	319-321	di	
3-10	322-325	non	
3-11	326-335	lasciarla	
3-12	336-339	mai	
3-13	340-347	giacere	
3-14	348-352	nell	
3-15	352-353	’	
3-16	353-358	acqua	
3-17	358-359	.	

#Text=Mezzo chilogramma di manzo (compresi gli ossi) vi basterà per fare 3 litri di brodo tanto più se vi aggiungerete delle verdure, come due cipolle, una carota (rapa gialla) una piccola radice di sedano, un pezzo di porro, un po’ di prezzemolo.
4-1	360-365	Mezzo	
4-2	366-377	chilogramma	
4-3	378-380	di	
4-4	381-386	manzo	
4-5	387-388	(	
4-6	388-396	compresi	
4-7	397-400	gli	
4-8	401-405	ossi	
4-9	405-406	)	
4-10	407-409	vi	
4-11	410-417	basterà	
4-12	418-421	per	
4-13	422-426	fare	
4-14	427-428	3	
4-15	429-434	litri	
4-16	435-437	di	
4-17	438-443	brodo	
4-18	444-449	tanto	
4-19	450-453	più	
4-20	454-456	se	
4-21	457-459	vi	
4-22	460-472	aggiungerete	
4-23	473-478	delle	
4-24	479-486	verdure	
4-25	486-487	,	
4-26	488-492	come	
4-27	493-496	due	
4-28	497-504	cipolle	
4-29	504-505	,	
4-30	506-509	una	
4-31	510-516	carota	
4-32	517-518	(	
4-33	518-522	rapa	
4-34	523-529	gialla	
4-35	529-530	)	
4-36	531-534	una	
4-37	535-542	piccola	
4-38	543-549	radice	
4-39	550-552	di	
4-40	553-559	sedano	
4-41	559-560	,	
4-42	561-563	un	
4-43	564-569	pezzo	
4-44	570-572	di	
4-45	573-578	porro	
4-46	578-579	,	
4-47	580-582	un	
4-48	583-585	po	
4-49	585-586	’	
4-50	587-589	di	
4-51	590-600	prezzemolo	
4-52	600-601	.	

#Text=Siccome il composto deve bollire circa ore 2-2½, abbonderete coll’acqua calcolando la quantità che evapora, cioè un po’ meno del doppio (per avere 3 litri di brodo 5 litri d’acqua), e durante la cottura lo schiumerete con diligenza.
5-1	602-609	Siccome	
5-2	610-612	il	
5-3	613-621	composto	
5-4	622-626	deve	
5-5	627-634	bollire	
5-6	635-640	circa	
5-7	641-644	ore	
5-8	645-646	2	
5-9	646-647	-	
5-10	647-649	2½	
5-11	649-650	,	
5-12	651-662	abbonderete	
5-13	663-667	coll	
5-14	667-668	’	
5-15	668-673	acqua	
5-16	674-684	calcolando	
5-17	685-687	la	
5-18	688-696	quantità	
5-19	697-700	che	
5-20	701-708	evapora	
5-21	708-709	,	
5-22	710-714	cioè	
5-23	715-717	un	
5-24	718-720	po	
5-25	720-721	’	
5-26	722-726	meno	
5-27	727-730	del	
5-28	731-737	doppio	
5-29	738-739	(	
5-30	739-742	per	
5-31	743-748	avere	
5-32	749-750	3	
5-33	751-756	litri	
5-34	757-759	di	
5-35	760-765	brodo	
5-36	766-767	5	
5-37	768-773	litri	
5-38	774-775	d	
5-39	775-776	’	
5-40	776-781	acqua	
5-41	781-782	)	
5-42	782-783	,	
5-43	784-785	e	
5-44	786-793	durante	
5-45	794-796	la	
5-46	797-804	cottura	
5-47	805-807	lo	
5-48	808-819	schiumerete	
5-49	820-823	con	
5-50	824-833	diligenza	
5-51	833-834	.	

#Text=Se invece d’adoperarlo subito riporrete il brodo in luogo fresco, dopo qualche ora vi si formerà sopra una crostina di grasso che potrà benissimo servirvi per arrostire patate, polenta o altre cose.
6-1	835-837	Se	
6-2	838-844	invece	
6-3	845-846	d	
6-4	846-847	’	
6-5	847-857	adoperarlo	
6-6	858-864	subito	
6-7	865-874	riporrete	
6-8	875-877	il	
6-9	878-883	brodo	
6-10	884-886	in	
6-11	887-892	luogo	
6-12	893-899	fresco	
6-13	899-900	,	
6-14	901-905	dopo	
6-15	906-913	qualche	
6-16	914-917	ora	
6-17	918-920	vi	
6-18	921-923	si	
6-19	924-931	formerà	
6-20	932-937	sopra	
6-21	938-941	una	
6-22	942-950	crostina	
6-23	951-953	di	
6-24	954-960	grasso	
6-25	961-964	che	
6-26	965-970	potrà	
6-27	971-980	benissimo	
6-28	981-989	servirvi	
6-29	990-993	per	
6-30	994-1003	arrostire	
6-31	1004-1010	patate	
6-32	1010-1011	,	
6-33	1012-1019	polenta	
6-34	1020-1021	o	
6-35	1022-1027	altre	
6-36	1028-1032	cose	
6-37	1032-1033	.	

#Text=Se il manzo che avete comperato contiene molto grasso, leverete via una parte di questo per metterlo in un tegamino e, dopo averlo coperto di latte, ve lo lascierete sciogliere adagio onde servirvene poi per l’uso indicato sopra.
7-1	1035-1037	Se	
7-2	1038-1040	il	
7-3	1041-1046	manzo	
7-4	1047-1050	che	
7-5	1051-1056	avete	
7-6	1057-1066	comperato	
7-7	1067-1075	contiene	
7-8	1076-1081	molto	
7-9	1082-1088	grasso	
7-10	1088-1089	,	
7-11	1090-1098	leverete	
7-12	1099-1102	via	
7-13	1103-1106	una	
7-14	1107-1112	parte	
7-15	1113-1115	di	
7-16	1116-1122	questo	
7-17	1123-1126	per	
7-18	1127-1135	metterlo	
7-19	1136-1138	in	
7-20	1139-1141	un	
7-21	1142-1150	tegamino	
7-22	1151-1152	e	
7-23	1152-1153	,	
7-24	1154-1158	dopo	
7-25	1159-1165	averlo	
7-26	1166-1173	coperto	
7-27	1174-1176	di	
7-28	1177-1182	latte	
7-29	1182-1183	,	
7-30	1184-1186	ve	
7-31	1187-1189	lo	
7-32	1190-1200	lascierete	
7-33	1201-1211	sciogliere	
7-34	1212-1218	adagio	
7-35	1219-1223	onde	
7-36	1224-1234	servirvene	
7-37	1235-1238	poi	
7-38	1239-1242	per	
7-39	1243-1244	l	
7-40	1244-1245	’	
7-41	1245-1248	uso	
7-42	1249-1257	indicato	
7-43	1258-1263	sopra	
7-44	1263-1264	.	

#Text=Le parti migliori per fare il brodo sono il filetto, la costa e la coscia di manzo; quest’ultima è la più conveniente.
8-1	1266-1268	Le	
8-2	1269-1274	parti	
8-3	1275-1283	migliori	
8-4	1284-1287	per	
8-5	1288-1292	fare	
8-6	1293-1295	il	
8-7	1296-1301	brodo	
8-8	1302-1306	sono	
8-9	1307-1309	il	
8-10	1310-1317	filetto	
8-11	1317-1318	,	
8-12	1319-1321	la	
8-13	1322-1327	costa	
8-14	1328-1329	e	
8-15	1330-1332	la	
8-16	1333-1339	coscia	
8-17	1340-1342	di	
8-18	1343-1348	manzo	
8-19	1348-1349	;	
8-20	1350-1355	quest	
8-21	1355-1356	’	
8-22	1356-1362	ultima	
8-23	1363-1364	è	
8-24	1365-1367	la	
8-25	1368-1371	più	
8-26	1372-1383	conveniente	
8-27	1383-1384	.	

#Text=Gli ossi migliori per il brodo sono quelli del filetto.
9-1	1385-1388	Gli	
9-2	1389-1393	ossi	
9-3	1394-1402	migliori	
9-4	1403-1406	per	
9-5	1407-1409	il	
9-6	1410-1415	brodo	
9-7	1416-1420	sono	
9-8	1421-1427	quelli	
9-9	1428-1431	del	
9-10	1432-1439	filetto	
9-11	1439-1440	.	

#Text=Potete fare il brodo anche col castrato e col petto di vitello; col primo riesce ordinario, col secondo più delicato.
10-1	1441-1447	Potete	
10-2	1448-1452	fare	
10-3	1453-1455	il	
10-4	1456-1461	brodo	
10-5	1462-1467	anche	
10-6	1468-1471	col	
10-7	1472-1480	castrato	
10-8	1481-1482	e	
10-9	1483-1486	col	
10-10	1487-1492	petto	
10-11	1493-1495	di	
10-12	1496-1503	vitello	
10-13	1503-1504	;	
10-14	1505-1508	col	
10-15	1509-1514	primo	
10-16	1515-1521	riesce	
10-17	1522-1531	ordinario	
10-18	1531-1532	,	
10-19	1533-1536	col	
10-20	1537-1544	secondo	
10-21	1545-1548	più	
10-22	1549-1557	delicato	
10-23	1557-1558	.	

#Text=Il brodo di vitello si adopera in genere per gli ammalati.
11-1	1559-1561	Il	
11-2	1562-1567	brodo	
11-3	1568-1570	di	
11-4	1571-1578	vitello	
11-5	1579-1581	si	
11-6	1582-1589	adopera	
11-7	1590-1592	in	
11-8	1593-1599	genere	
11-9	1600-1603	per	
11-10	1604-1607	gli	
11-11	1608-1616	ammalati	
11-12	1616-1617	.	

#Text=Allo stesso scopo serve una vecchia gallina o un paio di vecchi piccioni.
12-1	1618-1622	Allo	
12-2	1623-1629	stesso	
12-3	1630-1635	scopo	
12-4	1636-1641	serve	
12-5	1642-1645	una	
12-6	1646-1653	vecchia	
12-7	1654-1661	gallina	
12-8	1662-1663	o	
12-9	1664-1666	un	
12-10	1667-1671	paio	
12-11	1672-1674	di	
12-12	1675-1681	vecchi	
12-13	1682-1690	piccioni	
12-14	1690-1691	.	

#Text=Il brodo va salato al momento di adoperarlo.
13-1	1692-1694	Il	
13-2	1695-1700	brodo	
13-3	1701-1703	va	
13-4	1704-1710	salato	
13-5	1711-1713	al	
13-6	1714-1721	momento	
13-7	1722-1724	di	
13-8	1725-1735	adoperarlo	
13-9	1735-1736	.	

#Text=In massima occorre mezzo litro di brodo per ogni persona.
14-1	1738-1740	In	
14-2	1741-1748	massima	
14-3	1749-1756	occorre	
14-4	1757-1762	mezzo	
14-5	1763-1768	litro	
14-6	1769-1771	di	
14-7	1772-1777	brodo	
14-8	1778-1781	per	
14-9	1782-1786	ogni	
14-10	1787-1794	persona	
14-11	1794-1795	.	

#Text=Iddio manda i cibi e i cuochi li manda il diavolo.
#Text=
#Text=2. ' Maniera di fare il brodo coll’estratto Liebig. ' — L’estratto Liebig, che è sugo di manzo condensato e che si compera in tutte le drogherie, può fornire un ottimo brodo e sostituire efficacemente quello del lesso.
15-1	1797-1802	Iddio	
15-2	1803-1808	manda	
15-3	1809-1810	i	
15-4	1811-1815	cibi	
15-5	1816-1817	e	
15-6	1818-1819	i	
15-7	1820-1826	cuochi	
15-8	1827-1829	li	
15-9	1830-1835	manda	
15-10	1836-1838	il	
15-11	1839-1846	diavolo	
15-12	1846-1847	.	
15-13	1849-1850	2	
15-14	1850-1851	.	
15-15	1852-1853	'	
15-16	1854-1861	Maniera	
15-17	1862-1864	di	
15-18	1865-1869	fare	
15-19	1870-1872	il	
15-20	1873-1878	brodo	
15-21	1879-1883	coll	
15-22	1883-1884	’	
15-23	1884-1892	estratto	
15-24	1893-1899	Liebig	
15-25	1899-1900	.	
15-26	1901-1902	'	
15-27	1903-1904	—	
15-28	1905-1906	L	
15-29	1906-1907	’	
15-30	1907-1915	estratto	
15-31	1916-1922	Liebig	
15-32	1922-1923	,	
15-33	1924-1927	che	
15-34	1928-1929	è	
15-35	1930-1934	sugo	
15-36	1935-1937	di	
15-37	1938-1943	manzo	
15-38	1944-1954	condensato	
15-39	1955-1956	e	
15-40	1957-1960	che	
15-41	1961-1963	si	
15-42	1964-1971	compera	
15-43	1972-1974	in	
15-44	1975-1980	tutte	
15-45	1981-1983	le	
15-46	1984-1993	drogherie	
15-47	1993-1994	,	
15-48	1995-1998	può	
15-49	1999-2006	fornire	
15-50	2007-2009	un	
15-51	2010-2016	ottimo	
15-52	2017-2022	brodo	
15-53	2023-2024	e	
15-54	2025-2035	sostituire	
15-55	2036-2049	efficacemente	
15-56	2050-2056	quello	
15-57	2057-2060	del	
15-58	2061-2066	lesso	
15-59	2066-2067	.	

#Text=Questo genere di brodo si prepara in pochi minuti, vantaggio anch’esso da non disprezzarsi.
16-1	2068-2074	Questo	
16-2	2075-2081	genere	
16-3	2082-2084	di	
16-4	2085-2090	brodo	
16-5	2091-2093	si	
16-6	2094-2101	prepara	
16-7	2102-2104	in	
16-8	2105-2110	pochi	
16-9	2111-2117	minuti	
16-10	2117-2118	,	
16-11	2119-2128	vantaggio	
16-12	2129-2133	anch	
16-13	2133-2134	’	
16-14	2134-2138	esso	
16-15	2139-2141	da	
16-16	2142-2145	non	
16-17	2146-2158	disprezzarsi	
16-18	2158-2159	.	

#Text=Mettete dunque al fuoco (per una persona) mezzo litro d’acqua con un pezzetto di burro della grossezza d’una piccola noce e quanto sta sulla punta di un coltello d’estratto Liebig, salate e lasciate bollire 10 minuti il composto prima di cuocervi il riso, il semolino, le paste, ecc. ecc.
17-1	2160-2167	Mettete	
17-2	2168-2174	dunque	
17-3	2175-2177	al	
17-4	2178-2183	fuoco	
17-5	2184-2185	(	
17-6	2185-2188	per	
17-7	2189-2192	una	
17-8	2193-2200	persona	
17-9	2200-2201	)	
17-10	2202-2207	mezzo	
17-11	2208-2213	litro	
17-12	2214-2215	d	
17-13	2215-2216	’	
17-14	2216-2221	acqua	
17-15	2222-2225	con	
17-16	2226-2228	un	
17-17	2229-2237	pezzetto	
17-18	2238-2240	di	
17-19	2241-2246	burro	
17-20	2247-2252	della	
17-21	2253-2262	grossezza	
17-22	2263-2264	d	
17-23	2264-2265	’	
17-24	2265-2268	una	
17-25	2269-2276	piccola	
17-26	2277-2281	noce	
17-27	2282-2283	e	
17-28	2284-2290	quanto	
17-29	2291-2294	sta	
17-30	2295-2300	sulla	
17-31	2301-2306	punta	
17-32	2307-2309	di	
17-33	2310-2312	un	
17-34	2313-2321	coltello	
17-35	2322-2323	d	
17-36	2323-2324	’	
17-37	2324-2332	estratto	
17-38	2333-2339	Liebig	
17-39	2339-2340	,	
17-40	2341-2347	salate	
17-41	2348-2349	e	
17-42	2350-2358	lasciate	
17-43	2359-2366	bollire	
17-44	2367-2369	10	
17-45	2370-2376	minuti	
17-46	2377-2379	il	
17-47	2380-2388	composto	
17-48	2389-2394	prima	
17-49	2395-2397	di	
17-50	2398-2406	cuocervi	
17-51	2407-2409	il	
17-52	2410-2414	riso	
17-53	2414-2415	,	
17-54	2416-2418	il	
17-55	2419-2427	semolino	
17-56	2427-2428	,	
17-57	2429-2431	le	
17-58	2432-2437	paste	
17-59	2437-2438	,	
17-60	2439-2442	ecc	
17-61	2442-2443	.	
17-62	2444-2447	ecc	
17-63	2447-2448	.	

#Text=Se vi aggiungerete un battutino di verdure (carote, cipolle, sedano, porri, prezzemolo ecc. ecc.) soffritto in un po’ di burro o di strutto bollenti, diluito con acqua fredda, e dopo breve bollitura passato da un colino, il brodo diverrà eccellente.
18-1	2449-2451	Se	
18-2	2452-2454	vi	
18-3	2455-2467	aggiungerete	
18-4	2468-2470	un	
18-5	2471-2480	battutino	
18-6	2481-2483	di	
18-7	2484-2491	verdure	
18-8	2492-2493	(	
18-9	2493-2499	carote	
18-10	2499-2500	,	
18-11	2501-2508	cipolle	
18-12	2508-2509	,	
18-13	2510-2516	sedano	
18-14	2516-2517	,	
18-15	2518-2523	porri	
18-16	2523-2524	,	
18-17	2525-2535	prezzemolo	
18-18	2536-2539	ecc	
18-19	2539-2540	.	
18-20	2541-2544	ecc	
18-21	2544-2545	.	
18-22	2545-2546	)	
18-23	2547-2556	soffritto	
18-24	2557-2559	in	
18-25	2560-2562	un	
18-26	2563-2565	po	
18-27	2565-2566	’	
18-28	2567-2569	di	
18-29	2570-2575	burro	
18-30	2576-2577	o	
18-31	2578-2580	di	
18-32	2581-2588	strutto	
18-33	2589-2597	bollenti	
18-34	2597-2598	,	
18-35	2599-2606	diluito	
18-36	2607-2610	con	
18-37	2611-2616	acqua	
18-38	2617-2623	fredda	
18-39	2623-2624	,	
18-40	2625-2626	e	
18-41	2627-2631	dopo	
18-42	2632-2637	breve	
18-43	2638-2647	bollitura	
18-44	2648-2655	passato	
18-45	2656-2658	da	
18-46	2659-2661	un	
18-47	2662-2668	colino	
18-48	2668-2669	,	
18-49	2670-2672	il	
18-50	2673-2678	brodo	
18-51	2679-2686	diverrà	
18-52	2687-2697	eccellente	
18-53	2697-2698	.	

#Text=All’estratto Liebig potete sostituire un cucchiaio o due di estratto Maggi o altro, purchè vi assicuriate che sia buono.
#Text=' Brodo scuro fatto col fegato di manzo. ' — Pestate bene con un coltello 100 gr. di fegato di manzo finch’è ridotto come una pappina e fatelo rosolare adagio in una piccola tegghia con un poco di burro o di strutto o di grasso proveniente da altro brodo (Vedi N.° 1), mezza cipolla pestata, mezza carota e un pezzo di radice di sedano tagliati a fette, un po’ di prezzemolo, se ne avete a disposizione.
19-1	2700-2703	All	
19-2	2703-2704	’	
19-3	2704-2712	estratto	
19-4	2713-2719	Liebig	
19-5	2720-2726	potete	
19-6	2727-2737	sostituire	
19-7	2738-2740	un	
19-8	2741-2750	cucchiaio	
19-9	2751-2752	o	
19-10	2753-2756	due	
19-11	2757-2759	di	
19-12	2760-2768	estratto	
19-13	2769-2774	Maggi	
19-14	2775-2776	o	
19-15	2777-2782	altro	
19-16	2782-2783	,	
19-17	2784-2790	purchè	
19-18	2791-2793	vi	
19-19	2794-2805	assicuriate	
19-20	2806-2809	che	
19-21	2810-2813	sia	
19-22	2814-2819	buono	
19-23	2819-2820	.	
19-24	2821-2822	'	
19-25	2823-2828	Brodo	
19-26	2829-2834	scuro	
19-27	2835-2840	fatto	
19-28	2841-2844	col	
19-29	2845-2851	fegato	
19-30	2852-2854	di	
19-31	2855-2860	manzo	
19-32	2860-2861	.	
19-33	2862-2863	'	
19-34	2864-2865	—	
19-35	2866-2873	Pestate	
19-36	2874-2878	bene	
19-37	2879-2882	con	
19-38	2883-2885	un	
19-39	2886-2894	coltello	
19-40	2895-2898	100	
19-41	2899-2901	gr	
19-42	2901-2902	.	
19-43	2903-2905	di	
19-44	2906-2912	fegato	
19-45	2913-2915	di	
19-46	2916-2921	manzo	
19-47	2922-2927	finch	
19-48	2927-2928	’	
19-49	2928-2929	è	
19-50	2930-2937	ridotto	
19-51	2938-2942	come	
19-52	2943-2946	una	
19-53	2947-2954	pappina	
19-54	2955-2956	e	
19-55	2957-2963	fatelo	
19-56	2964-2972	rosolare	
19-57	2973-2979	adagio	
19-58	2980-2982	in	
19-59	2983-2986	una	
19-60	2987-2994	piccola	
19-61	2995-3002	tegghia	
19-62	3003-3006	con	
19-63	3007-3009	un	
19-64	3010-3014	poco	
19-65	3015-3017	di	
19-66	3018-3023	burro	
19-67	3024-3025	o	
19-68	3026-3028	di	
19-69	3029-3036	strutto	
19-70	3037-3038	o	
19-71	3039-3041	di	
19-72	3042-3048	grasso	
19-73	3049-3060	proveniente	
19-74	3061-3063	da	
19-75	3064-3069	altro	
19-76	3070-3075	brodo	
19-77	3076-3077	(	
19-78	3077-3081	Vedi	
19-79	3082-3083	N	
19-80	3083-3084	.	
19-81	3084-3085	°	
19-82	3086-3087	1	
19-83	3087-3088	)	
19-84	3088-3089	,	
19-85	3090-3095	mezza	
19-86	3096-3103	cipolla	
19-87	3104-3111	pestata	
19-88	3111-3112	,	
19-89	3113-3118	mezza	
19-90	3119-3125	carota	
19-91	3126-3127	e	
19-92	3128-3130	un	
19-93	3131-3136	pezzo	
19-94	3137-3139	di	
19-95	3140-3146	radice	
19-96	3147-3149	di	
19-97	3150-3156	sedano	
19-98	3157-3165	tagliati	
19-99	3166-3167	a	
19-100	3168-3173	fette	
19-101	3173-3174	,	
19-102	3175-3177	un	
19-103	3178-3180	po	
19-104	3180-3181	’	
19-105	3182-3184	di	
19-106	3185-3195	prezzemolo	
19-107	3195-3196	,	
19-108	3197-3199	se	
19-109	3200-3202	ne	
19-110	3203-3208	avete	
19-111	3209-3210	a	
19-112	3211-3223	disposizione	
19-113	3223-3224	.	

#Text=Quando il fegato ha preso colore, attaccandosi sul fondo della tegghia, versatevi dell’acqua, prima in piccola quantità, poi tanta da riempirne il recipiente, cioè mezzo litro circa.
20-1	3225-3231	Quando	
20-2	3232-3234	il	
20-3	3235-3241	fegato	
20-4	3242-3244	ha	
20-5	3245-3250	preso	
20-6	3251-3257	colore	
20-7	3257-3258	,	
20-8	3259-3271	attaccandosi	
20-9	3272-3275	sul	
20-10	3276-3281	fondo	
20-11	3282-3287	della	
20-12	3288-3295	tegghia	
20-13	3295-3296	,	
20-14	3297-3306	versatevi	
20-15	3307-3311	dell	
20-16	3311-3312	’	
20-17	3312-3317	acqua	
20-18	3317-3318	,	
20-19	3319-3324	prima	
20-20	3325-3327	in	
20-21	3328-3335	piccola	
20-22	3336-3344	quantità	
20-23	3344-3345	,	
20-24	3346-3349	poi	
20-25	3350-3355	tanta	
20-26	3356-3358	da	
20-27	3359-3368	riempirne	
20-28	3369-3371	il	
20-29	3372-3382	recipiente	
20-30	3382-3383	,	
20-31	3384-3388	cioè	
20-32	3389-3394	mezzo	
20-33	3395-3400	litro	
20-34	3401-3406	circa	
20-35	3406-3407	.	

#Text=Fate bollire il composto un paio d’ore a lento fuoco, rifondendo il liquido.
21-1	3408-3412	Fate	
21-2	3413-3420	bollire	
21-3	3421-3423	il	
21-4	3424-3432	composto	
21-5	3433-3435	un	
21-6	3436-3440	paio	
21-7	3441-3442	d	
21-8	3442-3443	’	
21-9	3443-3446	ore	
21-10	3447-3448	a	
21-11	3449-3454	lento	
21-12	3455-3460	fuoco	
21-13	3460-3461	,	
21-14	3462-3472	rifondendo	
21-15	3473-3475	il	
21-16	3476-3483	liquido	
21-17	3483-3484	.	

#Text=Questo brodo serve a dar colore e sapore a quello del lesso quando è debole.
22-1	3485-3491	Questo	
22-2	3492-3497	brodo	
22-3	3498-3503	serve	
22-4	3504-3505	a	
22-5	3506-3509	dar	
22-6	3510-3516	colore	
22-7	3517-3518	e	
22-8	3519-3525	sapore	
22-9	3526-3527	a	
22-10	3528-3534	quello	
22-11	3535-3538	del	
22-12	3539-3544	lesso	
22-13	3545-3551	quando	
22-14	3552-3553	è	
22-15	3554-3560	debole	
22-16	3560-3561	.	

#Text=Come la cuochina tale la cucina.
#Text=
#Text=4. ' Brodo per ammalati e convalescenti. ' — Fate bollire con 2 litri d’acqua due buone manate d’orzo macinato; dopo due ore di cottura circa, passate il liquido (che all’occorrenza avrete in parte rifuso) dal colino, unitevi un bicchiere di latte, un bicchierino di marsala, mezzo cucchiaino di estratto Liebig, e, quando avrà bollito ancora una trentina di minuti, uno o due rossi d’ovo.
23-1	3563-3567	Come	
23-2	3568-3570	la	
23-3	3571-3579	cuochina	
23-4	3580-3584	tale	
23-5	3585-3587	la	
23-6	3588-3594	cucina	
23-7	3594-3595	.	
23-8	3597-3598	4	
23-9	3598-3599	.	
23-10	3600-3601	'	
23-11	3602-3607	Brodo	
23-12	3608-3611	per	
23-13	3612-3620	ammalati	
23-14	3621-3622	e	
23-15	3623-3636	convalescenti	
23-16	3636-3637	.	
23-17	3638-3639	'	
23-18	3640-3641	—	
23-19	3642-3646	Fate	
23-20	3647-3654	bollire	
23-21	3655-3658	con	
23-22	3659-3660	2	
23-23	3661-3666	litri	
23-24	3667-3668	d	
23-25	3668-3669	’	
23-26	3669-3674	acqua	
23-27	3675-3678	due	
23-28	3679-3684	buone	
23-29	3685-3691	manate	
23-30	3692-3693	d	
23-31	3693-3694	’	
23-32	3694-3698	orzo	
23-33	3699-3707	macinato	
23-34	3707-3708	;	
23-35	3709-3713	dopo	
23-36	3714-3717	due	
23-37	3718-3721	ore	
23-38	3722-3724	di	
23-39	3725-3732	cottura	
23-40	3733-3738	circa	
23-41	3738-3739	,	
23-42	3740-3747	passate	
23-43	3748-3750	il	
23-44	3751-3758	liquido	
23-45	3759-3760	(	
23-46	3760-3763	che	
23-47	3764-3767	all	
23-48	3767-3768	’	
23-49	3768-3778	occorrenza	
23-50	3779-3785	avrete	
23-51	3786-3788	in	
23-52	3789-3794	parte	
23-53	3795-3801	rifuso	
23-54	3801-3802	)	
23-55	3803-3806	dal	
23-56	3807-3813	colino	
23-57	3813-3814	,	
23-58	3815-3822	unitevi	
23-59	3823-3825	un	
23-60	3826-3835	bicchiere	
23-61	3836-3838	di	
23-62	3839-3844	latte	
23-63	3844-3845	,	
23-64	3846-3848	un	
23-65	3849-3860	bicchierino	
23-66	3861-3863	di	
23-67	3864-3871	marsala	
23-68	3871-3872	,	
23-69	3873-3878	mezzo	
23-70	3879-3889	cucchiaino	
23-71	3890-3892	di	
23-72	3893-3901	estratto	
23-73	3902-3908	Liebig	
23-74	3908-3909	,	
23-75	3910-3911	e	
23-76	3911-3912	,	
23-77	3913-3919	quando	
23-78	3920-3924	avrà	
23-79	3925-3932	bollito	
23-80	3933-3939	ancora	
23-81	3940-3943	una	
23-82	3944-3952	trentina	
23-83	3953-3955	di	
23-84	3956-3962	minuti	
23-85	3962-3963	,	
23-86	3964-3967	uno	
23-87	3968-3969	o	
23-88	3970-3973	due	
23-89	3974-3979	rossi	
23-90	3980-3981	d	
23-91	3981-3982	’	
23-92	3982-3985	ovo	
23-93	3985-3986	.	

#Text=Servitevene subito.
24-1	3987-3998	Servitevene	
24-2	3999-4005	subito	
24-3	4005-4006	.	

#Text=Il buon consiglio non ha prezzo.
#Text=
#Text=5. ' Brodo in bottiglia per ammalati gravi. ' — Procuratevi ½ chilogramma di manzo molto magro, levatene via gli ossi, le pelletiche e ogni più lieve particella di grasso.
25-1	4008-4010	Il	
25-2	4011-4015	buon	
25-3	4016-4025	consiglio	
25-4	4026-4029	non	
25-5	4030-4032	ha	
25-6	4033-4039	prezzo	
25-7	4039-4040	.	
25-8	4042-4043	5	
25-9	4043-4044	.	
25-10	4045-4046	'	
25-11	4047-4052	Brodo	
25-12	4053-4055	in	
25-13	4056-4065	bottiglia	
25-14	4066-4069	per	
25-15	4070-4078	ammalati	
25-16	4079-4084	gravi	
25-17	4084-4085	.	
25-18	4086-4087	'	
25-19	4088-4089	—	
25-20	4090-4101	Procuratevi	
25-21	4102-4103	½	
25-22	4104-4115	chilogramma	
25-23	4116-4118	di	
25-24	4119-4124	manzo	
25-25	4125-4130	molto	
25-26	4131-4136	magro	
25-27	4136-4137	,	
25-28	4138-4146	levatene	
25-29	4147-4150	via	
25-30	4151-4154	gli	
25-31	4155-4159	ossi	
25-32	4159-4160	,	
25-33	4161-4163	le	
25-34	4164-4174	pelletiche	
25-35	4175-4176	e	
25-36	4177-4181	ogni	
25-37	4182-4185	più	
25-38	4186-4191	lieve	
25-39	4192-4202	particella	
25-40	4203-4205	di	
25-41	4206-4212	grasso	
25-42	4212-4213	.	

#Text=Mettete al fuoco gli ossi e le pelletiche con un bicchiere d’acqua procurandovi con un’oretta di bollitura qualche cucchiaio di brodo.
26-1	4215-4222	Mettete	
26-2	4223-4225	al	
26-3	4226-4231	fuoco	
26-4	4232-4235	gli	
26-5	4236-4240	ossi	
26-6	4241-4242	e	
26-7	4243-4245	le	
26-8	4246-4256	pelletiche	
26-9	4257-4260	con	
26-10	4261-4263	un	
26-11	4264-4273	bicchiere	
26-12	4274-4275	d	
26-13	4275-4276	’	
26-14	4276-4281	acqua	
26-15	4282-4294	procurandovi	
26-16	4295-4298	con	
26-17	4299-4301	un	
26-18	4301-4302	’	
26-19	4302-4308	oretta	
26-20	4309-4311	di	
26-21	4312-4321	bollitura	
26-22	4322-4329	qualche	
26-23	4330-4339	cucchiaio	
26-24	4340-4342	di	
26-25	4343-4348	brodo	
26-26	4348-4349	.	

#Text=Tagliate intanto la carne in minuti dadolini, e mettete poi questi in una bottiglia bianca da mezzo litro aggiungendovi 2-3 cucchiai del brodo ottenuto prima e che avrete passato da un pannolino bagnato per levargli il grasso.
27-1	4350-4358	Tagliate	
27-2	4359-4366	intanto	
27-3	4367-4369	la	
27-4	4370-4375	carne	
27-5	4376-4378	in	
27-6	4379-4385	minuti	
27-7	4386-4394	dadolini	
27-8	4394-4395	,	
27-9	4396-4397	e	
27-10	4398-4405	mettete	
27-11	4406-4409	poi	
27-12	4410-4416	questi	
27-13	4417-4419	in	
27-14	4420-4423	una	
27-15	4424-4433	bottiglia	
27-16	4434-4440	bianca	
27-17	4441-4443	da	
27-18	4444-4449	mezzo	
27-19	4450-4455	litro	
27-20	4456-4469	aggiungendovi	
27-21	4470-4471	2	
27-22	4471-4472	-	
27-23	4472-4473	3	
27-24	4474-4482	cucchiai	
27-25	4483-4486	del	
27-26	4487-4492	brodo	
27-27	4493-4501	ottenuto	
27-28	4502-4507	prima	
27-29	4508-4509	e	
27-30	4510-4513	che	
27-31	4514-4520	avrete	
27-32	4521-4528	passato	
27-33	4529-4531	da	
27-34	4532-4534	un	
27-35	4535-4544	pannolino	
27-36	4545-4552	bagnato	
27-37	4553-4556	per	
27-38	4557-4565	levargli	
27-39	4566-4568	il	
27-40	4569-4575	grasso	
27-41	4575-4576	.	

#Text=Chiudete la bottiglia con un tappo di sughero, e collocatela in una padella piena d’acqua fredda.
28-1	4577-4585	Chiudete	
28-2	4586-4588	la	
28-3	4589-4598	bottiglia	
28-4	4599-4602	con	
28-5	4603-4605	un	
28-6	4606-4611	tappo	
28-7	4612-4614	di	
28-8	4615-4622	sughero	
28-9	4622-4623	,	
28-10	4624-4625	e	
28-11	4626-4637	collocatela	
28-12	4638-4640	in	
28-13	4641-4644	una	
28-14	4645-4652	padella	
28-15	4653-4658	piena	
28-16	4659-4660	d	
28-17	4660-4661	’	
28-18	4661-4666	acqua	
28-19	4667-4673	fredda	
28-20	4673-4674	.	

#Text=Ponete la padella al fuoco, lasciate gorgogliare l’acqua poi mantenetela a lieve bollore durante ore 2½ circa.
29-1	4675-4681	Ponete	
29-2	4682-4684	la	
29-3	4685-4692	padella	
29-4	4693-4695	al	
29-5	4696-4701	fuoco	
29-6	4701-4702	,	
29-7	4703-4711	lasciate	
29-8	4712-4723	gorgogliare	
29-9	4724-4725	l	
29-10	4725-4726	’	
29-11	4726-4731	acqua	
29-12	4732-4735	poi	
29-13	4736-4747	mantenetela	
29-14	4748-4749	a	
29-15	4750-4755	lieve	
29-16	4756-4763	bollore	
29-17	4764-4771	durante	
29-18	4772-4775	ore	
29-19	4776-4778	2½	
29-20	4779-4784	circa	
29-21	4784-4785	.	

#Text=Il sugo escirà dalla carne e la coprirà.
30-1	4786-4788	Il	
30-2	4789-4793	sugo	
30-3	4794-4800	escirà	
30-4	4801-4806	dalla	
30-5	4807-4812	carne	
30-6	4813-4814	e	
30-7	4815-4817	la	
30-8	4818-4825	coprirà	
30-9	4825-4826	.	

#Text=Levate allora la bottiglia dalla padella, lasciatela un po’ freddare, versatene fuori il sugo, comprimete la carne, che rimarrà insapore, entro un tovagliolo bagnato, e unite il liquido che ne esce al sugo di prima versandovi anche un paio di cucchiai di vino bianco di bottiglia sincero.
31-1	4827-4833	Levate	
31-2	4834-4840	allora	
31-3	4841-4843	la	
31-4	4844-4853	bottiglia	
31-5	4854-4859	dalla	
31-6	4860-4867	padella	
31-7	4867-4868	,	
31-8	4869-4879	lasciatela	
31-9	4880-4882	un	
31-10	4883-4885	po	
31-11	4885-4886	’	
31-12	4887-4895	freddare	
31-13	4895-4896	,	
31-14	4897-4906	versatene	
31-15	4907-4912	fuori	
31-16	4913-4915	il	
31-17	4916-4920	sugo	
31-18	4920-4921	,	
31-19	4922-4932	comprimete	
31-20	4933-4935	la	
31-21	4936-4941	carne	
31-22	4941-4942	,	
31-23	4943-4946	che	
31-24	4947-4954	rimarrà	
31-25	4955-4963	insapore	
31-26	4963-4964	,	
31-27	4965-4970	entro	
31-28	4971-4973	un	
31-29	4974-4984	tovagliolo	
31-30	4985-4992	bagnato	
31-31	4992-4993	,	
31-32	4994-4995	e	
31-33	4996-5001	unite	
31-34	5002-5004	il	
31-35	5005-5012	liquido	
31-36	5013-5016	che	
31-37	5017-5019	ne	
31-38	5020-5024	esce	
31-39	5025-5027	al	
31-40	5028-5032	sugo	
31-41	5033-5035	di	
31-42	5036-5041	prima	
31-43	5042-5052	versandovi	
31-44	5053-5058	anche	
31-45	5059-5061	un	
31-46	5062-5066	paio	
31-47	5067-5069	di	
31-48	5070-5078	cucchiai	
31-49	5079-5081	di	
31-50	5082-5086	vino	
31-51	5087-5093	bianco	
31-52	5094-5096	di	
31-53	5097-5106	bottiglia	
31-54	5107-5114	sincero	
31-55	5114-5115	.	

#Text=Mettete al fresco il poco brodo raccolto, e levatevi poi via con una penna il sottile strato di grasso che vi troverete sopra.
32-1	5116-5123	Mettete	
32-2	5124-5126	al	
32-3	5127-5133	fresco	
32-4	5134-5136	il	
32-5	5137-5141	poco	
32-6	5142-5147	brodo	
32-7	5148-5156	raccolto	
32-8	5156-5157	,	
32-9	5158-5159	e	
32-10	5160-5168	levatevi	
32-11	5169-5172	poi	
32-12	5173-5176	via	
32-13	5177-5180	con	
32-14	5181-5184	una	
32-15	5185-5190	penna	
32-16	5191-5193	il	
32-17	5194-5201	sottile	
32-18	5202-5208	strato	
32-19	5209-5211	di	
32-20	5212-5218	grasso	
32-21	5219-5222	che	
32-22	5223-5225	vi	
32-23	5226-5235	troverete	
32-24	5236-5241	sopra	
32-25	5241-5242	.	

#Text=Di questo brodo, agli ammalati gravi si può darne un cucchiaino da caffè ogni 20 minuti.
#Text=
#Text=6. ' Brodo di patate. ' — Mondate un chilogramma di patate e tagliatele a dadolini.
33-1	5243-5245	Di	
33-2	5246-5252	questo	
33-3	5253-5258	brodo	
33-4	5258-5259	,	
33-5	5260-5264	agli	
33-6	5265-5273	ammalati	
33-7	5274-5279	gravi	
33-8	5280-5282	si	
33-9	5283-5286	può	
33-10	5287-5292	darne	
33-11	5293-5295	un	
33-12	5296-5306	cucchiaino	
33-13	5307-5309	da	
33-14	5310-5315	caffè	
33-15	5316-5320	ogni	
33-16	5321-5323	20	
33-17	5324-5330	minuti	
33-18	5330-5331	.	
33-19	5333-5334	6	
33-20	5334-5335	.	
33-21	5336-5337	'	
33-22	5338-5343	Brodo	
33-23	5344-5346	di	
33-24	5347-5353	patate	
33-25	5353-5354	.	
33-26	5355-5356	'	
33-27	5357-5358	—	
33-28	5359-5366	Mondate	
33-29	5367-5369	un	
33-30	5370-5381	chilogramma	
33-31	5382-5384	di	
33-32	5385-5391	patate	
33-33	5392-5393	e	
33-34	5394-5404	tagliatele	
33-35	5405-5406	a	
33-36	5407-5415	dadolini	
33-37	5415-5416	.	

#Text=Fate soffriggere dello strutto in una pentola, unendovi, quand’è fumante, una cipolla tritata e 2 cucchiai di prezzemolo pesto.
34-1	5417-5421	Fate	
34-2	5422-5433	soffriggere	
34-3	5434-5439	dello	
34-4	5440-5447	strutto	
34-5	5448-5450	in	
34-6	5451-5454	una	
34-7	5455-5462	pentola	
34-8	5462-5463	,	
34-9	5464-5472	unendovi	
34-10	5472-5473	,	
34-11	5474-5479	quand	
34-12	5479-5480	’	
34-13	5480-5481	è	
34-14	5482-5489	fumante	
34-15	5489-5490	,	
34-16	5491-5494	una	
34-17	5495-5502	cipolla	
34-18	5503-5510	tritata	
34-19	5511-5512	e	
34-20	5513-5514	2	
34-21	5515-5523	cucchiai	
34-22	5524-5526	di	
34-23	5527-5537	prezzemolo	
34-24	5538-5543	pesto	
34-25	5543-5544	.	

#Text=Appena queste verdure sono rosolate, aggiungete le patate con un bicchiere d’acqua fredda, rimestate bene e versatevi poi subito 2 litri d’acqua bollente.
35-1	5545-5551	Appena	
35-2	5552-5558	queste	
35-3	5559-5566	verdure	
35-4	5567-5571	sono	
35-5	5572-5580	rosolate	
35-6	5580-5581	,	
35-7	5582-5592	aggiungete	
35-8	5593-5595	le	
35-9	5596-5602	patate	
35-10	5603-5606	con	
35-11	5607-5609	un	
35-12	5610-5619	bicchiere	
35-13	5620-5621	d	
35-14	5621-5622	’	
35-15	5622-5627	acqua	
35-16	5628-5634	fredda	
35-17	5634-5635	,	
35-18	5636-5645	rimestate	
35-19	5646-5650	bene	
35-20	5651-5652	e	
35-21	5653-5662	versatevi	
35-22	5663-5666	poi	
35-23	5667-5673	subito	
35-24	5674-5675	2	
35-25	5676-5681	litri	
35-26	5682-5683	d	
35-27	5683-5684	’	
35-28	5684-5689	acqua	
35-29	5690-5698	bollente	
35-30	5698-5699	.	

#Text=Lasciate cuocere il composto un paio d’ore, e, salato e passato che sia, servitevene per fare una
#Text=— 10 —zuppa di pane, o per cuocervi dei vermicelli o altre paste, questo dopo averlo sbattuto alcuni minuti col fuscello.
#Text=
#Text=7. ' Brodo d’erbe. ' — Fate sciogliere in una pentola un pezzetto di strutto; quand’è bollente unitevi un pezzetto di burro e, quando questo è pure rosolato, le verdure trite fine, cioè una cipolla, un pezzo di porro, un po’ di carota (rapa gialla) e di sedano, e un paio di patate crude e tagliate a dadolini.
36-1	5700-5708	Lasciate	
36-2	5709-5716	cuocere	
36-3	5717-5719	il	
36-4	5720-5728	composto	
36-5	5729-5731	un	
36-6	5732-5736	paio	
36-7	5737-5738	d	
36-8	5738-5739	’	
36-9	5739-5742	ore	
36-10	5742-5743	,	
36-11	5744-5745	e	
36-12	5745-5746	,	
36-13	5747-5753	salato	
36-14	5754-5755	e	
36-15	5756-5763	passato	
36-16	5764-5767	che	
36-17	5768-5771	sia	
36-18	5771-5772	,	
36-19	5773-5784	servitevene	
36-20	5785-5788	per	
36-21	5789-5793	fare	
36-22	5794-5797	una	
36-23	5798-5799	—	
36-24	5800-5802	10	
36-25	5803-5804	—	
36-26	5804-5809	zuppa	
36-27	5810-5812	di	
36-28	5813-5817	pane	
36-29	5817-5818	,	
36-30	5819-5820	o	
36-31	5821-5824	per	
36-32	5825-5833	cuocervi	
36-33	5834-5837	dei	
36-34	5838-5848	vermicelli	
36-35	5849-5850	o	
36-36	5851-5856	altre	
36-37	5857-5862	paste	
36-38	5862-5863	,	
36-39	5864-5870	questo	
36-40	5871-5875	dopo	
36-41	5876-5882	averlo	
36-42	5883-5891	sbattuto	
36-43	5892-5898	alcuni	
36-44	5899-5905	minuti	
36-45	5906-5909	col	
36-46	5910-5918	fuscello	
36-47	5918-5919	.	
36-48	5921-5922	7	
36-49	5922-5923	.	
36-50	5924-5925	'	
36-51	5926-5931	Brodo	
36-52	5932-5933	d	
36-53	5933-5934	’	
36-54	5934-5938	erbe	
36-55	5938-5939	.	
36-56	5940-5941	'	
36-57	5942-5943	—	
36-58	5944-5948	Fate	
36-59	5949-5959	sciogliere	
36-60	5960-5962	in	
36-61	5963-5966	una	
36-62	5967-5974	pentola	
36-63	5975-5977	un	
36-64	5978-5986	pezzetto	
36-65	5987-5989	di	
36-66	5990-5997	strutto	
36-67	5997-5998	;	
36-68	5999-6004	quand	
36-69	6004-6005	’	
36-70	6005-6006	è	
36-71	6007-6015	bollente	
36-72	6016-6023	unitevi	
36-73	6024-6026	un	
36-74	6027-6035	pezzetto	
36-75	6036-6038	di	
36-76	6039-6044	burro	
36-77	6045-6046	e	
36-78	6046-6047	,	
36-79	6048-6054	quando	
36-80	6055-6061	questo	
36-81	6062-6063	è	
36-82	6064-6068	pure	
36-83	6069-6077	rosolato	
36-84	6077-6078	,	
36-85	6079-6081	le	
36-86	6082-6089	verdure	
36-87	6090-6095	trite	
36-88	6096-6100	fine	
36-89	6100-6101	,	
36-90	6102-6106	cioè	
36-91	6107-6110	una	
36-92	6111-6118	cipolla	
36-93	6118-6119	,	
36-94	6120-6122	un	
36-95	6123-6128	pezzo	
36-96	6129-6131	di	
36-97	6132-6137	porro	
36-98	6137-6138	,	
36-99	6139-6141	un	
36-100	6142-6144	po	
36-101	6144-6145	’	
36-102	6146-6148	di	
36-103	6149-6155	carota	
36-104	6156-6157	(	
36-105	6157-6161	rapa	
36-106	6162-6168	gialla	
36-107	6168-6169	)	
36-108	6170-6171	e	
36-109	6172-6174	di	
36-110	6175-6181	sedano	
36-111	6181-6182	,	
36-112	6183-6184	e	
36-113	6185-6187	un	
36-114	6188-6192	paio	
36-115	6193-6195	di	
36-116	6196-6202	patate	
36-117	6203-6208	crude	
36-118	6209-6210	e	
36-119	6211-6219	tagliate	
36-120	6220-6221	a	
36-121	6222-6230	dadolini	
36-122	6230-6231	.	

#Text=Soffriggete queste verdure, bagnatele quindi con un bicchiere d’acqua fredda; trascorsi 30 minuti circa unitevi dell’altra acqua, quanta ve ne occorre per il brodo.
37-1	6232-6243	Soffriggete	
37-2	6244-6250	queste	
37-3	6251-6258	verdure	
37-4	6258-6259	,	
37-5	6260-6269	bagnatele	
37-6	6270-6276	quindi	
37-7	6277-6280	con	
37-8	6281-6283	un	
37-9	6284-6293	bicchiere	
37-10	6294-6295	d	
37-11	6295-6296	’	
37-12	6296-6301	acqua	
37-13	6302-6308	fredda	
37-14	6308-6309	;	
37-15	6310-6319	trascorsi	
37-16	6320-6322	30	
37-17	6323-6329	minuti	
37-18	6330-6335	circa	
37-19	6336-6343	unitevi	
37-20	6344-6348	dell	
37-21	6348-6349	’	
37-22	6349-6354	altra	
37-23	6355-6360	acqua	
37-24	6360-6361	,	
37-25	6362-6368	quanta	
37-26	6369-6371	ve	
37-27	6372-6374	ne	
37-28	6375-6382	occorre	
37-29	6383-6386	per	
37-30	6387-6389	il	
37-31	6390-6395	brodo	
37-32	6395-6396	.	

#Text=Se fosse la stagione dei pomidori ne unireste pure due tre al composto insieme all’acqua.
38-1	6398-6400	Se	
38-2	6401-6406	fosse	
38-3	6407-6409	la	
38-4	6410-6418	stagione	
38-5	6419-6422	dei	
38-6	6423-6431	pomidori	
38-7	6432-6434	ne	
38-8	6435-6443	unireste	
38-9	6444-6448	pure	
38-10	6449-6452	due	
38-11	6453-6456	tre	
38-12	6457-6459	al	
38-13	6460-6468	composto	
38-14	6469-6476	insieme	
38-15	6477-6480	all	
38-16	6480-6481	’	
38-17	6481-6486	acqua	
38-18	6486-6487	.	

#Text=Lasciate cuocere ogni cosa un ora circa poi colate il liquido da uno staccio o da una salvietta, salate o servitevene come del precedente brodo di patate.
39-1	6488-6496	Lasciate	
39-2	6497-6504	cuocere	
39-3	6505-6509	ogni	
39-4	6510-6514	cosa	
39-5	6515-6517	un	
39-6	6518-6521	ora	
39-7	6522-6527	circa	
39-8	6528-6531	poi	
39-9	6532-6538	colate	
39-10	6539-6541	il	
39-11	6542-6549	liquido	
39-12	6550-6552	da	
39-13	6553-6556	uno	
39-14	6557-6564	staccio	
39-15	6565-6566	o	
39-16	6567-6569	da	
39-17	6570-6573	una	
39-18	6574-6583	salvietta	
39-19	6583-6584	,	
39-20	6585-6591	salate	
39-21	6592-6593	o	
39-22	6594-6605	servitevene	
39-23	6606-6610	come	
39-24	6611-6614	del	
39-25	6615-6625	precedente	
39-26	6626-6631	brodo	
39-27	6632-6634	di	
39-28	6635-6641	patate	
39-29	6641-6642	.	

#Text=L’acqua e il fuoco sono buoni servitori e cattivi padroni.
#Text=
#Text=88. ' Brodo di farina abbrustolita. ' — Fate riscaldare in una padella un pezzo di strutto come un piccolo uovo e, appena fuma, unitevi un pezzetto di burro della grossezza d’una noce.
40-1	6643-6644	L	
40-2	6644-6645	’	
40-3	6645-6650	acqua	
40-4	6651-6652	e	
40-5	6653-6655	il	
40-6	6656-6661	fuoco	
40-7	6662-6666	sono	
40-8	6667-6672	buoni	
40-9	6673-6682	servitori	
40-10	6683-6684	e	
40-11	6685-6692	cattivi	
40-12	6693-6700	padroni	
40-13	6700-6701	.	
40-14	6703-6705	88	
40-15	6705-6706	.	
40-16	6707-6708	'	
40-17	6709-6714	Brodo	
40-18	6715-6717	di	
40-19	6718-6724	farina	
40-20	6725-6737	abbrustolita	
40-21	6737-6738	.	
40-22	6739-6740	'	
40-23	6741-6742	—	
40-24	6743-6747	Fate	
40-25	6748-6758	riscaldare	
40-26	6759-6761	in	
40-27	6762-6765	una	
40-28	6766-6773	padella	
40-29	6774-6776	un	
40-30	6777-6782	pezzo	
40-31	6783-6785	di	
40-32	6786-6793	strutto	
40-33	6794-6798	come	
40-34	6799-6801	un	
40-35	6802-6809	piccolo	
40-36	6810-6814	uovo	
40-37	6815-6816	e	
40-38	6816-6817	,	
40-39	6818-6824	appena	
40-40	6825-6829	fuma	
40-41	6829-6830	,	
40-42	6831-6838	unitevi	
40-43	6839-6841	un	
40-44	6842-6850	pezzetto	
40-45	6851-6853	di	
40-46	6854-6859	burro	
40-47	6860-6865	della	
40-48	6866-6875	grossezza	
40-49	6876-6877	d	
40-50	6877-6878	’	
40-51	6878-6881	una	
40-52	6882-6886	noce	
40-53	6886-6887	.	

#Text=Quando è bene sciolto versatevi 200 gr. di farina bianca (un quartuccio misurato con un bicchiere che si colma) e rimestate bene colla paletta finchè la farina è tostata, cioè finchè ha preso un grato odore.
41-1	6888-6894	Quando	
41-2	6895-6896	è	
41-3	6897-6901	bene	
41-4	6902-6909	sciolto	
41-5	6910-6919	versatevi	
41-6	6920-6923	200	
41-7	6924-6926	gr	
41-8	6926-6927	.	
41-9	6928-6930	di	
41-10	6931-6937	farina	
41-11	6938-6944	bianca	
41-12	6945-6946	(	
41-13	6946-6948	un	
41-14	6949-6959	quartuccio	
41-15	6960-6968	misurato	
41-16	6969-6972	con	
41-17	6973-6975	un	
41-18	6976-6985	bicchiere	
41-19	6986-6989	che	
41-20	6990-6992	si	
41-21	6993-6998	colma	
41-22	6998-6999	)	
41-23	7000-7001	e	
41-24	7002-7011	rimestate	
41-25	7012-7016	bene	
41-26	7017-7022	colla	
41-27	7023-7030	paletta	
41-28	7031-7037	finchè	
41-29	7038-7040	la	
41-30	7041-7047	farina	
41-31	7048-7049	è	
41-32	7050-7057	tostata	
41-33	7057-7058	,	
41-34	7059-7063	cioè	
41-35	7064-7070	finchè	
41-36	7071-7073	ha	
41-37	7074-7079	preso	
41-38	7080-7082	un	
41-39	7083-7088	grato	
41-40	7089-7094	odore	
41-41	7094-7095	.	

#Text=Bagnatela allora con 2 litri d’acqua fredda, salatela, e sbattendo il composto col fuscello di vimini fatelo bollire adagio, finchè avrete ottenuto una specie di brodo denso e scuretto.
42-1	7096-7105	Bagnatela	
42-2	7106-7112	allora	
42-3	7113-7116	con	
42-4	7117-7118	2	
42-5	7119-7124	litri	
42-6	7125-7126	d	
42-7	7126-7127	’	
42-8	7127-7132	acqua	
42-9	7133-7139	fredda	
42-10	7139-7140	,	
42-11	7141-7149	salatela	
42-12	7149-7150	,	
42-13	7151-7152	e	
42-14	7153-7162	sbattendo	
42-15	7163-7165	il	
42-16	7166-7174	composto	
42-17	7175-7178	col	
42-18	7179-7187	fuscello	
42-19	7188-7190	di	
42-20	7191-7197	vimini	
42-21	7198-7204	fatelo	
42-22	7205-7212	bollire	
42-23	7213-7219	adagio	
42-24	7219-7220	,	
42-25	7221-7227	finchè	
42-26	7228-7234	avrete	
42-27	7235-7243	ottenuto	
42-28	7244-7247	una	
42-29	7248-7254	specie	
42-30	7255-7257	di	
42-31	7258-7263	brodo	
42-32	7264-7269	denso	
42-33	7270-7271	e	
42-34	7272-7280	scuretto	
42-35	7280-7281	.	

#Text=Se occorre, rifondete un po’ d’acqua.
43-1	7282-7284	Se	
43-2	7285-7292	occorre	
43-3	7292-7293	,	
43-4	7294-7303	rifondete	
43-5	7304-7306	un	
43-6	7307-7309	po	
43-7	7309-7310	’	
43-8	7311-7312	d	
43-9	7312-7313	’	
43-10	7313-7318	acqua	
43-11	7318-7319	.	

#Text=Dopo mezz’ora servitevene per la zuppa di pane.
44-1	7320-7324	Dopo	
44-2	7325-7329	mezz	
44-3	7329-7330	’	
44-4	7330-7333	ora	
44-5	7334-7345	servitevene	
44-6	7346-7349	per	
44-7	7350-7352	la	
44-8	7353-7358	zuppa	
44-9	7359-7361	di	
44-10	7362-7366	pane	
44-11	7366-7367	.	

#Text=L’olio e la verità finiscono per venire a galla.
#Text=
#Text=9. ' Brodo di rane. ' — Fate soffriggere un paio di cipolle con 40 gr. di burro sciolto, unitevi due dozzine di rane ben lavate e purgate nell’acqua; quando hanno preso un bel colore spolverizzatele di farina, e, rosolata che sia anche questa insieme al composto, pestate ogni cosa nel mortaio.
45-1	7369-7370	L	
45-2	7370-7371	’	
45-3	7371-7375	olio	
45-4	7376-7377	e	
45-5	7378-7380	la	
45-6	7381-7387	verità	
45-7	7388-7397	finiscono	
45-8	7398-7401	per	
45-9	7402-7408	venire	
45-10	7409-7410	a	
45-11	7411-7416	galla	
45-12	7416-7417	.	
45-13	7419-7420	9	
45-14	7420-7421	.	
45-15	7422-7423	'	
45-16	7424-7429	Brodo	
45-17	7430-7432	di	
45-18	7433-7437	rane	
45-19	7437-7438	.	
45-20	7439-7440	'	
45-21	7441-7442	—	
45-22	7443-7447	Fate	
45-23	7448-7459	soffriggere	
45-24	7460-7462	un	
45-25	7463-7467	paio	
45-26	7468-7470	di	
45-27	7471-7478	cipolle	
45-28	7479-7482	con	
45-29	7483-7485	40	
45-30	7486-7488	gr	
45-31	7488-7489	.	
45-32	7490-7492	di	
45-33	7493-7498	burro	
45-34	7499-7506	sciolto	
45-35	7506-7507	,	
45-36	7508-7515	unitevi	
45-37	7516-7519	due	
45-38	7520-7527	dozzine	
45-39	7528-7530	di	
45-40	7531-7535	rane	
45-41	7536-7539	ben	
45-42	7540-7546	lavate	
45-43	7547-7548	e	
45-44	7549-7556	purgate	
45-45	7557-7561	nell	
45-46	7561-7562	’	
45-47	7562-7567	acqua	
45-48	7567-7568	;	
45-49	7569-7575	quando	
45-50	7576-7581	hanno	
45-51	7582-7587	preso	
45-52	7588-7590	un	
45-53	7591-7594	bel	
45-54	7595-7601	colore	
45-55	7602-7617	spolverizzatele	
45-56	7618-7620	di	
45-57	7621-7627	farina	
45-58	7627-7628	,	
45-59	7629-7630	e	
45-60	7630-7631	,	
45-61	7632-7640	rosolata	
45-62	7641-7644	che	
45-63	7645-7648	sia	
45-64	7649-7654	anche	
45-65	7655-7661	questa	
45-66	7662-7669	insieme	
45-67	7670-7672	al	
45-68	7673-7681	composto	
45-69	7681-7682	,	
45-70	7683-7690	pestate	
45-71	7691-7695	ogni	
45-72	7696-7700	cosa	
45-73	7701-7704	nel	
45-74	7705-7712	mortaio	
45-75	7712-7713	.	

#Text=Quando avrete ottenuto una fina poltiglia mettete le rane al fuoco con 2 litri d’acqua fredda e lasciatele cuocere circa 2 ore adagio rifondendo all’occorrendo il liquido.
46-1	7714-7720	Quando	
46-2	7721-7727	avrete	
46-3	7728-7736	ottenuto	
46-4	7737-7740	una	
46-5	7741-7745	fina	
46-6	7746-7755	poltiglia	
46-7	7756-7763	mettete	
46-8	7764-7766	le	
46-9	7767-7771	rane	
46-10	7772-7774	al	
46-11	7775-7780	fuoco	
46-12	7781-7784	con	
46-13	7785-7786	2	
46-14	7787-7792	litri	
46-15	7793-7794	d	
46-16	7794-7795	’	
46-17	7795-7800	acqua	
46-18	7801-7807	fredda	
46-19	7808-7809	e	
46-20	7810-7820	lasciatele	
46-21	7821-7828	cuocere	
46-22	7829-7834	circa	
46-23	7835-7836	2	
46-24	7837-7840	ore	
46-25	7841-7847	adagio	
46-26	7848-7858	rifondendo	
46-27	7859-7862	all	
46-28	7862-7863	’	
46-29	7863-7873	occorrendo	
46-30	7874-7876	il	
46-31	7877-7884	liquido	
46-32	7884-7885	.	

#Text=Passate allora il brodo da una salvietta bagnata, aggiungete un po’ di pepe, se vi piace, e servitevene per cuocere il riso o la pasta.
#Text=11 -
#Text=
#Text=10. ' Brodo di pesce. ' — Sciogliete in una pentola un bel pezzetto di strutto, fatevi soffrigere un battutino composto di 3 cipolle, una carota, una radice di sedano, un mazzetto di prezzemolo.
47-1	7886-7893	Passate	
47-2	7894-7900	allora	
47-3	7901-7903	il	
47-4	7904-7909	brodo	
47-5	7910-7912	da	
47-6	7913-7916	una	
47-7	7917-7926	salvietta	
47-8	7927-7934	bagnata	
47-9	7934-7935	,	
47-10	7936-7946	aggiungete	
47-11	7947-7949	un	
47-12	7950-7952	po	
47-13	7952-7953	’	
47-14	7954-7956	di	
47-15	7957-7961	pepe	
47-16	7961-7962	,	
47-17	7963-7965	se	
47-18	7966-7968	vi	
47-19	7969-7974	piace	
47-20	7974-7975	,	
47-21	7976-7977	e	
47-22	7978-7989	servitevene	
47-23	7990-7993	per	
47-24	7994-8001	cuocere	
47-25	8002-8004	il	
47-26	8005-8009	riso	
47-27	8010-8011	o	
47-28	8012-8014	la	
47-29	8015-8020	pasta	
47-30	8020-8021	.	
47-31	8022-8024	11	
47-32	8025-8026	-	
47-33	8028-8030	10	
47-34	8030-8031	.	
47-35	8032-8033	'	
47-36	8034-8039	Brodo	
47-37	8040-8042	di	
47-38	8043-8048	pesce	
47-39	8048-8049	.	
47-40	8050-8051	'	
47-41	8052-8053	—	
47-42	8054-8064	Sciogliete	
47-43	8065-8067	in	
47-44	8068-8071	una	
47-45	8072-8079	pentola	
47-46	8080-8082	un	
47-47	8083-8086	bel	
47-48	8087-8095	pezzetto	
47-49	8096-8098	di	
47-50	8099-8106	strutto	
47-51	8106-8107	,	
47-52	8108-8114	fatevi	
47-53	8115-8125	soffrigere	
47-54	8126-8128	un	
47-55	8129-8138	battutino	
47-56	8139-8147	composto	
47-57	8148-8150	di	
47-58	8151-8152	3	
47-59	8153-8160	cipolle	
47-60	8160-8161	,	
47-61	8162-8165	una	
47-62	8166-8172	carota	
47-63	8172-8173	,	
47-64	8174-8177	una	
47-65	8178-8184	radice	
47-66	8185-8187	di	
47-67	8188-8194	sedano	
47-68	8194-8195	,	
47-69	8196-8198	un	
47-70	8199-8207	mazzetto	
47-71	8208-8210	di	
47-72	8211-8221	prezzemolo	
47-73	8221-8222	.	

#Text=Quando questi erbaggi hanno preso colore, aggiungetevi il pesce di cui disponete (la varietà delle specie val meglio in questo caso della qualità fina) che avrete lavato, sbuzzato e pulito sottraendo la punta della coda, le pinne, le squame e le lische, e quindi tagliato a pezzi.
48-1	8223-8229	Quando	
48-2	8230-8236	questi	
48-3	8237-8244	erbaggi	
48-4	8245-8250	hanno	
48-5	8251-8256	preso	
48-6	8257-8263	colore	
48-7	8263-8264	,	
48-8	8265-8277	aggiungetevi	
48-9	8278-8280	il	
48-10	8281-8286	pesce	
48-11	8287-8289	di	
48-12	8290-8293	cui	
48-13	8294-8303	disponete	
48-14	8304-8305	(	
48-15	8305-8307	la	
48-16	8308-8315	varietà	
48-17	8316-8321	delle	
48-18	8322-8328	specie	
48-19	8329-8332	val	
48-20	8333-8339	meglio	
48-21	8340-8342	in	
48-22	8343-8349	questo	
48-23	8350-8354	caso	
48-24	8355-8360	della	
48-25	8361-8368	qualità	
48-26	8369-8373	fina	
48-27	8373-8374	)	
48-28	8375-8378	che	
48-29	8379-8385	avrete	
48-30	8386-8392	lavato	
48-31	8392-8393	,	
48-32	8394-8402	sbuzzato	
48-33	8403-8404	e	
48-34	8405-8411	pulito	
48-35	8412-8422	sottraendo	
48-36	8423-8425	la	
48-37	8426-8431	punta	
48-38	8432-8437	della	
48-39	8438-8442	coda	
48-40	8442-8443	,	
48-41	8444-8446	le	
48-42	8447-8452	pinne	
48-43	8452-8453	,	
48-44	8454-8456	le	
48-45	8457-8463	squame	
48-46	8464-8465	e	
48-47	8466-8468	le	
48-48	8469-8475	lische	
48-49	8475-8476	,	
48-50	8477-8478	e	
48-51	8479-8485	quindi	
48-52	8486-8494	tagliato	
48-53	8495-8496	a	
48-54	8497-8502	pezzi	
48-55	8502-8503	.	

#Text=Fatelo rosolare un pochino insieme al resto, poi versatevi sopra 3-5 litri d’acqua fredda, secondo la quantità (calcolate un buon chilogr. di pesce per 4 litri) unendovi anche un limone dimezzato.
49-1	8504-8510	Fatelo	
49-2	8511-8519	rosolare	
49-3	8520-8522	un	
49-4	8523-8530	pochino	
49-5	8531-8538	insieme	
49-6	8539-8541	al	
49-7	8542-8547	resto	
49-8	8547-8548	,	
49-9	8549-8552	poi	
49-10	8553-8562	versatevi	
49-11	8563-8568	sopra	
49-12	8569-8570	3	
49-13	8570-8571	-	
49-14	8571-8572	5	
49-15	8573-8578	litri	
49-16	8579-8580	d	
49-17	8580-8581	’	
49-18	8581-8586	acqua	
49-19	8587-8593	fredda	
49-20	8593-8594	,	
49-21	8595-8602	secondo	
49-22	8603-8605	la	
49-23	8606-8614	quantità	
49-24	8615-8616	(	
49-25	8616-8625	calcolate	
49-26	8626-8628	un	
49-27	8629-8633	buon	
49-28	8634-8641	chilogr	
49-29	8641-8642	.	
49-30	8643-8645	di	
49-31	8646-8651	pesce	
49-32	8652-8655	per	
49-33	8656-8657	4	
49-34	8658-8663	litri	
49-35	8663-8664	)	
49-36	8665-8673	unendovi	
49-37	8674-8679	anche	
49-38	8680-8682	un	
49-39	8683-8689	limone	
49-40	8690-8699	dimezzato	
49-41	8699-8700	.	

#Text=Dopo due ore circa di lenta cottura durante la quale rifonderete all’occorrenza il liquido, passate il brodo dal colino premendo fortemente con un cucchiaio di legno e, se vi rimanessero per caso delle lische, prendetevi la cura di filtrarlo da ultimo da un pannolino rado.
50-1	8701-8705	Dopo	
50-2	8706-8709	due	
50-3	8710-8713	ore	
50-4	8714-8719	circa	
50-5	8720-8722	di	
50-6	8723-8728	lenta	
50-7	8729-8736	cottura	
50-8	8737-8744	durante	
50-9	8745-8747	la	
50-10	8748-8753	quale	
50-11	8754-8765	rifonderete	
50-12	8766-8769	all	
50-13	8769-8770	’	
50-14	8770-8780	occorrenza	
50-15	8781-8783	il	
50-16	8784-8791	liquido	
50-17	8791-8792	,	
50-18	8793-8800	passate	
50-19	8801-8803	il	
50-20	8804-8809	brodo	
50-21	8810-8813	dal	
50-22	8814-8820	colino	
50-23	8821-8829	premendo	
50-24	8830-8840	fortemente	
50-25	8841-8844	con	
50-26	8845-8847	un	
50-27	8848-8857	cucchiaio	
50-28	8858-8860	di	
50-29	8861-8866	legno	
50-30	8867-8868	e	
50-31	8868-8869	,	
50-32	8870-8872	se	
50-33	8873-8875	vi	
50-34	8876-8887	rimanessero	
50-35	8888-8891	per	
50-36	8892-8896	caso	
50-37	8897-8902	delle	
50-38	8903-8909	lische	
50-39	8909-8910	,	
50-40	8911-8921	prendetevi	
50-41	8922-8924	la	
50-42	8925-8929	cura	
50-43	8930-8932	di	
50-44	8933-8942	filtrarlo	
50-45	8943-8945	da	
50-46	8946-8952	ultimo	
50-47	8953-8955	da	
50-48	8956-8958	un	
50-49	8959-8968	pannolino	
50-50	8969-8973	rado	
50-51	8973-8974	.	

#Text=Ricordatevi il sale e il pepe e servitevi del brodo per cuocervi il riso o la pasta oppure per fare la zuppa di pane.
51-1	8975-8986	Ricordatevi	
51-2	8987-8989	il	
51-3	8990-8994	sale	
51-4	8995-8996	e	
51-5	8997-8999	il	
51-6	9000-9004	pepe	
51-7	9005-9006	e	
51-8	9007-9016	servitevi	
51-9	9017-9020	del	
51-10	9021-9026	brodo	
51-11	9027-9030	per	
51-12	9031-9039	cuocervi	
51-13	9040-9042	il	
51-14	9043-9047	riso	
51-15	9048-9049	o	
51-16	9050-9052	la	
51-17	9053-9058	pasta	
51-18	9059-9065	oppure	
51-19	9066-9069	per	
51-20	9070-9074	fare	
51-21	9075-9077	la	
51-22	9078-9083	zuppa	
51-23	9084-9086	di	
51-24	9087-9091	pane	
51-25	9091-9092	.	

#Text=Nessuno si è mai pentito d’aver mangiato poco.
#Text=
#Text=11. ' Un ovo nel brodo per ammalati e convalescenti. ' 
#Text=
#Text=(Rossumata). — Sbattete con una forchetta un ovo fresco in una chicchera finchè l’albume è bene amalgamato col rosso, salatelo un pochino poi versatevi adagio del buon brodo bollente rimestando sempre.
52-1	9094-9101	Nessuno	
52-2	9102-9104	si	
52-3	9105-9106	è	
52-4	9107-9110	mai	
52-5	9111-9118	pentito	
52-6	9119-9120	d	
52-7	9120-9121	’	
52-8	9121-9125	aver	
52-9	9126-9134	mangiato	
52-10	9135-9139	poco	
52-11	9139-9140	.	
52-12	9142-9144	11	
52-13	9144-9145	.	
52-14	9146-9147	'	
52-15	9148-9150	Un	
52-16	9151-9154	ovo	
52-17	9155-9158	nel	
52-18	9159-9164	brodo	
52-19	9165-9168	per	
52-20	9169-9177	ammalati	
52-21	9178-9179	e	
52-22	9180-9193	convalescenti	
52-23	9193-9194	.	
52-24	9195-9196	'	
52-25	9199-9200	(	
52-26	9200-9209	Rossumata	
52-27	9209-9210	)	
52-28	9210-9211	.	
52-29	9212-9213	—	
52-30	9214-9222	Sbattete	
52-31	9223-9226	con	
52-32	9227-9230	una	
52-33	9231-9240	forchetta	
52-34	9241-9243	un	
52-35	9244-9247	ovo	
52-36	9248-9254	fresco	
52-37	9255-9257	in	
52-38	9258-9261	una	
52-39	9262-9271	chicchera	
52-40	9272-9278	finchè	
52-41	9279-9280	l	
52-42	9280-9281	’	
52-43	9281-9287	albume	
52-44	9288-9289	è	
52-45	9290-9294	bene	
52-46	9295-9305	amalgamato	
52-47	9306-9309	col	
52-48	9310-9315	rosso	
52-49	9315-9316	,	
52-50	9317-9325	salatelo	
52-51	9326-9328	un	
52-52	9329-9336	pochino	
52-53	9337-9340	poi	
52-54	9341-9350	versatevi	
52-55	9351-9357	adagio	
52-56	9358-9361	del	
52-57	9362-9366	buon	
52-58	9367-9372	brodo	
52-59	9373-9381	bollente	
52-60	9382-9392	rimestando	
52-61	9393-9399	sempre	
52-62	9399-9400	.	

#Text=Sezione II
53-1	9402-9409	Sezione	
53-2	9410-9412	II	

#Text=.
54-1	9412-9413	.	

#Text=' LE MINESTRE IN BRODO. ' 
#Text=
#Text=1. ' Minestra di riso.
55-1	9415-9416	'	
55-2	9417-9419	LE	
55-3	9420-9428	MINESTRE	
55-4	9429-9431	IN	
55-5	9432-9437	BRODO	
55-6	9437-9438	.	
55-7	9439-9440	'	
55-8	9443-9444	1	
55-9	9444-9445	.	
55-10	9446-9447	'	
55-11	9448-9456	Minestra	
55-12	9457-9459	di	
55-13	9460-9464	riso	
55-14	9464-9465	.	

#Text=Diverse maniere di prepararla. ' 
#Text=
#Text=NB. — Calcolate per ogni persona quella quantità di riso che può contenere un grosso pugno, cioè circa 50 gr., e mezzo litro abbondante di liquido e, prima di mettere la minestra al fuoco, pulite bene i chicchi dalle sementi e dai sassolini che vi si trovassero frammisti, poi, se v’aggrada, lavateli facendo passare l’acqua da un colino.
56-1	9466-9473	Diverse	
56-2	9474-9481	maniere	
56-3	9482-9484	di	
56-4	9485-9495	prepararla	
56-5	9495-9496	.	
56-6	9497-9498	'	
56-7	9501-9503	NB	
56-8	9503-9504	.	
56-9	9505-9506	—	
56-10	9507-9516	Calcolate	
56-11	9517-9520	per	
56-12	9521-9525	ogni	
56-13	9526-9533	persona	
56-14	9534-9540	quella	
56-15	9541-9549	quantità	
56-16	9550-9552	di	
56-17	9553-9557	riso	
56-18	9558-9561	che	
56-19	9562-9565	può	
56-20	9566-9575	contenere	
56-21	9576-9578	un	
56-22	9579-9585	grosso	
56-23	9586-9591	pugno	
56-24	9591-9592	,	
56-25	9593-9597	cioè	
56-26	9598-9603	circa	
56-27	9604-9606	50	
56-28	9607-9609	gr	
56-29	9609-9610	.	
56-30	9610-9611	,	
56-31	9612-9613	e	
56-32	9614-9619	mezzo	
56-33	9620-9625	litro	
56-34	9626-9636	abbondante	
56-35	9637-9639	di	
56-36	9640-9647	liquido	
56-37	9648-9649	e	
56-38	9649-9650	,	
56-39	9651-9656	prima	
56-40	9657-9659	di	
56-41	9660-9667	mettere	
56-42	9668-9670	la	
56-43	9671-9679	minestra	
56-44	9680-9682	al	
56-45	9683-9688	fuoco	
56-46	9688-9689	,	
56-47	9690-9696	pulite	
56-48	9697-9701	bene	
56-49	9702-9703	i	
56-50	9704-9711	chicchi	
56-51	9712-9717	dalle	
56-52	9718-9725	sementi	
56-53	9726-9727	e	
56-54	9728-9731	dai	
56-55	9732-9741	sassolini	
56-56	9742-9745	che	
56-57	9746-9748	vi	
56-58	9749-9751	si	
56-59	9752-9762	trovassero	
56-60	9763-9772	frammisti	
56-61	9772-9773	,	
56-62	9774-9777	poi	
56-63	9777-9778	,	
56-64	9779-9781	se	
56-65	9782-9783	v	
56-66	9783-9784	’	
56-67	9784-9791	aggrada	
56-68	9791-9792	,	
56-69	9793-9801	lavateli	
56-70	9802-9809	facendo	
56-71	9810-9817	passare	
56-72	9818-9819	l	
56-73	9819-9820	’	
56-74	9820-9825	acqua	
56-75	9826-9828	da	
56-76	9829-9831	un	
56-77	9832-9838	colino	
56-78	9838-9839	.	

#Text=Ci guadagna la pulitezza ma il riso perde molto di sapore.
57-1	9840-9842	Ci	
57-2	9843-9851	guadagna	
57-3	9852-9854	la	
57-4	9855-9864	pulitezza	
57-5	9865-9867	ma	
57-6	9868-9870	il	
57-7	9871-9875	riso	
57-8	9876-9881	perde	
57-9	9882-9887	molto	
57-10	9888-9890	di	
57-11	9891-9897	sapore	
57-12	9897-9898	.	

#Text=Il tempo è danaro.
58-1	9900-9902	Il	
58-2	9903-9908	tempo	
58-3	9909-9910	è	
58-4	9911-9917	danaro	
58-5	9917-9918	.	

#Text=Minestra di riso semplice cotta nel brodo o nel latte.
59-1	9920-9928	Minestra	
59-2	9929-9931	di	
59-3	9932-9936	riso	
59-4	9937-9945	semplice	
59-5	9946-9951	cotta	
59-6	9952-9955	nel	
59-7	9956-9961	brodo	
59-8	9962-9963	o	
59-9	9964-9967	nel	
59-10	9968-9973	latte	
59-11	9973-9974	.	

#Text=Gettate il riso nel brodo o nel latte bollente, salatelo dopo qualche minuto e tenetelo al fuoco in tutto 15-20 minuti.
60-1	9975-9982	Gettate	
60-2	9983-9985	il	
60-3	9986-9990	riso	
60-4	9991-9994	nel	
60-5	9995-10000	brodo	
60-6	10001-10002	o	
60-7	10003-10006	nel	
60-8	10007-10012	latte	
60-9	10013-10021	bollente	
60-10	10021-10022	,	
60-11	10023-10031	salatelo	
60-12	10032-10036	dopo	
60-13	10037-10044	qualche	
60-14	10045-10051	minuto	
60-15	10052-10053	e	
60-16	10054-10062	tenetelo	
60-17	10063-10065	al	
60-18	10066-10071	fuoco	
60-19	10072-10074	in	
60-20	10075-10080	tutto	
60-21	10081-10083	15	
60-22	10083-10084	-	
60-23	10084-10086	20	
60-24	10087-10093	minuti	
60-25	10093-10094	.	

#Text=La durata della cottura dipende dalla qualità del riso; oltre a ciò certuni lo vogliono molle
#Text=— 12 —mentre altri lo gradiscono granelloso.
61-1	10095-10097	La	
61-2	10098-10104	durata	
61-3	10105-10110	della	
61-4	10111-10118	cottura	
61-5	10119-10126	dipende	
61-6	10127-10132	dalla	
61-7	10133-10140	qualità	
61-8	10141-10144	del	
61-9	10145-10149	riso	
61-10	10149-10150	;	
61-11	10151-10156	oltre	
61-12	10157-10158	a	
61-13	10159-10162	ciò	
61-14	10163-10170	certuni	
61-15	10171-10173	lo	
61-16	10174-10182	vogliono	
61-17	10183-10188	molle	
61-18	10189-10190	—	
61-19	10191-10193	12	
61-20	10194-10195	—	
61-21	10195-10201	mentre	
61-22	10202-10207	altri	
61-23	10208-10210	lo	
61-24	10211-10221	gradiscono	
61-25	10222-10232	granelloso	
61-26	10232-10233	.	

#Text=Un momento prima di metterlo in tavola aggiungetevi un po’ di formaggio grattato, se si trattasse d’una minestra di latte vi sostituireste invece il pepe.
62-1	10234-10236	Un	
62-2	10237-10244	momento	
62-3	10245-10250	prima	
62-4	10251-10253	di	
62-5	10254-10262	metterlo	
62-6	10263-10265	in	
62-7	10266-10272	tavola	
62-8	10273-10285	aggiungetevi	
62-9	10286-10288	un	
62-10	10289-10291	po	
62-11	10291-10292	’	
62-12	10293-10295	di	
62-13	10296-10305	formaggio	
62-14	10306-10314	grattato	
62-15	10314-10315	,	
62-16	10316-10318	se	
62-17	10319-10321	si	
62-18	10322-10331	trattasse	
62-19	10332-10333	d	
62-20	10333-10334	’	
62-21	10334-10337	una	
62-22	10338-10346	minestra	
62-23	10347-10349	di	
62-24	10350-10355	latte	
62-25	10356-10358	vi	
62-26	10359-10372	sostituireste	
62-27	10373-10379	invece	
62-28	10380-10382	il	
62-29	10383-10387	pepe	
62-30	10387-10388	.	

#Text=Minestra col riso soffritto.
63-1	10390-10398	Minestra	
63-2	10399-10402	col	
63-3	10403-10407	riso	
63-4	10408-10417	soffritto	
63-5	10417-10418	.	

#Text=Sciogliete in una cazzarola (per ogni persona) un pezzetto di burro come una noce oppure un po di strutto fino, fatevi rosolare, appena il grasso è bollente, il riso, bagnatelo col brodo e fatelo bollire come si è detto da 15 a 20 minuti salandolo a metà cottura.
64-1	10419-10429	Sciogliete	
64-2	10430-10432	in	
64-3	10433-10436	una	
64-4	10437-10446	cazzarola	
64-5	10447-10448	(	
64-6	10448-10451	per	
64-7	10452-10456	ogni	
64-8	10457-10464	persona	
64-9	10464-10465	)	
64-10	10466-10468	un	
64-11	10469-10477	pezzetto	
64-12	10478-10480	di	
64-13	10481-10486	burro	
64-14	10487-10491	come	
64-15	10492-10495	una	
64-16	10496-10500	noce	
64-17	10501-10507	oppure	
64-18	10508-10510	un	
64-19	10511-10513	po	
64-20	10514-10516	di	
64-21	10517-10524	strutto	
64-22	10525-10529	fino	
64-23	10529-10530	,	
64-24	10531-10537	fatevi	
64-25	10538-10546	rosolare	
64-26	10546-10547	,	
64-27	10548-10554	appena	
64-28	10555-10557	il	
64-29	10558-10564	grasso	
64-30	10565-10566	è	
64-31	10567-10575	bollente	
64-32	10575-10576	,	
64-33	10577-10579	il	
64-34	10580-10584	riso	
64-35	10584-10585	,	
64-36	10586-10595	bagnatelo	
64-37	10596-10599	col	
64-38	10600-10605	brodo	
64-39	10606-10607	e	
64-40	10608-10614	fatelo	
64-41	10615-10622	bollire	
64-42	10623-10627	come	
64-43	10628-10630	si	
64-44	10631-10632	è	
64-45	10633-10638	detto	
64-46	10639-10641	da	
64-47	10642-10644	15	
64-48	10645-10646	a	
64-49	10647-10649	20	
64-50	10650-10656	minuti	
64-51	10657-10666	salandolo	
64-52	10667-10668	a	
64-53	10669-10673	metà	
64-54	10674-10681	cottura	
64-55	10681-10682	.	

#Text=Se non aveste il brodo di carne supplite col brodo d’estratto Liebig o con qualche dado (vedi pag. 8).
65-1	10683-10685	Se	
65-2	10686-10689	non	
65-3	10690-10696	aveste	
65-4	10697-10699	il	
65-5	10700-10705	brodo	
65-6	10706-10708	di	
65-7	10709-10714	carne	
65-8	10715-10723	supplite	
65-9	10724-10727	col	
65-10	10728-10733	brodo	
65-11	10734-10735	d	
65-12	10735-10736	’	
65-13	10736-10744	estratto	
65-14	10745-10751	Liebig	
65-15	10752-10753	o	
65-16	10754-10757	con	
65-17	10758-10765	qualche	
65-18	10766-10770	dado	
65-19	10771-10772	(	
65-20	10772-10776	vedi	
65-21	10777-10780	pag	
65-22	10780-10781	.	
65-23	10782-10783	8	
65-24	10783-10784	)	
65-25	10784-10785	.	

#Text=Minestra di riso col soffritto d’erbe.
66-1	10787-10795	Minestra	
66-2	10796-10798	di	
66-3	10799-10803	riso	
66-4	10804-10807	col	
66-5	10808-10817	soffritto	
66-6	10818-10819	d	
66-7	10819-10820	’	
66-8	10820-10824	erbe	
66-9	10824-10825	.	

#Text=Tritate minutamente una cipolla mondata con una carotina (rapa gialla), alcune fette di radice di sedano, un pezzetto di porro, alcuni ramicelli di prezzemolo, dopo aver lavato con diligenza ogni cosa; fate soffriggere questi erbaggi con un pezzetto di burro della grossezza di due noci che avrete sciolto nella padella, poi due manate di riso.
67-1	10826-10833	Tritate	
67-2	10834-10845	minutamente	
67-3	10846-10849	una	
67-4	10850-10857	cipolla	
67-5	10858-10865	mondata	
67-6	10866-10869	con	
67-7	10870-10873	una	
67-8	10874-10882	carotina	
67-9	10883-10884	(	
67-10	10884-10888	rapa	
67-11	10889-10895	gialla	
67-12	10895-10896	)	
67-13	10896-10897	,	
67-14	10898-10904	alcune	
67-15	10905-10910	fette	
67-16	10911-10913	di	
67-17	10914-10920	radice	
67-18	10921-10923	di	
67-19	10924-10930	sedano	
67-20	10930-10931	,	
67-21	10932-10934	un	
67-22	10935-10943	pezzetto	
67-23	10944-10946	di	
67-24	10947-10952	porro	
67-25	10952-10953	,	
67-26	10954-10960	alcuni	
67-27	10961-10970	ramicelli	
67-28	10971-10973	di	
67-29	10974-10984	prezzemolo	
67-30	10984-10985	,	
67-31	10986-10990	dopo	
67-32	10991-10995	aver	
67-33	10996-11002	lavato	
67-34	11003-11006	con	
67-35	11007-11016	diligenza	
67-36	11017-11021	ogni	
67-37	11022-11026	cosa	
67-38	11026-11027	;	
67-39	11028-11032	fate	
67-40	11033-11044	soffriggere	
67-41	11045-11051	questi	
67-42	11052-11059	erbaggi	
67-43	11060-11063	con	
67-44	11064-11066	un	
67-45	11067-11075	pezzetto	
67-46	11076-11078	di	
67-47	11079-11084	burro	
67-48	11085-11090	della	
67-49	11091-11100	grossezza	
67-50	11101-11103	di	
67-51	11104-11107	due	
67-52	11108-11112	noci	
67-53	11113-11116	che	
67-54	11117-11123	avrete	
67-55	11124-11131	sciolto	
67-56	11132-11137	nella	
67-57	11138-11145	padella	
67-58	11145-11146	,	
67-59	11147-11150	poi	
67-60	11151-11154	due	
67-61	11155-11161	manate	
67-62	11162-11164	di	
67-63	11165-11169	riso	
67-64	11169-11170	.	

#Text=(Queste dosi servono per due persone).
68-1	11171-11172	(	
68-2	11172-11178	Queste	
68-3	11179-11183	dosi	
68-4	11184-11191	servono	
68-5	11192-11195	per	
68-6	11196-11199	due	
68-7	11200-11207	persone	
68-8	11207-11208	)	
68-9	11208-11209	.	

#Text=Versatevi quindi un litro abbondante di brodo di carne o d’estratto Liebig e cuocete 15-20 minuti il composto salandolo a discrezione dopo gli otto primi minuti di bollitura.
69-1	11210-11219	Versatevi	
69-2	11220-11226	quindi	
69-3	11227-11229	un	
69-4	11230-11235	litro	
69-5	11236-11246	abbondante	
69-6	11247-11249	di	
69-7	11250-11255	brodo	
69-8	11256-11258	di	
69-9	11259-11264	carne	
69-10	11265-11266	o	
69-11	11267-11268	d	
69-12	11268-11269	’	
69-13	11269-11277	estratto	
69-14	11278-11284	Liebig	
69-15	11285-11286	e	
69-16	11287-11294	cuocete	
69-17	11295-11297	15	
69-18	11297-11298	-	
69-19	11298-11300	20	
69-20	11301-11307	minuti	
69-21	11308-11310	il	
69-22	11311-11319	composto	
69-23	11320-11329	salandolo	
69-24	11330-11331	a	
69-25	11332-11343	discrezione	
69-26	11344-11348	dopo	
69-27	11349-11352	gli	
69-28	11353-11357	otto	
69-29	11358-11363	primi	
69-30	11364-11370	minuti	
69-31	11371-11373	di	
69-32	11374-11383	bollitura	
69-33	11383-11384	.	

#Text=Minestra di riso cogli spinaci e coll’ovo.
70-1	11386-11394	Minestra	
70-2	11395-11397	di	
70-3	11398-11402	riso	
70-4	11403-11408	cogli	
70-5	11409-11416	spinaci	
70-6	11417-11418	e	
70-7	11419-11423	coll	
70-8	11423-11424	’	
70-9	11424-11427	ovo	
70-10	11427-11428	.	

#Text=Mettete al fuoco il brodo con una manata di spinaci ben puliti per ogni persona, quando bolle unitevi il riso, salatelo e al momento di portarlo in tavola mescolatevi un ovo intero.
71-1	11429-11436	Mettete	
71-2	11437-11439	al	
71-3	11440-11445	fuoco	
71-4	11446-11448	il	
71-5	11449-11454	brodo	
71-6	11455-11458	con	
71-7	11459-11462	una	
71-8	11463-11469	manata	
71-9	11470-11472	di	
71-10	11473-11480	spinaci	
71-11	11481-11484	ben	
71-12	11485-11491	puliti	
71-13	11492-11495	per	
71-14	11496-11500	ogni	
71-15	11501-11508	persona	
71-16	11508-11509	,	
71-17	11510-11516	quando	
71-18	11517-11522	bolle	
71-19	11523-11530	unitevi	
71-20	11531-11533	il	
71-21	11534-11538	riso	
71-22	11538-11539	,	
71-23	11540-11548	salatelo	
71-24	11549-11550	e	
71-25	11551-11553	al	
71-26	11554-11561	momento	
71-27	11562-11564	di	
71-28	11565-11573	portarlo	
71-29	11574-11576	in	
71-30	11577-11583	tavola	
71-31	11584-11595	mescolatevi	
71-32	11596-11598	un	
71-33	11599-11602	ovo	
71-34	11603-11609	intero	
71-35	11609-11610	.	

#Text=L’ovo, che dà una minestra di lusso, si può anche omettere o sostituire con un cucchiaio di salsa di pomodoro.
72-1	11611-11612	L	
72-2	11612-11613	’	
72-3	11613-11616	ovo	
72-4	11616-11617	,	
72-5	11618-11621	che	
72-6	11622-11624	dà	
72-7	11625-11628	una	
72-8	11629-11637	minestra	
72-9	11638-11640	di	
72-10	11641-11646	lusso	
72-11	11646-11647	,	
72-12	11648-11650	si	
72-13	11651-11654	può	
72-14	11655-11660	anche	
72-15	11661-11669	omettere	
72-16	11670-11671	o	
72-17	11672-11682	sostituire	
72-18	11683-11686	con	
72-19	11687-11689	un	
72-20	11690-11699	cucchiaio	
72-21	11700-11702	di	
72-22	11703-11708	salsa	
72-23	11709-11711	di	
72-24	11712-11720	pomodoro	
72-25	11720-11721	.	

#Text=A questa minestra s’addice anche il prezzemolo pesto.
73-1	11722-11723	A	
73-2	11724-11730	questa	
73-3	11731-11739	minestra	
73-4	11740-11741	s	
73-5	11741-11742	’	
73-6	11742-11748	addice	
73-7	11749-11754	anche	
73-8	11755-11757	il	
73-9	11758-11768	prezzemolo	
73-10	11769-11774	pesto	
73-11	11774-11775	.	

#Text=Minestra di riso col battuto di lardo e l’aglio, senza brodo.
74-1	11777-11785	Minestra	
74-2	11786-11788	di	
74-3	11789-11793	riso	
74-4	11794-11797	col	
74-5	11798-11805	battuto	
74-6	11806-11808	di	
74-7	11809-11814	lardo	
74-8	11815-11816	e	
74-9	11817-11818	l	
74-10	11818-11819	’	
74-11	11819-11824	aglio	
74-12	11824-11825	,	
74-13	11826-11831	senza	
74-14	11832-11837	brodo	
74-15	11837-11838	.	

#Text=Fate un battuto finissimo di lardo, aglio e prezzemolo in quelle proporzioni che più v’aggradano (per ogni persona ne occorre un cucchiaio colmo), unitelo, senza soffriggerlo, all’acqua in cui calcolate di cuocere il riso, tenendola abbondante, e lasciate bollire questo composto una trentina di minuti prima di unirvi i chicchi.
75-1	11839-11843	Fate	
75-2	11844-11846	un	
75-3	11847-11854	battuto	
75-4	11855-11864	finissimo	
75-5	11865-11867	di	
75-6	11868-11873	lardo	
75-7	11873-11874	,	
75-8	11875-11880	aglio	
75-9	11881-11882	e	
75-10	11883-11893	prezzemolo	
75-11	11894-11896	in	
75-12	11897-11903	quelle	
75-13	11904-11915	proporzioni	
75-14	11916-11919	che	
75-15	11920-11923	più	
75-16	11924-11925	v	
75-17	11925-11926	’	
75-18	11926-11935	aggradano	
75-19	11936-11937	(	
75-20	11937-11940	per	
75-21	11941-11945	ogni	
75-22	11946-11953	persona	
75-23	11954-11956	ne	
75-24	11957-11964	occorre	
75-25	11965-11967	un	
75-26	11968-11977	cucchiaio	
75-27	11978-11983	colmo	
75-28	11983-11984	)	
75-29	11984-11985	,	
75-30	11986-11993	unitelo	
75-31	11993-11994	,	
75-32	11995-12000	senza	
75-33	12001-12013	soffriggerlo	
75-34	12013-12014	,	
75-35	12015-12018	all	
75-36	12018-12019	’	
75-37	12019-12024	acqua	
75-38	12025-12027	in	
75-39	12028-12031	cui	
75-40	12032-12041	calcolate	
75-41	12042-12044	di	
75-42	12045-12052	cuocere	
75-43	12053-12055	il	
75-44	12056-12060	riso	
75-45	12060-12061	,	
75-46	12062-12071	tenendola	
75-47	12072-12082	abbondante	
75-48	12082-12083	,	
75-49	12084-12085	e	
75-50	12086-12094	lasciate	
75-51	12095-12102	bollire	
75-52	12103-12109	questo	
75-53	12110-12118	composto	
75-54	12119-12122	una	
75-55	12123-12131	trentina	
75-56	12132-12134	di	
75-57	12135-12141	minuti	
75-58	12142-12147	prima	
75-59	12148-12150	di	
75-60	12151-12157	unirvi	
75-61	12158-12159	i	
75-62	12160-12167	chicchi	
75-63	12167-12168	.	

#Text=Cuocete e salate come nelle precedenti ricette aggiungendo, se così vi piace, anche una presina di pepe.
76-1	12169-12176	Cuocete	
76-2	12177-12178	e	
76-3	12179-12185	salate	
76-4	12186-12190	come	
76-5	12191-12196	nelle	
76-6	12197-12207	precedenti	
76-7	12208-12215	ricette	
76-8	12216-12227	aggiungendo	
76-9	12227-12228	,	
76-10	12229-12231	se	
76-11	12232-12236	così	
76-12	12237-12239	vi	
76-13	12240-12245	piace	
76-14	12245-12246	,	
76-15	12247-12252	anche	
76-16	12253-12256	una	
76-17	12257-12264	presina	
76-18	12265-12267	di	
76-19	12268-12272	pepe	
76-20	12272-12273	.	

#Text=Il battuto deve sciogliersi interamente.
77-1	12274-12276	Il	
77-2	12277-12284	battuto	
77-3	12285-12289	deve	
77-4	12290-12301	sciogliersi	
77-5	12302-12313	interamente	
77-6	12313-12314	.	

#Text=A questa minestra potete aggiungere, da principio, delle verdure trite, come spinaci, verze, cavoli capucci, rape, cavoli rapa o navoni, abbondando in proporzione coll’acqua.
78-1	12315-12316	A	
78-2	12317-12323	questa	
78-3	12324-12332	minestra	
78-4	12333-12339	potete	
78-5	12340-12350	aggiungere	
78-6	12350-12351	,	
78-7	12352-12354	da	
78-8	12355-12364	principio	
78-9	12364-12365	,	
78-10	12366-12371	delle	
78-11	12372-12379	verdure	
78-12	12380-12385	trite	
78-13	12385-12386	,	
78-14	12387-12391	come	
78-15	12392-12399	spinaci	
78-16	12399-12400	,	
78-17	12401-12406	verze	
78-18	12406-12407	,	
78-19	12408-12414	cavoli	
78-20	12415-12422	capucci	
78-21	12422-12423	,	
78-22	12424-12428	rape	
78-23	12428-12429	,	
78-24	12430-12436	cavoli	
78-25	12437-12441	rapa	
78-26	12442-12443	o	
78-27	12444-12450	navoni	
78-28	12450-12451	,	
78-29	12452-12462	abbondando	
78-30	12463-12465	in	
78-31	12466-12477	proporzione	
78-32	12478-12482	coll	
78-33	12482-12483	’	
78-34	12483-12488	acqua	
78-35	12488-12489	.	

#Text=Vi si addicono anche i fagioli, ma esigono una cottura più prolungata, e i piselli, che saranno pronti in 30-40 minuti, secondo la stagione.
79-1	12490-12492	Vi	
79-2	12493-12495	si	
79-3	12496-12504	addicono	
79-4	12505-12510	anche	
79-5	12511-12512	i	
79-6	12513-12520	fagioli	
79-7	12520-12521	,	
79-8	12522-12524	ma	
79-9	12525-12532	esigono	
79-10	12533-12536	una	
79-11	12537-12544	cottura	
79-12	12545-12548	più	
79-13	12549-12559	prolungata	
79-14	12559-12560	,	
79-15	12561-12562	e	
79-16	12563-12564	i	
79-17	12565-12572	piselli	
79-18	12572-12573	,	
79-19	12574-12577	che	
79-20	12578-12585	saranno	
79-21	12586-12592	pronti	
79-22	12593-12595	in	
79-23	12596-12598	30	
79-24	12598-12599	-	
79-25	12599-12601	40	
79-26	12602-12608	minuti	
79-27	12608-12609	,	
79-28	12610-12617	secondo	
79-29	12618-12620	la	
79-30	12621-12629	stagione	
79-31	12629-12630	.	

#Text=Minestra di riso col soffritto di cavoli o di verze.
80-1	12632-12640	Minestra	
80-2	12641-12643	di	
80-3	12644-12648	riso	
80-4	12649-12652	col	
80-5	12653-12662	soffritto	
80-6	12663-12665	di	
80-7	12666-12672	cavoli	
80-8	12673-12674	o	
80-9	12675-12677	di	
80-10	12678-12683	verze	
80-11	12683-12684	.	

#Text=Ben lavate che abbiate queste verdure, tritatele non troppo fine, dopo averle immerse un momento nell’acqua bollente, fatele soffriggere nel burro o nello strutto, bagnandole con poca acqua o brodo senza dimenticare il sale e il pepe.
81-1	12685-12688	Ben	
81-2	12689-12695	lavate	
81-3	12696-12699	che	
81-4	12700-12707	abbiate	
81-5	12708-12714	queste	
81-6	12715-12722	verdure	
81-7	12722-12723	,	
81-8	12724-12733	tritatele	
81-9	12734-12737	non	
81-10	12738-12744	troppo	
81-11	12745-12749	fine	
81-12	12749-12750	,	
81-13	12751-12755	dopo	
81-14	12756-12762	averle	
81-15	12763-12770	immerse	
81-16	12771-12773	un	
81-17	12774-12781	momento	
81-18	12782-12786	nell	
81-19	12786-12787	’	
81-20	12787-12792	acqua	
81-21	12793-12801	bollente	
81-22	12801-12802	,	
81-23	12803-12809	fatele	
81-24	12810-12821	soffriggere	
81-25	12822-12825	nel	
81-26	12826-12831	burro	
81-27	12832-12833	o	
81-28	12834-12839	nello	
81-29	12840-12847	strutto	
81-30	12847-12848	,	
81-31	12849-12859	bagnandole	
81-32	12860-12863	con	
81-33	12864-12868	poca	
81-34	12869-12874	acqua	
81-35	12875-12876	o	
81-36	12877-12882	brodo	
81-37	12883-12888	senza	
81-38	12889-12900	dimenticare	
81-39	12901-12903	il	
81-40	12904-12908	sale	
81-41	12909-12910	e	
81-42	12911-12913	il	
81-43	12914-12918	pepe	
81-44	12918-12919	.	

#Text=Preparate una minestra di riso semplice e, mentre sta cuocendo, unitevi i cavoli che avrete tirati a cottura in un’ora circa e a lento fuoco.
82-1	12920-12929	Preparate	
82-2	12930-12933	una	
82-3	12934-12942	minestra	
82-4	12943-12945	di	
82-5	12946-12950	riso	
82-6	12951-12959	semplice	
82-7	12960-12961	e	
82-8	12961-12962	,	
82-9	12963-12969	mentre	
82-10	12970-12973	sta	
82-11	12974-12982	cuocendo	
82-12	12982-12983	,	
82-13	12984-12991	unitevi	
82-14	12992-12993	i	
82-15	12994-13000	cavoli	
82-16	13001-13004	che	
82-17	13005-13011	avrete	
82-18	13012-13018	tirati	
82-19	13019-13020	a	
82-20	13021-13028	cottura	
82-21	13029-13031	in	
82-22	13032-13034	un	
82-23	13034-13035	’	
82-24	13035-13038	ora	
82-25	13039-13044	circa	
82-26	13045-13046	e	
82-27	13047-13048	a	
82-28	13049-13054	lento	
82-29	13055-13060	fuoco	
82-30	13060-13061	.	

#Text=In questo modo si possono preparare anche gli spinaci o i piselli per aggiungerli poi al riso.
83-1	13062-13064	In	
83-2	13065-13071	questo	
83-3	13072-13076	modo	
83-4	13077-13079	si	
83-5	13080-13087	possono	
83-6	13088-13097	preparare	
83-7	13098-13103	anche	
83-8	13104-13107	gli	
83-9	13108-13115	spinaci	
83-10	13116-13117	o	
83-11	13118-13119	i	
83-12	13120-13127	piselli	
83-13	13128-13131	per	
83-14	13132-13143	aggiungerli	
83-15	13144-13147	poi	
83-16	13148-13150	al	
83-17	13151-13155	riso	
83-18	13155-13156	.	

#Text=Potete calcolare per ogni persona 3-4 cucchiai di verdura e un pezzetto di burro o di strutto come una noce.
84-1	13157-13163	Potete	
84-2	13164-13173	calcolare	
84-3	13174-13177	per	
84-4	13178-13182	ogni	
84-5	13183-13190	persona	
84-6	13191-13192	3	
84-7	13192-13193	-	
84-8	13193-13194	4	
84-9	13195-13203	cucchiai	
84-10	13204-13206	di	
84-11	13207-13214	verdura	
84-12	13215-13216	e	
84-13	13217-13219	un	
84-14	13220-13228	pezzetto	
84-15	13229-13231	di	
84-16	13232-13237	burro	
84-17	13238-13239	o	
84-18	13240-13242	di	
84-19	13243-13250	strutto	
84-20	13251-13255	come	
84-21	13256-13259	una	
84-22	13260-13264	noce	
84-23	13264-13265	.	

#Text=Minestra di riso cogli zucchini.
85-1	13267-13275	Minestra	
85-2	13276-13278	di	
85-3	13279-13283	riso	
85-4	13284-13289	cogli	
85-5	13290-13298	zucchini	
85-6	13298-13299	.	

#Text=Dividete degli zucchini in quattro parti, estraetene la parte molliccia coi semi e senza mondarli tagliateli a quadrettini; fate soffriggere questi pezzetti nella padella dove contate cuocere il riso, con un po’ di lardo, di strutto o di burro (il lardo dev’essere tritato finissimo e vi si può aggiungere un cucchiaio di prezzemolo), salateli e, trascorsi pochi minuti, unitevi il brodo, lasciate bollire un quarto d’ora prima di mettervi il riso.
86-1	13300-13308	Dividete	
86-2	13309-13314	degli	
86-3	13315-13323	zucchini	
86-4	13324-13326	in	
86-5	13327-13334	quattro	
86-6	13335-13340	parti	
86-7	13340-13341	,	
86-8	13342-13352	estraetene	
86-9	13353-13355	la	
86-10	13356-13361	parte	
86-11	13362-13371	molliccia	
86-12	13372-13375	coi	
86-13	13376-13380	semi	
86-14	13381-13382	e	
86-15	13383-13388	senza	
86-16	13389-13397	mondarli	
86-17	13398-13408	tagliateli	
86-18	13409-13410	a	
86-19	13411-13422	quadrettini	
86-20	13422-13423	;	
86-21	13424-13428	fate	
86-22	13429-13440	soffriggere	
86-23	13441-13447	questi	
86-24	13448-13456	pezzetti	
86-25	13457-13462	nella	
86-26	13463-13470	padella	
86-27	13471-13475	dove	
86-28	13476-13483	contate	
86-29	13484-13491	cuocere	
86-30	13492-13494	il	
86-31	13495-13499	riso	
86-32	13499-13500	,	
86-33	13501-13504	con	
86-34	13505-13507	un	
86-35	13508-13510	po	
86-36	13510-13511	’	
86-37	13512-13514	di	
86-38	13515-13520	lardo	
86-39	13520-13521	,	
86-40	13522-13524	di	
86-41	13525-13532	strutto	
86-42	13533-13534	o	
86-43	13535-13537	di	
86-44	13538-13543	burro	
86-45	13544-13545	(	
86-46	13545-13547	il	
86-47	13548-13553	lardo	
86-48	13554-13557	dev	
86-49	13557-13558	’	
86-50	13558-13564	essere	
86-51	13565-13572	tritato	
86-52	13573-13582	finissimo	
86-53	13583-13584	e	
86-54	13585-13587	vi	
86-55	13588-13590	si	
86-56	13591-13594	può	
86-57	13595-13605	aggiungere	
86-58	13606-13608	un	
86-59	13609-13618	cucchiaio	
86-60	13619-13621	di	
86-61	13622-13632	prezzemolo	
86-62	13632-13633	)	
86-63	13633-13634	,	
86-64	13635-13643	salateli	
86-65	13644-13645	e	
86-66	13645-13646	,	
86-67	13647-13656	trascorsi	
86-68	13657-13662	pochi	
86-69	13663-13669	minuti	
86-70	13669-13670	,	
86-71	13671-13678	unitevi	
86-72	13679-13681	il	
86-73	13682-13687	brodo	
86-74	13687-13688	,	
86-75	13689-13697	lasciate	
86-76	13698-13705	bollire	
86-77	13706-13708	un	
86-78	13709-13715	quarto	
86-79	13716-13717	d	
86-80	13717-13718	’	
86-81	13718-13721	ora	
86-82	13722-13727	prima	
86-83	13728-13730	di	
86-84	13731-13739	mettervi	
86-85	13740-13742	il	
86-86	13743-13747	riso	
86-87	13747-13748	.	

#Text=Per le dosi e la cottura regolatevi a norma delle precedenti ricette, prendendo uno zucchino per persona.
87-1	13749-13752	Per	
87-2	13753-13755	le	
87-3	13756-13760	dosi	
87-4	13761-13762	e	
87-5	13763-13765	la	
87-6	13766-13773	cottura	
87-7	13774-13784	regolatevi	
87-8	13785-13786	a	
87-9	13787-13792	norma	
87-10	13793-13798	delle	
87-11	13799-13809	precedenti	
87-12	13810-13817	ricette	
87-13	13817-13818	,	
87-14	13819-13828	prendendo	
87-15	13829-13832	uno	
87-16	13833-13841	zucchino	
87-17	13842-13845	per	
87-18	13846-13853	persona	
87-19	13853-13854	.	

#Text=Minestra di riso colla zucca marina o barucca.
88-1	13856-13864	Minestra	
88-2	13865-13867	di	
88-3	13868-13872	riso	
88-4	13873-13878	colla	
88-5	13879-13884	zucca	
88-6	13885-13891	marina	
88-7	13892-13893	o	
88-8	13894-13901	barucca	
88-9	13901-13902	.	

#Text=Cuocete un pezzo di zucca ben matura nell’acqua o al forno, tagliatela a pezzettini (dopo averla mondata), fatela soffriggere in un pezzetto di burro sciolto, unitevi il brodo e in questo cuocete il riso col sale che occorre.
89-1	13903-13910	Cuocete	
89-2	13911-13913	un	
89-3	13914-13919	pezzo	
89-4	13920-13922	di	
89-5	13923-13928	zucca	
89-6	13929-13932	ben	
89-7	13933-13939	matura	
89-8	13940-13944	nell	
89-9	13944-13945	’	
89-10	13945-13950	acqua	
89-11	13951-13952	o	
89-12	13953-13955	al	
89-13	13956-13961	forno	
89-14	13961-13962	,	
89-15	13963-13973	tagliatela	
89-16	13974-13975	a	
89-17	13976-13986	pezzettini	
89-18	13987-13988	(	
89-19	13988-13992	dopo	
89-20	13993-13999	averla	
89-21	14000-14007	mondata	
89-22	14007-14008	)	
89-23	14008-14009	,	
89-24	14010-14016	fatela	
89-25	14017-14028	soffriggere	
89-26	14029-14031	in	
89-27	14032-14034	un	
89-28	14035-14043	pezzetto	
89-29	14044-14046	di	
89-30	14047-14052	burro	
89-31	14053-14060	sciolto	
89-32	14060-14061	,	
89-33	14062-14069	unitevi	
89-34	14070-14072	il	
89-35	14073-14078	brodo	
89-36	14079-14080	e	
89-37	14081-14083	in	
89-38	14084-14090	questo	
89-39	14091-14098	cuocete	
89-40	14099-14101	il	
89-41	14102-14106	riso	
89-42	14107-14110	col	
89-43	14111-14115	sale	
89-44	14116-14119	che	
89-45	14120-14127	occorre	
89-46	14127-14128	.	

#Text=Minestra di riso colla zucca marina o barucca e col latte.
90-1	14130-14138	Minestra	
90-2	14139-14141	di	
90-3	14142-14146	riso	
90-4	14147-14152	colla	
90-5	14153-14158	zucca	
90-6	14159-14165	marina	
90-7	14166-14167	o	
90-8	14168-14175	barucca	
90-9	14176-14177	e	
90-10	14178-14181	col	
90-11	14182-14187	latte	
90-12	14187-14188	.	

#Text=Cuocete la zucca come indica la precedente ricetta e, mondatala e tagliatala a quadrettini, unitela al latte in cui farete bollire il riso, aggiungendo sale e pepe.
91-1	14189-14196	Cuocete	
91-2	14197-14199	la	
91-3	14200-14205	zucca	
91-4	14206-14210	come	
91-5	14211-14217	indica	
91-6	14218-14220	la	
91-7	14221-14231	precedente	
91-8	14232-14239	ricetta	
91-9	14240-14241	e	
91-10	14241-14242	,	
91-11	14243-14252	mondatala	
91-12	14253-14254	e	
91-13	14255-14265	tagliatala	
91-14	14266-14267	a	
91-15	14268-14279	quadrettini	
91-16	14279-14280	,	
91-17	14281-14288	unitela	
91-18	14289-14291	al	
91-19	14292-14297	latte	
91-20	14298-14300	in	
91-21	14301-14304	cui	
91-22	14305-14311	farete	
91-23	14312-14319	bollire	
91-24	14320-14322	il	
91-25	14323-14327	riso	
91-26	14327-14328	,	
91-27	14329-14340	aggiungendo	
91-28	14341-14345	sale	
91-29	14346-14347	e	
91-30	14348-14352	pepe	
91-31	14352-14353	.	

#Text=Ministra di riso col pomodoro.
92-1	14355-14363	Ministra	
92-2	14364-14366	di	
92-3	14367-14371	riso	
92-4	14372-14375	col	
92-5	14376-14384	pomodoro	
92-6	14384-14385	.	

#Text=Prima di gettarvi il riso fate cuocere col brodo 3-4 pomidori (per due persone) dolci, maturi, ben lavati e schiacciati a traverso uno staccio.
93-1	14386-14391	Prima	
93-2	14392-14394	di	
93-3	14395-14403	gettarvi	
93-4	14404-14406	il	
93-5	14407-14411	riso	
93-6	14412-14416	fate	
93-7	14417-14424	cuocere	
93-8	14425-14428	col	
93-9	14429-14434	brodo	
93-10	14435-14436	3	
93-11	14436-14437	-	
93-12	14437-14438	4	
93-13	14439-14447	pomidori	
93-14	14448-14449	(	
93-15	14449-14452	per	
93-16	14453-14456	due	
93-17	14457-14464	persone	
93-18	14464-14465	)	
93-19	14466-14471	dolci	
93-20	14471-14472	,	
93-21	14473-14479	maturi	
93-22	14479-14480	,	
93-23	14481-14484	ben	
93-24	14485-14491	lavati	
93-25	14492-14493	e	
93-26	14494-14505	schiacciati	
93-27	14506-14507	a	
93-28	14508-14516	traverso	
93-29	14517-14520	uno	
93-30	14521-14528	staccio	
93-31	14528-14529	.	

#Text=Salate a discrezione.
94-1	14530-14536	Salate	
94-2	14537-14538	a	
94-3	14539-14550	discrezione	
94-4	14550-14551	.	

#Text=In mancanza dei pomidori freschi, potete servirvi di conserva.
95-1	14553-14555	In	
95-2	14556-14564	mancanza	
95-3	14565-14568	dei	
95-4	14569-14577	pomidori	
95-5	14578-14585	freschi	
95-6	14585-14586	,	
95-7	14587-14593	potete	
95-8	14594-14602	servirvi	
95-9	14603-14605	di	
95-10	14606-14614	conserva	
95-11	14614-14615	.	

#Text=Minestra di riso colle lucaniche.
96-1	14617-14625	Minestra	
96-2	14626-14628	di	
96-3	14629-14633	riso	
96-4	14634-14639	colle	
96-5	14640-14649	lucaniche	
96-6	14649-14650	.	

#Text=Mentre il riso sta cuocendo nel brodo mettete al fuoco nell’acqua fredda, per ciascun commensale, un paio di lucaniche tedesche (Würstl) fresche o fumate, ben lavate.
97-1	14651-14657	Mentre	
97-2	14658-14660	il	
97-3	14661-14665	riso	
97-4	14666-14669	sta	
97-5	14670-14678	cuocendo	
97-6	14679-14682	nel	
97-7	14683-14688	brodo	
97-8	14689-14696	mettete	
97-9	14697-14699	al	
97-10	14700-14705	fuoco	
97-11	14706-14710	nell	
97-12	14710-14711	’	
97-13	14711-14716	acqua	
97-14	14717-14723	fredda	
97-15	14723-14724	,	
97-16	14725-14728	per	
97-17	14729-14736	ciascun	
97-18	14737-14747	commensale	
97-19	14747-14748	,	
97-20	14749-14751	un	
97-21	14752-14756	paio	
97-22	14757-14759	di	
97-23	14760-14769	lucaniche	
97-24	14770-14778	tedesche	
97-25	14779-14780	(	
97-26	14780-14786	Würstl	
97-27	14786-14787	)	
97-28	14788-14795	fresche	
97-29	14796-14797	o	
97-30	14798-14804	fumate	
97-31	14804-14805	,	
97-32	14806-14809	ben	
97-33	14810-14816	lavate	
97-34	14816-14817	.	

#Text=Quando l’acqua sta per bollire ritiratele sull’angolo del fornello e unitele al riso (scolandole) appena è cotto.
98-1	14818-14824	Quando	
98-2	14825-14826	l	
98-3	14826-14827	’	
98-4	14827-14832	acqua	
98-5	14833-14836	sta	
98-6	14837-14840	per	
98-7	14841-14848	bollire	
98-8	14849-14859	ritiratele	
98-9	14860-14864	sull	
98-10	14864-14865	’	
98-11	14865-14871	angolo	
98-12	14872-14875	del	
98-13	14876-14884	fornello	
98-14	14885-14886	e	
98-15	14887-14894	unitele	
98-16	14895-14897	al	
98-17	14898-14902	riso	
98-18	14903-14904	(	
98-19	14904-14914	scolandole	
98-20	14914-14915	)	
98-21	14916-14922	appena	
98-22	14923-14924	è	
98-23	14925-14930	cotto	
98-24	14930-14931	.	

#Text=Minestra di riso col brodo di pesce, di ranocchi, d’erbe ecc. ecc.
99-1	14933-14941	Minestra	
99-2	14942-14944	di	
99-3	14945-14949	riso	
99-4	14950-14953	col	
99-5	14954-14959	brodo	
99-6	14960-14962	di	
99-7	14963-14968	pesce	
99-8	14968-14969	,	
99-9	14970-14972	di	
99-10	14973-14981	ranocchi	
99-11	14981-14982	,	
99-12	14983-14984	d	
99-13	14984-14985	’	
99-14	14985-14989	erbe	
99-15	14990-14993	ecc	
99-16	14993-14994	.	
99-17	14995-14998	ecc	
99-18	14998-14999	.	

#Text=S’intende che al riso s’addicono oltre il latte e il brodo di carne e d’estratto Liebig tutti i brodi di magro.
#Text=
#Text=2. ' Minestra dei tre erre, cioè, riso, rape e rocchi (lucaniche). ' — Fate bollire una salsiccia o un salamino (lucanica) nell’acqua un’ora circa, lessate pure delle buone rape, cuocendole circa ore 1&nbsp;½, tagliate quindi ogni cosa a fette, unite il brodo della salsiccia a quello in cui intendete cucinare il riso, e pronto che sia questo mescolatevi, con sale e pepe, le rape e la carne.
#Text=
#Text=3. ' Minestra d’orzo. ' — L’orzo è un cereale sanissimo e poco conosciuto in Italia.
100-1	15000-15001	S	
100-2	15001-15002	’	
100-3	15002-15009	intende	
100-4	15010-15013	che	
100-5	15014-15016	al	
100-6	15017-15021	riso	
100-7	15022-15023	s	
100-8	15023-15024	’	
100-9	15024-15032	addicono	
100-10	15033-15038	oltre	
100-11	15039-15041	il	
100-12	15042-15047	latte	
100-13	15048-15049	e	
100-14	15050-15052	il	
100-15	15053-15058	brodo	
100-16	15059-15061	di	
100-17	15062-15067	carne	
100-18	15068-15069	e	
100-19	15070-15071	d	
100-20	15071-15072	’	
100-21	15072-15080	estratto	
100-22	15081-15087	Liebig	
100-23	15088-15093	tutti	
100-24	15094-15095	i	
100-25	15096-15101	brodi	
100-26	15102-15104	di	
100-27	15105-15110	magro	
100-28	15110-15111	.	
100-29	15113-15114	2	
100-30	15114-15115	.	
100-31	15116-15117	'	
100-32	15118-15126	Minestra	
100-33	15127-15130	dei	
100-34	15131-15134	tre	
100-35	15135-15139	erre	
100-36	15139-15140	,	
100-37	15141-15145	cioè	
100-38	15145-15146	,	
100-39	15147-15151	riso	
100-40	15151-15152	,	
100-41	15153-15157	rape	
100-42	15158-15159	e	
100-43	15160-15166	rocchi	
100-44	15167-15168	(	
100-45	15168-15177	lucaniche	
100-46	15177-15178	)	
100-47	15178-15179	.	
100-48	15180-15181	'	
100-49	15182-15183	—	
100-50	15184-15188	Fate	
100-51	15189-15196	bollire	
100-52	15197-15200	una	
100-53	15201-15210	salsiccia	
100-54	15211-15212	o	
100-55	15213-15215	un	
100-56	15216-15224	salamino	
100-57	15225-15226	(	
100-58	15226-15234	lucanica	
100-59	15234-15235	)	
100-60	15236-15240	nell	
100-61	15240-15241	’	
100-62	15241-15246	acqua	
100-63	15247-15249	un	
100-64	15249-15250	’	
100-65	15250-15253	ora	
100-66	15254-15259	circa	
100-67	15259-15260	,	
100-68	15261-15268	lessate	
100-69	15269-15273	pure	
100-70	15274-15279	delle	
100-71	15280-15285	buone	
100-72	15286-15290	rape	
100-73	15290-15291	,	
100-74	15292-15302	cuocendole	
100-75	15303-15308	circa	
100-76	15309-15312	ore	
100-77	15313-15315	1&	
100-78	15315-15319	nbsp	
100-79	15319-15320	;	
100-80	15320-15321	½	
100-81	15321-15322	,	
100-82	15323-15331	tagliate	
100-83	15332-15338	quindi	
100-84	15339-15343	ogni	
100-85	15344-15348	cosa	
100-86	15349-15350	a	
100-87	15351-15356	fette	
100-88	15356-15357	,	
100-89	15358-15363	unite	
100-90	15364-15366	il	
100-91	15367-15372	brodo	
100-92	15373-15378	della	
100-93	15379-15388	salsiccia	
100-94	15389-15390	a	
100-95	15391-15397	quello	
100-96	15398-15400	in	
100-97	15401-15404	cui	
100-98	15405-15414	intendete	
100-99	15415-15423	cucinare	
100-100	15424-15426	il	
100-101	15427-15431	riso	
100-102	15431-15432	,	
100-103	15433-15434	e	
100-104	15435-15441	pronto	
100-105	15442-15445	che	
100-106	15446-15449	sia	
100-107	15450-15456	questo	
100-108	15457-15468	mescolatevi	
100-109	15468-15469	,	
100-110	15470-15473	con	
100-111	15474-15478	sale	
100-112	15479-15480	e	
100-113	15481-15485	pepe	
100-114	15485-15486	,	
100-115	15487-15489	le	
100-116	15490-15494	rape	
100-117	15495-15496	e	
100-118	15497-15499	la	
100-119	15500-15505	carne	
100-120	15505-15506	.	
100-121	15508-15509	3	
100-122	15509-15510	.	
100-123	15511-15512	'	
100-124	15513-15521	Minestra	
100-125	15522-15523	d	
100-126	15523-15524	’	
100-127	15524-15528	orzo	
100-128	15528-15529	.	
100-129	15530-15531	'	
100-130	15532-15533	—	
100-131	15534-15535	L	
100-132	15535-15536	’	
100-133	15536-15540	orzo	
100-134	15541-15542	è	
100-135	15543-15545	un	
100-136	15546-15553	cereale	
100-137	15554-15563	sanissimo	
100-138	15564-15565	e	
100-139	15566-15570	poco	
100-140	15571-15581	conosciuto	
100-141	15582-15584	in	
100-142	15585-15591	Italia	
100-143	15591-15592	.	

#Text=La sua cottura richiede al minimo ore 1&nbsp;½, al massimo 3 ore.
101-1	15593-15595	La	
101-2	15596-15599	sua	
101-3	15600-15607	cottura	
101-4	15608-15616	richiede	
101-5	15617-15619	al	
101-6	15620-15626	minimo	
101-7	15627-15630	ore	
101-8	15631-15633	1&	
101-9	15633-15637	nbsp	
101-10	15637-15638	;	
101-11	15638-15639	½	
101-12	15639-15640	,	
101-13	15641-15643	al	
101-14	15644-15651	massimo	
101-15	15652-15653	3	
101-16	15654-15657	ore	
101-17	15657-15658	.	

#Text=È quindi cosa importante per l’economia lo sceglierlo di buona qualità.
102-1	15659-15660	È	
102-2	15661-15667	quindi	
102-3	15668-15672	cosa	
102-4	15673-15683	importante	
102-5	15684-15687	per	
102-6	15688-15689	l	
102-7	15689-15690	’	
102-8	15690-15698	economia	
102-9	15699-15701	lo	
102-10	15702-15712	sceglierlo	
102-11	15713-15715	di	
102-12	15716-15721	buona	
102-13	15722-15729	qualità	
102-14	15729-15730	.	
