#FORMAT=WebAnno TSV 3.3


#Text=Assis pour l'ordinaire dans une chambre voisine, je donne des ordres qu'exécutent des ouvriers subalternes; je médite sur les productions de la nature: tantôt je les laisse dans leur simplicité; tantôt je les déguise ou les assortis, suivant des proportions nouvelles et propres à flatter votre goût.
1-1	0-5	Assis	
1-2	6-10	pour	
1-3	11-22	l'ordinaire	
1-4	23-27	dans	
1-5	28-31	une	
1-6	32-39	chambre	
1-7	40-47	voisine	
1-8	47-48	,	
1-9	49-51	je	
1-10	52-57	donne	
1-11	58-61	des	
1-12	62-68	ordres	
1-13	69-81	qu'exécutent	
1-14	82-85	des	
1-15	86-94	ouvriers	
1-16	95-106	subalternes	
1-17	106-107	;	
1-18	108-110	je	
1-19	111-117	médite	
1-20	118-121	sur	
1-21	122-125	les	
1-22	126-137	productions	
1-23	138-140	de	
1-24	141-143	la	
1-25	144-150	nature	
1-26	150-151	:	
1-27	152-158	tantôt	
1-28	159-161	je	
1-29	162-165	les	
1-30	166-172	laisse	
1-31	173-177	dans	
1-32	178-182	leur	
1-33	183-193	simplicité	
1-34	193-194	;	
1-35	195-201	tantôt	
1-36	202-204	je	
1-37	205-208	les	
1-38	209-216	déguise	
1-39	217-219	ou	
1-40	220-223	les	
1-41	224-232	assortis	
1-42	232-233	,	
1-43	234-241	suivant	
1-44	242-245	des	
1-45	246-257	proportions	
1-46	258-267	nouvelles	
1-47	268-270	et	
1-48	271-278	propres	
1-49	279-280	à	
1-50	281-288	flatter	
1-51	289-294	votre	
1-52	295-299	goût	
1-53	299-300	.	

#Text=Faut-il, par exemple, vous donner un cochon de lait, ou une grosse pièce de bœuf?
2-1	301-308	Faut-il	
2-2	308-309	,	
2-3	310-313	par	
2-4	314-321	exemple	
2-5	321-322	,	
2-6	323-327	vous	
2-7	328-334	donner	
2-8	335-337	un	
2-9	338-344	cochon	
2-10	345-347	de	
2-11	348-352	lait	
2-12	352-353	,	
2-13	354-356	ou	
2-14	357-360	une	
2-15	361-367	grosse	
2-16	368-373	pièce	
2-17	374-376	de	
2-18	377-381	bœuf	
2-19	381-382	?	

#Text=Je me contente de les faire bouillir.
3-1	383-385	Je	
3-2	386-388	me	
3-3	389-397	contente	
3-4	398-400	de	
3-5	401-404	les	
3-6	405-410	faire	
3-7	411-419	bouillir	
3-8	419-420	.	

#Text=Voulez-vous un lièvre excellent?
4-1	421-432	Voulez-vous	
4-2	433-435	un	
4-3	436-442	lièvre	
4-4	443-452	excellent	
4-5	452-453	?	

#Text=S'il est jeune, il n'a besoin que de son mérite, pour paraître avec distinction; je le mets à la broche, et je vous le sers tout saignant: mais c'est dans la finesse des combinaisons, que ma science doit éclater.
5-1	454-458	S'il	
5-2	459-462	est	
5-3	463-468	jeune	
5-4	468-469	,	
5-5	470-472	il	
5-6	473-476	n'a	
5-7	477-483	besoin	
5-8	484-487	que	
5-9	488-490	de	
5-10	491-494	son	
5-11	495-501	mérite	
5-12	501-502	,	
5-13	503-507	pour	
5-14	508-516	paraître	
5-15	517-521	avec	
5-16	522-533	distinction	
5-17	533-534	;	
5-18	535-537	je	
5-19	538-540	le	
5-20	541-545	mets	
5-21	546-547	à	
5-22	548-550	la	
5-23	551-557	broche	
5-24	557-558	,	
5-25	559-561	et	
5-26	562-564	je	
5-27	565-569	vous	
5-28	570-572	le	
5-29	573-577	sers	
5-30	578-582	tout	
5-31	583-591	saignant	
5-32	591-592	:	
5-33	593-597	mais	
5-34	598-603	c'est	
5-35	604-608	dans	
5-36	609-611	la	
5-37	612-619	finesse	
5-38	620-623	des	
5-39	624-636	combinaisons	
5-40	636-637	,	
5-41	638-641	que	
5-42	642-644	ma	
5-43	645-652	science	
5-44	653-657	doit	
5-45	658-665	éclater	
5-46	665-666	.	

#Text=Le sel, le poivre, l'huile, le vinaigre et le miel, sont les principaux agent que je dois mettre en œuvre; et l'on n'en saurait trouver de meilleurs dans d'autres climats.
6-1	667-669	Le	
6-2	670-673	sel	
6-3	673-674	,	
6-4	675-677	le	
6-5	678-684	poivre	
6-6	684-685	,	
6-7	686-693	l'huile	
6-8	693-694	,	
6-9	695-697	le	
6-10	698-706	vinaigre	
6-11	707-709	et	
6-12	710-712	le	
6-13	713-717	miel	
6-14	717-718	,	
6-15	719-723	sont	
6-16	724-727	les	
6-17	728-738	principaux	
6-18	739-744	agent	
6-19	745-748	que	
6-20	749-751	je	
6-21	752-756	dois	
6-22	757-763	mettre	
6-23	764-766	en	
6-24	767-772	œuvre	
6-25	772-773	;	
6-26	774-776	et	
6-27	777-781	l'on	
6-28	782-786	n'en	
6-29	787-794	saurait	
6-30	795-802	trouver	
6-31	803-805	de	
6-32	806-815	meilleurs	
6-33	816-820	dans	
6-34	821-829	d'autres	
6-35	830-837	climats	
6-36	837-838	.	

#Text=Votre huile est excellente, ainsi que votre vinaigrede Décélie; votre miel du mont Hymette, mérite la préférence sur celui de Sicile même.
7-1	839-844	Votre	
7-2	845-850	huile	
7-3	851-854	est	
7-4	855-865	excellente	
7-5	865-866	,	
7-6	867-872	ainsi	
7-7	873-876	que	
7-8	877-882	votre	
7-9	883-893	vinaigrede	
7-10	894-901	Décélie	
7-11	901-902	;	
7-12	903-908	votre	
7-13	909-913	miel	
7-14	914-916	du	
7-15	917-921	mont	
7-16	922-929	Hymette	
7-17	929-930	,	
7-18	931-937	mérite	
7-19	938-940	la	
7-20	941-951	préférence	
7-21	952-955	sur	
7-22	956-961	celui	
7-23	962-964	de	
7-24	965-971	Sicile	
7-25	972-976	même	
7-26	976-977	.	

#Text=Outre ces matériaux, nous employons dans les ragoûts les oeufs, le fromage, le raisin sec, le silphium, le persil, le sésame, le cumin, les câpres, le cresson, le fenouil, la menthe, la coriandre, les carottes, l'ail, l'oignon, et ces plantes aromatiques dont nous faisons un si grand usage; telles que l'origan et l'excellent thym du mont Hymette.
8-1	978-983	Outre	
8-2	984-987	ces	
8-3	988-997	matériaux	
8-4	997-998	,	
8-5	999-1003	nous	
8-6	1004-1013	employons	
8-7	1014-1018	dans	
8-8	1019-1022	les	
8-9	1023-1030	ragoûts	
8-10	1031-1034	les	
8-11	1035-1040	oeufs	
8-12	1040-1041	,	
8-13	1042-1044	le	
8-14	1045-1052	fromage	
8-15	1052-1053	,	
8-16	1054-1056	le	
8-17	1057-1063	raisin	
8-18	1064-1067	sec	
8-19	1067-1068	,	
8-20	1069-1071	le	
8-21	1072-1080	silphium	
8-22	1080-1081	,	
8-23	1082-1084	le	
8-24	1085-1091	persil	
8-25	1091-1092	,	
8-26	1093-1095	le	
8-27	1096-1102	sésame	
8-28	1102-1103	,	
8-29	1104-1106	le	
8-30	1107-1112	cumin	
8-31	1112-1113	,	
8-32	1114-1117	les	
8-33	1118-1124	câpres	
8-34	1124-1125	,	
8-35	1126-1128	le	
8-36	1129-1136	cresson	
8-37	1136-1137	,	
8-38	1138-1140	le	
8-39	1141-1148	fenouil	
8-40	1148-1149	,	
8-41	1150-1152	la	
8-42	1153-1159	menthe	
8-43	1159-1160	,	
8-44	1161-1163	la	
8-45	1164-1173	coriandre	
8-46	1173-1174	,	
8-47	1175-1178	les	
8-48	1179-1187	carottes	
8-49	1187-1188	,	
8-50	1189-1194	l'ail	
8-51	1194-1195	,	
8-52	1196-1204	l'oignon	
8-53	1204-1205	,	
8-54	1206-1208	et	
8-55	1209-1212	ces	
8-56	1213-1220	plantes	
8-57	1221-1232	aromatiques	
8-58	1233-1237	dont	
8-59	1238-1242	nous	
8-60	1243-1250	faisons	
8-61	1251-1253	un	
8-62	1254-1256	si	
8-63	1257-1262	grand	
8-64	1263-1268	usage	
8-65	1268-1269	;	
8-66	1270-1276	telles	
8-67	1277-1280	que	
8-68	1281-1289	l'origan	
8-69	1290-1292	et	
8-70	1293-1304	l'excellent	
8-71	1305-1309	thym	
8-72	1310-1312	du	
8-73	1313-1317	mont	
8-74	1318-1325	Hymette	
8-75	1325-1326	.	

#Text=Voilà, pour ainsi dire, les forces dont un artiste peut disposer, mais qu'il ne doit jamais prodiguer.
9-1	1327-1332	Voilà	
9-2	1332-1333	,	
9-3	1334-1338	pour	
9-4	1339-1344	ainsi	
9-5	1345-1349	dire	
9-6	1349-1350	,	
9-7	1351-1354	les	
9-8	1355-1361	forces	
9-9	1362-1366	dont	
9-10	1367-1369	un	
9-11	1370-1377	artiste	
9-12	1378-1382	peut	
9-13	1383-1391	disposer	
9-14	1391-1392	,	
9-15	1393-1397	mais	
9-16	1398-1403	qu'il	
9-17	1404-1406	ne	
9-18	1407-1411	doit	
9-19	1412-1418	jamais	
9-20	1419-1428	prodiguer	
9-21	1428-1429	.	

#Text=S'il me tombe entre les mains un poisson dont la chair est ferme, j'ai soin de le saupoudrer de fromage rapé, et de l'arroser de vinaigre; s'il est délicat, je me contente de jeter dessus une pincée de sel, et quelques gouttes d'huile; d'autres fois, après l'avoir orné de feuilles d'origan, je l'enveloppe dans une feuille de figuier, et le fais cuire sous la cendre.
10-1	1430-1434	S'il	
10-2	1435-1437	me	
10-3	1438-1443	tombe	
10-4	1444-1449	entre	
10-5	1450-1453	les	
10-6	1454-1459	mains	
10-7	1460-1462	un	
10-8	1463-1470	poisson	
10-9	1471-1475	dont	
10-10	1476-1478	la	
10-11	1479-1484	chair	
10-12	1485-1488	est	
10-13	1489-1494	ferme	
10-14	1494-1495	,	
10-15	1496-1500	j'ai	
10-16	1501-1505	soin	
10-17	1506-1508	de	
10-18	1509-1511	le	
10-19	1512-1522	saupoudrer	
10-20	1523-1525	de	
10-21	1526-1533	fromage	
10-22	1534-1538	rapé	
10-23	1538-1539	,	
10-24	1540-1542	et	
10-25	1543-1545	de	
10-26	1546-1555	l'arroser	
10-27	1556-1558	de	
10-28	1559-1567	vinaigre	
10-29	1567-1568	;	
10-30	1569-1573	s'il	
10-31	1574-1577	est	
10-32	1578-1585	délicat	
10-33	1585-1586	,	
10-34	1587-1589	je	
10-35	1590-1592	me	
10-36	1593-1601	contente	
10-37	1602-1604	de	
10-38	1605-1610	jeter	
10-39	1611-1617	dessus	
10-40	1618-1621	une	
10-41	1622-1628	pincée	
10-42	1629-1631	de	
10-43	1632-1635	sel	
10-44	1635-1636	,	
10-45	1637-1639	et	
10-46	1640-1648	quelques	
10-47	1649-1656	gouttes	
10-48	1657-1664	d'huile	
10-49	1664-1665	;	
10-50	1666-1674	d'autres	
10-51	1675-1679	fois	
10-52	1679-1680	,	
10-53	1681-1686	après	
10-54	1687-1694	l'avoir	
10-55	1695-1699	orné	
10-56	1700-1702	de	
10-57	1703-1711	feuilles	
10-58	1712-1720	d'origan	
10-59	1720-1721	,	
10-60	1722-1724	je	
10-61	1725-1736	l'enveloppe	
10-62	1737-1741	dans	
10-63	1742-1745	une	
10-64	1746-1753	feuille	
10-65	1754-1756	de	
10-66	1757-1764	figuier	
10-67	1764-1765	,	
10-68	1766-1768	et	
10-69	1769-1771	le	
10-70	1772-1776	fais	
10-71	1777-1782	cuire	
10-72	1783-1787	sous	
10-73	1788-1790	la	
10-74	1791-1797	cendre	
10-75	1797-1798	.	

#Text=Il n'est permis de multiplier les moyens, que dans les sauces ou ragoûts.
11-1	1799-1801	Il	
11-2	1802-1807	n'est	
11-3	1808-1814	permis	
11-4	1815-1817	de	
11-5	1818-1828	multiplier	
11-6	1829-1832	les	
11-7	1833-1839	moyens	
11-8	1839-1840	,	
11-9	1841-1844	que	
11-10	1845-1849	dans	
11-11	1850-1853	les	
11-12	1854-1860	sauces	
11-13	1861-1863	ou	
11-14	1864-1871	ragoûts	
11-15	1871-1872	.	

#Text=Nous en connaissons de plusieurs espèces, les unes piquantes, et les autres douces.
12-1	1873-1877	Nous	
12-2	1878-1880	en	
12-3	1881-1892	connaissons	
12-4	1893-1895	de	
12-5	1896-1905	plusieurs	
12-6	1906-1913	espèces	
12-7	1913-1914	,	
12-8	1915-1918	les	
12-9	1919-1923	unes	
12-10	1924-1933	piquantes	
12-11	1933-1934	,	
12-12	1935-1937	et	
12-13	1938-1941	les	
12-14	1942-1948	autres	
12-15	1949-1955	douces	
12-16	1955-1956	.	

#Text=Celle qu'on peut servir avec tous les poissons bouillis ou rôtis, est composée de vinaigre, de fromage rapé, d'ail, auquel on peut joindre du porreau et de l'oignon hachés menu.
13-1	1957-1962	Celle	
13-2	1963-1968	qu'on	
13-3	1969-1973	peut	
13-4	1974-1980	servir	
13-5	1981-1985	avec	
13-6	1986-1990	tous	
13-7	1991-1994	les	
13-8	1995-2003	poissons	
13-9	2004-2012	bouillis	
13-10	2013-2015	ou	
13-11	2016-2021	rôtis	
13-12	2021-2022	,	
13-13	2023-2026	est	
13-14	2027-2035	composée	
13-15	2036-2038	de	
13-16	2039-2047	vinaigre	
13-17	2047-2048	,	
13-18	2049-2051	de	
13-19	2052-2059	fromage	
13-20	2060-2064	rapé	
13-21	2064-2065	,	
13-22	2066-2071	d'ail	
13-23	2071-2072	,	
13-24	2073-2079	auquel	
13-25	2080-2082	on	
13-26	2083-2087	peut	
13-27	2088-2095	joindre	
13-28	2096-2098	du	
13-29	2099-2106	porreau	
13-30	2107-2109	et	
13-31	2110-2112	de	
13-32	2113-2121	l'oignon	
13-33	2122-2128	hachés	
13-34	2129-2133	menu	
13-35	2133-2134	.	

#Text=Quand on la veut moins forte, on la fait avec de l'huile, des jaunes d'œuf, des porreaux, de l'ail et du fromage: si vous la désirez encore plus douce,vous emploierez le miel, les dattes, le cumin, et d'autres ingrédiens de même nature.
14-1	2135-2140	Quand	
14-2	2141-2143	on	
14-3	2144-2146	la	
14-4	2147-2151	veut	
14-5	2152-2157	moins	
14-6	2158-2163	forte	
14-7	2163-2164	,	
14-8	2165-2167	on	
14-9	2168-2170	la	
14-10	2171-2175	fait	
14-11	2176-2180	avec	
14-12	2181-2183	de	
14-13	2184-2191	l'huile	
14-14	2191-2192	,	
14-15	2193-2196	des	
14-16	2197-2203	jaunes	
14-17	2204-2209	d'œuf	
14-18	2209-2210	,	
14-19	2211-2214	des	
14-20	2215-2223	porreaux	
14-21	2223-2224	,	
14-22	2225-2227	de	
14-23	2228-2233	l'ail	
14-24	2234-2236	et	
14-25	2237-2239	du	
14-26	2240-2247	fromage	
14-27	2247-2248	:	
14-28	2249-2251	si	
14-29	2252-2256	vous	
14-30	2257-2259	la	
14-31	2260-2267	désirez	
14-32	2268-2274	encore	
14-33	2275-2279	plus	
14-34	2280-2285	douce	
14-35	2285-2286	,	
14-36	2286-2290	vous	
14-37	2291-2301	emploierez	
14-38	2302-2304	le	
14-39	2305-2309	miel	
14-40	2309-2310	,	
14-41	2311-2314	les	
14-42	2315-2321	dattes	
14-43	2321-2322	,	
14-44	2323-2325	le	
14-45	2326-2331	cumin	
14-46	2331-2332	,	
14-47	2333-2335	et	
14-48	2336-2344	d'autres	
14-49	2345-2355	ingrédiens	
14-50	2356-2358	de	
14-51	2359-2363	même	
14-52	2364-2370	nature	
14-53	2370-2371	.	

#Text=Mais ces assortimens ne doivent point être abandonnés au caprice d'un artiste ignorant.
15-1	2372-2376	Mais	
15-2	2377-2380	ces	
15-3	2381-2392	assortimens	
15-4	2393-2395	ne	
15-5	2396-2403	doivent	
15-6	2404-2409	point	
15-7	2410-2414	être	
15-8	2415-2425	abandonnés	
15-9	2426-2428	au	
15-10	2429-2436	caprice	
15-11	2437-2441	d'un	
15-12	2442-2449	artiste	
15-13	2450-2458	ignorant	
15-14	2458-2459	.	

#Text=Je dis la même chose des farces que l'on introduit dans le corps d'un poisson.
16-1	2460-2462	Je	
16-2	2463-2466	dis	
16-3	2467-2469	la	
16-4	2470-2474	même	
16-5	2475-2480	chose	
16-6	2481-2484	des	
16-7	2485-2491	farces	
16-8	2492-2495	que	
16-9	2496-2500	l'on	
16-10	2501-2510	introduit	
16-11	2511-2515	dans	
16-12	2516-2518	le	
16-13	2519-2524	corps	
16-14	2525-2529	d'un	
16-15	2530-2537	poisson	
16-16	2537-2538	.	

#Text=Tous savent qu'il faut l'ouvrir, et qu'après en avoir ôté les arêtes, on peut le remplir de silphium, de fromage, de sel et d'origan; tous savent aussi qu'un cochon peut être farci avec des grives, des bec-figues, des jaunes d'œuf, des huitres, et plusieurs sortes de coquillages: mais soyez sûr qu'on peut diversifier ces mélanges à l'infini, et qu'il faut de longues et profondes recherches pour les rendre aussi agréables au goût qu'utiles à la santé: car mon art tient à toutes les sciences, et plus immédiatement encore à la médecine.
17-1	2540-2544	Tous	
17-2	2545-2551	savent	
17-3	2552-2557	qu'il	
17-4	2558-2562	faut	
17-5	2563-2571	l'ouvrir	
17-6	2571-2572	,	
17-7	2573-2575	et	
17-8	2576-2584	qu'après	
17-9	2585-2587	en	
17-10	2588-2593	avoir	
17-11	2594-2597	ôté	
17-12	2598-2601	les	
17-13	2602-2608	arêtes	
17-14	2608-2609	,	
17-15	2610-2612	on	
17-16	2613-2617	peut	
17-17	2618-2620	le	
17-18	2621-2628	remplir	
17-19	2629-2631	de	
17-20	2632-2640	silphium	
17-21	2640-2641	,	
17-22	2642-2644	de	
17-23	2645-2652	fromage	
17-24	2652-2653	,	
17-25	2654-2656	de	
17-26	2657-2660	sel	
17-27	2661-2663	et	
17-28	2664-2672	d'origan	
17-29	2672-2673	;	
17-30	2674-2678	tous	
17-31	2679-2685	savent	
17-32	2686-2691	aussi	
17-33	2692-2697	qu'un	
17-34	2698-2704	cochon	
17-35	2705-2709	peut	
17-36	2710-2714	être	
17-37	2715-2720	farci	
17-38	2721-2725	avec	
17-39	2726-2729	des	
17-40	2730-2736	grives	
17-41	2736-2737	,	
17-42	2738-2741	des	
17-43	2742-2752	bec-figues	
17-44	2752-2753	,	
17-45	2754-2757	des	
17-46	2758-2764	jaunes	
17-47	2765-2770	d'œuf	
17-48	2770-2771	,	
17-49	2772-2775	des	
17-50	2776-2783	huitres	
17-51	2783-2784	,	
17-52	2785-2787	et	
17-53	2788-2797	plusieurs	
17-54	2798-2804	sortes	
17-55	2805-2807	de	
17-56	2808-2819	coquillages	
17-57	2819-2820	:	
17-58	2821-2825	mais	
17-59	2826-2831	soyez	
17-60	2832-2835	sûr	
17-61	2836-2841	qu'on	
17-62	2842-2846	peut	
17-63	2847-2858	diversifier	
17-64	2859-2862	ces	
17-65	2863-2871	mélanges	
17-66	2872-2873	à	
17-67	2874-2882	l'infini	
17-68	2882-2883	,	
17-69	2884-2886	et	
17-70	2887-2892	qu'il	
17-71	2893-2897	faut	
17-72	2898-2900	de	
17-73	2901-2908	longues	
17-74	2909-2911	et	
17-75	2912-2921	profondes	
17-76	2922-2932	recherches	
17-77	2933-2937	pour	
17-78	2938-2941	les	
17-79	2942-2948	rendre	
17-80	2949-2954	aussi	
17-81	2955-2964	agréables	
17-82	2965-2967	au	
17-83	2968-2972	goût	
17-84	2973-2982	qu'utiles	
17-85	2983-2984	à	
17-86	2985-2987	la	
17-87	2988-2993	santé	
17-88	2993-2994	:	
17-89	2995-2998	car	
17-90	2999-3002	mon	
17-91	3003-3006	art	
17-92	3007-3012	tient	
17-93	3013-3014	à	
17-94	3015-3021	toutes	
17-95	3022-3025	les	
17-96	3026-3034	sciences	
17-97	3034-3035	,	
17-98	3036-3038	et	
17-99	3039-3043	plus	
17-100	3044-3057	immédiatement	
17-101	3058-3064	encore	
17-102	3065-3066	à	
17-103	3067-3069	la	
17-104	3070-3078	médecine	
17-105	3078-3079	.	

#Text=Ne dois-je pas connaître les herbes qui, dans chaque saison, ont le plus de sève et de vertu?
18-1	3080-3082	Ne	
18-2	3083-3090	dois-je	
18-3	3091-3094	pas	
18-4	3095-3104	connaître	
18-5	3105-3108	les	
18-6	3109-3115	herbes	
18-7	3116-3119	qui	
18-8	3119-3120	,	
18-9	3121-3125	dans	
18-10	3126-3132	chaque	
18-11	3133-3139	saison	
18-12	3139-3140	,	
18-13	3141-3144	ont	
18-14	3145-3147	le	
18-15	3148-3152	plus	
18-16	3153-3155	de	
18-17	3156-3160	sève	
18-18	3161-3163	et	
18-19	3164-3166	de	
18-20	3167-3172	vertu	
18-21	3172-3173	?	
