#FORMAT=WebAnno TSV 3.3
#T_SP=custom.Span|label
#T_RL=custom.Relation|label|BT_custom.Span


#Text=VIII THERE IS A QUALITY OR VIRTUE IN BODIES, WHICH WE CALL THEIR SMELL.
1-1	1-5	VIII	_	_	_	
1-2	6-11	THERE	_	_	_	
1-3	12-14	IS	_	_	_	
1-4	15-16	A	_	_	_	
1-5	17-24	QUALITY	_	_	_	
1-6	25-27	OR	_	_	_	
1-7	28-34	VIRTUE	_	_	_	
1-8	35-37	IN	_	_	_	
1-9	38-44	BODIES	Smell\_Source	_	_	
1-10	44-45	,	_	_	_	
1-11	46-51	WHICH	_	_	_	
1-12	52-54	WE	_	_	_	
1-13	55-59	CALL	_	_	_	
1-14	60-65	THEIR	Smell\_Source	Anaphoric	1-9	
1-15	66-71	SMELL	Smell\_Word	*	1-14	
1-16	71-72	.	_	_	_	

#Text=HOW THIS IS CONNECTED IN THE IMAGINATION WITH THE SENSATION
#Text=
#Text=We have considered smell as signifying a sensation, feeling, or impression upon the mind, and in this sense, it can only be in a mind, or sentient being: but it is evident, that mankind give the name of smell much more frequently to something which they conceive to be external, and to be a quality of body; they understand something by it which does not at all infer a mind, and have not the least difficulty in conceiving the air perfumed with aromatic odours in the deserts of Arabia, or in some uninhabited island where the human foot never trod.
2-1	73-76	HOW	_	_	_	
2-2	77-81	THIS	_	_	_	
2-3	82-84	IS	_	_	_	
2-4	85-94	CONNECTED	_	_	_	
2-5	95-97	IN	_	_	_	
2-6	98-101	THE	_	_	_	
2-7	102-113	IMAGINATION	_	_	_	
2-8	114-118	WITH	_	_	_	
2-9	119-122	THE	_	_	_	
2-10	123-132	SENSATION	_	_	_	
2-11	134-136	We	Perceiver	_	_	
2-12	137-141	have	_	_	_	
2-13	142-152	considered	_	_	_	
2-14	153-158	smell	Smell\_Word	*	2-11	
2-15	159-161	as	_	_	_	
2-16	162-172	signifying	_	_	_	
2-17	173-174	a	_	_	_	
2-18	175-184	sensation	_	_	_	
2-19	184-185	,	_	_	_	
2-20	186-193	feeling	_	_	_	
2-21	193-194	,	_	_	_	
2-22	195-197	or	_	_	_	
2-23	198-208	impression	_	_	_	
2-24	209-213	upon	_	_	_	
2-25	214-217	the	_	_	_	
2-26	218-222	mind	_	_	_	
2-27	222-223	,	_	_	_	
2-28	224-227	and	_	_	_	
2-29	228-230	in	_	_	_	
2-30	231-235	this	_	_	_	
2-31	236-241	sense	_	_	_	
2-32	241-242	,	_	_	_	
2-33	243-245	it	_	_	_	
2-34	246-249	can	_	_	_	
2-35	250-254	only	_	_	_	
2-36	255-257	be	_	_	_	
2-37	258-260	in	_	_	_	
2-38	261-262	a	_	_	_	
2-39	263-267	mind	_	_	_	
2-40	267-268	,	_	_	_	
2-41	269-271	or	_	_	_	
2-42	272-280	sentient	_	_	_	
2-43	281-286	being	_	_	_	
2-44	286-287	:	_	_	_	
2-45	288-291	but	_	_	_	
2-46	292-294	it	_	_	_	
2-47	295-297	is	_	_	_	
2-48	298-305	evident	_	_	_	
2-49	305-306	,	_	_	_	
2-50	307-311	that	_	_	_	
2-51	312-319	mankind	Perceiver	_	_	
2-52	320-324	give	_	_	_	
2-53	325-328	the	_	_	_	
2-54	329-333	name	_	_	_	
2-55	334-336	of	_	_	_	
2-56	337-342	smell	Smell\_Word	*	2-51	
2-57	343-347	much	_	_	_	
2-58	348-352	more	_	_	_	
2-59	353-363	frequently	_	_	_	
2-60	364-366	to	_	_	_	
2-61	367-376	something	_	_	_	
2-62	377-382	which	_	_	_	
2-63	383-387	they	_	_	_	
2-64	388-396	conceive	_	_	_	
2-65	397-399	to	_	_	_	
2-66	400-402	be	_	_	_	
2-67	403-411	external	_	_	_	
2-68	411-412	,	_	_	_	
2-69	413-416	and	_	_	_	
2-70	417-419	to	_	_	_	
2-71	420-422	be	_	_	_	
2-72	423-424	a	_	_	_	
2-73	425-432	quality	_	_	_	
2-74	433-435	of	_	_	_	
2-75	436-440	body	_	_	_	
2-76	440-441	;	_	_	_	
2-77	442-446	they	_	_	_	
2-78	447-457	understand	_	_	_	
2-79	458-467	something	_	_	_	
2-80	468-470	by	_	_	_	
2-81	471-473	it	_	_	_	
2-82	474-479	which	_	_	_	
2-83	480-484	does	_	_	_	
2-84	485-488	not	_	_	_	
2-85	489-491	at	_	_	_	
2-86	492-495	all	_	_	_	
2-87	496-501	infer	_	_	_	
2-88	502-503	a	_	_	_	
2-89	504-508	mind	_	_	_	
2-90	508-509	,	_	_	_	
2-91	510-513	and	_	_	_	
2-92	514-518	have	_	_	_	
2-93	519-522	not	_	_	_	
2-94	523-526	the	_	_	_	
2-95	527-532	least	_	_	_	
2-96	533-543	difficulty	_	_	_	
2-97	544-546	in	_	_	_	
2-98	547-557	conceiving	_	_	_	
2-99	558-561	the	_	_	_	
2-100	562-565	air	Odour\_Carrier	_	_	
2-101	566-574	perfumed	Smell\_Word	*|*|*|*	2-100|2-103[1_0]|2-105[4_0]|2-112[5_0]	
2-102	575-579	with	_	_	_	
2-103	580-588	aromatic	Smell\_Source[1]|Quality[2]	_	_	
2-104	589-595	odours	Smell\_Source[1]|Smell\_Word[3]	*	2-103[2_3]	
2-105	596-598	in	Location[4]	_	_	
2-106	599-602	the	Location[4]	_	_	
2-107	603-610	deserts	Location[4]	_	_	
2-108	611-613	of	Location[4]	_	_	
2-109	614-620	Arabia	Location[4]	_	_	
2-110	620-621	,	_	_	_	
2-111	622-624	or	_	_	_	
2-112	625-627	in	Location[5]	_	_	
2-113	628-632	some	Location[5]	_	_	
2-114	633-644	uninhabited	Location[5]	_	_	
2-115	645-651	island	Location[5]	_	_	
2-116	652-657	where	Location[5]	_	_	
2-117	658-661	the	Location[5]	_	_	
2-118	662-667	human	Location[5]	_	_	
2-119	668-672	foot	Location[5]	_	_	
2-120	673-678	never	Location[5]	_	_	
2-121	679-683	trod	Location[5]	_	_	
2-122	683-684	.	_	_	_	

#Text=Every sensible day-labourer hath as clear a notion of this, and as full a conviction of the possibility of it, as he hath of his own existence; and can no more doubt of the one than of the other.
3-1	685-690	Every	_	_	_	
3-2	691-699	sensible	_	_	_	
3-3	700-712	day-labourer	_	_	_	
3-4	713-717	hath	_	_	_	
3-5	718-720	as	_	_	_	
3-6	721-726	clear	_	_	_	
3-7	727-728	a	_	_	_	
3-8	729-735	notion	_	_	_	
3-9	736-738	of	_	_	_	
3-10	739-743	this	_	_	_	
3-11	743-744	,	_	_	_	
3-12	745-748	and	_	_	_	
3-13	749-751	as	_	_	_	
3-14	752-756	full	_	_	_	
3-15	757-758	a	_	_	_	
3-16	759-769	conviction	_	_	_	
3-17	770-772	of	_	_	_	
3-18	773-776	the	_	_	_	
3-19	777-788	possibility	_	_	_	
3-20	789-791	of	_	_	_	
3-21	792-794	it	_	_	_	
3-22	794-795	,	_	_	_	
3-23	796-798	as	_	_	_	
3-24	799-801	he	_	_	_	
3-25	802-806	hath	_	_	_	
3-26	807-809	of	_	_	_	
3-27	810-813	his	_	_	_	
3-28	814-817	own	_	_	_	
3-29	818-827	existence	_	_	_	
3-30	827-828	;	_	_	_	
3-31	829-832	and	_	_	_	
3-32	833-836	can	_	_	_	
3-33	837-839	no	_	_	_	
3-34	840-844	more	_	_	_	
3-35	845-850	doubt	_	_	_	
3-36	851-853	of	_	_	_	
3-37	854-857	the	_	_	_	
3-38	858-861	one	_	_	_	
3-39	862-866	than	_	_	_	
3-40	867-869	of	_	_	_	
3-41	870-873	the	_	_	_	
3-42	874-879	other	_	_	_	
3-43	879-880	.	_	_	_	

#Text=Suppose that such a man meets with a modern philosopher, and wants to be informed, what smell in plants is.
4-1	882-889	Suppose	_	_	_	
4-2	890-894	that	_	_	_	
4-3	895-899	such	_	_	_	
4-4	900-901	a	Perceiver[6]	_	_	
4-5	902-905	man	Perceiver[6]	_	_	
4-6	906-911	meets	_	_	_	
4-7	912-916	with	_	_	_	
4-8	917-918	a	_	_	_	
4-9	919-925	modern	_	_	_	
4-10	926-937	philosopher	_	_	_	
4-11	937-938	,	_	_	_	
4-12	939-942	and	_	_	_	
4-13	943-948	wants	_	_	_	
4-14	949-951	to	_	_	_	
4-15	952-954	be	_	_	_	
4-16	955-963	informed	_	_	_	
4-17	963-964	,	_	_	_	
4-18	965-969	what	_	_	_	
4-19	970-975	smell	Smell\_Word	*|*	4-20[7_0]|4-4[6_0]	
4-20	976-978	in	Odour\_Carrier[7]	_	_	
4-21	979-985	plants	Odour\_Carrier[7]	_	_	
4-22	986-988	is	_	_	_	
4-23	988-989	.	_	_	_	

#Text=The philosopher tells him, that there is no smell in plants, nor in any thing but in the mind: that it is impossible there can be smell but in a mind; and that all this hath been demonstrated by modern philosophy.
5-1	990-993	The	Perceiver[8]	_	_	
5-2	994-1005	philosopher	Perceiver[8]	_	_	
5-3	1006-1011	tells	_	_	_	
5-4	1012-1015	him	_	_	_	
5-5	1015-1016	,	_	_	_	
5-6	1017-1021	that	_	_	_	
5-7	1022-1027	there	_	_	_	
5-8	1028-1030	is	_	_	_	
5-9	1031-1033	no	_	_	_	
5-10	1034-1039	smell	Smell\_Word	*|*|*	5-11[9_0]|5-19[10_0]|5-1[8_0]	
5-11	1040-1042	in	Odour\_Carrier[9]	_	_	
5-12	1043-1049	plants	Odour\_Carrier[9]	_	_	
5-13	1049-1050	,	_	_	_	
5-14	1051-1054	nor	_	_	_	
5-15	1055-1057	in	_	_	_	
5-16	1058-1061	any	_	_	_	
5-17	1062-1067	thing	_	_	_	
5-18	1068-1071	but	_	_	_	
5-19	1072-1074	in	Location[10]	_	_	
5-20	1075-1078	the	Location[10]	_	_	
5-21	1079-1083	mind	Location[10]	_	_	
5-22	1083-1084	:	_	_	_	
5-23	1085-1089	that	_	_	_	
5-24	1090-1092	it	_	_	_	
5-25	1093-1095	is	_	_	_	
5-26	1096-1106	impossible	_	_	_	
5-27	1107-1112	there	_	_	_	
5-28	1113-1116	can	_	_	_	
5-29	1117-1119	be	_	_	_	
5-30	1120-1125	smell	Smell\_Word	_	_	
5-31	1126-1129	but	_	_	_	
5-32	1130-1132	in	_	_	_	
5-33	1133-1134	a	_	_	_	
5-34	1135-1139	mind	_	_	_	
5-35	1139-1140	;	_	_	_	
5-36	1141-1144	and	_	_	_	
5-37	1145-1149	that	_	_	_	
5-38	1150-1153	all	_	_	_	
5-39	1154-1158	this	_	_	_	
5-40	1159-1163	hath	_	_	_	
5-41	1164-1168	been	_	_	_	
5-42	1169-1181	demonstrated	_	_	_	
5-43	1182-1184	by	_	_	_	
5-44	1185-1191	modern	_	_	_	
5-45	1192-1202	philosophy	_	_	_	
5-46	1202-1203	.	_	_	_	

#Text=The plain man will, no doubt, be apt to think him merry: but if he finds that he is serious, his next conclusion will be, that he is mad; or that philosophy, like magic, puts men into a new world, and gives them different faculties from common men.
6-1	1204-1207	The	_	_	_	
6-2	1208-1213	plain	_	_	_	
6-3	1214-1217	man	_	_	_	
6-4	1218-1222	will	_	_	_	
6-5	1222-1223	,	_	_	_	
6-6	1224-1226	no	_	_	_	
6-7	1227-1232	doubt	_	_	_	
6-8	1232-1233	,	_	_	_	
6-9	1234-1236	be	_	_	_	
6-10	1237-1240	apt	_	_	_	
6-11	1241-1243	to	_	_	_	
6-12	1244-1249	think	_	_	_	
6-13	1250-1253	him	_	_	_	
6-14	1254-1259	merry	_	_	_	
6-15	1259-1260	:	_	_	_	
6-16	1261-1264	but	_	_	_	
6-17	1265-1267	if	_	_	_	
6-18	1268-1270	he	_	_	_	
6-19	1271-1276	finds	_	_	_	
6-20	1277-1281	that	_	_	_	
6-21	1282-1284	he	_	_	_	
6-22	1285-1287	is	_	_	_	
6-23	1288-1295	serious	_	_	_	
6-24	1295-1296	,	_	_	_	
6-25	1297-1300	his	_	_	_	
6-26	1301-1305	next	_	_	_	
6-27	1306-1316	conclusion	_	_	_	
6-28	1317-1321	will	_	_	_	
6-29	1322-1324	be	_	_	_	
6-30	1324-1325	,	_	_	_	
6-31	1326-1330	that	_	_	_	
6-32	1331-1333	he	_	_	_	
6-33	1334-1336	is	_	_	_	
6-34	1337-1340	mad	_	_	_	
6-35	1340-1341	;	_	_	_	
6-36	1342-1344	or	_	_	_	
6-37	1345-1349	that	_	_	_	
6-38	1350-1360	philosophy	_	_	_	
6-39	1360-1361	,	_	_	_	
6-40	1362-1366	like	_	_	_	
6-41	1367-1372	magic	_	_	_	
6-42	1372-1373	,	_	_	_	
6-43	1374-1378	puts	_	_	_	
6-44	1379-1382	men	_	_	_	
6-45	1383-1387	into	_	_	_	
6-46	1388-1389	a	_	_	_	
6-47	1390-1393	new	_	_	_	
6-48	1394-1399	world	_	_	_	
6-49	1399-1400	,	_	_	_	
6-50	1401-1404	and	_	_	_	
6-51	1405-1410	gives	_	_	_	
6-52	1411-1415	them	_	_	_	
6-53	1416-1425	different	_	_	_	
6-54	1426-1435	faculties	_	_	_	
6-55	1436-1440	from	_	_	_	
6-56	1441-1447	common	_	_	_	
6-57	1448-1451	men	_	_	_	
6-58	1451-1452	.	_	_	_	

#Text=And thus philosophy and common sense are set at variance.
7-1	1453-1456	And	_	_	_	
7-2	1457-1461	thus	_	_	_	
7-3	1462-1472	philosophy	_	_	_	
7-4	1473-1476	and	_	_	_	
7-5	1477-1483	common	_	_	_	
7-6	1484-1489	sense	_	_	_	
7-7	1490-1493	are	_	_	_	
7-8	1494-1497	set	_	_	_	
7-9	1498-1500	at	_	_	_	
7-10	1501-1509	variance	_	_	_	
7-11	1509-1510	.	_	_	_	

#Text=But who is to blame for it?
8-1	1511-1514	But	_	_	_	
8-2	1515-1518	who	_	_	_	
8-3	1519-1521	is	_	_	_	
8-4	1522-1524	to	_	_	_	
8-5	1525-1530	blame	_	_	_	
8-6	1531-1534	for	_	_	_	
8-7	1535-1537	it	_	_	_	
8-8	1537-1538	?	_	_	_	

#Text=In my opinion the philosopher is to blame.
9-1	1539-1541	In	_	_	_	
9-2	1542-1544	my	_	_	_	
9-3	1545-1552	opinion	_	_	_	
9-4	1553-1556	the	Perceiver[11]	_	_	
9-5	1557-1568	philosopher	Perceiver[11]	_	_	
9-6	1569-1571	is	_	_	_	
9-7	1572-1574	to	_	_	_	
9-8	1575-1580	blame	_	_	_	
9-9	1580-1581	.	_	_	_	

#Text=For if he means by smell what the rest of mankind most commonly mean, he is certainly mad.
10-1	1582-1585	For	_	_	_	
10-2	1586-1588	if	_	_	_	
10-3	1589-1591	he	Perceiver	Anaphoric	9-4[11_0]	
10-4	1592-1597	means	_	_	_	
10-5	1598-1600	by	_	_	_	
10-6	1601-1606	smell	Smell\_Word	*	10-3	
10-7	1607-1611	what	_	_	_	
10-8	1612-1615	the	_	_	_	
10-9	1616-1620	rest	_	_	_	
10-10	1621-1623	of	_	_	_	
10-11	1624-1631	mankind	_	_	_	
10-12	1632-1636	most	_	_	_	
10-13	1637-1645	commonly	_	_	_	
10-14	1646-1650	mean	_	_	_	
10-15	1650-1651	,	_	_	_	
10-16	1652-1654	he	_	_	_	
10-17	1655-1657	is	_	_	_	
10-18	1658-1667	certainly	_	_	_	
10-19	1668-1671	mad	_	_	_	
10-20	1671-1672	.	_	_	_	

#Text=But if he puts a different meaning upon the word, without observing it himself, or giving warning to others, he abuses language, and disgraces philosophy, without doing any service to truth: as if a man should exchange the meaning of the words daughter and cow, and then endeavour to prove to his plain neighbour, that his cow is his daughter, and his daughter his cow.
11-1	1673-1676	But	_	_	_	
11-2	1677-1679	if	_	_	_	
11-3	1680-1682	he	_	_	_	
11-4	1683-1687	puts	_	_	_	
11-5	1688-1689	a	_	_	_	
11-6	1690-1699	different	_	_	_	
11-7	1700-1707	meaning	_	_	_	
11-8	1708-1712	upon	_	_	_	
11-9	1713-1716	the	_	_	_	
11-10	1717-1721	word	_	_	_	
11-11	1721-1722	,	_	_	_	
11-12	1723-1730	without	_	_	_	
11-13	1731-1740	observing	_	_	_	
11-14	1741-1743	it	_	_	_	
11-15	1744-1751	himself	_	_	_	
11-16	1751-1752	,	_	_	_	
11-17	1753-1755	or	_	_	_	
11-18	1756-1762	giving	_	_	_	
11-19	1763-1770	warning	_	_	_	
11-20	1771-1773	to	_	_	_	
11-21	1774-1780	others	_	_	_	
11-22	1780-1781	,	_	_	_	
11-23	1782-1784	he	_	_	_	
11-24	1785-1791	abuses	_	_	_	
11-25	1792-1800	language	_	_	_	
11-26	1800-1801	,	_	_	_	
11-27	1802-1805	and	_	_	_	
11-28	1806-1815	disgraces	_	_	_	
11-29	1816-1826	philosophy	_	_	_	
11-30	1826-1827	,	_	_	_	
11-31	1828-1835	without	_	_	_	
11-32	1836-1841	doing	_	_	_	
11-33	1842-1845	any	_	_	_	
11-34	1846-1853	service	_	_	_	
11-35	1854-1856	to	_	_	_	
11-36	1857-1862	truth	_	_	_	
11-37	1862-1863	:	_	_	_	
11-38	1864-1866	as	_	_	_	
11-39	1867-1869	if	_	_	_	
11-40	1870-1871	a	_	_	_	
11-41	1872-1875	man	_	_	_	
11-42	1876-1882	should	_	_	_	
11-43	1883-1891	exchange	_	_	_	
11-44	1892-1895	the	_	_	_	
11-45	1896-1903	meaning	_	_	_	
11-46	1904-1906	of	_	_	_	
11-47	1907-1910	the	_	_	_	
11-48	1911-1916	words	_	_	_	
11-49	1917-1925	daughter	_	_	_	
11-50	1926-1929	and	_	_	_	
11-51	1930-1933	cow	_	_	_	
11-52	1933-1934	,	_	_	_	
11-53	1935-1938	and	_	_	_	
11-54	1939-1943	then	_	_	_	
11-55	1944-1953	endeavour	_	_	_	
11-56	1954-1956	to	_	_	_	
11-57	1957-1962	prove	_	_	_	
11-58	1963-1965	to	_	_	_	
11-59	1966-1969	his	_	_	_	
11-60	1970-1975	plain	_	_	_	
11-61	1976-1985	neighbour	_	_	_	
11-62	1985-1986	,	_	_	_	
11-63	1987-1991	that	_	_	_	
11-64	1992-1995	his	_	_	_	
11-65	1996-1999	cow	_	_	_	
11-66	2000-2002	is	_	_	_	
11-67	2003-2006	his	_	_	_	
11-68	2007-2015	daughter	_	_	_	
11-69	2015-2016	,	_	_	_	
11-70	2017-2020	and	_	_	_	
11-71	2021-2024	his	_	_	_	
11-72	2025-2033	daughter	_	_	_	
11-73	2034-2037	his	_	_	_	
11-74	2038-2041	cow	_	_	_	
11-75	2041-2042	.	_	_	_	

#Text=I believe there is not much more wisdom in many of those paradoxes of the ideal philosophy, which to plain sensible men appear to be palpable absurdities, but with the adepts pass for profound discoveries.
12-1	2044-2045	I	_	_	_	
12-2	2046-2053	believe	_	_	_	
12-3	2054-2059	there	_	_	_	
12-4	2060-2062	is	_	_	_	
12-5	2063-2066	not	_	_	_	
12-6	2067-2071	much	_	_	_	
12-7	2072-2076	more	_	_	_	
12-8	2077-2083	wisdom	_	_	_	
12-9	2084-2086	in	_	_	_	
12-10	2087-2091	many	_	_	_	
12-11	2092-2094	of	_	_	_	
12-12	2095-2100	those	_	_	_	
12-13	2101-2110	paradoxes	_	_	_	
12-14	2111-2113	of	_	_	_	
12-15	2114-2117	the	_	_	_	
12-16	2118-2123	ideal	_	_	_	
12-17	2124-2134	philosophy	_	_	_	
12-18	2134-2135	,	_	_	_	
12-19	2136-2141	which	_	_	_	
12-20	2142-2144	to	_	_	_	
12-21	2145-2150	plain	_	_	_	
12-22	2151-2159	sensible	_	_	_	
12-23	2160-2163	men	_	_	_	
12-24	2164-2170	appear	_	_	_	
12-25	2171-2173	to	_	_	_	
12-26	2174-2176	be	_	_	_	
12-27	2177-2185	palpable	_	_	_	
12-28	2186-2197	absurdities	_	_	_	
12-29	2197-2198	,	_	_	_	
12-30	2199-2202	but	_	_	_	
12-31	2203-2207	with	_	_	_	
12-32	2208-2211	the	_	_	_	
12-33	2212-2218	adepts	_	_	_	
12-34	2219-2223	pass	_	_	_	
12-35	2224-2227	for	_	_	_	
12-36	2228-2236	profound	_	_	_	
12-37	2237-2248	discoveries	_	_	_	
12-38	2248-2249	.	_	_	_	

#Text=I resolve, for my own part, always to pay a great regard to the dictates of common sense, and not to depart from them without absolute necessity; and therefore I am apt to think, that there is really something in the rose or lily, which is by the vulgar called smell, and which continues to exist when it is not smelled: and shall proceed to inquire what this is; how we come by the notion of it; and what relation this quality or virtue of smell hath to the sensation, which we have been obliged to call by the same name, for want of another.
13-1	2250-2251	I	_	_	_	
13-2	2252-2259	resolve	_	_	_	
13-3	2259-2260	,	_	_	_	
13-4	2261-2264	for	_	_	_	
13-5	2265-2267	my	_	_	_	
13-6	2268-2271	own	_	_	_	
13-7	2272-2276	part	_	_	_	
13-8	2276-2277	,	_	_	_	
13-9	2278-2284	always	_	_	_	
13-10	2285-2287	to	_	_	_	
13-11	2288-2291	pay	_	_	_	
13-12	2292-2293	a	_	_	_	
13-13	2294-2299	great	_	_	_	
13-14	2300-2306	regard	_	_	_	
13-15	2307-2309	to	_	_	_	
13-16	2310-2313	the	_	_	_	
13-17	2314-2322	dictates	_	_	_	
13-18	2323-2325	of	_	_	_	
13-19	2326-2332	common	_	_	_	
13-20	2333-2338	sense	_	_	_	
13-21	2338-2339	,	_	_	_	
13-22	2340-2343	and	_	_	_	
13-23	2344-2347	not	_	_	_	
13-24	2348-2350	to	_	_	_	
13-25	2351-2357	depart	_	_	_	
13-26	2358-2362	from	_	_	_	
13-27	2363-2367	them	_	_	_	
13-28	2368-2375	without	_	_	_	
13-29	2376-2384	absolute	_	_	_	
13-30	2385-2394	necessity	_	_	_	
13-31	2394-2395	;	_	_	_	
13-32	2396-2399	and	_	_	_	
13-33	2400-2409	therefore	_	_	_	
13-34	2410-2411	I	_	_	_	
13-35	2412-2414	am	_	_	_	
13-36	2415-2418	apt	_	_	_	
13-37	2419-2421	to	_	_	_	
13-38	2422-2427	think	_	_	_	
13-39	2427-2428	,	_	_	_	
13-40	2429-2433	that	_	_	_	
13-41	2434-2439	there	_	_	_	
13-42	2440-2442	is	_	_	_	
13-43	2443-2449	really	_	_	_	
13-44	2450-2459	something	_	_	_	
13-45	2460-2462	in	_	_	_	
13-46	2463-2466	the	_	_	_	
13-47	2467-2471	rose	Smell\_Source	_	_	
13-48	2472-2474	or	_	_	_	
13-49	2475-2479	lily	Smell\_Source	_	_	
13-50	2479-2480	,	_	_	_	
13-51	2481-2486	which	_	_	_	
13-52	2487-2489	is	_	_	_	
13-53	2490-2492	by	_	_	_	
13-54	2493-2496	the	Perceiver[12]	_	_	
13-55	2497-2503	vulgar	Perceiver[12]	_	_	
13-56	2504-2510	called	_	_	_	
13-57	2511-2516	smell	Smell\_Word	*|*|*	13-47|13-49|13-54[12_0]	
13-58	2516-2517	,	_	_	_	
13-59	2518-2521	and	_	_	_	
13-60	2522-2527	which	_	_	_	
13-61	2528-2537	continues	_	_	_	
13-62	2538-2540	to	_	_	_	
13-63	2541-2546	exist	_	_	_	
13-64	2547-2551	when	_	_	_	
13-65	2552-2554	it	_	_	_	
13-66	2555-2557	is	_	_	_	
13-67	2558-2561	not	_	_	_	
13-68	2562-2569	smelled	Smell\_Word	_	_	
13-69	2569-2570	:	_	_	_	
13-70	2571-2574	and	_	_	_	
13-71	2575-2580	shall	_	_	_	
13-72	2581-2588	proceed	_	_	_	
13-73	2589-2591	to	_	_	_	
13-74	2592-2599	inquire	_	_	_	
13-75	2600-2604	what	_	_	_	
13-76	2605-2609	this	_	_	_	
13-77	2610-2612	is	_	_	_	
13-78	2612-2613	;	_	_	_	
13-79	2614-2617	how	_	_	_	
13-80	2618-2620	we	_	_	_	
13-81	2621-2625	come	_	_	_	
13-82	2626-2628	by	_	_	_	
13-83	2629-2632	the	_	_	_	
13-84	2633-2639	notion	_	_	_	
13-85	2640-2642	of	_	_	_	
13-86	2643-2645	it	_	_	_	
13-87	2645-2646	;	_	_	_	
13-88	2647-2650	and	_	_	_	
13-89	2651-2655	what	_	_	_	
13-90	2656-2664	relation	_	_	_	
13-91	2665-2669	this	_	_	_	
13-92	2670-2677	quality	_	_	_	
13-93	2678-2680	or	_	_	_	
13-94	2681-2687	virtue	_	_	_	
13-95	2688-2690	of	_	_	_	
13-96	2691-2696	smell	Smell\_Word	*	13-103	
13-97	2697-2701	hath	_	_	_	
13-98	2702-2704	to	_	_	_	
13-99	2705-2708	the	_	_	_	
13-100	2709-2718	sensation	_	_	_	
13-101	2718-2719	,	_	_	_	
13-102	2720-2725	which	_	_	_	
13-103	2726-2728	we	Perceiver	_	_	
13-104	2729-2733	have	_	_	_	
13-105	2734-2738	been	_	_	_	
13-106	2739-2746	obliged	_	_	_	
13-107	2747-2749	to	_	_	_	
13-108	2750-2754	call	_	_	_	
13-109	2755-2757	by	_	_	_	
13-110	2758-2761	the	_	_	_	
13-111	2762-2766	same	_	_	_	
13-112	2767-2771	name	_	_	_	
13-113	2771-2772	,	_	_	_	
13-114	2773-2776	for	_	_	_	
13-115	2777-2781	want	_	_	_	
13-116	2782-2784	of	_	_	_	
13-117	2785-2792	another	_	_	_	
13-118	2792-2793	.	_	_	_	

#Text=Let us therefore suppose, as before, a person to exercise the sense of smelling: a little experience will discover to him, that the nose is the organ of this sense, and that the air, or something in the air, is a medium of it.
14-1	2795-2798	Let	_	_	_	
14-2	2799-2801	us	_	_	_	
14-3	2802-2811	therefore	_	_	_	
14-4	2812-2819	suppose	_	_	_	
14-5	2819-2820	,	_	_	_	
14-6	2821-2823	as	_	_	_	
14-7	2824-2830	before	_	_	_	
14-8	2830-2831	,	_	_	_	
14-9	2832-2833	a	Perceiver[13]	_	_	
14-10	2834-2840	person	Perceiver[13]	_	_	
14-11	2841-2843	to	_	_	_	
14-12	2844-2852	exercise	_	_	_	
14-13	2853-2856	the	_	_	_	
14-14	2857-2862	sense	_	_	_	
14-15	2863-2865	of	_	_	_	
14-16	2866-2874	smelling	Smell\_Word	*	14-9[13_0]	
14-17	2874-2875	:	_	_	_	
14-18	2876-2877	a	_	_	_	
14-19	2878-2884	little	_	_	_	
14-20	2885-2895	experience	_	_	_	
14-21	2896-2900	will	_	_	_	
14-22	2901-2909	discover	_	_	_	
14-23	2910-2912	to	_	_	_	
14-24	2913-2916	him	_	_	_	
14-25	2916-2917	,	_	_	_	
14-26	2918-2922	that	_	_	_	
14-27	2923-2926	the	_	_	_	
14-28	2927-2931	nose	_	_	_	
14-29	2932-2934	is	_	_	_	
14-30	2935-2938	the	_	_	_	
14-31	2939-2944	organ	_	_	_	
14-32	2945-2947	of	_	_	_	
14-33	2948-2952	this	_	_	_	
14-34	2953-2958	sense	_	_	_	
14-35	2958-2959	,	_	_	_	
14-36	2960-2963	and	_	_	_	
14-37	2964-2968	that	_	_	_	
14-38	2969-2972	the	_	_	_	
14-39	2973-2976	air	_	_	_	
14-40	2976-2977	,	_	_	_	
14-41	2978-2980	or	_	_	_	
14-42	2981-2990	something	_	_	_	
14-43	2991-2993	in	_	_	_	
14-44	2994-2997	the	_	_	_	
14-45	2998-3001	air	_	_	_	
14-46	3001-3002	,	_	_	_	
14-47	3003-3005	is	_	_	_	
14-48	3006-3007	a	_	_	_	
14-49	3008-3014	medium	_	_	_	
14-50	3015-3017	of	_	_	_	
14-51	3018-3020	it	_	_	_	
14-52	3020-3021	.	_	_	_	

#Text=And finding by further experience, that when a rose is near, he has a certain sensation; when it is removed, the sensation is gone; he finds a connection in nature betwixt the rose and this sensation.
15-1	3022-3025	And	_	_	_	
15-2	3026-3033	finding	_	_	_	
15-3	3034-3036	by	_	_	_	
15-4	3037-3044	further	_	_	_	
15-5	3045-3055	experience	_	_	_	
15-6	3055-3056	,	_	_	_	
15-7	3057-3061	that	_	_	_	
15-8	3062-3066	when	_	_	_	
15-9	3067-3068	a	_	_	_	
15-10	3069-3073	rose	_	_	_	
15-11	3074-3076	is	_	_	_	
15-12	3077-3081	near	_	_	_	
15-13	3081-3082	,	_	_	_	
15-14	3083-3085	he	_	_	_	
15-15	3086-3089	has	_	_	_	
15-16	3090-3091	a	_	_	_	
15-17	3092-3099	certain	_	_	_	
15-18	3100-3109	sensation	_	_	_	
15-19	3109-3110	;	_	_	_	
15-20	3111-3115	when	_	_	_	
15-21	3116-3118	it	_	_	_	
15-22	3119-3121	is	_	_	_	
15-23	3122-3129	removed	_	_	_	
15-24	3129-3130	,	_	_	_	
15-25	3131-3134	the	_	_	_	
15-26	3135-3144	sensation	_	_	_	
15-27	3145-3147	is	_	_	_	
15-28	3148-3152	gone	_	_	_	
15-29	3152-3153	;	_	_	_	
15-30	3154-3156	he	_	_	_	
15-31	3157-3162	finds	_	_	_	
15-32	3163-3164	a	_	_	_	
15-33	3165-3175	connection	_	_	_	
15-34	3176-3178	in	_	_	_	
15-35	3179-3185	nature	_	_	_	
15-36	3186-3193	betwixt	_	_	_	
15-37	3194-3197	the	_	_	_	
15-38	3198-3202	rose	_	_	_	
15-39	3203-3206	and	_	_	_	
15-40	3207-3211	this	_	_	_	
15-41	3212-3221	sensation	_	_	_	
15-42	3221-3222	.	_	_	_	

#Text=The rose is considered as a cause, occasion, or antecedent, of the sensation; the sensation as an effect or consequent of the presence of the rose: they are associated in the mind, and constantly found conjoined in the imagination.
16-1	3223-3226	The	_	_	_	
16-2	3227-3231	rose	_	_	_	
16-3	3232-3234	is	_	_	_	
16-4	3235-3245	considered	_	_	_	
16-5	3246-3248	as	_	_	_	
16-6	3249-3250	a	_	_	_	
16-7	3251-3256	cause	_	_	_	
16-8	3256-3257	,	_	_	_	
16-9	3258-3266	occasion	_	_	_	
16-10	3266-3267	,	_	_	_	
16-11	3268-3270	or	_	_	_	
16-12	3271-3281	antecedent	_	_	_	
16-13	3281-3282	,	_	_	_	
16-14	3283-3285	of	_	_	_	
16-15	3286-3289	the	_	_	_	
16-16	3290-3299	sensation	_	_	_	
16-17	3299-3300	;	_	_	_	
16-18	3301-3304	the	_	_	_	
16-19	3305-3314	sensation	_	_	_	
16-20	3315-3317	as	_	_	_	
16-21	3318-3320	an	_	_	_	
16-22	3321-3327	effect	_	_	_	
16-23	3328-3330	or	_	_	_	
16-24	3331-3341	consequent	_	_	_	
16-25	3342-3344	of	_	_	_	
16-26	3345-3348	the	_	_	_	
16-27	3349-3357	presence	_	_	_	
16-28	3358-3360	of	_	_	_	
16-29	3361-3364	the	_	_	_	
16-30	3365-3369	rose	_	_	_	
16-31	3369-3370	:	_	_	_	
16-32	3371-3375	they	_	_	_	
16-33	3376-3379	are	_	_	_	
16-34	3380-3390	associated	_	_	_	
16-35	3391-3393	in	_	_	_	
16-36	3394-3397	the	_	_	_	
16-37	3398-3402	mind	_	_	_	
16-38	3402-3403	,	_	_	_	
16-39	3404-3407	and	_	_	_	
16-40	3408-3418	constantly	_	_	_	
16-41	3419-3424	found	_	_	_	
16-42	3425-3434	conjoined	_	_	_	
16-43	3435-3437	in	_	_	_	
16-44	3438-3441	the	_	_	_	
16-45	3442-3453	imagination	_	_	_	
16-46	3453-3454	.	_	_	_	

#Text=But here it deserves our notice, that although the sensation may seem more closely related to the mind its subject, or to the nose its organ; yet neither of these connections operate so powerfully upon the imagination, as its connection with the rose its concomitant.
17-1	3456-3459	But	_	_	_	
17-2	3460-3464	here	_	_	_	
17-3	3465-3467	it	_	_	_	
17-4	3468-3476	deserves	_	_	_	
17-5	3477-3480	our	_	_	_	
17-6	3481-3487	notice	_	_	_	
17-7	3487-3488	,	_	_	_	
17-8	3489-3493	that	_	_	_	
17-9	3494-3502	although	_	_	_	
17-10	3503-3506	the	_	_	_	
17-11	3507-3516	sensation	_	_	_	
17-12	3517-3520	may	_	_	_	
17-13	3521-3525	seem	_	_	_	
17-14	3526-3530	more	_	_	_	
17-15	3531-3538	closely	_	_	_	
17-16	3539-3546	related	_	_	_	
17-17	3547-3549	to	_	_	_	
17-18	3550-3553	the	_	_	_	
17-19	3554-3558	mind	_	_	_	
17-20	3559-3562	its	_	_	_	
17-21	3563-3570	subject	_	_	_	
17-22	3570-3571	,	_	_	_	
17-23	3572-3574	or	_	_	_	
17-24	3575-3577	to	_	_	_	
17-25	3578-3581	the	_	_	_	
17-26	3582-3586	nose	_	_	_	
17-27	3587-3590	its	_	_	_	
17-28	3591-3596	organ	_	_	_	
17-29	3596-3597	;	_	_	_	
17-30	3598-3601	yet	_	_	_	
17-31	3602-3609	neither	_	_	_	
17-32	3610-3612	of	_	_	_	
17-33	3613-3618	these	_	_	_	
17-34	3619-3630	connections	_	_	_	
17-35	3631-3638	operate	_	_	_	
17-36	3639-3641	so	_	_	_	
17-37	3642-3652	powerfully	_	_	_	
17-38	3653-3657	upon	_	_	_	
17-39	3658-3661	the	_	_	_	
17-40	3662-3673	imagination	_	_	_	
17-41	3673-3674	,	_	_	_	
17-42	3675-3677	as	_	_	_	
17-43	3678-3681	its	_	_	_	
17-44	3682-3692	connection	_	_	_	
17-45	3693-3697	with	_	_	_	
17-46	3698-3701	the	_	_	_	
17-47	3702-3706	rose	Smell\_Source	_	_	
17-48	3707-3710	its	_	_	_	
17-49	3711-3722	concomitant	_	_	_	
17-50	3722-3723	.	_	_	_	

#Text=The reason of this seems to be, that its connection with the mind is more general, and no way distinguisheth it from other smells, or even from tastes, sounds, and other kinds of sensations.
18-1	3724-3727	The	_	_	_	
18-2	3728-3734	reason	_	_	_	
18-3	3735-3737	of	_	_	_	
18-4	3738-3742	this	_	_	_	
18-5	3743-3748	seems	_	_	_	
18-6	3749-3751	to	_	_	_	
18-7	3752-3754	be	_	_	_	
18-8	3754-3755	,	_	_	_	
18-9	3756-3760	that	_	_	_	
18-10	3761-3764	its	_	_	_	
18-11	3765-3775	connection	_	_	_	
18-12	3776-3780	with	_	_	_	
18-13	3781-3784	the	_	_	_	
18-14	3785-3789	mind	_	_	_	
18-15	3790-3792	is	_	_	_	
18-16	3793-3797	more	_	_	_	
18-17	3798-3805	general	_	_	_	
18-18	3805-3806	,	_	_	_	
18-19	3807-3810	and	_	_	_	
18-20	3811-3813	no	_	_	_	
18-21	3814-3817	way	_	_	_	
18-22	3818-3832	distinguisheth	_	_	_	
18-23	3833-3835	it	Smell\_Source	Anaphoric	17-47	
18-24	3836-3840	from	_	_	_	
18-25	3841-3846	other	Quality	_	_	
18-26	3847-3853	smells	Smell\_Word	*|*	18-25|18-23	
18-27	3853-3854	,	_	_	_	
18-28	3855-3857	or	_	_	_	
18-29	3858-3862	even	_	_	_	
18-30	3863-3867	from	_	_	_	
18-31	3868-3874	tastes	_	_	_	
18-32	3874-3875	,	_	_	_	
18-33	3876-3882	sounds	_	_	_	
18-34	3882-3883	,	_	_	_	
18-35	3884-3887	and	_	_	_	
18-36	3888-3893	other	_	_	_	
18-37	3894-3899	kinds	_	_	_	
18-38	3900-3902	of	_	_	_	
18-39	3903-3913	sensations	_	_	_	
18-40	3913-3914	.	_	_	_	

#Text=The relation it hath to the organ, is likewise general, and doth not distinguish it from other smells; but the connection it hath with the rose is special, and constant: by which means they become almost inseparable in the imagination; in like manner as thunder and lightning, freezing and cold.
19-1	3915-3918	The	_	_	_	
19-2	3919-3927	relation	_	_	_	
19-3	3928-3930	it	_	_	_	
19-4	3931-3935	hath	_	_	_	
19-5	3936-3938	to	_	_	_	
19-6	3939-3942	the	_	_	_	
19-7	3943-3948	organ	_	_	_	
19-8	3948-3949	,	_	_	_	
19-9	3950-3952	is	_	_	_	
19-10	3953-3961	likewise	_	_	_	
19-11	3962-3969	general	_	_	_	
19-12	3969-3970	,	_	_	_	
19-13	3971-3974	and	_	_	_	
19-14	3975-3979	doth	_	_	_	
19-15	3980-3983	not	_	_	_	
19-16	3984-3995	distinguish	_	_	_	
19-17	3996-3998	it	Smell\_Source	Anaphoric	17-47	
19-18	3999-4003	from	_	_	_	
19-19	4004-4009	other	Quality	_	_	
19-20	4010-4016	smells	Smell\_Word	*|*	19-19|19-17	
19-21	4016-4017	;	_	_	_	
19-22	4018-4021	but	_	_	_	
19-23	4022-4025	the	_	_	_	
19-24	4026-4036	connection	_	_	_	
19-25	4037-4039	it	_	_	_	
19-26	4040-4044	hath	_	_	_	
19-27	4045-4049	with	_	_	_	
19-28	4050-4053	the	_	_	_	
19-29	4054-4058	rose	_	_	_	
19-30	4059-4061	is	_	_	_	
19-31	4062-4069	special	_	_	_	
19-32	4069-4070	,	_	_	_	
19-33	4071-4074	and	_	_	_	
19-34	4075-4083	constant	_	_	_	
19-35	4083-4084	:	_	_	_	
19-36	4085-4087	by	_	_	_	
19-37	4088-4093	which	_	_	_	
19-38	4094-4099	means	_	_	_	
19-39	4100-4104	they	_	_	_	
19-40	4105-4111	become	_	_	_	
19-41	4112-4118	almost	_	_	_	
19-42	4119-4130	inseparable	_	_	_	
19-43	4131-4133	in	_	_	_	
19-44	4134-4137	the	_	_	_	
19-45	4138-4149	imagination	_	_	_	
19-46	4149-4150	;	_	_	_	
19-47	4151-4153	in	_	_	_	
19-48	4154-4158	like	_	_	_	
19-49	4159-4165	manner	_	_	_	
19-50	4166-4168	as	_	_	_	
19-51	4169-4176	thunder	_	_	_	
19-52	4177-4180	and	_	_	_	
19-53	4181-4190	lightning	_	_	_	
19-54	4190-4191	,	_	_	_	
19-55	4192-4200	freezing	_	_	_	
19-56	4201-4204	and	_	_	_	
19-57	4205-4209	cold	_	_	_	
19-58	4209-4210	.	_	_	_	

#Text=SECTION IX THAT THERE IS A PRINCIPLE IN HUMAN NATURE, FROM WHICH THE NOTION OF THIS, AS WELL AS ALL OTHER NATURAL VIRTUES OR CAUSES, IS DERIVED
#Text=
#Text=In order to illustrate further how we come to conceive a quality or virtue in the rose which we call smell, and what this smell is, it is proper to observe, that the mind begins very early to thirst after principles, which may direct it in the exertion of its powers.
20-1	4212-4219	SECTION	_	_	_	
20-2	4220-4222	IX	_	_	_	
20-3	4223-4227	THAT	_	_	_	
20-4	4228-4233	THERE	_	_	_	
20-5	4234-4236	IS	_	_	_	
20-6	4237-4238	A	_	_	_	
20-7	4239-4248	PRINCIPLE	_	_	_	
20-8	4249-4251	IN	_	_	_	
20-9	4252-4257	HUMAN	_	_	_	
20-10	4258-4264	NATURE	_	_	_	
20-11	4264-4265	,	_	_	_	
20-12	4266-4270	FROM	_	_	_	
20-13	4271-4276	WHICH	_	_	_	
20-14	4277-4280	THE	_	_	_	
20-15	4281-4287	NOTION	_	_	_	
20-16	4288-4290	OF	_	_	_	
20-17	4291-4295	THIS	_	_	_	
20-18	4295-4296	,	_	_	_	
20-19	4297-4299	AS	_	_	_	
20-20	4300-4304	WELL	_	_	_	
20-21	4305-4307	AS	_	_	_	
20-22	4308-4311	ALL	_	_	_	
20-23	4312-4317	OTHER	_	_	_	
20-24	4318-4325	NATURAL	_	_	_	
20-25	4326-4333	VIRTUES	_	_	_	
20-26	4334-4336	OR	_	_	_	
20-27	4337-4343	CAUSES	_	_	_	
20-28	4343-4344	,	_	_	_	
20-29	4345-4347	IS	_	_	_	
20-30	4348-4355	DERIVED	_	_	_	
20-31	4357-4359	In	_	_	_	
20-32	4360-4365	order	_	_	_	
20-33	4366-4368	to	_	_	_	
20-34	4369-4379	illustrate	_	_	_	
20-35	4380-4387	further	_	_	_	
20-36	4388-4391	how	_	_	_	
20-37	4392-4394	we	_	_	_	
20-38	4395-4399	come	_	_	_	
20-39	4400-4402	to	_	_	_	
20-40	4403-4411	conceive	_	_	_	
20-41	4412-4413	a	_	_	_	
20-42	4414-4421	quality	_	_	_	
20-43	4422-4424	or	_	_	_	
20-44	4425-4431	virtue	_	_	_	
20-45	4432-4434	in	_	_	_	
20-46	4435-4438	the	_	_	_	
20-47	4439-4443	rose	Smell\_Source	_	_	
20-48	4444-4449	which	_	_	_	
20-49	4450-4452	we	_	_	_	
20-50	4453-4457	call	_	_	_	
20-51	4458-4463	smell	Smell\_Word	*	20-47	
20-52	4463-4464	,	_	_	_	
20-53	4465-4468	and	_	_	_	
20-54	4469-4473	what	_	_	_	
20-55	4474-4478	this	_	_	_	
20-56	4479-4484	smell	Smell\_Word	_	_	
20-57	4485-4487	is	_	_	_	
20-58	4487-4488	,	_	_	_	
20-59	4489-4491	it	_	_	_	
20-60	4492-4494	is	_	_	_	
20-61	4495-4501	proper	_	_	_	
20-62	4502-4504	to	_	_	_	
20-63	4505-4512	observe	_	_	_	
20-64	4512-4513	,	_	_	_	
20-65	4514-4518	that	_	_	_	
20-66	4519-4522	the	_	_	_	
20-67	4523-4527	mind	_	_	_	
20-68	4528-4534	begins	_	_	_	
20-69	4535-4539	very	_	_	_	
20-70	4540-4545	early	_	_	_	
20-71	4546-4548	to	_	_	_	
20-72	4549-4555	thirst	_	_	_	
20-73	4556-4561	after	_	_	_	
20-74	4562-4572	principles	_	_	_	
20-75	4572-4573	,	_	_	_	
20-76	4574-4579	which	_	_	_	
20-77	4580-4583	may	_	_	_	
20-78	4584-4590	direct	_	_	_	
20-79	4591-4593	it	_	_	_	
20-80	4594-4596	in	_	_	_	
20-81	4597-4600	the	_	_	_	
20-82	4601-4609	exertion	_	_	_	
20-83	4610-4612	of	_	_	_	
20-84	4613-4616	its	_	_	_	
20-85	4617-4623	powers	_	_	_	
20-86	4623-4624	.	_	_	_	

#Text=The smell of a rose is a certain aff ection or feeling of the mind; and as it is not constant, but comes and goes, we want to know when and where we may expect it, and are uneasy till we find something, which being present, brings this feeling along with it, and being removed, removes it.
21-1	4625-4628	The	_	_	_	
21-2	4629-4634	smell	Smell\_Word	*	21-3[14_0]	
21-3	4635-4637	of	Smell\_Source[14]	_	_	
21-4	4638-4639	a	Smell\_Source[14]	_	_	
21-5	4640-4644	rose	Smell\_Source[14]	_	_	
21-6	4645-4647	is	_	_	_	
21-7	4648-4649	a	_	_	_	
21-8	4650-4657	certain	_	_	_	
21-9	4658-4661	aff	_	_	_	
21-10	4662-4668	ection	_	_	_	
21-11	4669-4671	or	_	_	_	
21-12	4672-4679	feeling	_	_	_	
21-13	4680-4682	of	_	_	_	
21-14	4683-4686	the	_	_	_	
21-15	4687-4691	mind	_	_	_	
21-16	4691-4692	;	_	_	_	
21-17	4693-4696	and	_	_	_	
21-18	4697-4699	as	_	_	_	
21-19	4700-4702	it	_	_	_	
21-20	4703-4705	is	_	_	_	
21-21	4706-4709	not	_	_	_	
21-22	4710-4718	constant	_	_	_	
21-23	4718-4719	,	_	_	_	
21-24	4720-4723	but	_	_	_	
21-25	4724-4729	comes	_	_	_	
21-26	4730-4733	and	_	_	_	
21-27	4734-4738	goes	_	_	_	
21-28	4738-4739	,	_	_	_	
21-29	4740-4742	we	_	_	_	
21-30	4743-4747	want	_	_	_	
21-31	4748-4750	to	_	_	_	
21-32	4751-4755	know	_	_	_	
21-33	4756-4760	when	_	_	_	
21-34	4761-4764	and	_	_	_	
21-35	4765-4770	where	_	_	_	
21-36	4771-4773	we	_	_	_	
21-37	4774-4777	may	_	_	_	
21-38	4778-4784	expect	_	_	_	
21-39	4785-4787	it	_	_	_	
21-40	4787-4788	,	_	_	_	
21-41	4789-4792	and	_	_	_	
21-42	4793-4796	are	_	_	_	
21-43	4797-4803	uneasy	_	_	_	
21-44	4804-4808	till	_	_	_	
21-45	4809-4811	we	_	_	_	
21-46	4812-4816	find	_	_	_	
21-47	4817-4826	something	_	_	_	
21-48	4826-4827	,	_	_	_	
21-49	4828-4833	which	_	_	_	
21-50	4834-4839	being	_	_	_	
21-51	4840-4847	present	_	_	_	
21-52	4847-4848	,	_	_	_	
21-53	4849-4855	brings	_	_	_	
21-54	4856-4860	this	_	_	_	
21-55	4861-4868	feeling	_	_	_	
21-56	4869-4874	along	_	_	_	
21-57	4875-4879	with	_	_	_	
21-58	4880-4882	it	_	_	_	
21-59	4882-4883	,	_	_	_	
21-60	4884-4887	and	_	_	_	
21-61	4888-4893	being	_	_	_	
21-62	4894-4901	removed	_	_	_	
21-63	4901-4902	,	_	_	_	
21-64	4903-4910	removes	_	_	_	
21-65	4911-4913	it	_	_	_	
21-66	4913-4914	.	_	_	_	

#Text=This, when found, we call the cause of it; not a strict and philosophical sense, as if the feeling were really effected or produced by that cause, but in a popular sense: for the mind is satisfied, if there is a constant conjunction between them; and such causes are in reality nothing else but laws of nature.
22-1	4915-4919	This	_	_	_	
22-2	4919-4920	,	_	_	_	
22-3	4921-4925	when	_	_	_	
22-4	4926-4931	found	_	_	_	
22-5	4931-4932	,	_	_	_	
22-6	4933-4935	we	_	_	_	
22-7	4936-4940	call	_	_	_	
22-8	4941-4944	the	_	_	_	
22-9	4945-4950	cause	_	_	_	
22-10	4951-4953	of	_	_	_	
22-11	4954-4956	it	_	_	_	
22-12	4956-4957	;	_	_	_	
22-13	4958-4961	not	_	_	_	
22-14	4962-4963	a	_	_	_	
22-15	4964-4970	strict	_	_	_	
22-16	4971-4974	and	_	_	_	
22-17	4975-4988	philosophical	_	_	_	
22-18	4989-4994	sense	_	_	_	
22-19	4994-4995	,	_	_	_	
22-20	4996-4998	as	_	_	_	
22-21	4999-5001	if	_	_	_	
22-22	5002-5005	the	_	_	_	
22-23	5006-5013	feeling	_	_	_	
22-24	5014-5018	were	_	_	_	
22-25	5019-5025	really	_	_	_	
22-26	5026-5034	effected	_	_	_	
22-27	5035-5037	or	_	_	_	
22-28	5038-5046	produced	_	_	_	
22-29	5047-5049	by	_	_	_	
22-30	5050-5054	that	_	_	_	
22-31	5055-5060	cause	_	_	_	
22-32	5060-5061	,	_	_	_	
22-33	5062-5065	but	_	_	_	
22-34	5066-5068	in	_	_	_	
22-35	5069-5070	a	_	_	_	
22-36	5071-5078	popular	_	_	_	
22-37	5079-5084	sense	_	_	_	
22-38	5084-5085	:	_	_	_	
22-39	5086-5089	for	_	_	_	
22-40	5090-5093	the	_	_	_	
22-41	5094-5098	mind	_	_	_	
22-42	5099-5101	is	_	_	_	
22-43	5102-5111	satisfied	_	_	_	
22-44	5111-5112	,	_	_	_	
22-45	5113-5115	if	_	_	_	
22-46	5116-5121	there	_	_	_	
22-47	5122-5124	is	_	_	_	
22-48	5125-5126	a	_	_	_	
22-49	5127-5135	constant	_	_	_	
22-50	5136-5147	conjunction	_	_	_	
22-51	5148-5155	between	_	_	_	
22-52	5156-5160	them	_	_	_	
22-53	5160-5161	;	_	_	_	
22-54	5162-5165	and	_	_	_	
22-55	5166-5170	such	_	_	_	
22-56	5171-5177	causes	_	_	_	
22-57	5178-5181	are	_	_	_	
22-58	5182-5184	in	_	_	_	
22-59	5185-5192	reality	_	_	_	
22-60	5193-5200	nothing	_	_	_	
22-61	5201-5205	else	_	_	_	
22-62	5206-5209	but	_	_	_	
22-63	5210-5214	laws	_	_	_	
22-64	5215-5217	of	_	_	_	
22-65	5218-5224	nature	_	_	_	
22-66	5224-5225	.	_	_	_	

#Text=Having found the smell thus constantly conjoined with the rose, the mind is at rest, without inquiring whether this conjunction is owing to a real efficiency or not; that being a philosophical inquiry, which does not concern human life.
23-1	5226-5232	Having	_	_	_	
23-2	5233-5238	found	_	_	_	
23-3	5239-5242	the	_	_	_	
23-4	5243-5248	smell	Smell\_Word	*	23-10	
23-5	5249-5253	thus	_	_	_	
23-6	5254-5264	constantly	_	_	_	
23-7	5265-5274	conjoined	_	_	_	
23-8	5275-5279	with	_	_	_	
23-9	5280-5283	the	_	_	_	
23-10	5284-5288	rose	Smell\_Source	_	_	
23-11	5288-5289	,	_	_	_	
23-12	5290-5293	the	_	_	_	
23-13	5294-5298	mind	_	_	_	
23-14	5299-5301	is	_	_	_	
23-15	5302-5304	at	_	_	_	
23-16	5305-5309	rest	_	_	_	
23-17	5309-5310	,	_	_	_	
23-18	5311-5318	without	_	_	_	
23-19	5319-5328	inquiring	_	_	_	
23-20	5329-5336	whether	_	_	_	
23-21	5337-5341	this	_	_	_	
23-22	5342-5353	conjunction	_	_	_	
23-23	5354-5356	is	_	_	_	
23-24	5357-5362	owing	_	_	_	
23-25	5363-5365	to	_	_	_	
23-26	5366-5367	a	_	_	_	
23-27	5368-5372	real	_	_	_	
23-28	5373-5383	efficiency	_	_	_	
23-29	5384-5386	or	_	_	_	
23-30	5387-5390	not	_	_	_	
23-31	5390-5391	;	_	_	_	
23-32	5392-5396	that	_	_	_	
23-33	5397-5402	being	_	_	_	
23-34	5403-5404	a	_	_	_	
23-35	5405-5418	philosophical	_	_	_	
23-36	5419-5426	inquiry	_	_	_	
23-37	5426-5427	,	_	_	_	
23-38	5428-5433	which	_	_	_	
23-39	5434-5438	does	_	_	_	
23-40	5439-5442	not	_	_	_	
23-41	5443-5450	concern	_	_	_	
23-42	5451-5456	human	_	_	_	
23-43	5457-5461	life	_	_	_	
23-44	5461-5462	.	_	_	_	
