#FORMAT=WebAnno TSV 3.3
#T_SP=custom.Span|label
#T_RL=custom.Relation|label|BT_custom.Span


#Text=LE PARFUM\r
#Text=\r
#Text=Lecteur, as-tu quelquefois respiré\r
#Text=Avec ivresse et lente gourmandise\r
#Text=Ce grain d'encens qui remplit une église,\r
#Text=Ou d'un sachet le musc invétéré?
1-1	2-4	LE	_	_	_	
1-2	5-11	PARFUM	_	_	_	
1-3	15-22	Lecteur	_	_	_	
1-4	22-23	,	_	_	_	
1-5	24-29	as-tu	_	_	_	
1-6	30-41	quelquefois	_	_	_	
1-7	42-49	respiré	_	_	_	
1-8	51-55	Avec	_	_	_	
1-9	56-63	ivresse	_	_	_	
1-10	64-66	et	_	_	_	
1-11	67-72	lente	_	_	_	
1-12	73-84	gourmandise	_	_	_	
1-13	86-88	Ce	_	_	_	
1-14	89-94	grain	Smell\_Word[1]	*|*	1-19[0_1]|1-25[0_1]	
1-15	95-103	d'encens	Smell\_Word[1]	_	_	
1-16	104-107	qui	_	_	_	
1-17	108-115	remplit	_	_	_	
1-18	116-119	une	_	_	_	
1-19	120-126	église	Location	_	_	
1-20	126-127	,	_	_	_	
1-21	129-131	Ou	_	_	_	
1-22	132-136	d'un	_	_	_	
1-23	137-143	sachet	_	_	_	
1-24	144-146	le	_	_	_	
1-25	147-151	musc	Smell\_Source	_	_	
1-26	152-160	invétéré	_	_	_	
1-27	160-161	?	_	_	_	

#Text=Charme profond, magique, dont nous grise\r
#Text=Dans le présent le passé restauré!
2-1	165-171	Charme	_	_	_	
2-2	172-179	profond	_	_	_	
2-3	179-180	,	_	_	_	
2-4	181-188	magique	_	_	_	
2-5	188-189	,	_	_	_	
2-6	190-194	dont	_	_	_	
2-7	195-199	nous	_	_	_	
2-8	200-205	grise	_	_	_	
2-9	207-211	Dans	_	_	_	
2-10	212-214	le	_	_	_	
2-11	215-222	présent	_	_	_	
2-12	223-225	le	_	_	_	
2-13	226-231	passé	_	_	_	
2-14	232-240	restauré	_	_	_	
2-15	240-241	!	_	_	_	

#Text=Ainsi l'amant sur un corps adoré\r
#Text=Du souvenir cueille la fleur exquise.
3-1	243-248	Ainsi	_	_	_	
3-2	249-256	l'amant	_	_	_	
3-3	257-260	sur	_	_	_	
3-4	261-263	un	_	_	_	
3-5	264-269	corps	_	_	_	
3-6	270-275	adoré	_	_	_	
3-7	277-279	Du	_	_	_	
3-8	280-288	souvenir	_	_	_	
3-9	289-296	cueille	_	_	_	
3-10	297-299	la	_	_	_	
3-11	300-305	fleur	_	_	_	
3-12	306-313	exquise	_	_	_	
3-13	313-314	.	_	_	_	

#Text=De ses cheveux élastiques et lourds,\r
#Text=Vivant sachet, encensoir de l'alcôve,\r
#Text=Une senteur montait, sauvage et fauve,\r
#Text=\r
#Text=Et des habits, mousseline ou velours,\r
#Text=Tout imprégnés de sa jeunesse pure,\r
#Text=Se dégageait un parfum de fourrure.
4-1	318-320	De	_	_	_	
4-2	321-324	ses	Smell\_Source[2]	_	_	
4-3	325-332	cheveux	Smell\_Source[2]	_	_	
4-4	333-343	élastiques	_	_	_	
4-5	344-346	et	_	_	_	
4-6	347-353	lourds	_	_	_	
4-7	353-354	,	_	_	_	
4-8	356-362	Vivant	_	_	_	
4-9	363-369	sachet	_	_	_	
4-10	369-370	,	_	_	_	
4-11	371-380	encensoir	_	_	_	
4-12	381-383	de	_	_	_	
4-13	384-392	l'alcôve	_	_	_	
4-14	392-393	,	_	_	_	
4-15	395-398	Une	_	_	_	
4-16	399-406	senteur	Smell\_Word	*|*	4-2[2_0]|4-19[3_0]	
4-17	407-414	montait	_	_	_	
4-18	414-415	,	_	_	_	
4-19	416-423	sauvage	Quality[3]	_	_	
4-20	424-426	et	Quality[3]	_	_	
4-21	427-432	fauve	Quality[3]	_	_	
4-22	432-433	,	_	_	_	
4-23	437-439	Et	_	_	_	
4-24	440-443	des	_	_	_	
4-25	444-450	habits	Smell\_Source	_	_	
4-26	450-451	,	_	_	_	
4-27	452-462	mousseline	_	_	_	
4-28	463-465	ou	_	_	_	
4-29	466-473	velours	_	_	_	
4-30	473-474	,	_	_	_	
4-31	476-480	Tout	_	_	_	
4-32	481-490	imprégnés	_	_	_	
4-33	491-493	de	_	_	_	
4-34	494-496	sa	_	_	_	
4-35	497-505	jeunesse	_	_	_	
4-36	506-510	pure	_	_	_	
4-37	510-511	,	_	_	_	
4-38	513-515	Se	_	_	_	
4-39	516-525	dégageait	_	_	_	
4-40	526-528	un	_	_	_	
4-41	529-535	parfum	Smell\_Word	*|*	4-42[4_0]|4-25	
4-42	536-538	de	Evoked\_Odorant[4]	_	_	
4-43	539-547	fourrure	Evoked\_Odorant[4]	_	_	
4-44	547-548	.	_	_	_	
