#FORMAT=WebAnno TSV 3.3
#T_SP=custom.Span|label
#T_RL=custom.Relation|label|BT_custom.Span


#Text=But it is not to cases such as those now related, numerous as 
#Text=they are, nor to any other of a kindred type, in which diseased action or constitutional peculiarity may be urged as a cause of the serious morbid affections produced, that the evil effects of this nauseous
#Text=exhalation are confined.
1-1	0-3	But	_	_	_	
1-2	4-6	it	_	_	_	
1-3	7-9	is	_	_	_	
1-4	10-13	not	_	_	_	
1-5	14-16	to	_	_	_	
1-6	17-22	cases	_	_	_	
1-7	23-27	such	_	_	_	
1-8	28-30	as	_	_	_	
1-9	31-36	those	_	_	_	
1-10	37-40	now	_	_	_	
1-11	41-48	related	_	_	_	
1-12	48-49	,	_	_	_	
1-13	50-58	numerous	_	_	_	
1-14	59-61	as	_	_	_	
1-15	63-67	they	_	_	_	
1-16	68-71	are	_	_	_	
1-17	71-72	,	_	_	_	
1-18	73-76	nor	_	_	_	
1-19	77-79	to	_	_	_	
1-20	80-83	any	_	_	_	
1-21	84-89	other	_	_	_	
1-22	90-92	of	_	_	_	
1-23	93-94	a	_	_	_	
1-24	95-102	kindred	_	_	_	
1-25	103-107	type	_	_	_	
1-26	107-108	,	_	_	_	
1-27	109-111	in	_	_	_	
1-28	112-117	which	_	_	_	
1-29	118-126	diseased	_	_	_	
1-30	127-133	action	_	_	_	
1-31	134-136	or	_	_	_	
1-32	137-151	constitutional	_	_	_	
1-33	152-163	peculiarity	_	_	_	
1-34	164-167	may	_	_	_	
1-35	168-170	be	_	_	_	
1-36	171-176	urged	_	_	_	
1-37	177-179	as	_	_	_	
1-38	180-181	a	_	_	_	
1-39	182-187	cause	_	_	_	
1-40	188-190	of	_	_	_	
1-41	191-194	the	_	_	_	
1-42	195-202	serious	_	_	_	
1-43	203-209	morbid	_	_	_	
1-44	210-220	affections	_	_	_	
1-45	221-229	produced	_	_	_	
1-46	229-230	,	_	_	_	
1-47	231-235	that	_	_	_	
1-48	236-239	the	_	_	_	
1-49	240-244	evil	_	_	_	
1-50	245-252	effects	_	_	_	
1-51	253-255	of	_	_	_	
1-52	256-260	this	_	_	_	
1-53	261-269	nauseous	Smell\_Word[1]|Quality[2]	*|*|*|*	1-53[2_1]|1-54[0_1]|2-29[3_1]|2-1[0_1]	
1-54	270-280	exhalation	Odour\_Carrier	_	_	
1-55	281-284	are	_	_	_	
1-56	285-293	confined	_	_	_	
1-57	293-294	.	_	_	_	

#Text=Families in which there have been no such 
#Text=serious symptoms produced, but who, from the situation of their residences, are exposed to its influence, have still to endure all the discomfort of an abominable public nuisance when they move abroad, or, 
#Text=when the wind is high, be subjected to its presence in their apartments.
2-1	295-303	Families	Perceiver	_	_	
2-2	304-306	in	_	_	_	
2-3	307-312	which	_	_	_	
2-4	313-318	there	_	_	_	
2-5	319-323	have	_	_	_	
2-6	324-328	been	_	_	_	
2-7	329-331	no	_	_	_	
2-8	332-336	such	_	_	_	
2-9	338-345	serious	_	_	_	
2-10	346-354	symptoms	_	_	_	
2-11	355-363	produced	_	_	_	
2-12	363-364	,	_	_	_	
2-13	365-368	but	_	_	_	
2-14	369-372	who	_	_	_	
2-15	372-373	,	_	_	_	
2-16	374-378	from	_	_	_	
2-17	379-382	the	_	_	_	
2-18	383-392	situation	_	_	_	
2-19	393-395	of	_	_	_	
2-20	396-401	their	_	_	_	
2-21	402-412	residences	_	_	_	
2-22	412-413	,	_	_	_	
2-23	414-417	are	_	_	_	
2-24	418-425	exposed	_	_	_	
2-25	426-428	to	_	_	_	
2-26	429-432	its	_	_	_	
2-27	433-442	influence	_	_	_	
2-28	442-443	,	_	_	_	
2-29	444-448	have	Effect[3]	_	_	
2-30	449-454	still	Effect[3]	_	_	
2-31	455-457	to	Effect[3]	_	_	
2-32	458-464	endure	Effect[3]	_	_	
2-33	465-468	all	Effect[3]	_	_	
2-34	469-472	the	Effect[3]	_	_	
2-35	473-483	discomfort	Effect[3]	_	_	
2-36	484-486	of	Effect[3]	_	_	
2-37	487-489	an	Effect[3]	_	_	
2-38	490-500	abominable	Effect[3]	_	_	
2-39	501-507	public	Effect[3]	_	_	
2-40	508-516	nuisance	Effect[3]	_	_	
2-41	517-521	when	Effect[3]	_	_	
2-42	522-526	they	Effect[3]	_	_	
2-43	527-531	move	Effect[3]	_	_	
2-44	532-538	abroad	Effect[3]	_	_	
2-45	538-539	,	Effect[3]	_	_	
2-46	540-542	or	Effect[3]	_	_	
2-47	542-543	,	Effect[3]	_	_	
2-48	545-549	when	Effect[3]	_	_	
2-49	550-553	the	Effect[3]	_	_	
2-50	554-558	wind	Effect[3]	_	_	
2-51	559-561	is	Effect[3]	_	_	
2-52	562-566	high	Effect[3]	_	_	
2-53	566-567	,	Effect[3]	_	_	
2-54	568-570	be	Effect[3]	_	_	
2-55	571-580	subjected	Effect[3]	_	_	
2-56	581-583	to	Effect[3]	_	_	
2-57	584-587	its	Effect[3]	_	_	
2-58	588-596	presence	Effect[3]	_	_	
2-59	597-599	in	Effect[3]	_	_	
2-60	600-605	their	Effect[3]	_	_	
2-61	606-616	apartments	Effect[3]	_	_	
2-62	616-617	.	_	_	_	

#Text=In the letter on the subject with which we have been favoured by 
#Text=Dr Mackenzie, from which we have already quoted, the reader will 
#Text=see the extent of the annoyance arising from this civic and domestic 
#Text=plague to the families living in the fashionable neighbourhood in which 
#Text=the doctor resides
3-1	621-623	In	_	_	_	
3-2	624-627	the	_	_	_	
3-3	628-634	letter	_	_	_	
3-4	635-637	on	_	_	_	
3-5	638-641	the	_	_	_	
3-6	642-649	subject	_	_	_	
3-7	650-654	with	_	_	_	
3-8	655-660	which	_	_	_	
3-9	661-663	we	_	_	_	
3-10	664-668	have	_	_	_	
3-11	669-673	been	_	_	_	
3-12	674-682	favoured	_	_	_	
3-13	683-685	by	_	_	_	
3-14	687-689	Dr	_	_	_	
3-15	690-699	Mackenzie	_	_	_	
3-16	699-700	,	_	_	_	
3-17	701-705	from	_	_	_	
3-18	706-711	which	_	_	_	
3-19	712-714	we	_	_	_	
3-20	715-719	have	_	_	_	
3-21	720-727	already	_	_	_	
3-22	728-734	quoted	_	_	_	
3-23	734-735	,	_	_	_	
3-24	736-739	the	_	_	_	
3-25	740-746	reader	_	_	_	
3-26	747-751	will	_	_	_	
3-27	753-756	see	_	_	_	
3-28	757-760	the	_	_	_	
3-29	761-767	extent	_	_	_	
3-30	768-770	of	_	_	_	
3-31	771-774	the	_	_	_	
3-32	775-784	annoyance	_	_	_	
3-33	785-792	arising	_	_	_	
3-34	793-797	from	_	_	_	
3-35	798-802	this	_	_	_	
3-36	803-808	civic	_	_	_	
3-37	809-812	and	_	_	_	
3-38	813-821	domestic	_	_	_	
3-39	823-829	plague	_	_	_	
3-40	830-832	to	_	_	_	
3-41	833-836	the	_	_	_	
3-42	837-845	families	_	_	_	
3-43	846-852	living	_	_	_	
3-44	853-855	in	_	_	_	
3-45	856-859	the	_	_	_	
3-46	860-871	fashionable	_	_	_	
3-47	872-885	neighbourhood	_	_	_	
3-48	886-888	in	_	_	_	
3-49	889-894	which	_	_	_	
3-50	896-899	the	_	_	_	
3-51	900-906	doctor	_	_	_	
3-52	907-914	resides	_	_	_	

#Text=.
4-1	914-915	.	_	_	_	

#Text=“ When I first occupied a house upon this hill (the Calton) in 1833, 
#Text= 
#Text=I found (or then imagined I did) that when the wind was from the 
#Text=east or north-east, some disagreeable smells were conveyed by it.
5-1	919-920	“	_	_	_	
5-2	921-925	When	_	_	_	
5-3	926-927	I	_	_	_	
5-4	928-933	first	_	_	_	
5-5	934-942	occupied	_	_	_	
5-6	943-944	a	Location[4]	_	_	
5-7	945-950	house	Location[4]	_	_	
5-8	951-955	upon	Location[4]	_	_	
5-9	956-960	this	Location[4]	_	_	
5-10	961-965	hill	Location[4]	_	_	
5-11	966-967	(	Location[4]	_	_	
5-12	967-970	the	Location[4]	_	_	
5-13	971-977	Calton	Location[4]	_	_	
5-14	977-978	)	Location[4]	_	_	
5-15	979-981	in	Time[5]	_	_	
5-16	982-986	1833	Time[5]	_	_	
5-17	986-987	,	_	_	_	
5-18	991-992	I	Perceiver	_	_	
5-19	993-998	found	_	_	_	
5-20	999-1000	(	_	_	_	
5-21	1000-1002	or	_	_	_	
5-22	1003-1007	then	_	_	_	
5-23	1008-1016	imagined	_	_	_	
5-24	1017-1018	I	_	_	_	
5-25	1019-1022	did	_	_	_	
5-26	1022-1023	)	_	_	_	
5-27	1024-1028	that	_	_	_	
5-28	1029-1033	when	Circumstances[6]	_	_	
5-29	1034-1037	the	Circumstances[6]|Odour\_Carrier[7]	_	_	
5-30	1038-1042	wind	Circumstances[6]|Odour\_Carrier[7]	_	_	
5-31	1043-1046	was	Circumstances[6]	_	_	
5-32	1047-1051	from	Circumstances[6]	_	_	
5-33	1052-1055	the	Circumstances[6]	_	_	
5-34	1057-1061	east	Circumstances[6]	_	_	
5-35	1062-1064	or	Circumstances[6]	_	_	
5-36	1065-1075	north-east	Circumstances[6]	_	_	
5-37	1075-1076	,	_	_	_	
5-38	1077-1081	some	_	_	_	
5-39	1082-1094	disagreeable	Quality	_	_	
5-40	1095-1101	smells	Smell\_Word	*|*|*|*|*|*	5-39|5-28[6_0]|5-29[7_0]|5-18|5-6[4_0]|5-15[5_0]	
5-41	1102-1106	were	_	_	_	
5-42	1107-1115	conveyed	_	_	_	
5-43	1116-1118	by	_	_	_	
5-44	1119-1121	it	_	_	_	
5-45	1121-1122	.	_	_	_	

#Text=In the year following I became convinced that it was so; bad enough 
#Text=during the influence of easterly winds in March, April, and May, but 
#Text=sickening and almost intolerable in the warm months, when the wind 
#Text=was from the same quarter.
6-1	1126-1128	In	_	_	_	
6-2	1129-1132	the	_	_	_	
6-3	1133-1137	year	_	_	_	
6-4	1138-1147	following	_	_	_	
6-5	1148-1149	I	Perceiver	_	_	
6-6	1150-1156	became	_	_	_	
6-7	1157-1166	convinced	_	_	_	
6-8	1167-1171	that	_	_	_	
6-9	1172-1174	it	Smell\_Word	Anaphoric|*|*|*|*|*|*|*|*	5-40|6-5|6-13[8_0]|6-15[9_0]|6-21[10_0]|6-30|6-32[11_0]|6-34[12_0]|6-39[13_0]	
6-10	1175-1178	was	_	_	_	
6-11	1179-1181	so	_	_	_	
6-12	1181-1182	;	_	_	_	
6-13	1183-1186	bad	Quality[8]	_	_	
6-14	1187-1193	enough	Quality[8]	_	_	
6-15	1195-1201	during	Circumstances[9]	_	_	
6-16	1202-1205	the	Circumstances[9]	_	_	
6-17	1206-1215	influence	Circumstances[9]	_	_	
6-18	1216-1218	of	Circumstances[9]	_	_	
6-19	1219-1227	easterly	Circumstances[9]	_	_	
6-20	1228-1233	winds	Circumstances[9]	_	_	
6-21	1234-1236	in	Time[10]	_	_	
6-22	1237-1242	March	Time[10]	_	_	
6-23	1242-1243	,	Time[10]	_	_	
6-24	1244-1249	April	Time[10]	_	_	
6-25	1249-1250	,	Time[10]	_	_	
6-26	1251-1254	and	Time[10]	_	_	
6-27	1255-1258	May	Time[10]	_	_	
6-28	1258-1259	,	_	_	_	
6-29	1260-1263	but	_	_	_	
6-30	1265-1274	sickening	Quality	_	_	
6-31	1275-1278	and	_	_	_	
6-32	1279-1285	almost	Quality[11]	_	_	
6-33	1286-1297	intolerable	Quality[11]	_	_	
6-34	1298-1300	in	Time[12]	_	_	
6-35	1301-1304	the	Time[12]	_	_	
6-36	1305-1309	warm	Time[12]	_	_	
6-37	1310-1316	months	Time[12]	_	_	
6-38	1316-1317	,	_	_	_	
6-39	1318-1322	when	Circumstances[13]	_	_	
6-40	1323-1326	the	Circumstances[13]	_	_	
6-41	1327-1331	wind	Circumstances[13]	_	_	
6-42	1333-1336	was	Circumstances[13]	_	_	
6-43	1337-1341	from	Circumstances[13]	_	_	
6-44	1342-1345	the	Circumstances[13]	_	_	
6-45	1346-1350	same	Circumstances[13]	_	_	
6-46	1351-1358	quarter	Circumstances[13]	_	_	
6-47	1358-1359	.	_	_	_	

#Text=Since then, 1834, till now, 1839, this 
#Text=nuisance has greatly increased, not alone when inhaling it upon the
#Text=Terrace, but actually within our rooms, and even when the windows 
#Text=are not open, until at length I have all but resolved to quit a situation 
#Text=which I deem to be the most delightful in Edinburgh as a place of 
#Text=residence, and, I Would add, but for this nuisance, by far the most 
#Text=healthful.
7-1	1360-1365	Since	_	_	_	
7-2	1366-1370	then	_	_	_	
7-3	1370-1371	,	_	_	_	
7-4	1372-1376	1834	_	_	_	
7-5	1376-1377	,	_	_	_	
7-6	1378-1382	till	_	_	_	
7-7	1383-1386	now	_	_	_	
7-8	1386-1387	,	_	_	_	
7-9	1388-1392	1839	_	_	_	
7-10	1392-1393	,	_	_	_	
7-11	1394-1398	this	_	_	_	
7-12	1400-1408	nuisance	_	_	_	
7-13	1409-1412	has	_	_	_	
7-14	1413-1420	greatly	_	_	_	
7-15	1421-1430	increased	_	_	_	
7-16	1430-1431	,	_	_	_	
7-17	1432-1435	not	_	_	_	
7-18	1436-1441	alone	_	_	_	
7-19	1442-1446	when	_	_	_	
7-20	1447-1455	inhaling	_	_	_	
7-21	1456-1458	it	_	_	_	
7-22	1459-1463	upon	_	_	_	
7-23	1464-1467	the	_	_	_	
7-24	1468-1475	Terrace	_	_	_	
7-25	1475-1476	,	_	_	_	
7-26	1477-1480	but	_	_	_	
7-27	1481-1489	actually	_	_	_	
7-28	1490-1496	within	_	_	_	
7-29	1497-1500	our	_	_	_	
7-30	1501-1506	rooms	_	_	_	
7-31	1506-1507	,	_	_	_	
7-32	1508-1511	and	_	_	_	
7-33	1512-1516	even	_	_	_	
7-34	1517-1521	when	_	_	_	
7-35	1522-1525	the	_	_	_	
7-36	1526-1533	windows	_	_	_	
7-37	1535-1538	are	_	_	_	
7-38	1539-1542	not	_	_	_	
7-39	1543-1547	open	_	_	_	
7-40	1547-1548	,	_	_	_	
7-41	1549-1554	until	_	_	_	
7-42	1555-1557	at	_	_	_	
7-43	1558-1564	length	_	_	_	
7-44	1565-1566	I	_	_	_	
7-45	1567-1571	have	_	_	_	
7-46	1572-1575	all	_	_	_	
7-47	1576-1579	but	_	_	_	
7-48	1580-1588	resolved	_	_	_	
7-49	1589-1591	to	_	_	_	
7-50	1592-1596	quit	_	_	_	
7-51	1597-1598	a	_	_	_	
7-52	1599-1608	situation	_	_	_	
7-53	1610-1615	which	_	_	_	
7-54	1616-1617	I	_	_	_	
7-55	1618-1622	deem	_	_	_	
7-56	1623-1625	to	_	_	_	
7-57	1626-1628	be	_	_	_	
7-58	1629-1632	the	_	_	_	
7-59	1633-1637	most	_	_	_	
7-60	1638-1648	delightful	_	_	_	
7-61	1649-1651	in	_	_	_	
7-62	1652-1661	Edinburgh	_	_	_	
7-63	1662-1664	as	_	_	_	
7-64	1665-1666	a	_	_	_	
7-65	1667-1672	place	_	_	_	
7-66	1673-1675	of	_	_	_	
7-67	1677-1686	residence	_	_	_	
7-68	1686-1687	,	_	_	_	
7-69	1688-1691	and	_	_	_	
7-70	1691-1692	,	_	_	_	
7-71	1693-1694	I	_	_	_	
7-72	1695-1700	Would	_	_	_	
7-73	1701-1704	add	_	_	_	
7-74	1704-1705	,	_	_	_	
7-75	1706-1709	but	_	_	_	
7-76	1710-1713	for	_	_	_	
7-77	1714-1718	this	_	_	_	
7-78	1719-1727	nuisance	_	_	_	
7-79	1727-1728	,	_	_	_	
7-80	1729-1731	by	_	_	_	
7-81	1732-1735	far	_	_	_	
7-82	1736-1739	the	_	_	_	
7-83	1740-1744	most	_	_	_	
7-84	1746-1755	healthful	_	_	_	
7-85	1755-1756	.	_	_	_	

#Text=Yet I believe our cause of complaint is not confined to 
#Text=the Hill Terrace, but that it extends to Leith Walk, and yet further 
#Text=north ; and if this is so, how far less endurable must it be to the occupants of houses yet nearer to ‘ Stinkomalce’ than that which I now 
#Text=write from in Carlton Place.”
8-1	1757-1760	Yet	_	_	_	
8-2	1761-1762	I	_	_	_	
8-3	1763-1770	believe	_	_	_	
8-4	1771-1774	our	_	_	_	
8-5	1775-1780	cause	_	_	_	
8-6	1781-1783	of	_	_	_	
8-7	1784-1793	complaint	_	_	_	
8-8	1794-1796	is	_	_	_	
8-9	1797-1800	not	_	_	_	
8-10	1801-1809	confined	_	_	_	
8-11	1810-1812	to	_	_	_	
8-12	1814-1817	the	_	_	_	
8-13	1818-1822	Hill	_	_	_	
8-14	1823-1830	Terrace	_	_	_	
8-15	1830-1831	,	_	_	_	
8-16	1832-1835	but	_	_	_	
8-17	1836-1840	that	_	_	_	
8-18	1841-1843	it	_	_	_	
8-19	1844-1851	extends	_	_	_	
8-20	1852-1854	to	_	_	_	
8-21	1855-1860	Leith	_	_	_	
8-22	1861-1865	Walk	_	_	_	
8-23	1865-1866	,	_	_	_	
8-24	1867-1870	and	_	_	_	
8-25	1871-1874	yet	_	_	_	
8-26	1875-1882	further	_	_	_	
8-27	1884-1889	north	_	_	_	
8-28	1890-1891	;	_	_	_	
8-29	1892-1895	and	_	_	_	
8-30	1896-1898	if	_	_	_	
8-31	1899-1903	this	_	_	_	
8-32	1904-1906	is	_	_	_	
8-33	1907-1909	so	_	_	_	
8-34	1909-1910	,	_	_	_	
8-35	1911-1914	how	_	_	_	
8-36	1915-1918	far	_	_	_	
8-37	1919-1923	less	_	_	_	
8-38	1924-1933	endurable	_	_	_	
8-39	1934-1938	must	_	_	_	
8-40	1939-1941	it	_	_	_	
8-41	1942-1944	be	_	_	_	
8-42	1945-1947	to	_	_	_	
8-43	1948-1951	the	_	_	_	
8-44	1952-1961	occupants	_	_	_	
8-45	1962-1964	of	_	_	_	
8-46	1965-1971	houses	_	_	_	
8-47	1972-1975	yet	_	_	_	
8-48	1976-1982	nearer	_	_	_	
8-49	1983-1985	to	_	_	_	
8-50	1986-1987	‘	_	_	_	
8-51	1988-1999	Stinkomalce	_	_	_	
8-52	1999-2000	’	_	_	_	
8-53	2001-2005	than	_	_	_	
8-54	2006-2010	that	_	_	_	
8-55	2011-2016	which	_	_	_	
8-56	2017-2018	I	_	_	_	
8-57	2019-2022	now	_	_	_	
8-58	2024-2029	write	_	_	_	
8-59	2030-2034	from	_	_	_	
8-60	2035-2037	in	_	_	_	
8-61	2038-2045	Carlton	_	_	_	
8-62	2046-2051	Place	_	_	_	
8-63	2051-2052	.	_	_	_	
8-64	2052-2053	”	_	_	_	

#Text=So distressing is this nuisance to the families resident in that quarter, that on every occasion when the wind blows in the direction of 
#Text=their houses from the marshes and tanks, they are compelled to shut 
#Text=up the windows to prevent the intrusion of this noxious exhalation.
9-1	2057-2059	So	_	_	_	
9-2	2060-2071	distressing	_	_	_	
9-3	2072-2074	is	_	_	_	
9-4	2075-2079	this	_	_	_	
9-5	2080-2088	nuisance	_	_	_	
9-6	2089-2091	to	_	_	_	
9-7	2092-2095	the	Perceiver[14]	_	_	
9-8	2096-2104	families	Perceiver[14]	_	_	
9-9	2105-2113	resident	Perceiver[14]	_	_	
9-10	2114-2116	in	Perceiver[14]	_	_	
9-11	2117-2121	that	Perceiver[14]	_	_	
9-12	2122-2129	quarter	Perceiver[14]	_	_	
9-13	2129-2130	,	_	_	_	
9-14	2131-2135	that	_	_	_	
9-15	2136-2138	on	Circumstances[15]	_	_	
9-16	2139-2144	every	Circumstances[15]	_	_	
9-17	2145-2153	occasion	Circumstances[15]	_	_	
9-18	2154-2158	when	Circumstances[15]	_	_	
9-19	2159-2162	the	Circumstances[15]	_	_	
9-20	2163-2167	wind	Circumstances[15]	_	_	
9-21	2168-2173	blows	Circumstances[15]	_	_	
9-22	2174-2176	in	Circumstances[15]	_	_	
9-23	2177-2180	the	Circumstances[15]	_	_	
9-24	2181-2190	direction	Circumstances[15]	_	_	
9-25	2191-2193	of	Circumstances[15]	_	_	
9-26	2195-2200	their	Circumstances[15]	_	_	
9-27	2201-2207	houses	Circumstances[15]	_	_	
9-28	2208-2212	from	Circumstances[15]	_	_	
9-29	2213-2216	the	Circumstances[15]	_	_	
9-30	2217-2224	marshes	Circumstances[15]	_	_	
9-31	2225-2228	and	Circumstances[15]	_	_	
9-32	2229-2234	tanks	Circumstances[15]	_	_	
9-33	2234-2235	,	_	_	_	
9-34	2236-2240	they	_	_	_	
9-35	2241-2244	are	_	_	_	
9-36	2245-2254	compelled	_	_	_	
9-37	2255-2257	to	_	_	_	
9-38	2258-2262	shut	_	_	_	
9-39	2264-2266	up	_	_	_	
9-40	2267-2270	the	_	_	_	
9-41	2271-2278	windows	_	_	_	
9-42	2279-2281	to	_	_	_	
9-43	2282-2289	prevent	_	_	_	
9-44	2290-2293	the	_	_	_	
9-45	2294-2303	intrusion	_	_	_	
9-46	2304-2306	of	_	_	_	
9-47	2307-2311	this	_	_	_	
9-48	2312-2319	noxious	Quality	_	_	
9-49	2320-2330	exhalation	Smell\_Word[16]|Odour\_Carrier[17]	*|*|*|*	9-49[17_16]|9-48[0_16]|9-7[14_16]|9-15[15_16]	
9-50	2330-2331	.	_	_	_	

#Text=The windows on the side of the quadrangle of the Palace of Holy
#Text=rood contiguous to the Foul Burn and irrigated lands, are regularly closed whenever there is the slightest breath of wind from that quarter, to prevent the apartments from being filled with the effluvium.
10-1	2333-2336	The	_	_	_	
10-2	2337-2344	windows	_	_	_	
10-3	2345-2347	on	_	_	_	
10-4	2348-2351	the	_	_	_	
10-5	2352-2356	side	_	_	_	
10-6	2357-2359	of	_	_	_	
10-7	2360-2363	the	_	_	_	
10-8	2364-2374	quadrangle	_	_	_	
10-9	2375-2377	of	_	_	_	
10-10	2378-2381	the	_	_	_	
10-11	2382-2388	Palace	_	_	_	
10-12	2389-2391	of	_	_	_	
10-13	2392-2396	Holy	_	_	_	
10-14	2397-2401	rood	_	_	_	
10-15	2402-2412	contiguous	_	_	_	
10-16	2413-2415	to	_	_	_	
10-17	2416-2419	the	_	_	_	
10-18	2420-2424	Foul	Smell\_Word	*	10-19	
10-19	2425-2429	Burn	Smell\_Source	_	_	
10-20	2430-2433	and	_	_	_	
10-21	2434-2443	irrigated	_	_	_	
10-22	2444-2449	lands	_	_	_	
10-23	2449-2450	,	_	_	_	
10-24	2451-2454	are	_	_	_	
10-25	2455-2464	regularly	_	_	_	
10-26	2465-2471	closed	_	_	_	
10-27	2472-2480	whenever	_	_	_	
10-28	2481-2486	there	_	_	_	
10-29	2487-2489	is	_	_	_	
10-30	2490-2493	the	_	_	_	
10-31	2494-2503	slightest	_	_	_	
10-32	2504-2510	breath	_	_	_	
10-33	2511-2513	of	_	_	_	
10-34	2514-2518	wind	_	_	_	
10-35	2519-2523	from	_	_	_	
10-36	2524-2528	that	_	_	_	
10-37	2529-2536	quarter	_	_	_	
10-38	2536-2537	,	_	_	_	
10-39	2538-2540	to	_	_	_	
10-40	2541-2548	prevent	_	_	_	
10-41	2549-2552	the	Location[18]	_	_	
10-42	2553-2563	apartments	Location[18]	_	_	
10-43	2564-2568	from	_	_	_	
10-44	2569-2574	being	_	_	_	
10-45	2575-2581	filled	_	_	_	
10-46	2582-2586	with	_	_	_	
10-47	2587-2590	the	_	_	_	
10-48	2591-2600	effluvium	Smell\_Word	*	10-41[18_0]	
10-49	2600-2601	.	_	_	_	

#Text=Complaints like these we have just enumerated have been of long duration, and have only increased from the extension of the nuisance by which they have been caused.
11-1	2603-2613	Complaints	_	_	_	
11-2	2614-2618	like	_	_	_	
11-3	2619-2624	these	_	_	_	
11-4	2625-2627	we	_	_	_	
11-5	2628-2632	have	_	_	_	
11-6	2633-2637	just	_	_	_	
11-7	2638-2648	enumerated	_	_	_	
11-8	2649-2653	have	_	_	_	
11-9	2654-2658	been	_	_	_	
11-10	2659-2661	of	_	_	_	
11-11	2662-2666	long	_	_	_	
11-12	2667-2675	duration	_	_	_	
11-13	2675-2676	,	_	_	_	
11-14	2677-2680	and	_	_	_	
11-15	2681-2685	have	_	_	_	
11-16	2686-2690	only	_	_	_	
11-17	2691-2700	increased	_	_	_	
11-18	2701-2705	from	_	_	_	
11-19	2706-2709	the	_	_	_	
11-20	2710-2719	extension	_	_	_	
11-21	2720-2722	of	_	_	_	
11-22	2723-2726	the	_	_	_	
11-23	2727-2735	nuisance	_	_	_	
11-24	2736-2738	by	_	_	_	
11-25	2739-2744	which	_	_	_	
11-26	2745-2749	they	_	_	_	
11-27	2750-2754	have	_	_	_	
11-28	2755-2759	been	_	_	_	
11-29	2760-2766	caused	_	_	_	
11-30	2766-2767	.	_	_	_	

#Text=At the trial in 1809, -^-to the evidence produced at which we have already referred, — many of the witnesses bore testimony to the misery and discomfort which they suffered from their proximity to the ponds and stagnating waters.
12-1	2769-2771	At	_	_	_	
12-2	2772-2775	the	_	_	_	
12-3	2776-2781	trial	_	_	_	
12-4	2782-2784	in	_	_	_	
12-5	2785-2789	1809	_	_	_	
12-6	2789-2790	,	_	_	_	
12-7	2791-2792	-	_	_	_	
12-8	2792-2793	^	_	_	_	
12-9	2793-2794	-	_	_	_	
12-10	2794-2796	to	_	_	_	
12-11	2797-2800	the	_	_	_	
12-12	2801-2809	evidence	_	_	_	
12-13	2810-2818	produced	_	_	_	
12-14	2819-2821	at	_	_	_	
12-15	2822-2827	which	_	_	_	
12-16	2828-2830	we	_	_	_	
12-17	2831-2835	have	_	_	_	
12-18	2836-2843	already	_	_	_	
12-19	2844-2852	referred	_	_	_	
12-20	2852-2853	,	_	_	_	
12-21	2854-2855	—	_	_	_	
12-22	2856-2860	many	_	_	_	
12-23	2861-2863	of	_	_	_	
12-24	2864-2867	the	_	_	_	
12-25	2868-2877	witnesses	_	_	_	
12-26	2878-2882	bore	_	_	_	
12-27	2883-2892	testimony	_	_	_	
12-28	2893-2895	to	_	_	_	
12-29	2896-2899	the	_	_	_	
12-30	2900-2906	misery	_	_	_	
12-31	2907-2910	and	_	_	_	
12-32	2911-2921	discomfort	_	_	_	
12-33	2922-2927	which	_	_	_	
12-34	2928-2932	they	_	_	_	
12-35	2933-2941	suffered	_	_	_	
12-36	2942-2946	from	_	_	_	
12-37	2947-2952	their	_	_	_	
12-38	2953-2962	proximity	_	_	_	
12-39	2963-2965	to	_	_	_	
12-40	2966-2969	the	_	_	_	
12-41	2970-2975	ponds	_	_	_	
12-42	2976-2979	and	_	_	_	
12-43	2980-2990	stagnating	_	_	_	
12-44	2991-2997	waters	_	_	_	
12-45	2997-2998	.	_	_	_	

#Text=Colonel Leathom, of the 4th Dragoon Guards, who had been quartered with his regiment from May 1801 till August 1802 at Piershill Barracks, deponed,   “ That he was frequently sensible of a most disagreeable and offensive smell while he was in the barracks, which he was certain proceeded from the stagnant water at Restalrig.
13-1	3001-3008	Colonel	Perceiver[19]	_	_	
13-2	3009-3016	Leathom	Perceiver[19]	_	_	
13-3	3016-3017	,	_	_	_	
13-4	3018-3020	of	_	_	_	
13-5	3021-3024	the	_	_	_	
13-6	3025-3028	4th	_	_	_	
13-7	3029-3036	Dragoon	_	_	_	
13-8	3037-3043	Guards	_	_	_	
13-9	3043-3044	,	_	_	_	
13-10	3045-3048	who	_	_	_	
13-11	3049-3052	had	_	_	_	
13-12	3053-3057	been	_	_	_	
13-13	3058-3067	quartered	_	_	_	
13-14	3068-3072	with	_	_	_	
13-15	3073-3076	his	_	_	_	
13-16	3077-3085	regiment	_	_	_	
13-17	3086-3090	from	Time[20]	_	_	
13-18	3091-3094	May	Time[20]	_	_	
13-19	3095-3099	1801	Time[20]	_	_	
13-20	3100-3104	till	Time[20]	_	_	
13-21	3105-3111	August	Time[20]	_	_	
13-22	3112-3116	1802	Time[20]	_	_	
13-23	3117-3119	at	Location[21]	_	_	
13-24	3120-3129	Piershill	Location[21]	_	_	
13-25	3130-3138	Barracks	Location[21]	_	_	
13-26	3138-3139	,	_	_	_	
13-27	3140-3147	deponed	_	_	_	
13-28	3147-3148	,	_	_	_	
13-29	3151-3152	“	_	_	_	
13-30	3153-3157	That	_	_	_	
13-31	3158-3160	he	_	_	_	
13-32	3161-3164	was	_	_	_	
13-33	3165-3175	frequently	_	_	_	
13-34	3176-3184	sensible	_	_	_	
13-35	3185-3187	of	_	_	_	
13-36	3188-3189	a	Quality[22]	_	_	
13-37	3190-3194	most	Quality[22]	_	_	
13-38	3195-3207	disagreeable	Quality[22]	_	_	
13-39	3208-3211	and	_	_	_	
13-40	3212-3221	offensive	Quality	_	_	
13-41	3222-3227	smell	Smell\_Word	*|*|*|*|*|*|*|*	13-40|13-36[22_0]|13-43[24_0]|13-42[23_0]|13-17[20_0]|13-23[21_0]|13-54[25_0]|13-58[26_0]	
13-42	3228-3233	while	Circumstances[23]	_	_	
13-43	3234-3236	he	Circumstances[23]|Perceiver[24]	Anaphoric	13-1[19_24]	
13-44	3237-3240	was	Circumstances[23]	_	_	
13-45	3241-3243	in	Circumstances[23]	_	_	
13-46	3244-3247	the	Circumstances[23]	_	_	
13-47	3248-3256	barracks	Circumstances[23]	_	_	
13-48	3256-3257	,	_	_	_	
13-49	3258-3263	which	_	_	_	
13-50	3264-3266	he	_	_	_	
13-51	3267-3270	was	_	_	_	
13-52	3271-3278	certain	_	_	_	
13-53	3279-3288	proceeded	_	_	_	
13-54	3289-3293	from	Smell\_Source[25]	_	_	
13-55	3294-3297	the	Smell\_Source[25]	_	_	
13-56	3298-3306	stagnant	Smell\_Source[25]	_	_	
13-57	3307-3312	water	Smell\_Source[25]	_	_	
13-58	3313-3315	at	Location[26]	_	_	
13-59	3316-3325	Restalrig	Location[26]	_	_	
13-60	3325-3326	.	_	_	_	

#Text=On going down to
#Text=Leith with his regiment on two or three occasions, the stench was so very strong that for the instant it sickened him.
14-1	3327-3329	On	_	_	_	
14-2	3330-3335	going	_	_	_	
14-3	3336-3340	down	_	_	_	
14-4	3341-3343	to	_	_	_	
14-5	3344-3349	Leith	_	_	_	
14-6	3350-3354	with	_	_	_	
14-7	3355-3358	his	Perceiver	Anaphoric	13-1[19_0]	
14-8	3359-3367	regiment	_	_	_	
14-9	3368-3370	on	Circumstances[27]	_	_	
14-10	3371-3374	two	Circumstances[27]	_	_	
14-11	3375-3377	or	Circumstances[27]	_	_	
14-12	3378-3383	three	Circumstances[27]	_	_	
14-13	3384-3393	occasions	Circumstances[27]	_	_	
14-14	3393-3394	,	_	_	_	
14-15	3395-3398	the	_	_	_	
14-16	3399-3405	stench	Smell\_Word	*|*|*|*	14-18[28_0]|14-9[27_0]|14-7|14-21[29_0]	
14-17	3406-3409	was	_	_	_	
14-18	3410-3412	so	Quality[28]	_	_	
14-19	3413-3417	very	Quality[28]	_	_	
14-20	3418-3424	strong	Quality[28]	_	_	
14-21	3425-3429	that	Effect[29]	_	_	
14-22	3430-3433	for	Effect[29]	_	_	
14-23	3434-3437	the	Effect[29]	_	_	
14-24	3438-3445	instant	Effect[29]	_	_	
14-25	3446-3448	it	Effect[29]	_	_	
14-26	3449-3457	sickened	Effect[29]	_	_	
14-27	3458-3461	him	Effect[29]	_	_	
14-28	3461-3462	.	_	_	_	

#Text=There were frequent conversations among the officers respecting this offensive smell, and in particular they expressed their surprise that the barracks should be built so near to such a nuisancer   The surprise of the officers of the 4th has been shared, we believe, as already stated, by those of every regiment that ever was quartered in that unwholesome station ; but the wonder ought to be why no attempt has ever been made by the Government authorities to remove the evident and only cause of insalubrity — the surrounding marsh.
15-1	3463-3468	There	_	_	_	
15-2	3469-3473	were	_	_	_	
15-3	3474-3482	frequent	_	_	_	
15-4	3483-3496	conversations	_	_	_	
15-5	3497-3502	among	_	_	_	
15-6	3503-3506	the	Perceiver[30]	_	_	
15-7	3507-3515	officers	Perceiver[30]	_	_	
15-8	3516-3526	respecting	_	_	_	
15-9	3527-3531	this	_	_	_	
15-10	3532-3541	offensive	Quality	_	_	
15-11	3542-3547	smell	Smell\_Word	*|*	15-10|15-6[30_0]	
15-12	3547-3548	,	_	_	_	
15-13	3549-3552	and	_	_	_	
15-14	3553-3555	in	_	_	_	
15-15	3556-3566	particular	_	_	_	
15-16	3567-3571	they	_	_	_	
15-17	3572-3581	expressed	_	_	_	
15-18	3582-3587	their	_	_	_	
15-19	3588-3596	surprise	_	_	_	
15-20	3597-3601	that	_	_	_	
15-21	3602-3605	the	_	_	_	
15-22	3606-3614	barracks	_	_	_	
15-23	3615-3621	should	_	_	_	
15-24	3622-3624	be	_	_	_	
15-25	3625-3630	built	_	_	_	
15-26	3631-3633	so	_	_	_	
15-27	3634-3638	near	_	_	_	
15-28	3639-3641	to	_	_	_	
15-29	3642-3646	such	_	_	_	
15-30	3647-3648	a	_	_	_	
15-31	3649-3658	nuisancer	_	_	_	
15-32	3661-3664	The	_	_	_	
15-33	3665-3673	surprise	_	_	_	
15-34	3674-3676	of	_	_	_	
15-35	3677-3680	the	_	_	_	
15-36	3681-3689	officers	_	_	_	
15-37	3690-3692	of	_	_	_	
15-38	3693-3696	the	_	_	_	
15-39	3697-3700	4th	_	_	_	
15-40	3701-3704	has	_	_	_	
15-41	3705-3709	been	_	_	_	
15-42	3710-3716	shared	_	_	_	
15-43	3716-3717	,	_	_	_	
15-44	3718-3720	we	_	_	_	
15-45	3721-3728	believe	_	_	_	
15-46	3728-3729	,	_	_	_	
15-47	3730-3732	as	_	_	_	
15-48	3733-3740	already	_	_	_	
15-49	3741-3747	stated	_	_	_	
15-50	3747-3748	,	_	_	_	
15-51	3749-3751	by	_	_	_	
15-52	3752-3757	those	_	_	_	
15-53	3758-3760	of	_	_	_	
15-54	3761-3766	every	_	_	_	
15-55	3767-3775	regiment	_	_	_	
15-56	3776-3780	that	_	_	_	
15-57	3781-3785	ever	_	_	_	
15-58	3786-3789	was	_	_	_	
15-59	3790-3799	quartered	_	_	_	
15-60	3800-3802	in	_	_	_	
15-61	3803-3807	that	_	_	_	
15-62	3808-3819	unwholesome	_	_	_	
15-63	3820-3827	station	_	_	_	
15-64	3828-3829	;	_	_	_	
15-65	3830-3833	but	_	_	_	
15-66	3834-3837	the	_	_	_	
15-67	3838-3844	wonder	_	_	_	
15-68	3845-3850	ought	_	_	_	
15-69	3851-3853	to	_	_	_	
15-70	3854-3856	be	_	_	_	
15-71	3857-3860	why	_	_	_	
15-72	3861-3863	no	_	_	_	
15-73	3864-3871	attempt	_	_	_	
15-74	3872-3875	has	_	_	_	
15-75	3876-3880	ever	_	_	_	
15-76	3881-3885	been	_	_	_	
15-77	3886-3890	made	_	_	_	
15-78	3891-3893	by	_	_	_	
15-79	3894-3897	the	_	_	_	
15-80	3898-3908	Government	_	_	_	
15-81	3909-3920	authorities	_	_	_	
15-82	3921-3923	to	_	_	_	
15-83	3924-3930	remove	_	_	_	
15-84	3931-3934	the	_	_	_	
15-85	3935-3942	evident	_	_	_	
15-86	3943-3946	and	_	_	_	
15-87	3947-3951	only	_	_	_	
15-88	3952-3957	cause	_	_	_	
15-89	3958-3960	of	_	_	_	
15-90	3961-3972	insalubrity	_	_	_	
15-91	3973-3974	—	_	_	_	
15-92	3975-3978	the	_	_	_	
15-93	3979-3990	surrounding	_	_	_	
15-94	3991-3996	marsh	_	_	_	
15-95	3996-3997	.	_	_	_	

#Text=Mr Scougall, the then proprietor of Marionville, who was also on the trial, appears to have been as much annoyed by this nuisance as his successor of the present day, Mr Glass, whose opinion we have recorded elsewhere.
16-1	4000-4002	Mr	_	_	_	
16-2	4003-4011	Scougall	_	_	_	
16-3	4011-4012	,	_	_	_	
16-4	4013-4016	the	_	_	_	
16-5	4017-4021	then	_	_	_	
16-6	4022-4032	proprietor	_	_	_	
16-7	4033-4035	of	_	_	_	
16-8	4036-4047	Marionville	_	_	_	
16-9	4047-4048	,	_	_	_	
16-10	4049-4052	who	_	_	_	
16-11	4053-4056	was	_	_	_	
16-12	4057-4061	also	_	_	_	
16-13	4062-4064	on	_	_	_	
16-14	4065-4068	the	_	_	_	
16-15	4069-4074	trial	_	_	_	
16-16	4074-4075	,	_	_	_	
16-17	4076-4083	appears	_	_	_	
16-18	4084-4086	to	_	_	_	
16-19	4087-4091	have	_	_	_	
16-20	4092-4096	been	_	_	_	
16-21	4097-4099	as	_	_	_	
16-22	4100-4104	much	_	_	_	
16-23	4105-4112	annoyed	_	_	_	
16-24	4113-4115	by	_	_	_	
16-25	4116-4120	this	_	_	_	
16-26	4121-4129	nuisance	_	_	_	
16-27	4130-4132	as	_	_	_	
16-28	4133-4136	his	_	_	_	
16-29	4137-4146	successor	_	_	_	
16-30	4147-4149	of	_	_	_	
16-31	4150-4153	the	_	_	_	
16-32	4154-4161	present	_	_	_	
16-33	4162-4165	day	_	_	_	
16-34	4165-4166	,	_	_	_	
16-35	4167-4169	Mr	_	_	_	
16-36	4170-4175	Glass	_	_	_	
16-37	4175-4176	,	_	_	_	
16-38	4177-4182	whose	_	_	_	
16-39	4183-4190	opinion	_	_	_	
16-40	4191-4193	we	_	_	_	
16-41	4194-4198	have	_	_	_	
16-42	4199-4207	recorded	_	_	_	
16-43	4208-4217	elsewhere	_	_	_	
16-44	4217-4218	.	_	_	_	

#Text=Mr Scougall thus feelingly alludes to the domestic privation he was compelled to endure, and to which the inhabitants of that neighbourhood, and all the contiguous districts of Edinburgh, are still subjected, and in a greatly augmented form.
17-1	4219-4221	Mr	_	_	_	
17-2	4222-4230	Scougall	_	_	_	
17-3	4231-4235	thus	_	_	_	
17-4	4236-4245	feelingly	_	_	_	
17-5	4246-4253	alludes	_	_	_	
17-6	4254-4256	to	_	_	_	
17-7	4257-4260	the	_	_	_	
17-8	4261-4269	domestic	_	_	_	
17-9	4270-4279	privation	_	_	_	
17-10	4280-4282	he	_	_	_	
17-11	4283-4286	was	_	_	_	
17-12	4287-4296	compelled	_	_	_	
17-13	4297-4299	to	_	_	_	
17-14	4300-4306	endure	_	_	_	
17-15	4306-4307	,	_	_	_	
17-16	4308-4311	and	_	_	_	
17-17	4312-4314	to	_	_	_	
17-18	4315-4320	which	_	_	_	
17-19	4321-4324	the	_	_	_	
17-20	4325-4336	inhabitants	_	_	_	
17-21	4337-4339	of	_	_	_	
17-22	4340-4344	that	_	_	_	
17-23	4345-4358	neighbourhood	_	_	_	
17-24	4358-4359	,	_	_	_	
17-25	4360-4363	and	_	_	_	
17-26	4364-4367	all	_	_	_	
17-27	4368-4371	the	_	_	_	
17-28	4372-4382	contiguous	_	_	_	
17-29	4383-4392	districts	_	_	_	
17-30	4393-4395	of	_	_	_	
17-31	4396-4405	Edinburgh	_	_	_	
17-32	4405-4406	,	_	_	_	
17-33	4407-4410	are	_	_	_	
17-34	4411-4416	still	_	_	_	
17-35	4417-4426	subjected	_	_	_	
17-36	4426-4427	,	_	_	_	
17-37	4428-4431	and	_	_	_	
17-38	4432-4434	in	_	_	_	
17-39	4435-4436	a	_	_	_	
17-40	4437-4444	greatly	_	_	_	
17-41	4445-4454	augmented	_	_	_	
17-42	4455-4459	form	_	_	_	
17-43	4459-4460	.	_	_	_	

#Text=Mr S.
#Text=deponed,  “ That he can say, in the strongest terms, that the comfort of himself and family is lessened by the vicinity of these ponds.
18-1	4461-4463	Mr	_	_	_	
18-2	4464-4465	S	_	_	_	
18-3	4465-4466	.	_	_	_	
18-4	4467-4474	deponed	_	_	_	
18-5	4474-4475	,	_	_	_	
18-6	4477-4478	“	_	_	_	
18-7	4479-4483	That	_	_	_	
18-8	4484-4486	he	_	_	_	
18-9	4487-4490	can	_	_	_	
18-10	4491-4494	say	_	_	_	
18-11	4494-4495	,	_	_	_	
18-12	4496-4498	in	_	_	_	
18-13	4499-4502	the	_	_	_	
18-14	4503-4512	strongest	_	_	_	
18-15	4513-4518	terms	_	_	_	
18-16	4518-4519	,	_	_	_	
18-17	4520-4524	that	_	_	_	
18-18	4525-4528	the	_	_	_	
18-19	4529-4536	comfort	_	_	_	
18-20	4537-4539	of	_	_	_	
18-21	4540-4547	himself	_	_	_	
18-22	4548-4551	and	_	_	_	
18-23	4552-4558	family	_	_	_	
18-24	4559-4561	is	_	_	_	
18-25	4562-4570	lessened	_	_	_	
18-26	4571-4573	by	_	_	_	
18-27	4574-4577	the	_	_	_	
18-28	4578-4586	vicinity	_	_	_	
18-29	4587-4589	of	_	_	_	
18-30	4590-4595	these	_	_	_	
18-31	4596-4601	ponds	_	_	_	
18-32	4601-4602	.	_	_	_	

#Text=His family have sometimes in the summer to keep their windows shut, in order to exclude the bad smell from these ponds.”
19-1	4603-4606	His	Perceiver[31]	_	_	
19-2	4607-4613	family	Perceiver[31]	_	_	
19-3	4614-4618	have	_	_	_	
19-4	4619-4628	sometimes	Time[32]	_	_	
19-5	4629-4631	in	Time[32]	_	_	
19-6	4632-4635	the	Time[32]	_	_	
19-7	4636-4642	summer	Time[32]	_	_	
19-8	4643-4645	to	Effect[33]	_	_	
19-9	4646-4650	keep	Effect[33]	_	_	
19-10	4651-4656	their	Effect[33]	_	_	
19-11	4657-4664	windows	Effect[33]	_	_	
19-12	4665-4669	shut	Effect[33]	_	_	
19-13	4669-4670	,	_	_	_	
19-14	4671-4673	in	_	_	_	
19-15	4674-4679	order	_	_	_	
19-16	4680-4682	to	_	_	_	
19-17	4683-4690	exclude	_	_	_	
19-18	4691-4694	the	_	_	_	
19-19	4695-4698	bad	Quality	_	_	
19-20	4699-4704	smell	Smell\_Word	*|*|*|*|*	19-1[31_0]|19-19|19-4[32_0]|19-8[33_0]|19-21[34_0]	
19-21	4705-4709	from	Smell\_Source[34]	_	_	
19-22	4710-4715	these	Smell\_Source[34]	_	_	
19-23	4716-4721	ponds	Smell\_Source[34]	_	_	
19-24	4721-4722	.	_	_	_	
19-25	4722-4723	”	_	_	_	

#Text=The Rev.
20-1	4731-4734	The	_	_	_	
20-2	4735-4738	Rev	_	_	_	
20-3	4738-4739	.	_	_	_	

#Text=Robert Walker, at that time minister of the Canongate Church, another of the witnesses, deponed,  “ That many a time he had felt a smell offensive in a very high degree in the grounds of Marionville to the south of the house, insomuch as to sicken him ; and particularly once, at the foot of the garden, where he felt so very offensive a smell that it sickened him , and l he was unwell for two days.”
21-1	4740-4746	Robert	Perceiver[35]	_	_	
21-2	4747-4753	Walker	Perceiver[35]	_	_	
21-3	4753-4754	,	_	_	_	
21-4	4755-4757	at	_	_	_	
21-5	4758-4762	that	_	_	_	
21-6	4763-4767	time	_	_	_	
21-7	4768-4776	minister	_	_	_	
21-8	4777-4779	of	_	_	_	
21-9	4780-4783	the	_	_	_	
21-10	4784-4793	Canongate	_	_	_	
21-11	4794-4800	Church	_	_	_	
21-12	4800-4801	,	_	_	_	
21-13	4802-4809	another	_	_	_	
21-14	4810-4812	of	_	_	_	
21-15	4813-4816	the	_	_	_	
21-16	4817-4826	witnesses	_	_	_	
21-17	4826-4827	,	_	_	_	
21-18	4828-4835	deponed	_	_	_	
21-19	4835-4836	,	_	_	_	
21-20	4838-4839	“	_	_	_	
21-21	4840-4844	That	_	_	_	
21-22	4845-4849	many	_	_	_	
21-23	4850-4851	a	_	_	_	
21-24	4852-4856	time	_	_	_	
21-25	4857-4859	he	Perceiver	Anaphoric	21-1[35_0]	
21-26	4860-4863	had	_	_	_	
21-27	4864-4868	felt	_	_	_	
21-28	4869-4870	a	_	_	_	
21-29	4871-4876	smell	Smell\_Word	*|*|*|*	21-30[36_0]|21-25|21-36[37_0]|21-48[38_0]	
21-30	4877-4886	offensive	Quality[36]	_	_	
21-31	4887-4889	in	Quality[36]	_	_	
21-32	4890-4891	a	Quality[36]	_	_	
21-33	4892-4896	very	Quality[36]	_	_	
21-34	4897-4901	high	Quality[36]	_	_	
21-35	4902-4908	degree	Quality[36]	_	_	
21-36	4909-4911	in	Location[37]	_	_	
21-37	4912-4915	the	Location[37]	_	_	
21-38	4916-4923	grounds	Location[37]	_	_	
21-39	4924-4926	of	Location[37]	_	_	
21-40	4927-4938	Marionville	Location[37]	_	_	
21-41	4939-4941	to	Location[37]	_	_	
21-42	4942-4945	the	Location[37]	_	_	
21-43	4946-4951	south	Location[37]	_	_	
21-44	4952-4954	of	Location[37]	_	_	
21-45	4955-4958	the	Location[37]	_	_	
21-46	4959-4964	house	Location[37]	_	_	
21-47	4964-4965	,	_	_	_	
21-48	4966-4974	insomuch	Effect[38]	_	_	
21-49	4975-4977	as	Effect[38]	_	_	
21-50	4978-4980	to	Effect[38]	_	_	
21-51	4981-4987	sicken	Effect[38]	_	_	
21-52	4988-4991	him	Effect[38]	_	_	
21-53	4992-4993	;	_	_	_	
21-54	4994-4997	and	_	_	_	
21-55	4998-5010	particularly	_	_	_	
21-56	5011-5015	once	Time	_	_	
21-57	5015-5016	,	_	_	_	
21-58	5017-5019	at	Location[39]	_	_	
21-59	5020-5023	the	Location[39]	_	_	
21-60	5024-5028	foot	Location[39]	_	_	
21-61	5029-5031	of	Location[39]	_	_	
21-62	5032-5035	the	Location[39]	_	_	
21-63	5036-5042	garden	Location[39]	_	_	
21-64	5042-5043	,	_	_	_	
21-65	5044-5049	where	_	_	_	
21-66	5050-5052	he	Perceiver	Anaphoric	21-1[35_0]	
21-67	5053-5057	felt	_	_	_	
21-68	5058-5060	so	Quality[40]	_	_	
21-69	5061-5065	very	Quality[40]	_	_	
21-70	5066-5075	offensive	Quality[40]	_	_	
21-71	5076-5077	a	_	_	_	
21-72	5078-5083	smell	Smell\_Word	*|*|*|*|*	21-66|21-68[40_0]|21-73[41_0]|21-56|21-58[39_0]	
21-73	5084-5088	that	Effect[41]	_	_	
21-74	5089-5091	it	Effect[41]	_	_	
21-75	5092-5100	sickened	Effect[41]	_	_	
21-76	5101-5104	him	Effect[41]	_	_	
21-77	5105-5106	,	Effect[41]	_	_	
21-78	5107-5110	and	Effect[41]	_	_	
21-79	5111-5112	l	Effect[41]	_	_	
21-80	5113-5115	he	Effect[41]	_	_	
21-81	5116-5119	was	Effect[41]	_	_	
21-82	5120-5126	unwell	Effect[41]	_	_	
21-83	5127-5130	for	Effect[41]	_	_	
21-84	5131-5134	two	Effect[41]	_	_	
21-85	5135-5139	days	Effect[41]	_	_	
21-86	5139-5140	.	_	_	_	
21-87	5140-5141	”	_	_	_	

#Text=Although from their situation the inhabitants of certain districts of the town are more exposed to this nuisance than others, there is no district entirely exempt from its effects.
22-1	5143-5151	Although	_	_	_	
22-2	5152-5156	from	_	_	_	
22-3	5157-5162	their	_	_	_	
22-4	5163-5172	situation	_	_	_	
22-5	5173-5176	the	_	_	_	
22-6	5177-5188	inhabitants	_	_	_	
22-7	5189-5191	of	_	_	_	
22-8	5192-5199	certain	_	_	_	
22-9	5200-5209	districts	_	_	_	
22-10	5210-5212	of	_	_	_	
22-11	5213-5216	the	_	_	_	
22-12	5217-5221	town	_	_	_	
22-13	5222-5225	are	_	_	_	
22-14	5226-5230	more	_	_	_	
22-15	5231-5238	exposed	_	_	_	
22-16	5239-5241	to	_	_	_	
22-17	5242-5246	this	_	_	_	
22-18	5247-5255	nuisance	_	_	_	
22-19	5256-5260	than	_	_	_	
22-20	5261-5267	others	_	_	_	
22-21	5267-5268	,	_	_	_	
22-22	5269-5274	there	_	_	_	
22-23	5275-5277	is	_	_	_	
22-24	5278-5280	no	_	_	_	
22-25	5281-5289	district	_	_	_	
22-26	5290-5298	entirely	_	_	_	
22-27	5299-5305	exempt	_	_	_	
22-28	5306-5310	from	_	_	_	
22-29	5311-5314	its	_	_	_	
22-30	5315-5322	effects	_	_	_	
22-31	5322-5323	.	_	_	_	

#Text=Encircling, as these irrigated fields do, nearly three fourths of our landward frontier, there is no ingress or egress to or from the City without encountering the annoyance.
23-1	5324-5334	Encircling	_	_	_	
23-2	5334-5335	,	_	_	_	
23-3	5336-5338	as	_	_	_	
23-4	5339-5344	these	_	_	_	
23-5	5345-5354	irrigated	_	_	_	
23-6	5355-5361	fields	_	_	_	
23-7	5362-5364	do	_	_	_	
23-8	5364-5365	,	_	_	_	
23-9	5366-5372	nearly	_	_	_	
23-10	5373-5378	three	_	_	_	
23-11	5379-5386	fourths	_	_	_	
23-12	5387-5389	of	_	_	_	
23-13	5390-5393	our	_	_	_	
23-14	5394-5402	landward	_	_	_	
23-15	5403-5411	frontier	_	_	_	
23-16	5411-5412	,	_	_	_	
23-17	5413-5418	there	_	_	_	
23-18	5419-5421	is	_	_	_	
23-19	5422-5424	no	_	_	_	
23-20	5425-5432	ingress	_	_	_	
23-21	5433-5435	or	_	_	_	
23-22	5436-5442	egress	_	_	_	
23-23	5443-5445	to	_	_	_	
23-24	5446-5448	or	_	_	_	
23-25	5449-5453	from	_	_	_	
23-26	5454-5457	the	_	_	_	
23-27	5458-5462	City	_	_	_	
23-28	5463-5470	without	_	_	_	
23-29	5471-5483	encountering	_	_	_	
23-30	5484-5487	the	_	_	_	
23-31	5488-5497	annoyance	_	_	_	
23-32	5497-5498	.	_	_	_	

#Text=Half the pleasure-walks in the neighbourhood are deteriorated by its presence.
24-1	5499-5503	Half	_	_	_	
24-2	5504-5507	the	_	_	_	
24-3	5508-5522	pleasure-walks	_	_	_	
24-4	5523-5525	in	_	_	_	
24-5	5526-5529	the	_	_	_	
24-6	5530-5543	neighbourhood	_	_	_	
24-7	5544-5547	are	_	_	_	
24-8	5548-5560	deteriorated	_	_	_	
24-9	5561-5563	by	_	_	_	
24-10	5564-5567	its	_	_	_	
24-11	5568-5576	presence	_	_	_	
24-12	5576-5577	.	_	_	_	

#Text=However much the beauty of the surrounding natural scenery may delight the fancy, and its green verdure please the eye, the insupportable odour for ever present in the atmosphere inevitably destroys and dissipates all enjoyment.
25-1	5578-5585	However	_	_	_	
25-2	5586-5590	much	_	_	_	
25-3	5591-5594	the	_	_	_	
25-4	5595-5601	beauty	_	_	_	
25-5	5602-5604	of	_	_	_	
25-6	5605-5608	the	_	_	_	
25-7	5609-5620	surrounding	_	_	_	
25-8	5621-5628	natural	_	_	_	
25-9	5629-5636	scenery	_	_	_	
25-10	5637-5640	may	_	_	_	
25-11	5641-5648	delight	_	_	_	
25-12	5649-5652	the	_	_	_	
25-13	5653-5658	fancy	_	_	_	
25-14	5658-5659	,	_	_	_	
25-15	5660-5663	and	_	_	_	
25-16	5664-5667	its	_	_	_	
25-17	5668-5673	green	_	_	_	
25-18	5674-5681	verdure	_	_	_	
25-19	5682-5688	please	_	_	_	
25-20	5689-5692	the	_	_	_	
25-21	5693-5696	eye	_	_	_	
25-22	5696-5697	,	_	_	_	
25-23	5698-5701	the	_	_	_	
25-24	5702-5715	insupportable	Quality	_	_	
25-25	5716-5721	odour	Smell\_Word	*|*|*|*	25-24|25-29[43_0]|25-26[42_0]|25-32[44_0]	
25-26	5722-5725	for	Time[42]	_	_	
25-27	5726-5730	ever	Time[42]	_	_	
25-28	5731-5738	present	_	_	_	
25-29	5739-5741	in	Odour\_Carrier[43]	_	_	
25-30	5742-5745	the	Odour\_Carrier[43]	_	_	
25-31	5746-5756	atmosphere	Odour\_Carrier[43]	_	_	
25-32	5757-5767	inevitably	Effect[44]	_	_	
25-33	5768-5776	destroys	Effect[44]	_	_	
25-34	5777-5780	and	Effect[44]	_	_	
25-35	5781-5791	dissipates	Effect[44]	_	_	
25-36	5792-5795	all	Effect[44]	_	_	
25-37	5796-5805	enjoyment	Effect[44]	_	_	
25-38	5805-5806	.	_	_	_	

#Text=To all classes in their out-door recreations this nuisance is a source of intolerable annoyance ; but the poor are perhaps more under its influence than the wealthier classes, as from their circumstances they cannot command the same amount of locomotive power.
26-1	5807-5809	To	Perceiver[45]	_	_	
26-2	5810-5813	all	Perceiver[45]	_	_	
26-3	5814-5821	classes	Perceiver[45]	_	_	
26-4	5822-5824	in	Perceiver[45]	_	_	
26-5	5825-5830	their	Perceiver[45]	_	_	
26-6	5831-5839	out-door	Perceiver[45]	_	_	
26-7	5840-5851	recreations	Perceiver[45]	_	_	
26-8	5852-5856	this	_	_	_	
26-9	5857-5865	nuisance	Smell\_Word	*|*	26-1[45_0]|26-12[46_0]	
26-10	5866-5868	is	_	_	_	
26-11	5869-5870	a	_	_	_	
26-12	5871-5877	source	Effect[46]	_	_	
26-13	5878-5880	of	Effect[46]	_	_	
26-14	5881-5892	intolerable	Effect[46]	_	_	
26-15	5893-5902	annoyance	Effect[46]	_	_	
26-16	5903-5904	;	_	_	_	
26-17	5905-5908	but	_	_	_	
26-18	5909-5912	the	_	_	_	
26-19	5913-5917	poor	_	_	_	
26-20	5918-5921	are	_	_	_	
26-21	5922-5929	perhaps	_	_	_	
26-22	5930-5934	more	_	_	_	
26-23	5935-5940	under	_	_	_	
26-24	5941-5944	its	_	_	_	
26-25	5945-5954	influence	_	_	_	
26-26	5955-5959	than	_	_	_	
26-27	5960-5963	the	_	_	_	
26-28	5964-5973	wealthier	_	_	_	
26-29	5974-5981	classes	_	_	_	
26-30	5981-5982	,	_	_	_	
26-31	5983-5985	as	_	_	_	
26-32	5986-5990	from	_	_	_	
26-33	5991-5996	their	_	_	_	
26-34	5997-6010	circumstances	_	_	_	
26-35	6011-6015	they	_	_	_	
26-36	6016-6022	cannot	_	_	_	
26-37	6023-6030	command	_	_	_	
26-38	6031-6034	the	_	_	_	
26-39	6035-6039	same	_	_	_	
26-40	6040-6046	amount	_	_	_	
26-41	6047-6049	of	_	_	_	
26-42	6050-6060	locomotive	_	_	_	
26-43	6061-6066	power	_	_	_	
26-44	6066-6067	.	_	_	_	

#Text=To the latter a few miles of space is comparatively nothing, as it can be readily passed, and the open country attained, where an uncorrupted soil and a
#Text=oure atmosphere are to be met with, ready to contribute to their renvigoration and pleasure.
27-1	6068-6070	To	_	_	_	
27-2	6071-6074	the	_	_	_	
27-3	6075-6081	latter	_	_	_	
27-4	6082-6083	a	_	_	_	
27-5	6084-6087	few	_	_	_	
27-6	6088-6093	miles	_	_	_	
27-7	6094-6096	of	_	_	_	
27-8	6097-6102	space	_	_	_	
27-9	6103-6105	is	_	_	_	
27-10	6106-6119	comparatively	_	_	_	
27-11	6120-6127	nothing	_	_	_	
27-12	6127-6128	,	_	_	_	
27-13	6129-6131	as	_	_	_	
27-14	6132-6134	it	_	_	_	
27-15	6135-6138	can	_	_	_	
27-16	6139-6141	be	_	_	_	
27-17	6142-6149	readily	_	_	_	
27-18	6150-6156	passed	_	_	_	
27-19	6156-6157	,	_	_	_	
27-20	6158-6161	and	_	_	_	
27-21	6162-6165	the	_	_	_	
27-22	6166-6170	open	_	_	_	
27-23	6171-6178	country	_	_	_	
27-24	6179-6187	attained	_	_	_	
27-25	6187-6188	,	_	_	_	
27-26	6189-6194	where	_	_	_	
27-27	6195-6197	an	_	_	_	
27-28	6198-6209	uncorrupted	_	_	_	
27-29	6210-6214	soil	_	_	_	
27-30	6215-6218	and	_	_	_	
27-31	6219-6220	a	_	_	_	
27-32	6221-6225	oure	_	_	_	
27-33	6226-6236	atmosphere	_	_	_	
27-34	6237-6240	are	_	_	_	
27-35	6241-6243	to	_	_	_	
27-36	6244-6246	be	_	_	_	
27-37	6247-6250	met	_	_	_	
27-38	6251-6255	with	_	_	_	
27-39	6255-6256	,	_	_	_	
27-40	6257-6262	ready	_	_	_	
27-41	6263-6265	to	_	_	_	
27-42	6266-6276	contribute	_	_	_	
27-43	6277-6279	to	_	_	_	
27-44	6280-6285	their	_	_	_	
27-45	6286-6299	renvigoration	_	_	_	
27-46	6300-6303	and	_	_	_	
27-47	6304-6312	pleasure	_	_	_	
27-48	6312-6313	.	_	_	_	

#Text=But with the poor mechanic and his family he case is sadly reversed.
28-1	6314-6317	But	_	_	_	
28-2	6318-6322	with	_	_	_	
28-3	6323-6326	the	_	_	_	
28-4	6327-6331	poor	_	_	_	
28-5	6332-6340	mechanic	_	_	_	
28-6	6341-6344	and	_	_	_	
28-7	6345-6348	his	_	_	_	
28-8	6349-6355	family	_	_	_	
28-9	6356-6358	he	_	_	_	
28-10	6359-6363	case	_	_	_	
28-11	6364-6366	is	_	_	_	
28-12	6367-6372	sadly	_	_	_	
28-13	6373-6381	reversed	_	_	_	
28-14	6381-6382	.	_	_	_	

#Text=They must necessarily confine their pronenade within a narrower range, and seek, as it were, on the very ; erge of this Lernian marsh, that health which its putrid effluvia for)id them to enjoy.
29-1	6383-6387	They	_	_	_	
29-2	6388-6392	must	_	_	_	
29-3	6393-6404	necessarily	_	_	_	
29-4	6405-6412	confine	_	_	_	
29-5	6413-6418	their	_	_	_	
29-6	6419-6428	pronenade	_	_	_	
29-7	6429-6435	within	_	_	_	
29-8	6436-6437	a	_	_	_	
29-9	6438-6446	narrower	_	_	_	
29-10	6447-6452	range	_	_	_	
29-11	6452-6453	,	_	_	_	
29-12	6454-6457	and	_	_	_	
29-13	6458-6462	seek	_	_	_	
29-14	6462-6463	,	_	_	_	
29-15	6464-6466	as	_	_	_	
29-16	6467-6469	it	_	_	_	
29-17	6470-6474	were	_	_	_	
29-18	6474-6475	,	_	_	_	
29-19	6476-6478	on	_	_	_	
29-20	6479-6482	the	_	_	_	
29-21	6483-6487	very	_	_	_	
29-22	6488-6489	;	_	_	_	
29-23	6490-6494	erge	_	_	_	
29-24	6495-6497	of	_	_	_	
29-25	6498-6502	this	_	_	_	
29-26	6503-6510	Lernian	Smell\_Source[47]	_	_	
29-27	6511-6516	marsh	Smell\_Source[47]	_	_	
29-28	6516-6517	,	_	_	_	
29-29	6518-6522	that	_	_	_	
29-30	6523-6529	health	_	_	_	
29-31	6530-6535	which	_	_	_	
29-32	6536-6539	its	Smell\_Source	Anaphoric	29-26[47_0]	
29-33	6540-6546	putrid	Quality	_	_	
29-34	6547-6555	effluvia	Smell\_Word	*|*	29-33|29-32	
29-35	6556-6559	for	_	_	_	
29-36	6559-6560	)	_	_	_	
29-37	6560-6562	id	_	_	_	
29-38	6563-6567	them	_	_	_	
29-39	6568-6570	to	_	_	_	
29-40	6571-6576	enjoy	_	_	_	
29-41	6576-6577	.	_	_	_	

#Text=To this class of the community, unless the toil ind expense of an absolute journey be undertaken, there is no avoidng the nuisance — no procuring the enjoyment of a pleasure-walk, ffemmed in on every side by a smoking fen, there seems no outlet >ut the pinnacle of Arthur Seat, for the lower summit of the Calyon Hill affords him no immunity from this annoyance of the all-prealent enemy.
30-1	6578-6580	To	_	_	_	
30-2	6581-6585	this	_	_	_	
30-3	6586-6591	class	_	_	_	
30-4	6592-6594	of	_	_	_	
30-5	6595-6598	the	_	_	_	
30-6	6599-6608	community	_	_	_	
30-7	6608-6609	,	_	_	_	
30-8	6610-6616	unless	_	_	_	
30-9	6617-6620	the	_	_	_	
30-10	6621-6625	toil	_	_	_	
30-11	6626-6629	ind	_	_	_	
30-12	6630-6637	expense	_	_	_	
30-13	6638-6640	of	_	_	_	
30-14	6641-6643	an	_	_	_	
30-15	6644-6652	absolute	_	_	_	
30-16	6653-6660	journey	_	_	_	
30-17	6661-6663	be	_	_	_	
30-18	6664-6674	undertaken	_	_	_	
30-19	6674-6675	,	_	_	_	
30-20	6676-6681	there	_	_	_	
30-21	6682-6684	is	_	_	_	
30-22	6685-6687	no	_	_	_	
30-23	6688-6695	avoidng	_	_	_	
30-24	6696-6699	the	_	_	_	
30-25	6700-6708	nuisance	_	_	_	
30-26	6709-6710	—	_	_	_	
30-27	6711-6713	no	_	_	_	
30-28	6714-6723	procuring	_	_	_	
30-29	6724-6727	the	_	_	_	
30-30	6728-6737	enjoyment	_	_	_	
30-31	6738-6740	of	_	_	_	
30-32	6741-6742	a	_	_	_	
30-33	6743-6756	pleasure-walk	_	_	_	
30-34	6756-6757	,	_	_	_	
30-35	6758-6765	ffemmed	_	_	_	
30-36	6766-6768	in	_	_	_	
30-37	6769-6771	on	_	_	_	
30-38	6772-6777	every	_	_	_	
30-39	6778-6782	side	_	_	_	
30-40	6783-6785	by	_	_	_	
30-41	6786-6787	a	_	_	_	
30-42	6788-6795	smoking	_	_	_	
30-43	6796-6799	fen	_	_	_	
30-44	6799-6800	,	_	_	_	
30-45	6801-6806	there	_	_	_	
30-46	6807-6812	seems	_	_	_	
30-47	6813-6815	no	_	_	_	
30-48	6816-6822	outlet	_	_	_	
30-49	6823-6824	>	_	_	_	
30-50	6824-6826	ut	_	_	_	
30-51	6827-6830	the	_	_	_	
30-52	6831-6839	pinnacle	_	_	_	
30-53	6840-6842	of	_	_	_	
30-54	6843-6849	Arthur	_	_	_	
30-55	6850-6854	Seat	_	_	_	
30-56	6854-6855	,	_	_	_	
30-57	6856-6859	for	_	_	_	
30-58	6860-6863	the	_	_	_	
30-59	6864-6869	lower	_	_	_	
30-60	6870-6876	summit	_	_	_	
30-61	6877-6879	of	_	_	_	
30-62	6880-6883	the	_	_	_	
30-63	6884-6890	Calyon	_	_	_	
30-64	6891-6895	Hill	_	_	_	
30-65	6896-6903	affords	_	_	_	
30-66	6904-6907	him	_	_	_	
30-67	6908-6910	no	_	_	_	
30-68	6911-6919	immunity	_	_	_	
30-69	6920-6924	from	_	_	_	
30-70	6925-6929	this	_	_	_	
30-71	6930-6939	annoyance	_	_	_	
30-72	6940-6942	of	_	_	_	
30-73	6943-6946	the	_	_	_	
30-74	6947-6959	all-prealent	_	_	_	
30-75	6960-6965	enemy	_	_	_	
30-76	6965-6966	.	_	_	_	

#Text=The passengers by public conveyance are annoyed to an equal exent, and the nuisance forms a never-ending subject of complaint and xecration among the company of the railway train and stage-coaches idiich have to pass through or within the margin of the fetid marsh, dr Rankin, the superintendent of the railway, informs us, “ that ie, or the officers employed by him, have almost constant opportulities of hearing the passengers lamenting the grievous nuisance to rhich so populous a neighbourhood is exposed.”
31-1	6968-6971	The	Perceiver[48]	_	_	
31-2	6972-6982	passengers	Perceiver[48]	_	_	
31-3	6983-6985	by	_	_	_	
31-4	6986-6992	public	_	_	_	
31-5	6993-7003	conveyance	_	_	_	
31-6	7004-7007	are	_	_	_	
31-7	7008-7015	annoyed	_	_	_	
31-8	7016-7018	to	_	_	_	
31-9	7019-7021	an	_	_	_	
31-10	7022-7027	equal	_	_	_	
31-11	7028-7033	exent	_	_	_	
31-12	7033-7034	,	_	_	_	
31-13	7035-7038	and	_	_	_	
31-14	7039-7042	the	_	_	_	
31-15	7043-7051	nuisance	_	_	_	
31-16	7052-7057	forms	_	_	_	
31-17	7058-7059	a	_	_	_	
31-18	7060-7072	never-ending	_	_	_	
31-19	7073-7080	subject	_	_	_	
31-20	7081-7083	of	_	_	_	
31-21	7084-7093	complaint	_	_	_	
31-22	7094-7097	and	_	_	_	
31-23	7098-7107	xecration	_	_	_	
31-24	7108-7113	among	_	_	_	
31-25	7114-7117	the	_	_	_	
31-26	7118-7125	company	_	_	_	
31-27	7126-7128	of	_	_	_	
31-28	7129-7132	the	_	_	_	
31-29	7133-7140	railway	_	_	_	
31-30	7141-7146	train	_	_	_	
31-31	7147-7150	and	_	_	_	
31-32	7151-7164	stage-coaches	_	_	_	
31-33	7165-7171	idiich	_	_	_	
31-34	7172-7176	have	_	_	_	
31-35	7177-7179	to	_	_	_	
31-36	7180-7184	pass	_	_	_	
31-37	7185-7192	through	_	_	_	
31-38	7193-7195	or	_	_	_	
31-39	7196-7202	within	_	_	_	
31-40	7203-7206	the	_	_	_	
31-41	7207-7213	margin	_	_	_	
31-42	7214-7216	of	_	_	_	
31-43	7217-7220	the	_	_	_	
31-44	7221-7226	fetid	Quality[49]|Smell\_Word[50]	*|*	31-45[0_50]|31-1[48_50]	
31-45	7227-7232	marsh	Smell\_Source	_	_	
31-46	7232-7233	,	_	_	_	
31-47	7234-7236	dr	_	_	_	
31-48	7237-7243	Rankin	_	_	_	
31-49	7243-7244	,	_	_	_	
31-50	7245-7248	the	_	_	_	
31-51	7249-7263	superintendent	_	_	_	
31-52	7264-7266	of	_	_	_	
31-53	7267-7270	the	_	_	_	
31-54	7271-7278	railway	_	_	_	
31-55	7278-7279	,	_	_	_	
31-56	7280-7287	informs	_	_	_	
31-57	7288-7290	us	_	_	_	
31-58	7290-7291	,	_	_	_	
31-59	7292-7293	“	_	_	_	
31-60	7294-7298	that	_	_	_	
31-61	7299-7301	ie	_	_	_	
31-62	7301-7302	,	_	_	_	
31-63	7303-7305	or	_	_	_	
31-64	7306-7309	the	_	_	_	
31-65	7310-7318	officers	_	_	_	
31-66	7319-7327	employed	_	_	_	
31-67	7328-7330	by	_	_	_	
31-68	7331-7334	him	_	_	_	
31-69	7334-7335	,	_	_	_	
31-70	7336-7340	have	_	_	_	
31-71	7341-7347	almost	_	_	_	
31-72	7348-7356	constant	_	_	_	
31-73	7357-7370	opportulities	_	_	_	
31-74	7371-7373	of	_	_	_	
31-75	7374-7381	hearing	_	_	_	
31-76	7382-7385	the	_	_	_	
31-77	7386-7396	passengers	_	_	_	
31-78	7397-7406	lamenting	_	_	_	
31-79	7407-7410	the	_	_	_	
31-80	7411-7419	grievous	_	_	_	
31-81	7420-7428	nuisance	_	_	_	
31-82	7429-7431	to	_	_	_	
31-83	7432-7437	rhich	_	_	_	
31-84	7438-7440	so	_	_	_	
31-85	7441-7449	populous	_	_	_	
31-86	7450-7451	a	_	_	_	
31-87	7452-7465	neighbourhood	_	_	_	
31-88	7466-7468	is	_	_	_	
31-89	7469-7476	exposed	_	_	_	
31-90	7476-7477	.	_	_	_	
31-91	7477-7478	”	_	_	_	
