#FORMAT=WebAnno TSV 3.3
#T_SP=custom.Span|label
#T_RL=custom.Relation|label|BT_custom.Span


#Text=Questa doveva essere dunque la festa della pacificazione!
1-1	0-6	Questa	_	_	_	
1-2	7-13	doveva	_	_	_	
1-3	14-20	essere	_	_	_	
1-4	21-27	dunque	_	_	_	
1-5	28-30	la	_	_	_	
1-6	31-36	festa	_	_	_	
1-7	37-42	della	_	_	_	
1-8	43-56	pacificazione	_	_	_	
1-9	56-57	!	_	_	_	

#Text=Il conte Berchtold aveva invitato i ministri, gli ambasciatori, i generali, i senatori, i deputati, i rappresentanti della plutocrazia e della stampa, le grandi dame della «società», circa due mila persone insomma, a passar la sera nel palazzo del ministero degli esteri.
2-1	58-60	Il	_	_	_	
2-2	61-66	conte	_	_	_	
2-3	67-76	Berchtold	_	_	_	
2-4	77-82	aveva	_	_	_	
2-5	83-91	invitato	_	_	_	
2-6	92-93	i	_	_	_	
2-7	94-102	ministri	_	_	_	
2-8	102-103	,	_	_	_	
2-9	104-107	gli	_	_	_	
2-10	108-120	ambasciatori	_	_	_	
2-11	120-121	,	_	_	_	
2-12	122-123	i	_	_	_	
2-13	124-132	generali	_	_	_	
2-14	132-133	,	_	_	_	
2-15	134-135	i	_	_	_	
2-16	136-144	senatori	_	_	_	
2-17	144-145	,	_	_	_	
2-18	146-147	i	_	_	_	
2-19	148-156	deputati	_	_	_	
2-20	156-157	,	_	_	_	
2-21	158-159	i	_	_	_	
2-22	160-174	rappresentanti	_	_	_	
2-23	175-180	della	_	_	_	
2-24	181-192	plutocrazia	_	_	_	
2-25	193-194	e	_	_	_	
2-26	195-200	della	_	_	_	
2-27	201-207	stampa	_	_	_	
2-28	207-208	,	_	_	_	
2-29	209-211	le	_	_	_	
2-30	212-218	grandi	_	_	_	
2-31	219-223	dame	_	_	_	
2-32	224-229	della	_	_	_	
2-33	230-231	«	_	_	_	
2-34	231-238	società	_	_	_	
2-35	238-239	»	_	_	_	
2-36	239-240	,	_	_	_	
2-37	241-246	circa	_	_	_	
2-38	247-250	due	_	_	_	
2-39	251-255	mila	_	_	_	
2-40	256-263	persone	_	_	_	
2-41	264-271	insomma	_	_	_	
2-42	271-272	,	_	_	_	
2-43	273-274	a	_	_	_	
2-44	275-281	passar	_	_	_	
2-45	282-284	la	_	_	_	
2-46	285-289	sera	_	_	_	
2-47	290-293	nel	_	_	_	
2-48	294-301	palazzo	_	_	_	
2-49	302-305	del	_	_	_	
2-50	306-315	ministero	_	_	_	
2-51	316-321	degli	_	_	_	
2-52	322-328	esteri	_	_	_	
2-53	328-329	.	_	_	_	

#Text=S’era prima indetta per il giovedì, poi venne rimandata al lunedì.
3-1	330-331	S	_	_	_	
3-2	331-332	’	_	_	_	
3-3	332-335	era	_	_	_	
3-4	336-341	prima	_	_	_	
3-5	342-349	indetta	_	_	_	
3-6	350-353	per	_	_	_	
3-7	354-356	il	_	_	_	
3-8	357-364	giovedì	_	_	_	
3-9	364-365	,	_	_	_	
3-10	366-369	poi	_	_	_	
3-11	370-375	venne	_	_	_	
3-12	376-385	rimandata	_	_	_	
3-13	386-388	al	_	_	_	
3-14	389-395	lunedì	_	_	_	
3-15	395-396	.	_	_	_	

#Text=Gli invitati dicono che c’era di mezzo il comunicato sulla detente austro-russa.
4-1	397-400	Gli	_	_	_	
4-2	401-409	invitati	_	_	_	
4-3	410-416	dicono	_	_	_	
4-4	417-420	che	_	_	_	
4-5	421-422	c	_	_	_	
4-6	422-423	’	_	_	_	
4-7	423-426	era	_	_	_	
4-8	427-429	di	_	_	_	
4-9	430-435	mezzo	_	_	_	
4-10	436-438	il	_	_	_	
4-11	439-449	comunicato	_	_	_	
4-12	450-455	sulla	_	_	_	
4-13	456-463	detente	_	_	_	
4-14	464-476	austro-russa	_	_	_	
4-15	476-477	.	_	_	_	

#Text=I diplomatici s’erano messi d’accordo sulla riduzione degli armamenti, ma non sul modo di annunziarlo al pubblico, ed è sovratutto in diplomazia che il tono fa la musica.
5-1	478-479	I	_	_	_	
5-2	480-491	diplomatici	_	_	_	
5-3	492-493	s	_	_	_	
5-4	493-494	’	_	_	_	
5-5	494-499	erano	_	_	_	
5-6	500-505	messi	_	_	_	
5-7	506-507	d	_	_	_	
5-8	507-508	’	_	_	_	
5-9	508-515	accordo	_	_	_	
5-10	516-521	sulla	_	_	_	
5-11	522-531	riduzione	_	_	_	
5-12	532-537	degli	_	_	_	
5-13	538-547	armamenti	_	_	_	
5-14	547-548	,	_	_	_	
5-15	549-551	ma	_	_	_	
5-16	552-555	non	_	_	_	
5-17	556-559	sul	_	_	_	
5-18	560-564	modo	_	_	_	
5-19	565-567	di	_	_	_	
5-20	568-579	annunziarlo	_	_	_	
5-21	580-582	al	_	_	_	
5-22	583-591	pubblico	_	_	_	
5-23	591-592	,	_	_	_	
5-24	593-595	ed	_	_	_	
5-25	596-597	è	_	_	_	
5-26	598-608	sovratutto	_	_	_	
5-27	609-611	in	_	_	_	
5-28	612-622	diplomazia	_	_	_	
5-29	623-626	che	_	_	_	
5-30	627-629	il	_	_	_	
5-31	630-634	tono	_	_	_	
5-32	635-637	fa	_	_	_	
5-33	638-640	la	_	_	_	
5-34	641-647	musica	_	_	_	
5-35	647-648	.	_	_	_	

#Text=Il problema non è facile.
6-1	649-651	Il	_	_	_	
6-2	652-660	problema	_	_	_	
6-3	661-664	non	_	_	_	
6-4	665-666	è	_	_	_	
6-5	667-673	facile	_	_	_	
6-6	673-674	.	_	_	_	

#Text=Bisogna annunziare il proposito di smobilitare, dopo cinque mesi che si è negato pertinacemente d’aver mobilitato, bisogna dire che da una parte e dall’altra si nutrono i sensi più vivi di fiducia, mentre fino ieri sera si sono dati reciprocamente del brigante e si guardano ancor oggi in cagnesco.
7-1	675-682	Bisogna	_	_	_	
7-2	683-693	annunziare	_	_	_	
7-3	694-696	il	_	_	_	
7-4	697-706	proposito	_	_	_	
7-5	707-709	di	_	_	_	
7-6	710-721	smobilitare	_	_	_	
7-7	721-722	,	_	_	_	
7-8	723-727	dopo	_	_	_	
7-9	728-734	cinque	_	_	_	
7-10	735-739	mesi	_	_	_	
7-11	740-743	che	_	_	_	
7-12	744-746	si	_	_	_	
7-13	747-748	è	_	_	_	
7-14	749-755	negato	_	_	_	
7-15	756-770	pertinacemente	_	_	_	
7-16	771-772	d	_	_	_	
7-17	772-773	’	_	_	_	
7-18	773-777	aver	_	_	_	
7-19	778-788	mobilitato	_	_	_	
7-20	788-789	,	_	_	_	
7-21	790-797	bisogna	_	_	_	
7-22	798-802	dire	_	_	_	
7-23	803-806	che	_	_	_	
7-24	807-809	da	_	_	_	
7-25	810-813	una	_	_	_	
7-26	814-819	parte	_	_	_	
7-27	820-821	e	_	_	_	
7-28	822-826	dall	_	_	_	
7-29	826-827	’	_	_	_	
7-30	827-832	altra	_	_	_	
7-31	833-835	si	_	_	_	
7-32	836-843	nutrono	_	_	_	
7-33	844-845	i	_	_	_	
7-34	846-851	sensi	_	_	_	
7-35	852-855	più	_	_	_	
7-36	856-860	vivi	_	_	_	
7-37	861-863	di	_	_	_	
7-38	864-871	fiducia	_	_	_	
7-39	871-872	,	_	_	_	
7-40	873-879	mentre	_	_	_	
7-41	880-884	fino	_	_	_	
7-42	885-889	ieri	_	_	_	
7-43	890-894	sera	_	_	_	
7-44	895-897	si	_	_	_	
7-45	898-902	sono	_	_	_	
7-46	903-907	dati	_	_	_	
7-47	908-922	reciprocamente	_	_	_	
7-48	923-926	del	_	_	_	
7-49	927-935	brigante	_	_	_	
7-50	936-937	e	_	_	_	
7-51	938-940	si	_	_	_	
7-52	941-949	guardano	_	_	_	
7-53	950-955	ancor	_	_	_	
7-54	956-960	oggi	_	_	_	
7-55	961-963	in	_	_	_	
7-56	964-972	cagnesco	_	_	_	
7-57	972-973	.	_	_	_	

#Text=E infine nel ch’è più grave, bisogna tentare di dividere nettamente il torto e la ragione fra due litiganti che per avere fatta la ragione e mettere l’avversario dalla parte del torto più assoluto hanno speso centinaia di milioni.
8-1	974-975	E	_	_	_	
8-2	976-982	infine	_	_	_	
8-3	983-986	nel	_	_	_	
8-4	987-989	ch	_	_	_	
8-5	989-990	’	_	_	_	
8-6	990-991	è	_	_	_	
8-7	992-995	più	_	_	_	
8-8	996-1001	grave	_	_	_	
8-9	1001-1002	,	_	_	_	
8-10	1003-1010	bisogna	_	_	_	
8-11	1011-1018	tentare	_	_	_	
8-12	1019-1021	di	_	_	_	
8-13	1022-1030	dividere	_	_	_	
8-14	1031-1041	nettamente	_	_	_	
8-15	1042-1044	il	_	_	_	
8-16	1045-1050	torto	_	_	_	
8-17	1051-1052	e	_	_	_	
8-18	1053-1055	la	_	_	_	
8-19	1056-1063	ragione	_	_	_	
8-20	1064-1067	fra	_	_	_	
8-21	1068-1071	due	_	_	_	
8-22	1072-1081	litiganti	_	_	_	
8-23	1082-1085	che	_	_	_	
8-24	1086-1089	per	_	_	_	
8-25	1090-1095	avere	_	_	_	
8-26	1096-1101	fatta	_	_	_	
8-27	1102-1104	la	_	_	_	
8-28	1105-1112	ragione	_	_	_	
8-29	1113-1114	e	_	_	_	
8-30	1115-1122	mettere	_	_	_	
8-31	1123-1124	l	_	_	_	
8-32	1124-1125	’	_	_	_	
8-33	1125-1135	avversario	_	_	_	
8-34	1136-1141	dalla	_	_	_	
8-35	1142-1147	parte	_	_	_	
8-36	1148-1151	del	_	_	_	
8-37	1152-1157	torto	_	_	_	
8-38	1158-1161	più	_	_	_	
8-39	1162-1170	assoluto	_	_	_	
8-40	1171-1176	hanno	_	_	_	
8-41	1177-1182	speso	_	_	_	
8-42	1183-1192	centinaia	_	_	_	
8-43	1193-1195	di	_	_	_	
8-44	1196-1203	milioni	_	_	_	
8-45	1203-1204	.	_	_	_	

#Text=Cosicché, il lavorio attorno a quest’oracolo delfico si può più immaginare quando si ricordi anche che nel 1909 in una situazione consimile Aehrenthal ed Iswolski, dopo aver telegrafato e ritelegrafato milioni di parole, finirono col pubblicare ciascuno la propria versione per conto suo, rimandando alla storia l’ardua sentenza .
9-1	1205-1213	Cosicché	_	_	_	
9-2	1213-1214	,	_	_	_	
9-3	1215-1217	il	_	_	_	
9-4	1218-1225	lavorio	_	_	_	
9-5	1226-1233	attorno	_	_	_	
9-6	1234-1235	a	_	_	_	
9-7	1236-1241	quest	_	_	_	
9-8	1241-1242	’	_	_	_	
9-9	1242-1249	oracolo	_	_	_	
9-10	1250-1257	delfico	_	_	_	
9-11	1258-1260	si	_	_	_	
9-12	1261-1264	può	_	_	_	
9-13	1265-1268	più	_	_	_	
9-14	1269-1279	immaginare	_	_	_	
9-15	1280-1286	quando	_	_	_	
9-16	1287-1289	si	_	_	_	
9-17	1290-1297	ricordi	_	_	_	
9-18	1298-1303	anche	_	_	_	
9-19	1304-1307	che	_	_	_	
9-20	1308-1311	nel	_	_	_	
9-21	1312-1316	1909	_	_	_	
9-22	1317-1319	in	_	_	_	
9-23	1320-1323	una	_	_	_	
9-24	1324-1334	situazione	_	_	_	
9-25	1335-1344	consimile	_	_	_	
9-26	1345-1355	Aehrenthal	_	_	_	
9-27	1356-1358	ed	_	_	_	
9-28	1359-1367	Iswolski	_	_	_	
9-29	1367-1368	,	_	_	_	
9-30	1369-1373	dopo	_	_	_	
9-31	1374-1378	aver	_	_	_	
9-32	1379-1390	telegrafato	_	_	_	
9-33	1391-1392	e	_	_	_	
9-34	1393-1406	ritelegrafato	_	_	_	
9-35	1407-1414	milioni	_	_	_	
9-36	1415-1417	di	_	_	_	
9-37	1418-1424	parole	_	_	_	
9-38	1424-1425	,	_	_	_	
9-39	1426-1434	finirono	_	_	_	
9-40	1435-1438	col	_	_	_	
9-41	1439-1449	pubblicare	_	_	_	
9-42	1450-1458	ciascuno	_	_	_	
9-43	1459-1461	la	_	_	_	
9-44	1462-1469	propria	_	_	_	
9-45	1470-1478	versione	_	_	_	
9-46	1479-1482	per	_	_	_	
9-47	1483-1488	conto	_	_	_	
9-48	1489-1492	suo	_	_	_	
9-49	1492-1493	,	_	_	_	
9-50	1494-1504	rimandando	_	_	_	
9-51	1505-1509	alla	_	_	_	
9-52	1510-1516	storia	_	_	_	
9-53	1517-1518	l	_	_	_	
9-54	1518-1519	’	_	_	_	
9-55	1519-1524	ardua	_	_	_	
9-56	1525-1533	sentenza	_	_	_	
9-57	1534-1535	.	_	_	_	

#Text=Così fu che il conte Berchtold non ebbe per la sua festa di ieri la nota festiva del comunicato.
10-1	1536-1540	Così	_	_	_	
10-2	1541-1543	fu	_	_	_	
10-3	1544-1547	che	_	_	_	
10-4	1548-1550	il	_	_	_	
10-5	1551-1556	conte	_	_	_	
10-6	1557-1566	Berchtold	_	_	_	
10-7	1567-1570	non	_	_	_	
10-8	1571-1575	ebbe	_	_	_	
10-9	1576-1579	per	_	_	_	
10-10	1580-1582	la	_	_	_	
10-11	1583-1586	sua	_	_	_	
10-12	1587-1592	festa	_	_	_	
10-13	1593-1595	di	_	_	_	
10-14	1596-1600	ieri	_	_	_	
10-15	1601-1603	la	_	_	_	
10-16	1604-1608	nota	_	_	_	
10-17	1609-1616	festiva	_	_	_	
10-18	1617-1620	del	_	_	_	
10-19	1621-1631	comunicato	_	_	_	
10-20	1631-1632	.	_	_	_	

#Text=Vi portò però il suo immancabile sorriso di fanciullo e quell’aria di sicurezza quasi ingenua, colla quale agli arciduchi, ai ministri, ai magnati che entravano pareva dicesse: State tranquilli, ci sono io.
11-1	1633-1635	Vi	_	_	_	
11-2	1636-1641	portò	_	_	_	
11-3	1642-1646	però	_	_	_	
11-4	1647-1649	il	_	_	_	
11-5	1650-1653	suo	_	_	_	
11-6	1654-1665	immancabile	_	_	_	
11-7	1666-1673	sorriso	_	_	_	
11-8	1674-1676	di	_	_	_	
11-9	1677-1686	fanciullo	_	_	_	
11-10	1687-1688	e	_	_	_	
11-11	1689-1694	quell	_	_	_	
11-12	1694-1695	’	_	_	_	
11-13	1695-1699	aria	_	_	_	
11-14	1700-1702	di	_	_	_	
11-15	1703-1712	sicurezza	_	_	_	
11-16	1713-1718	quasi	_	_	_	
11-17	1719-1726	ingenua	_	_	_	
11-18	1726-1727	,	_	_	_	
11-19	1728-1733	colla	_	_	_	
11-20	1734-1739	quale	_	_	_	
11-21	1740-1744	agli	_	_	_	
11-22	1745-1754	arciduchi	_	_	_	
11-23	1754-1755	,	_	_	_	
11-24	1756-1758	ai	_	_	_	
11-25	1759-1767	ministri	_	_	_	
11-26	1767-1768	,	_	_	_	
11-27	1769-1771	ai	_	_	_	
11-28	1772-1779	magnati	_	_	_	
11-29	1780-1783	che	_	_	_	
11-30	1784-1793	entravano	_	_	_	
11-31	1794-1800	pareva	_	_	_	
11-32	1801-1808	dicesse	_	_	_	
11-33	1808-1809	:	_	_	_	
11-34	1810-1815	State	_	_	_	
11-35	1816-1826	tranquilli	_	_	_	
11-36	1826-1827	,	_	_	_	
11-37	1828-1830	ci	_	_	_	
11-38	1831-1835	sono	_	_	_	
11-39	1836-1838	io	_	_	_	
11-40	1838-1839	.	_	_	_	

#Text=Guardatevi d’attorno: è forse questa atmosfera di crisi?
12-1	1840-1850	Guardatevi	_	_	_	
12-2	1851-1852	d	_	_	_	
12-3	1852-1853	’	_	_	_	
12-4	1853-1860	attorno	_	_	_	
12-5	1860-1861	:	_	_	_	
12-6	1862-1863	è	_	_	_	
12-7	1864-1869	forse	_	_	_	
12-8	1870-1876	questa	_	_	_	
12-9	1877-1886	atmosfera	_	_	_	
12-10	1887-1889	di	_	_	_	
12-11	1890-1895	crisi	_	_	_	
12-12	1895-1896	?	_	_	_	

#Text=E per l’ampio scalone, sui lati del quale valletti vestiti d’oro ed argento sostenevano candelabri a dodici braccia strisciava e saliva la teoria, seria e magnifica degli invitati.
13-1	1897-1898	E	_	_	_	
13-2	1899-1902	per	_	_	_	
13-3	1903-1904	l	_	_	_	
13-4	1904-1905	’	_	_	_	
13-5	1905-1910	ampio	_	_	_	
13-6	1911-1918	scalone	_	_	_	
13-7	1918-1919	,	_	_	_	
13-8	1920-1923	sui	_	_	_	
13-9	1924-1928	lati	_	_	_	
13-10	1929-1932	del	_	_	_	
13-11	1933-1938	quale	_	_	_	
13-12	1939-1947	valletti	_	_	_	
13-13	1948-1955	vestiti	_	_	_	
13-14	1956-1957	d	_	_	_	
13-15	1957-1958	’	_	_	_	
13-16	1958-1961	oro	_	_	_	
13-17	1962-1964	ed	_	_	_	
13-18	1965-1972	argento	_	_	_	
13-19	1973-1984	sostenevano	_	_	_	
13-20	1985-1995	candelabri	_	_	_	
13-21	1996-1997	a	_	_	_	
13-22	1998-2004	dodici	_	_	_	
13-23	2005-2012	braccia	_	_	_	
13-24	2013-2023	strisciava	_	_	_	
13-25	2024-2025	e	_	_	_	
13-26	2026-2032	saliva	_	_	_	
13-27	2033-2035	la	_	_	_	
13-28	2036-2042	teoria	_	_	_	
13-29	2042-2043	,	_	_	_	
13-30	2044-2049	seria	_	_	_	
13-31	2050-2051	e	_	_	_	
13-32	2052-2061	magnifica	_	_	_	
13-33	2062-2067	degli	_	_	_	
13-34	2068-2076	invitati	_	_	_	
13-35	2076-2077	.	_	_	_	

#Text=Eccovi le arciduchesse e le principesse di corte con le teste coronate di gemme, eccovi la «buona società» che sfila in alto, sfoggiando nei brillanti l’antico casato o i milioni, eccovi gli ambasciatori e le ambasciatrici di tutto il mondo.
14-1	2078-2084	Eccovi	_	_	_	
14-2	2085-2087	le	_	_	_	
14-3	2088-2100	arciduchesse	_	_	_	
14-4	2101-2102	e	_	_	_	
14-5	2103-2105	le	_	_	_	
14-6	2106-2117	principesse	_	_	_	
14-7	2118-2120	di	_	_	_	
14-8	2121-2126	corte	_	_	_	
14-9	2127-2130	con	_	_	_	
14-10	2131-2133	le	_	_	_	
14-11	2134-2139	teste	_	_	_	
14-12	2140-2148	coronate	_	_	_	
14-13	2149-2151	di	_	_	_	
14-14	2152-2157	gemme	_	_	_	
14-15	2157-2158	,	_	_	_	
14-16	2159-2165	eccovi	_	_	_	
14-17	2166-2168	la	_	_	_	
14-18	2169-2170	«	_	_	_	
14-19	2170-2175	buona	_	_	_	
14-20	2176-2183	società	_	_	_	
14-21	2183-2184	»	_	_	_	
14-22	2185-2188	che	_	_	_	
14-23	2189-2194	sfila	_	_	_	
14-24	2195-2197	in	_	_	_	
14-25	2198-2202	alto	_	_	_	
14-26	2202-2203	,	_	_	_	
14-27	2204-2214	sfoggiando	_	_	_	
14-28	2215-2218	nei	_	_	_	
14-29	2219-2228	brillanti	_	_	_	
14-30	2229-2230	l	_	_	_	
14-31	2230-2231	’	_	_	_	
14-32	2231-2237	antico	_	_	_	
14-33	2238-2244	casato	_	_	_	
14-34	2245-2246	o	_	_	_	
14-35	2247-2248	i	_	_	_	
14-36	2249-2256	milioni	_	_	_	
14-37	2256-2257	,	_	_	_	
14-38	2258-2264	eccovi	_	_	_	
14-39	2265-2268	gli	_	_	_	
14-40	2269-2281	ambasciatori	_	_	_	
14-41	2282-2283	e	_	_	_	
14-42	2284-2286	le	_	_	_	
14-43	2287-2300	ambasciatrici	_	_	_	
14-44	2301-2303	di	_	_	_	
14-45	2304-2309	tutto	_	_	_	
14-46	2310-2312	il	_	_	_	
14-47	2313-2318	mondo	_	_	_	
14-48	2318-2319	.	_	_	_	

#Text=Largo al concerto europeo: passa il duca d’Avarna , Tschirski, Sir Cartwright e la sua signora, Dumaine e madame Dumaine, il russo Giers poi il rappresentante dello «status quo» (no erat ante) Hussein Hilmi pascià.
15-1	2320-2325	Largo	_	_	_	
15-2	2326-2328	al	_	_	_	
15-3	2329-2337	concerto	_	_	_	
15-4	2338-2345	europeo	_	_	_	
15-5	2345-2346	:	_	_	_	
15-6	2347-2352	passa	_	_	_	
15-7	2353-2355	il	_	_	_	
15-8	2356-2360	duca	_	_	_	
15-9	2361-2362	d	_	_	_	
15-10	2362-2363	’	_	_	_	
15-11	2363-2369	Avarna	_	_	_	
15-12	2370-2371	,	_	_	_	
15-13	2372-2381	Tschirski	_	_	_	
15-14	2381-2382	,	_	_	_	
15-15	2383-2386	Sir	_	_	_	
15-16	2387-2397	Cartwright	_	_	_	
15-17	2398-2399	e	_	_	_	
15-18	2400-2402	la	_	_	_	
15-19	2403-2406	sua	_	_	_	
15-20	2407-2414	signora	_	_	_	
15-21	2414-2415	,	_	_	_	
15-22	2416-2423	Dumaine	_	_	_	
15-23	2424-2425	e	_	_	_	
15-24	2426-2432	madame	_	_	_	
15-25	2433-2440	Dumaine	_	_	_	
15-26	2440-2441	,	_	_	_	
15-27	2442-2444	il	_	_	_	
15-28	2445-2450	russo	_	_	_	
15-29	2451-2456	Giers	_	_	_	
15-30	2457-2460	poi	_	_	_	
15-31	2461-2463	il	_	_	_	
15-32	2464-2478	rappresentante	_	_	_	
15-33	2479-2484	dello	_	_	_	
15-34	2485-2486	«	_	_	_	
15-35	2486-2492	status	_	_	_	
15-36	2493-2496	quo	_	_	_	
15-37	2496-2497	»	_	_	_	
15-38	2498-2499	(	_	_	_	
15-39	2499-2501	no	_	_	_	
15-40	2502-2506	erat	_	_	_	
15-41	2507-2511	ante	_	_	_	
15-42	2511-2512	)	_	_	_	
15-43	2513-2520	Hussein	_	_	_	
15-44	2521-2526	Hilmi	_	_	_	
15-45	2527-2533	pascià	_	_	_	
15-46	2533-2534	.	_	_	_	

#Text=Più in là il giapponese Satsuo Akidzuki con due compagni, il democratico rappresentante degli Stati Uniti colla sua signora miliardaria, le piccole potenze del Nord e dell’oriente, gli attacchés militari...
16-1	2535-2538	Più	_	_	_	
16-2	2539-2541	in	_	_	_	
16-3	2542-2544	là	_	_	_	
16-4	2545-2547	il	_	_	_	
16-5	2548-2558	giapponese	_	_	_	
16-6	2559-2565	Satsuo	_	_	_	
16-7	2566-2574	Akidzuki	_	_	_	
16-8	2575-2578	con	_	_	_	
16-9	2579-2582	due	_	_	_	
16-10	2583-2591	compagni	_	_	_	
16-11	2591-2592	,	_	_	_	
16-12	2593-2595	il	_	_	_	
16-13	2596-2607	democratico	_	_	_	
16-14	2608-2622	rappresentante	_	_	_	
16-15	2623-2628	degli	_	_	_	
16-16	2629-2634	Stati	_	_	_	
16-17	2635-2640	Uniti	_	_	_	
16-18	2641-2646	colla	_	_	_	
16-19	2647-2650	sua	_	_	_	
16-20	2651-2658	signora	_	_	_	
16-21	2659-2670	miliardaria	_	_	_	
16-22	2670-2671	,	_	_	_	
16-23	2672-2674	le	_	_	_	
16-24	2675-2682	piccole	_	_	_	
16-25	2683-2690	potenze	_	_	_	
16-26	2691-2694	del	_	_	_	
16-27	2695-2699	Nord	_	_	_	
16-28	2700-2701	e	_	_	_	
16-29	2702-2706	dell	_	_	_	
16-30	2706-2707	’	_	_	_	
16-31	2707-2714	oriente	_	_	_	
16-32	2714-2715	,	_	_	_	
16-33	2716-2719	gli	_	_	_	
16-34	2720-2729	attacchés	_	_	_	
16-35	2730-2738	militari	_	_	_	
16-36	2738-2739	.	_	_	_	
16-37	2739-2740	.	_	_	_	
16-38	2740-2741	.	_	_	_	

#Text=Tutta questa corte rappresentativa si guarda e si ammira ancora una volta nei grandi specchi che fanno parete nelle anticamere e poi entra, si inchina, si scioglie per i saloni bianco-oro, mandando scintillii di luce ed effluvi di profumi.
17-1	2742-2747	Tutta	_	_	_	
17-2	2748-2754	questa	_	_	_	
17-3	2755-2760	corte	_	_	_	
17-4	2761-2776	rappresentativa	_	_	_	
17-5	2777-2779	si	_	_	_	
17-6	2780-2786	guarda	_	_	_	
17-7	2787-2788	e	_	_	_	
17-8	2789-2791	si	_	_	_	
17-9	2792-2798	ammira	_	_	_	
17-10	2799-2805	ancora	_	_	_	
17-11	2806-2809	una	_	_	_	
17-12	2810-2815	volta	_	_	_	
17-13	2816-2819	nei	_	_	_	
17-14	2820-2826	grandi	_	_	_	
17-15	2827-2834	specchi	_	_	_	
17-16	2835-2838	che	_	_	_	
17-17	2839-2844	fanno	_	_	_	
17-18	2845-2851	parete	_	_	_	
17-19	2852-2857	nelle	_	_	_	
17-20	2858-2868	anticamere	_	_	_	
17-21	2869-2870	e	_	_	_	
17-22	2871-2874	poi	_	_	_	
17-23	2875-2880	entra	_	_	_	
17-24	2880-2881	,	_	_	_	
17-25	2882-2884	si	_	_	_	
17-26	2885-2892	inchina	_	_	_	
17-27	2892-2893	,	_	_	_	
17-28	2894-2896	si	_	_	_	
17-29	2897-2905	scioglie	_	_	_	
17-30	2906-2909	per	_	_	_	
17-31	2910-2911	i	_	_	_	
17-32	2912-2918	saloni	_	_	_	
17-33	2919-2929	bianco-oro	_	_	_	
17-34	2929-2930	,	_	_	_	
17-35	2931-2939	mandando	_	_	_	
17-36	2940-2950	scintillii	_	_	_	
17-37	2951-2953	di	_	_	_	
17-38	2954-2958	luce	_	_	_	
17-39	2959-2961	ed	_	_	_	
17-40	2962-2969	effluvi	Odour\_Carrier	_	_	
17-41	2970-2972	di	_	_	_	
17-42	2973-2980	profumi	Smell\_Word	*	17-40	
17-43	2980-2981	.	_	_	_	

#Text=E qui permettetemi una parentesi per un’aggiunta doverosa.
18-1	2982-2983	E	_	_	_	
18-2	2984-2987	qui	_	_	_	
18-3	2988-3000	permettetemi	_	_	_	
18-4	3001-3004	una	_	_	_	
18-5	3005-3014	parentesi	_	_	_	
18-6	3015-3018	per	_	_	_	
18-7	3019-3021	un	_	_	_	
18-8	3021-3022	’	_	_	_	
18-9	3022-3030	aggiunta	_	_	_	
18-10	3031-3039	doverosa	_	_	_	
18-11	3039-3040	.	_	_	_	

#Text=In un mio articolo recente ho diviso gli uomini secondo che fabbricano corazze per resistere alle palle di cannone o cannoni per bucare le corazze .
19-1	3041-3043	In	_	_	_	
19-2	3044-3046	un	_	_	_	
19-3	3047-3050	mio	_	_	_	
19-4	3051-3059	articolo	_	_	_	
19-5	3060-3067	recente	_	_	_	
19-6	3068-3070	ho	_	_	_	
19-7	3071-3077	diviso	_	_	_	
19-8	3078-3081	gli	_	_	_	
19-9	3082-3088	uomini	_	_	_	
19-10	3089-3096	secondo	_	_	_	
19-11	3097-3100	che	_	_	_	
19-12	3101-3111	fabbricano	_	_	_	
19-13	3112-3119	corazze	_	_	_	
19-14	3120-3123	per	_	_	_	
19-15	3124-3133	resistere	_	_	_	
19-16	3134-3138	alle	_	_	_	
19-17	3139-3144	palle	_	_	_	
19-18	3145-3147	di	_	_	_	
19-19	3148-3155	cannone	_	_	_	
19-20	3156-3157	o	_	_	_	
19-21	3158-3165	cannoni	_	_	_	
19-22	3166-3169	per	_	_	_	
19-23	3170-3176	bucare	_	_	_	
19-24	3177-3179	le	_	_	_	
19-25	3180-3187	corazze	_	_	_	
19-26	3188-3189	.	_	_	_	

#Text=E sta vero, ciò vale per il sesso forte e non ho niente da rettificare.
20-1	3190-3191	E	_	_	_	
20-2	3192-3195	sta	_	_	_	
20-3	3196-3200	vero	_	_	_	
20-4	3200-3201	,	_	_	_	
20-5	3202-3205	ciò	_	_	_	
20-6	3206-3210	vale	_	_	_	
20-7	3211-3214	per	_	_	_	
20-8	3215-3217	il	_	_	_	
20-9	3218-3223	sesso	_	_	_	
20-10	3224-3229	forte	_	_	_	
20-11	3230-3231	e	_	_	_	
20-12	3232-3235	non	_	_	_	
20-13	3236-3238	ho	_	_	_	
20-14	3239-3245	niente	_	_	_	
20-15	3246-3248	da	_	_	_	
20-16	3249-3260	rettificare	_	_	_	
20-17	3260-3261	.	_	_	_	

#Text=Ma per la classificazione delle signore il criterio è diverso, e l’ho appreso ieri sera da un mio vicino, direttore di un giornale mondano.
21-1	3262-3264	Ma	_	_	_	
21-2	3265-3268	per	_	_	_	
21-3	3269-3271	la	_	_	_	
21-4	3272-3287	classificazione	_	_	_	
21-5	3288-3293	delle	_	_	_	
21-6	3294-3301	signore	_	_	_	
21-7	3302-3304	il	_	_	_	
21-8	3305-3313	criterio	_	_	_	
21-9	3314-3315	è	_	_	_	
21-10	3316-3323	diverso	_	_	_	
21-11	3323-3324	,	_	_	_	
21-12	3325-3326	e	_	_	_	
21-13	3327-3328	l	_	_	_	
21-14	3328-3329	’	_	_	_	
21-15	3329-3331	ho	_	_	_	
21-16	3332-3339	appreso	_	_	_	
21-17	3340-3344	ieri	_	_	_	
21-18	3345-3349	sera	_	_	_	
21-19	3350-3352	da	_	_	_	
21-20	3353-3355	un	_	_	_	
21-21	3356-3359	mio	_	_	_	
21-22	3360-3366	vicino	_	_	_	
21-23	3366-3367	,	_	_	_	
21-24	3368-3377	direttore	_	_	_	
21-25	3378-3380	di	_	_	_	
21-26	3381-3383	un	_	_	_	
21-27	3384-3392	giornale	_	_	_	
21-28	3393-3400	mondano	_	_	_	
21-29	3400-3401	.	_	_	_	

#Text=Ecco, diceva il mio Petronio, quel gruppo di signore là appartiene all’aristocrazia patriottica giallo-nera.
22-1	3402-3406	Ecco	_	_	_	
22-2	3406-3407	,	_	_	_	
22-3	3408-3414	diceva	_	_	_	
22-4	3415-3417	il	_	_	_	
22-5	3418-3421	mio	_	_	_	
22-6	3422-3430	Petronio	_	_	_	
22-7	3430-3431	,	_	_	_	
22-8	3432-3436	quel	_	_	_	
22-9	3437-3443	gruppo	_	_	_	
22-10	3444-3446	di	_	_	_	
22-11	3447-3454	signore	_	_	_	
22-12	3455-3457	là	_	_	_	
22-13	3458-3468	appartiene	_	_	_	
22-14	3469-3472	all	_	_	_	
22-15	3472-3473	’	_	_	_	
22-16	3473-3485	aristocrazia	_	_	_	
22-17	3486-3497	patriottica	_	_	_	
22-18	3498-3509	giallo-nera	_	_	_	
22-19	3509-3510	.	_	_	_	

#Text=Non occorre conoscerle, se lo sente.
23-1	3511-3514	Non	_	_	_	
23-2	3515-3522	occorre	_	_	_	
23-3	3523-3533	conoscerle	_	_	_	
23-4	3533-3534	,	_	_	_	
23-5	3535-3537	se	_	_	_	
23-6	3538-3540	lo	_	_	_	
23-7	3541-3546	sente	_	_	_	
23-8	3546-3547	.	_	_	_	

#Text=Il loro profumo è il «parfum Zita» ed è l’odore patriottico di moda.
24-1	3548-3550	Il	_	_	_	
24-2	3551-3555	loro	_	_	_	
24-3	3556-3563	profumo	Smell\_Word	*	24-7[1_0]	
24-4	3564-3565	è	_	_	_	
24-5	3566-3568	il	_	_	_	
24-6	3569-3570	«	_	_	_	
24-7	3570-3576	parfum	Smell\_Source[1]	_	_	
24-8	3577-3581	Zita	Smell\_Source[1]	_	_	
24-9	3581-3582	»	_	_	_	
24-10	3583-3585	ed	_	_	_	
24-11	3586-3587	è	_	_	_	
24-12	3588-3589	l	_	_	_	
24-13	3589-3590	’	_	_	_	
24-14	3590-3595	odore	Smell\_Word	*|*	24-15|24-16[2_0]	
24-15	3596-3607	patriottico	Quality	_	_	
24-16	3608-3610	di	Quality[2]	_	_	
24-17	3611-3615	moda	Quality[2]	_	_	
24-18	3615-3616	.	_	_	_	

#Text=Dubiterai invece che quest’altre sono delle potenze estere?
25-1	3617-3626	Dubiterai	_	_	_	
25-2	3627-3633	invece	_	_	_	
25-3	3634-3637	che	_	_	_	
25-4	3638-3643	quest	_	_	_	
25-5	3643-3644	’	_	_	_	
25-6	3644-3649	altre	_	_	_	
25-7	3650-3654	sono	_	_	_	
25-8	3655-3660	delle	_	_	_	
25-9	3661-3668	potenze	_	_	_	
25-10	3669-3675	estere	_	_	_	
25-11	3675-3676	?	_	_	_	

#Text=senti la «rose d’Orsay», il violetto di Pinaud – (Place Vendôme) la rosa centifoglia?
26-1	3677-3682	senti	_	_	_	
26-2	3683-3685	la	_	_	_	
26-3	3686-3687	«	_	_	_	
26-4	3687-3691	rose	_	_	_	
26-5	3692-3693	d	_	_	_	
26-6	3693-3694	’	_	_	_	
26-7	3694-3699	Orsay	_	_	_	
26-8	3699-3700	»	_	_	_	
26-9	3700-3701	,	_	_	_	
26-10	3702-3704	il	_	_	_	
26-11	3705-3713	violetto	_	_	_	
26-12	3714-3716	di	_	_	_	
26-13	3717-3723	Pinaud	_	_	_	
26-14	3724-3725	–	_	_	_	
26-15	3726-3727	(	_	_	_	
26-16	3727-3732	Place	_	_	_	
26-17	3733-3740	Vendôme	_	_	_	
26-18	3740-3741	)	_	_	_	
26-19	3742-3744	la	_	_	_	
26-20	3745-3749	rosa	_	_	_	
26-21	3750-3761	centifoglia	_	_	_	
26-22	3761-3762	?	_	_	_	

#Text=Non che le gran dame di Vienna stessa – anche in tempo di crisi – rinunzino alle profumerie francesi.
27-1	3763-3766	Non	_	_	_	
27-2	3767-3770	che	_	_	_	
27-3	3771-3773	le	Perceiver[3]	_	_	
27-4	3774-3778	gran	Perceiver[3]	_	_	
27-5	3779-3783	dame	Perceiver[3]	_	_	
27-6	3784-3786	di	Perceiver[3]	_	_	
27-7	3787-3793	Vienna	Perceiver[3]	_	_	
27-8	3794-3800	stessa	_	_	_	
27-9	3801-3802	–	_	_	_	
27-10	3803-3808	anche	Time[4]	_	_	
27-11	3809-3811	in	Time[4]	_	_	
27-12	3812-3817	tempo	Time[4]	_	_	
27-13	3818-3820	di	Time[4]	_	_	
27-14	3821-3826	crisi	Time[4]	_	_	
27-15	3827-3828	–	_	_	_	
27-16	3829-3838	rinunzino	_	_	_	
27-17	3839-3843	alle	_	_	_	
27-18	3844-3854	profumerie	Smell\_Word[5]|Location[6]	*|*|*|*	27-19[0_5]|27-18[6_5]|27-10[4_5]|27-3[3_5]	
27-19	3855-3863	francesi	Quality	_	_	
27-20	3863-3864	.	_	_	_	

#Text=Ci sono anzi di quelle che urtate dal patriottismo delle altre, ricorrono per reazione al «parfum inconnu» dell’Houbigand di Parigi.
28-1	3865-3867	Ci	_	_	_	
28-2	3868-3872	sono	_	_	_	
28-3	3873-3877	anzi	_	_	_	
28-4	3878-3880	di	_	_	_	
28-5	3881-3887	quelle	_	_	_	
28-6	3888-3891	che	_	_	_	
28-7	3892-3898	urtate	_	_	_	
28-8	3899-3902	dal	_	_	_	
28-9	3903-3915	patriottismo	_	_	_	
28-10	3916-3921	delle	_	_	_	
28-11	3922-3927	altre	_	_	_	
28-12	3927-3928	,	_	_	_	
28-13	3929-3938	ricorrono	_	_	_	
28-14	3939-3942	per	_	_	_	
28-15	3943-3951	reazione	_	_	_	
28-16	3952-3954	al	_	_	_	
28-17	3955-3956	«	_	_	_	
28-18	3956-3962	parfum	_	_	_	
28-19	3963-3970	inconnu	_	_	_	
28-20	3970-3971	»	_	_	_	
28-21	3972-3976	dell	_	_	_	
28-22	3976-3977	’	_	_	_	
28-23	3977-3986	Houbigand	_	_	_	
28-24	3987-3989	di	_	_	_	
28-25	3990-3996	Parigi	_	_	_	
28-26	3996-3997	.	_	_	_	

#Text=C’è poi un altro gruppo il quale fa la parte di mezzo tra il patriottismo o l’internazionalismo.
29-1	3998-3999	C	_	_	_	
29-2	3999-4000	’	_	_	_	
29-3	4000-4001	è	_	_	_	
29-4	4002-4005	poi	_	_	_	
29-5	4006-4008	un	_	_	_	
29-6	4009-4014	altro	_	_	_	
29-7	4015-4021	gruppo	_	_	_	
29-8	4022-4024	il	_	_	_	
29-9	4025-4030	quale	_	_	_	
29-10	4031-4033	fa	_	_	_	
29-11	4034-4036	la	_	_	_	
29-12	4037-4042	parte	_	_	_	
29-13	4043-4045	di	_	_	_	
29-14	4046-4051	mezzo	_	_	_	
29-15	4052-4055	tra	_	_	_	
29-16	4056-4058	il	_	_	_	
29-17	4059-4071	patriottismo	_	_	_	
29-18	4072-4073	o	_	_	_	
29-19	4074-4075	l	_	_	_	
29-20	4075-4076	’	_	_	_	
29-21	4076-4093	internazionalismo	_	_	_	
29-22	4093-4094	.	_	_	_	

#Text=Ah, ah, le pacifiste, soggiunsi io.
30-1	4095-4097	Ah	_	_	_	
30-2	4097-4098	,	_	_	_	
30-3	4099-4101	ah	_	_	_	
30-4	4101-4102	,	_	_	_	
30-5	4103-4105	le	_	_	_	
30-6	4106-4115	pacifiste	_	_	_	
30-7	4115-4116	,	_	_	_	
30-8	4117-4126	soggiunsi	_	_	_	
30-9	4127-4129	io	_	_	_	
30-10	4129-4130	.	_	_	_	

#Text=Precisamente, ed hanno sciolto il problema così: fabbrica francese e marca austriaca «parfum Marie Antoinette»!
31-1	4131-4143	Precisamente	_	_	_	
31-2	4143-4144	,	_	_	_	
31-3	4145-4147	ed	_	_	_	
31-4	4148-4153	hanno	_	_	_	
31-5	4154-4161	sciolto	_	_	_	
31-6	4162-4164	il	_	_	_	
31-7	4165-4173	problema	_	_	_	
31-8	4174-4178	così	_	_	_	
31-9	4178-4179	:	_	_	_	
31-10	4180-4188	fabbrica	_	_	_	
31-11	4189-4197	francese	_	_	_	
31-12	4198-4199	e	_	_	_	
31-13	4200-4205	marca	_	_	_	
31-14	4206-4215	austriaca	_	_	_	
31-15	4216-4217	«	_	_	_	
31-16	4217-4223	parfum	_	_	_	
31-17	4224-4229	Marie	_	_	_	
31-18	4230-4240	Antoinette	_	_	_	
31-19	4240-4241	»	_	_	_	
31-20	4241-4242	!	_	_	_	

#Text=Frattanto, mentre gettavamo così le basi di un nuovo sistema di sociologia, si giungeva in un’altra sala, adorna dei ritratti di diplomatici (ho sorpreso in uno la firma dell’eques Lampi) , e che sta oramai sull’ala vecchia del palazzo.
32-1	4243-4252	Frattanto	_	_	_	
32-2	4252-4253	,	_	_	_	
32-3	4254-4260	mentre	_	_	_	
32-4	4261-4270	gettavamo	_	_	_	
32-5	4271-4275	così	_	_	_	
32-6	4276-4278	le	_	_	_	
32-7	4279-4283	basi	_	_	_	
32-8	4284-4286	di	_	_	_	
32-9	4287-4289	un	_	_	_	
32-10	4290-4295	nuovo	_	_	_	
32-11	4296-4303	sistema	_	_	_	
32-12	4304-4306	di	_	_	_	
32-13	4307-4317	sociologia	_	_	_	
32-14	4317-4318	,	_	_	_	
32-15	4319-4321	si	_	_	_	
32-16	4322-4330	giungeva	_	_	_	
32-17	4331-4333	in	_	_	_	
32-18	4334-4336	un	_	_	_	
32-19	4336-4337	’	_	_	_	
32-20	4337-4342	altra	_	_	_	
32-21	4343-4347	sala	_	_	_	
32-22	4347-4348	,	_	_	_	
32-23	4349-4355	adorna	_	_	_	
32-24	4356-4359	dei	_	_	_	
32-25	4360-4368	ritratti	_	_	_	
32-26	4369-4371	di	_	_	_	
32-27	4372-4383	diplomatici	_	_	_	
32-28	4384-4385	(	_	_	_	
32-29	4385-4387	ho	_	_	_	
32-30	4388-4396	sorpreso	_	_	_	
32-31	4397-4399	in	_	_	_	
32-32	4400-4403	uno	_	_	_	
32-33	4404-4406	la	_	_	_	
32-34	4407-4412	firma	_	_	_	
32-35	4413-4417	dell	_	_	_	
32-36	4417-4418	’	_	_	_	
32-37	4418-4423	eques	_	_	_	
32-38	4424-4429	Lampi	_	_	_	
32-39	4429-4430	)	_	_	_	
32-40	4431-4432	,	_	_	_	
32-41	4433-4434	e	_	_	_	
32-42	4435-4438	che	_	_	_	
32-43	4439-4442	sta	_	_	_	
32-44	4443-4449	oramai	_	_	_	
32-45	4450-4454	sull	_	_	_	
32-46	4454-4455	’	_	_	_	
32-47	4455-4458	ala	_	_	_	
32-48	4459-4466	vecchia	_	_	_	
32-49	4467-4470	del	_	_	_	
32-50	4471-4478	palazzo	_	_	_	
32-51	4478-4479	.	_	_	_	

#Text=Fu qui che venne celebrata qualche festa del famoso congresso del 1815.
33-1	4480-4482	Fu	_	_	_	
33-2	4483-4486	qui	_	_	_	
33-3	4487-4490	che	_	_	_	
33-4	4491-4496	venne	_	_	_	
33-5	4497-4506	celebrata	_	_	_	
33-6	4507-4514	qualche	_	_	_	
33-7	4515-4520	festa	_	_	_	
33-8	4521-4524	del	_	_	_	
33-9	4525-4531	famoso	_	_	_	
33-10	4532-4541	congresso	_	_	_	
33-11	4542-4545	del	_	_	_	
33-12	4546-4550	1815	_	_	_	
33-13	4550-4551	.	_	_	_	

#Text=Il congresso di Vienna!
34-1	4552-4554	Il	_	_	_	
34-2	4555-4564	congresso	_	_	_	
34-3	4565-4567	di	_	_	_	
34-4	4568-4574	Vienna	_	_	_	
34-5	4574-4575	!	_	_	_	

#Text=Quante mutazioni in un periodo così breve.
35-1	4576-4582	Quante	_	_	_	
35-2	4583-4592	mutazioni	_	_	_	
35-3	4593-4595	in	_	_	_	
35-4	4596-4598	un	_	_	_	
35-5	4599-4606	periodo	_	_	_	
35-6	4607-4611	così	_	_	_	
35-7	4612-4617	breve	_	_	_	
35-8	4617-4618	.	_	_	_	

#Text=Che aria diversa da quella di Metternich!
36-1	4619-4622	Che	_	_	_	
36-2	4623-4627	aria	_	_	_	
36-3	4628-4635	diversa	_	_	_	
36-4	4636-4638	da	_	_	_	
36-5	4639-4645	quella	_	_	_	
36-6	4646-4648	di	_	_	_	
36-7	4649-4659	Metternich	_	_	_	
36-8	4659-4660	!	_	_	_	

#Text=Ripensandoci, non pare che il cancelliere d’oggi, il conte Berchtold, abbia dovuto assumere un pochino il posto (l’atteggiamento, non la veste morale) di Talleyrand al congresso di Vienna?
37-1	4661-4673	Ripensandoci	_	_	_	
37-2	4673-4674	,	_	_	_	
37-3	4675-4678	non	_	_	_	
37-4	4679-4683	pare	_	_	_	
37-5	4684-4687	che	_	_	_	
37-6	4688-4690	il	_	_	_	
37-7	4691-4702	cancelliere	_	_	_	
37-8	4703-4704	d	_	_	_	
37-9	4704-4705	’	_	_	_	
37-10	4705-4709	oggi	_	_	_	
37-11	4709-4710	,	_	_	_	
37-12	4711-4713	il	_	_	_	
37-13	4714-4719	conte	_	_	_	
37-14	4720-4729	Berchtold	_	_	_	
37-15	4729-4730	,	_	_	_	
37-16	4731-4736	abbia	_	_	_	
37-17	4737-4743	dovuto	_	_	_	
37-18	4744-4752	assumere	_	_	_	
37-19	4753-4755	un	_	_	_	
37-20	4756-4763	pochino	_	_	_	
37-21	4764-4766	il	_	_	_	
37-22	4767-4772	posto	_	_	_	
37-23	4773-4774	(	_	_	_	
37-24	4774-4775	l	_	_	_	
37-25	4775-4776	’	_	_	_	
37-26	4776-4789	atteggiamento	_	_	_	
37-27	4789-4790	,	_	_	_	
37-28	4791-4794	non	_	_	_	
37-29	4795-4797	la	_	_	_	
37-30	4798-4803	veste	_	_	_	
37-31	4804-4810	morale	_	_	_	
37-32	4810-4811	)	_	_	_	
37-33	4812-4814	di	_	_	_	
37-34	4815-4825	Talleyrand	_	_	_	
37-35	4826-4828	al	_	_	_	
37-36	4829-4838	congresso	_	_	_	
37-37	4839-4841	di	_	_	_	
37-38	4842-4848	Vienna	_	_	_	
37-39	4848-4849	?	_	_	_	

#Text=Talleyrand, dopo il disastro napoleonico, era divenuto legittimista, l’Europa invece sorta in armi per il legittimismo, dopo la vittoria, era diventata conquistatrice. – Il faut que chacun y trouve ses convenances, – diceva lo czar. – Et chacun ses droits, – soggiungeva il ministro francese. – Je garderai ce que j’occupe, ribatteva lo czar. – Votre majestè ne voudra garder que ce qui sera legitimement à elle...
38-1	4850-4860	Talleyrand	_	_	_	
38-2	4860-4861	,	_	_	_	
38-3	4862-4866	dopo	_	_	_	
38-4	4867-4869	il	_	_	_	
38-5	4870-4878	disastro	_	_	_	
38-6	4879-4890	napoleonico	_	_	_	
38-7	4890-4891	,	_	_	_	
38-8	4892-4895	era	_	_	_	
38-9	4896-4904	divenuto	_	_	_	
38-10	4905-4917	legittimista	_	_	_	
38-11	4917-4918	,	_	_	_	
38-12	4919-4920	l	_	_	_	
38-13	4920-4921	’	_	_	_	
38-14	4921-4927	Europa	_	_	_	
38-15	4928-4934	invece	_	_	_	
38-16	4935-4940	sorta	_	_	_	
38-17	4941-4943	in	_	_	_	
38-18	4944-4948	armi	_	_	_	
38-19	4949-4952	per	_	_	_	
38-20	4953-4955	il	_	_	_	
38-21	4956-4968	legittimismo	_	_	_	
38-22	4968-4969	,	_	_	_	
38-23	4970-4974	dopo	_	_	_	
38-24	4975-4977	la	_	_	_	
38-25	4978-4986	vittoria	_	_	_	
38-26	4986-4987	,	_	_	_	
38-27	4988-4991	era	_	_	_	
38-28	4992-5001	diventata	_	_	_	
38-29	5002-5016	conquistatrice	_	_	_	
38-30	5016-5017	.	_	_	_	
38-31	5018-5019	–	_	_	_	
38-32	5020-5022	Il	_	_	_	
38-33	5023-5027	faut	_	_	_	
38-34	5028-5031	que	_	_	_	
38-35	5032-5038	chacun	_	_	_	
38-36	5039-5040	y	_	_	_	
38-37	5041-5047	trouve	_	_	_	
38-38	5048-5051	ses	_	_	_	
38-39	5052-5063	convenances	_	_	_	
38-40	5063-5064	,	_	_	_	
38-41	5065-5066	–	_	_	_	
38-42	5067-5073	diceva	_	_	_	
38-43	5074-5076	lo	_	_	_	
38-44	5077-5081	czar	_	_	_	
38-45	5081-5082	.	_	_	_	
38-46	5083-5084	–	_	_	_	
38-47	5085-5087	Et	_	_	_	
38-48	5088-5094	chacun	_	_	_	
38-49	5095-5098	ses	_	_	_	
38-50	5099-5105	droits	_	_	_	
38-51	5105-5106	,	_	_	_	
38-52	5107-5108	–	_	_	_	
38-53	5109-5120	soggiungeva	_	_	_	
38-54	5121-5123	il	_	_	_	
38-55	5124-5132	ministro	_	_	_	
38-56	5133-5141	francese	_	_	_	
38-57	5141-5142	.	_	_	_	
38-58	5143-5144	–	_	_	_	
38-59	5145-5147	Je	_	_	_	
38-60	5148-5156	garderai	_	_	_	
38-61	5157-5159	ce	_	_	_	
38-62	5160-5163	que	_	_	_	
38-63	5164-5165	j	_	_	_	
38-64	5165-5166	’	_	_	_	
38-65	5166-5172	occupe	_	_	_	
38-66	5172-5173	,	_	_	_	
38-67	5174-5183	ribatteva	_	_	_	
38-68	5184-5186	lo	_	_	_	
38-69	5187-5191	czar	_	_	_	
38-70	5191-5192	.	_	_	_	
38-71	5193-5194	–	_	_	_	
38-72	5195-5200	Votre	_	_	_	
38-73	5201-5208	majestè	_	_	_	
38-74	5209-5211	ne	_	_	_	
38-75	5212-5218	voudra	_	_	_	
38-76	5219-5225	garder	_	_	_	
38-77	5226-5229	que	_	_	_	
38-78	5230-5232	ce	_	_	_	
38-79	5233-5236	qui	_	_	_	
38-80	5237-5241	sera	_	_	_	
38-81	5242-5254	legitimement	_	_	_	
38-82	5255-5256	à	_	_	_	
38-83	5257-5261	elle	_	_	_	
38-84	5261-5262	.	_	_	_	
38-85	5262-5263	.	_	_	_	
38-86	5263-5264	.	_	_	_	

#Text=Je met le droit d’abord et les convenances après. – Les convenances de l’Europe sont le droit, concludeva Alessandro di Russia.
39-1	5265-5267	Je	_	_	_	
39-2	5268-5271	met	_	_	_	
39-3	5272-5274	le	_	_	_	
39-4	5275-5280	droit	_	_	_	
39-5	5281-5282	d	_	_	_	
39-6	5282-5283	’	_	_	_	
39-7	5283-5288	abord	_	_	_	
39-8	5289-5291	et	_	_	_	
39-9	5292-5295	les	_	_	_	
39-10	5296-5307	convenances	_	_	_	
39-11	5308-5313	après	_	_	_	
39-12	5313-5314	.	_	_	_	
39-13	5315-5316	–	_	_	_	
39-14	5317-5320	Les	_	_	_	
39-15	5321-5332	convenances	_	_	_	
39-16	5333-5335	de	_	_	_	
39-17	5336-5337	l	_	_	_	
39-18	5337-5338	’	_	_	_	
39-19	5338-5344	Europe	_	_	_	
39-20	5345-5349	sont	_	_	_	
39-21	5350-5352	le	_	_	_	
39-22	5353-5358	droit	_	_	_	
39-23	5358-5359	,	_	_	_	
39-24	5360-5370	concludeva	_	_	_	
39-25	5371-5381	Alessandro	_	_	_	
39-26	5382-5384	di	_	_	_	
39-27	5385-5391	Russia	_	_	_	
39-28	5391-5392	.	_	_	_	

#Text=Non è un po’ questa la conversazione che si ebbe tutto l’inverno in Europa, dopo la proclamazione dei legittimi interessi fatta da Berchtold alle Delegazioni ed in specie non è questa la discussione fra l’Austria e la Russia?
40-1	5393-5396	Non	_	_	_	
40-2	5397-5398	è	_	_	_	
40-3	5399-5401	un	_	_	_	
40-4	5402-5404	po	_	_	_	
40-5	5404-5405	’	_	_	_	
40-6	5406-5412	questa	_	_	_	
40-7	5413-5415	la	_	_	_	
40-8	5416-5429	conversazione	_	_	_	
40-9	5430-5433	che	_	_	_	
40-10	5434-5436	si	_	_	_	
40-11	5437-5441	ebbe	_	_	_	
40-12	5442-5447	tutto	_	_	_	
40-13	5448-5449	l	_	_	_	
40-14	5449-5450	’	_	_	_	
40-15	5450-5457	inverno	_	_	_	
40-16	5458-5460	in	_	_	_	
40-17	5461-5467	Europa	_	_	_	
40-18	5467-5468	,	_	_	_	
40-19	5469-5473	dopo	_	_	_	
40-20	5474-5476	la	_	_	_	
40-21	5477-5490	proclamazione	_	_	_	
40-22	5491-5494	dei	_	_	_	
40-23	5495-5504	legittimi	_	_	_	
40-24	5505-5514	interessi	_	_	_	
40-25	5515-5520	fatta	_	_	_	
40-26	5521-5523	da	_	_	_	
40-27	5524-5533	Berchtold	_	_	_	
40-28	5534-5538	alle	_	_	_	
40-29	5539-5550	Delegazioni	_	_	_	
40-30	5551-5553	ed	_	_	_	
40-31	5554-5556	in	_	_	_	
40-32	5557-5563	specie	_	_	_	
40-33	5564-5567	non	_	_	_	
40-34	5568-5569	è	_	_	_	
40-35	5570-5576	questa	_	_	_	
40-36	5577-5579	la	_	_	_	
40-37	5580-5591	discussione	_	_	_	
40-38	5592-5595	fra	_	_	_	
40-39	5596-5597	l	_	_	_	
40-40	5597-5598	’	_	_	_	
40-41	5598-5605	Austria	_	_	_	
40-42	5606-5607	e	_	_	_	
40-43	5608-5610	la	_	_	_	
40-44	5611-5617	Russia	_	_	_	
40-45	5617-5618	?	_	_	_	

#Text=E come andrà a finire questa volta?
41-1	5619-5620	E	_	_	_	
41-2	5621-5625	come	_	_	_	
41-3	5626-5631	andrà	_	_	_	
41-4	5632-5633	a	_	_	_	
41-5	5634-5640	finire	_	_	_	
41-6	5641-5647	questa	_	_	_	
41-7	5648-5653	volta	_	_	_	
41-8	5653-5654	?	_	_	_	

#Text=Nessuno lo sa ancora, nessuno può fare il profeta.
42-1	5655-5662	Nessuno	_	_	_	
42-2	5663-5665	lo	_	_	_	
42-3	5666-5668	sa	_	_	_	
42-4	5669-5675	ancora	_	_	_	
42-5	5675-5676	,	_	_	_	
42-6	5677-5684	nessuno	_	_	_	
42-7	5685-5688	può	_	_	_	
42-8	5689-5693	fare	_	_	_	
42-9	5694-5696	il	_	_	_	
42-10	5697-5704	profeta	_	_	_	
42-11	5704-5705	.	_	_	_	

#Text=Ma l’annunzio che le due rivali si sono accordate per ridurre gli armamenti straordinari è già un grande sollievo.
43-1	5706-5708	Ma	_	_	_	
43-2	5709-5710	l	_	_	_	
43-3	5710-5711	’	_	_	_	
43-4	5711-5719	annunzio	_	_	_	
43-5	5720-5723	che	_	_	_	
43-6	5724-5726	le	_	_	_	
43-7	5727-5730	due	_	_	_	
43-8	5731-5737	rivali	_	_	_	
43-9	5738-5740	si	_	_	_	
43-10	5741-5745	sono	_	_	_	
43-11	5746-5755	accordate	_	_	_	
43-12	5756-5759	per	_	_	_	
43-13	5760-5767	ridurre	_	_	_	
43-14	5768-5771	gli	_	_	_	
43-15	5772-5781	armamenti	_	_	_	
43-16	5782-5794	straordinari	_	_	_	
43-17	5795-5796	è	_	_	_	
43-18	5797-5800	già	_	_	_	
43-19	5801-5803	un	_	_	_	
43-20	5804-5810	grande	_	_	_	
43-21	5811-5819	sollievo	_	_	_	
43-22	5819-5820	.	_	_	_	

#Text=I cosacchi si ritirano dal territorio di confine, ecco la sostanza della notizia, per cui si ricerca affannosamente la formola.
44-1	5821-5822	I	_	_	_	
44-2	5823-5831	cosacchi	_	_	_	
44-3	5832-5834	si	_	_	_	
44-4	5835-5843	ritirano	_	_	_	
44-5	5844-5847	dal	_	_	_	
44-6	5848-5858	territorio	_	_	_	
44-7	5859-5861	di	_	_	_	
44-8	5862-5869	confine	_	_	_	
44-9	5869-5870	,	_	_	_	
44-10	5871-5875	ecco	_	_	_	
44-11	5876-5878	la	_	_	_	
44-12	5879-5887	sostanza	_	_	_	
44-13	5888-5893	della	_	_	_	
44-14	5894-5901	notizia	_	_	_	
44-15	5901-5902	,	_	_	_	
44-16	5903-5906	per	_	_	_	
44-17	5907-5910	cui	_	_	_	
44-18	5911-5913	si	_	_	_	
44-19	5914-5921	ricerca	_	_	_	
44-20	5922-5936	affannosamente	_	_	_	
44-21	5937-5939	la	_	_	_	
44-22	5940-5947	formola	_	_	_	
44-23	5947-5948	.	_	_	_	

#Text=I cosacchi, il cui urrà vittorioso faceva un tempo gelare il sangue tra il riso e le feste, e il cui scalpitare dei cavalli riscosse ora troppo spesso dal sonno le sentinelle della frontiera galiziana.
45-1	5949-5950	I	_	_	_	
45-2	5951-5959	cosacchi	_	_	_	
45-3	5959-5960	,	_	_	_	
45-4	5961-5963	il	_	_	_	
45-5	5964-5967	cui	_	_	_	
45-6	5968-5972	urrà	_	_	_	
45-7	5973-5983	vittorioso	_	_	_	
45-8	5984-5990	faceva	_	_	_	
45-9	5991-5993	un	_	_	_	
45-10	5994-5999	tempo	_	_	_	
45-11	6000-6006	gelare	_	_	_	
45-12	6007-6009	il	_	_	_	
45-13	6010-6016	sangue	_	_	_	
45-14	6017-6020	tra	_	_	_	
45-15	6021-6023	il	_	_	_	
45-16	6024-6028	riso	_	_	_	
45-17	6029-6030	e	_	_	_	
45-18	6031-6033	le	_	_	_	
45-19	6034-6039	feste	_	_	_	
45-20	6039-6040	,	_	_	_	
45-21	6041-6042	e	_	_	_	
45-22	6043-6045	il	_	_	_	
45-23	6046-6049	cui	_	_	_	
45-24	6050-6060	scalpitare	_	_	_	
45-25	6061-6064	dei	_	_	_	
45-26	6065-6072	cavalli	_	_	_	
45-27	6073-6081	riscosse	_	_	_	
45-28	6082-6085	ora	_	_	_	
45-29	6086-6092	troppo	_	_	_	
45-30	6093-6099	spesso	_	_	_	
45-31	6100-6103	dal	_	_	_	
45-32	6104-6109	sonno	_	_	_	
45-33	6110-6112	le	_	_	_	
45-34	6113-6123	sentinelle	_	_	_	
45-35	6124-6129	della	_	_	_	
45-36	6130-6139	frontiera	_	_	_	
45-37	6140-6149	galiziana	_	_	_	
45-38	6149-6150	.	_	_	_	

#Text=Bisogna aver visto quest’ambiente suggestionato dall’allarme di tutti i giorni e l’ansia delle famiglie dei richiamati, per comprendere il mutamento d’oggi.
46-1	6151-6158	Bisogna	_	_	_	
46-2	6159-6163	aver	_	_	_	
46-3	6164-6169	visto	_	_	_	
46-4	6170-6175	quest	_	_	_	
46-5	6175-6176	’	_	_	_	
46-6	6176-6184	ambiente	_	_	_	
46-7	6185-6198	suggestionato	_	_	_	
46-8	6199-6203	dall	_	_	_	
46-9	6203-6204	’	_	_	_	
46-10	6204-6211	allarme	_	_	_	
46-11	6212-6214	di	_	_	_	
46-12	6215-6220	tutti	_	_	_	
46-13	6221-6222	i	_	_	_	
46-14	6223-6229	giorni	_	_	_	
46-15	6230-6231	e	_	_	_	
46-16	6232-6233	l	_	_	_	
46-17	6233-6234	’	_	_	_	
46-18	6234-6239	ansia	_	_	_	
46-19	6240-6245	delle	_	_	_	
46-20	6246-6254	famiglie	_	_	_	
46-21	6255-6258	dei	_	_	_	
46-22	6259-6269	richiamati	_	_	_	
46-23	6269-6270	,	_	_	_	
46-24	6271-6274	per	_	_	_	
46-25	6275-6286	comprendere	_	_	_	
46-26	6287-6289	il	_	_	_	
46-27	6290-6299	mutamento	_	_	_	
46-28	6300-6301	d	_	_	_	
46-29	6301-6302	’	_	_	_	
46-30	6302-6306	oggi	_	_	_	
46-31	6306-6307	.	_	_	_	

#Text=Godiamone anche noi, benché il pericolo ci fosse meno vicino ed il miglioramento sia quindi meno sentito.
47-1	6308-6317	Godiamone	_	_	_	
47-2	6318-6323	anche	_	_	_	
47-3	6324-6327	noi	_	_	_	
47-4	6327-6328	,	_	_	_	
47-5	6329-6335	benché	_	_	_	
47-6	6336-6338	il	_	_	_	
47-7	6339-6347	pericolo	_	_	_	
47-8	6348-6350	ci	_	_	_	
47-9	6351-6356	fosse	_	_	_	
47-10	6357-6361	meno	_	_	_	
47-11	6362-6368	vicino	_	_	_	
47-12	6369-6371	ed	_	_	_	
47-13	6372-6374	il	_	_	_	
47-14	6375-6388	miglioramento	_	_	_	
47-15	6389-6392	sia	_	_	_	
47-16	6393-6399	quindi	_	_	_	
47-17	6400-6404	meno	_	_	_	
47-18	6405-6412	sentito	_	_	_	
47-19	6412-6413	.	_	_	_	

#Text=Non si sa mai, che non venga anche la nostra volta?
48-1	6414-6417	Non	_	_	_	
48-2	6418-6420	si	_	_	_	
48-3	6421-6423	sa	_	_	_	
48-4	6424-6427	mai	_	_	_	
48-5	6427-6428	,	_	_	_	
48-6	6429-6432	che	_	_	_	
48-7	6433-6436	non	_	_	_	
48-8	6437-6442	venga	_	_	_	
48-9	6443-6448	anche	_	_	_	
48-10	6449-6451	la	_	_	_	
48-11	6452-6458	nostra	_	_	_	
48-12	6459-6464	volta	_	_	_	
48-13	6464-6465	?	_	_	_	

#Text=Fatta la pace colla Russia, si fissano i confini dell’Albania, si scioglie la questione della ferrovia orientale, si spartisce Diacova e si costruisce il corridoio dalla Serbia al mare.
49-1	6466-6471	Fatta	_	_	_	
49-2	6472-6474	la	_	_	_	
49-3	6475-6479	pace	_	_	_	
49-4	6480-6485	colla	_	_	_	
49-5	6486-6492	Russia	_	_	_	
49-6	6492-6493	,	_	_	_	
49-7	6494-6496	si	_	_	_	
49-8	6497-6504	fissano	_	_	_	
49-9	6505-6506	i	_	_	_	
49-10	6507-6514	confini	_	_	_	
49-11	6515-6519	dell	_	_	_	
49-12	6519-6520	’	_	_	_	
49-13	6520-6527	Albania	_	_	_	
49-14	6527-6528	,	_	_	_	
49-15	6529-6531	si	_	_	_	
49-16	6532-6540	scioglie	_	_	_	
49-17	6541-6543	la	_	_	_	
49-18	6544-6553	questione	_	_	_	
49-19	6554-6559	della	_	_	_	
49-20	6560-6568	ferrovia	_	_	_	
49-21	6569-6578	orientale	_	_	_	
49-22	6578-6579	,	_	_	_	
49-23	6580-6582	si	_	_	_	
49-24	6583-6592	spartisce	_	_	_	
49-25	6593-6600	Diacova	_	_	_	
49-26	6601-6602	e	_	_	_	
49-27	6603-6605	si	_	_	_	
49-28	6606-6616	costruisce	_	_	_	
49-29	6617-6619	il	_	_	_	
49-30	6620-6629	corridoio	_	_	_	
49-31	6630-6635	dalla	_	_	_	
49-32	6636-6642	Serbia	_	_	_	
49-33	6643-6645	al	_	_	_	
49-34	6646-6650	mare	_	_	_	
49-35	6650-6651	.	_	_	_	

#Text=Ebbene che si spiccino!
50-1	6652-6658	Ebbene	_	_	_	
50-2	6659-6662	che	_	_	_	
50-3	6663-6665	si	_	_	_	
50-4	6666-6674	spiccino	_	_	_	
50-5	6674-6675	!	_	_	_	

#Text=Io penso sempre che dopo la linea Monastir- Salonicco verrà la ferrovia di Fiemme, e dopo il corridoio serbo l’acquedotto di Canal S.
51-1	6676-6678	Io	_	_	_	
51-2	6679-6684	penso	_	_	_	
51-3	6685-6691	sempre	_	_	_	
51-4	6692-6695	che	_	_	_	
51-5	6696-6700	dopo	_	_	_	
51-6	6701-6703	la	_	_	_	
51-7	6704-6709	linea	_	_	_	
51-8	6710-6718	Monastir	_	_	_	
51-9	6718-6719	-	_	_	_	
51-10	6720-6729	Salonicco	_	_	_	
51-11	6730-6735	verrà	_	_	_	
51-12	6736-6738	la	_	_	_	
51-13	6739-6747	ferrovia	_	_	_	
51-14	6748-6750	di	_	_	_	
51-15	6751-6757	Fiemme	_	_	_	
51-16	6757-6758	,	_	_	_	
51-17	6759-6760	e	_	_	_	
51-18	6761-6765	dopo	_	_	_	
51-19	6766-6768	il	_	_	_	
51-20	6769-6778	corridoio	_	_	_	
51-21	6779-6784	serbo	_	_	_	
51-22	6785-6786	l	_	_	_	
51-23	6786-6787	’	_	_	_	
51-24	6787-6797	acquedotto	_	_	_	
51-25	6798-6800	di	_	_	_	
51-26	6801-6806	Canal	_	_	_	
51-27	6807-6808	S	_	_	_	
51-28	6808-6809	.	_	_	_	

#Text=Bovo.
52-1	6810-6814	Bovo	_	_	_	
52-2	6814-6815	.	_	_	_	

#Text=Con questo augurio e con tali speranze nel cuore, ricavate logicamente dalla momentanea situazione internazionale, abbiamo abbandonato ieri sera la gran festa.
53-1	6816-6819	Con	_	_	_	
53-2	6820-6826	questo	_	_	_	
53-3	6827-6834	augurio	_	_	_	
53-4	6835-6836	e	_	_	_	
53-5	6837-6840	con	_	_	_	
53-6	6841-6845	tali	_	_	_	
53-7	6846-6854	speranze	_	_	_	
53-8	6855-6858	nel	_	_	_	
53-9	6859-6864	cuore	_	_	_	
53-10	6864-6865	,	_	_	_	
53-11	6866-6874	ricavate	_	_	_	
53-12	6875-6886	logicamente	_	_	_	
53-13	6887-6892	dalla	_	_	_	
53-14	6893-6903	momentanea	_	_	_	
53-15	6904-6914	situazione	_	_	_	
53-16	6915-6929	internazionale	_	_	_	
53-17	6929-6930	,	_	_	_	
53-18	6931-6938	abbiamo	_	_	_	
53-19	6939-6950	abbandonato	_	_	_	
53-20	6951-6955	ieri	_	_	_	
53-21	6956-6960	sera	_	_	_	
53-22	6961-6963	la	_	_	_	
53-23	6964-6968	gran	_	_	_	
53-24	6969-6974	festa	_	_	_	
53-25	6974-6975	.	_	_	_	

#Text=Ed oggi Vienna, con sguardo triste sull’ultimo semestre di attività parlamentare, sospirando col salmista: Heu mihi, quia incolatus meus prolungatus est!
54-1	6976-6978	Ed	_	_	_	
54-2	6979-6983	oggi	_	_	_	
54-3	6984-6990	Vienna	_	_	_	
54-4	6990-6991	,	_	_	_	
54-5	6992-6995	con	_	_	_	
54-6	6996-7003	sguardo	_	_	_	
54-7	7004-7010	triste	_	_	_	
54-8	7011-7015	sull	_	_	_	
54-9	7015-7016	’	_	_	_	
54-10	7016-7022	ultimo	_	_	_	
54-11	7023-7031	semestre	_	_	_	
54-12	7032-7034	di	_	_	_	
54-13	7035-7043	attività	_	_	_	
54-14	7044-7056	parlamentare	_	_	_	
54-15	7056-7057	,	_	_	_	
54-16	7058-7068	sospirando	_	_	_	
54-17	7069-7072	col	_	_	_	
54-18	7073-7081	salmista	_	_	_	
54-19	7081-7082	:	_	_	_	
54-20	7083-7086	Heu	_	_	_	
54-21	7087-7091	mihi	_	_	_	
54-22	7091-7092	,	_	_	_	
54-23	7093-7097	quia	_	_	_	
54-24	7098-7107	incolatus	_	_	_	
54-25	7108-7112	meus	_	_	_	
54-26	7113-7124	prolungatus	_	_	_	
54-27	7125-7128	est	_	_	_	
54-28	7128-7129	!	_	_	_	

#Text=Habitavi cum habitantibus Cedar .
55-1	7130-7138	Habitavi	_	_	_	
55-2	7139-7142	cum	_	_	_	
55-3	7143-7155	habitantibus	_	_	_	
55-4	7156-7161	Cedar	_	_	_	
55-5	7162-7163	.	_	_	_	

#Text=Vienna, 11
56-1	7164-7170	Vienna	_	_	_	
56-2	7170-7171	,	_	_	_	
56-3	7172-7174	11	_	_	_	
