#FORMAT=WebAnno TSV 3.3
#T_SP=custom.Span|label
#T_RL=custom.Relation|label|BT_custom.Span


#Text=Le musc
#Text=\r
#Text=Substance animale, de couleur- brune, qu'on trouve dans une poche située sous le ventre du ruminant appelé chevrotin porte-musc, originaire des montagnes de la Chine, du Tonquin, du Thibet et de la Tartane.
1-1	0-2	Le	_	_	_	
1-2	3-7	musc	_	_	_	
1-3	10-19	Substance	_	_	_	
1-4	20-27	animale	_	_	_	
1-5	27-28	,	_	_	_	
1-6	29-31	de	_	_	_	
1-7	32-39	couleur	_	_	_	
1-8	39-40	-	_	_	_	
1-9	41-46	brune	_	_	_	
1-10	46-47	,	_	_	_	
1-11	48-53	qu'on	_	_	_	
1-12	54-60	trouve	_	_	_	
1-13	61-65	dans	_	_	_	
1-14	66-69	une	_	_	_	
1-15	70-75	poche	_	_	_	
1-16	76-82	située	_	_	_	
1-17	83-87	sous	_	_	_	
1-18	88-90	le	_	_	_	
1-19	91-97	ventre	_	_	_	
1-20	98-100	du	_	_	_	
1-21	101-109	ruminant	_	_	_	
1-22	110-116	appelé	_	_	_	
1-23	117-126	chevrotin	_	_	_	
1-24	127-137	porte-musc	_	_	_	
1-25	137-138	,	_	_	_	
1-26	139-149	originaire	_	_	_	
1-27	150-153	des	_	_	_	
1-28	154-163	montagnes	_	_	_	
1-29	164-166	de	_	_	_	
1-30	167-169	la	_	_	_	
1-31	170-175	Chine	_	_	_	
1-32	175-176	,	_	_	_	
1-33	177-179	du	_	_	_	
1-34	180-187	Tonquin	_	_	_	
1-35	187-188	,	_	_	_	
1-36	189-191	du	_	_	_	
1-37	192-198	Thibet	_	_	_	
1-38	199-201	et	_	_	_	
1-39	202-204	de	_	_	_	
1-40	205-207	la	_	_	_	
1-41	208-215	Tartane	_	_	_	
1-42	215-216	.	_	_	_	

#Text=Le musc est une des substances odoriférantes les plu-, fortes, les plus persistantes; son odeur s'attache à toutes les matières qui se trouvent dans son voisinage.
2-1	217-219	Le	_	_	_	
2-2	220-224	musc	Smell\_Source	Anaphoric	2-18	
2-3	225-228	est	_	_	_	
2-4	229-232	une	_	_	_	
2-5	233-236	des	_	_	_	
2-6	237-247	substances	_	_	_	
2-7	248-261	odoriférantes	Smell\_Word[1]|Quality[2]	*|*|*	2-2[0_1]|2-8[3_1]|2-14[4_1]	
2-8	262-265	les	Quality[3]	_	_	
2-9	266-269	plu	Quality[3]	_	_	
2-10	269-270	-	Quality[3]	_	_	
2-11	270-271	,	Quality[3]	_	_	
2-12	272-278	fortes	Quality[3]	_	_	
2-13	278-279	,	_	_	_	
2-14	280-283	les	Quality[4]	_	_	
2-15	284-288	plus	Quality[4]	_	_	
2-16	289-301	persistantes	Quality[4]	_	_	
2-17	301-302	;	_	_	_	
2-18	303-306	son	Smell\_Source	_	_	
2-19	307-312	odeur	Smell\_Word	*	2-18	
2-20	313-322	s'attache	_	_	_	
2-21	323-324	à	_	_	_	
2-22	325-331	toutes	_	_	_	
2-23	332-335	les	_	_	_	
2-24	336-344	matières	_	_	_	
2-25	345-348	qui	_	_	_	
2-26	349-351	se	_	_	_	
2-27	352-360	trouvent	_	_	_	
2-28	361-365	dans	_	_	_	
2-29	366-369	son	_	_	_	
2-30	370-379	voisinage	_	_	_	
2-31	379-380	.	_	_	_	

#Text=Dans les affections spasmodiques, lorsqu'on donne le musc en potion a l'intérieur, il s'exhale à travers les pores de la peau et imprègne la transpiration d'une odeur musquée.
3-1	381-385	Dans	_	_	_	
3-2	386-389	les	_	_	_	
3-3	390-400	affections	_	_	_	
3-4	401-413	spasmodiques	_	_	_	
3-5	413-414	,	_	_	_	
3-6	415-424	lorsqu'on	Circumstances[5]	_	_	
3-7	425-430	donne	Circumstances[5]	_	_	
3-8	431-433	le	Circumstances[5]	_	_	
3-9	434-438	musc	Circumstances[5]	_	_	
3-10	439-441	en	Circumstances[5]	_	_	
3-11	442-448	potion	Circumstances[5]	_	_	
3-12	449-450	a	Circumstances[5]	_	_	
3-13	451-462	l'intérieur	Circumstances[5]	_	_	
3-14	462-463	,	_	_	_	
3-15	464-466	il	_	_	_	
3-16	467-475	s'exhale	_	_	_	
3-17	476-477	à	_	_	_	
3-18	478-485	travers	_	_	_	
3-19	486-489	les	_	_	_	
3-20	490-495	pores	_	_	_	
3-21	496-498	de	_	_	_	
3-22	499-501	la	_	_	_	
3-23	502-506	peau	_	_	_	
3-24	507-509	et	_	_	_	
3-25	510-518	imprègne	_	_	_	
3-26	519-521	la	_	_	_	
3-27	522-535	transpiration	Odour\_Carrier	_	_	
3-28	536-541	d'une	_	_	_	
3-29	542-547	odeur	Smell\_Word	*|*|*	3-30|3-27|3-6[5_0]	
3-30	548-555	musquée	Smell\_Source	_	_	
3-31	555-556	.	_	_	_	

#Text=On prétend que l'odeur du musc, sur l'animal vivant, est si violente que les chasseurs sont saisis de saignements de nez, s'ils négligent certaines précautions en dépouillant le chevrotin de sa poche.
4-1	557-559	On	_	_	_	
4-2	560-567	prétend	_	_	_	
4-3	568-571	que	_	_	_	
4-4	572-579	l'odeur	Smell\_Word	*|*|*	4-6|4-14|4-16[6_0]	
4-5	580-582	du	_	_	_	
4-6	583-587	musc	Smell\_Source	_	_	
4-7	587-588	,	_	_	_	
4-8	589-592	sur	_	_	_	
4-9	593-601	l'animal	_	_	_	
4-10	602-608	vivant	_	_	_	
4-11	608-609	,	_	_	_	
4-12	610-613	est	_	_	_	
4-13	614-616	si	_	_	_	
4-14	617-625	violente	Quality	_	_	
4-15	626-629	que	_	_	_	
4-16	630-633	les	Effect[6]	_	_	
4-17	634-643	chasseurs	Effect[6]	_	_	
4-18	644-648	sont	Effect[6]	_	_	
4-19	649-655	saisis	Effect[6]	_	_	
4-20	656-658	de	Effect[6]	_	_	
4-21	659-670	saignements	Effect[6]	_	_	
4-22	671-673	de	Effect[6]	_	_	
4-23	674-677	nez	Effect[6]	_	_	
4-24	677-678	,	_	_	_	
4-25	679-684	s'ils	_	_	_	
4-26	685-694	négligent	_	_	_	
4-27	695-704	certaines	_	_	_	
4-28	705-716	précautions	_	_	_	
4-29	717-719	en	_	_	_	
4-30	720-731	dépouillant	_	_	_	
4-31	732-734	le	_	_	_	
4-32	735-744	chevrotin	_	_	_	
4-33	745-747	de	_	_	_	
4-34	748-750	sa	_	_	_	
4-35	751-756	poche	_	_	_	
4-36	756-757	.	_	_	_	

#Text=Le musc jouit de la singulière propriété de perdre son odeur lorsqu'il est mélangé avec le lait de chaux, le sirop d'orgeat, l'eau de laurier-cerise, le seigle ergoté, l'huile de moutarde, le soufre doré, etc. ; le kermès lui enlève son odeur et lui donne celle d'ognon.
5-1	761-763	Le	_	_	_	
5-2	764-768	musc	Smell\_Source	Anaphoric	5-10	
5-3	769-774	jouit	_	_	_	
5-4	775-777	de	_	_	_	
5-5	778-780	la	_	_	_	
5-6	781-791	singulière	_	_	_	
5-7	792-801	propriété	_	_	_	
5-8	802-804	de	_	_	_	
5-9	805-811	perdre	_	_	_	
5-10	812-815	son	Smell\_Source	Anaphoric	5-48	
5-11	816-821	odeur	Smell\_Word	*	5-10	
5-12	822-831	lorsqu'il	_	_	_	
5-13	832-835	est	_	_	_	
5-14	836-843	mélangé	_	_	_	
5-15	844-848	avec	_	_	_	
5-16	849-851	le	_	_	_	
5-17	852-856	lait	_	_	_	
5-18	857-859	de	_	_	_	
5-19	860-865	chaux	_	_	_	
5-20	865-866	,	_	_	_	
5-21	867-869	le	_	_	_	
5-22	870-875	sirop	_	_	_	
5-23	876-884	d'orgeat	_	_	_	
5-24	884-885	,	_	_	_	
5-25	886-891	l'eau	_	_	_	
5-26	892-894	de	_	_	_	
5-27	895-909	laurier-cerise	_	_	_	
5-28	909-910	,	_	_	_	
5-29	911-913	le	_	_	_	
5-30	914-920	seigle	_	_	_	
5-31	921-927	ergoté	_	_	_	
5-32	927-928	,	_	_	_	
5-33	929-936	l'huile	_	_	_	
5-34	937-939	de	_	_	_	
5-35	940-948	moutarde	_	_	_	
5-36	948-949	,	_	_	_	
5-37	950-952	le	_	_	_	
5-38	953-959	soufre	_	_	_	
5-39	960-964	doré	_	_	_	
5-40	964-965	,	_	_	_	
5-41	966-969	etc	_	_	_	
5-42	969-970	.	_	_	_	
5-43	971-972	;	_	_	_	
5-44	973-975	le	_	_	_	
5-45	976-982	kermès	_	_	_	
5-46	983-986	lui	_	_	_	
5-47	987-993	enlève	_	_	_	
5-48	994-997	son	Smell\_Source	_	_	
5-49	998-1003	odeur	Smell\_Word	*|Anaphoric	5-48|5-53	
5-50	1004-1006	et	_	_	_	
5-51	1007-1010	lui	_	_	_	
5-52	1011-1016	donne	_	_	_	
5-53	1017-1022	celle	Smell\_Word	*	5-54	
5-54	1023-1030	d'ognon	Evoked\_Odorant	_	_	
5-55	1030-1031	.	_	_	_	

#Text=De nouvelles expériences feraient découvrit, une foule d'autres combinaisons.
6-1	1032-1034	De	_	_	_	
6-2	1035-1044	nouvelles	_	_	_	
6-3	1045-1056	expériences	_	_	_	
6-4	1057-1065	feraient	_	_	_	
6-5	1066-1075	découvrit	_	_	_	
6-6	1075-1076	,	_	_	_	
6-7	1077-1080	une	_	_	_	
6-8	1081-1086	foule	_	_	_	
6-9	1087-1095	d'autres	_	_	_	
6-10	1096-1108	combinaisons	_	_	_	
6-11	1108-1109	.	_	_	_	

#Text=La composition chimique du musc n'est pas encore bien connue; on croit qu'il se rapproche de la nature des alcalis volatils, comme dans les vins et les fruits musqués.
7-1	1113-1115	La	_	_	_	
7-2	1116-1127	composition	_	_	_	
7-3	1128-1136	chimique	_	_	_	
7-4	1137-1139	du	_	_	_	
7-5	1140-1144	musc	_	_	_	
7-6	1145-1150	n'est	_	_	_	
7-7	1151-1154	pas	_	_	_	
7-8	1155-1161	encore	_	_	_	
7-9	1162-1166	bien	_	_	_	
7-10	1167-1173	connue	_	_	_	
7-11	1173-1174	;	_	_	_	
7-12	1175-1177	on	_	_	_	
7-13	1178-1183	croit	_	_	_	
7-14	1184-1189	qu'il	_	_	_	
7-15	1190-1192	se	_	_	_	
7-16	1193-1202	rapproche	_	_	_	
7-17	1203-1205	de	_	_	_	
7-18	1206-1208	la	_	_	_	
7-19	1209-1215	nature	_	_	_	
7-20	1216-1219	des	_	_	_	
7-21	1220-1227	alcalis	_	_	_	
7-22	1228-1236	volatils	_	_	_	
7-23	1236-1237	,	_	_	_	
7-24	1238-1243	comme	_	_	_	
7-25	1244-1248	dans	_	_	_	
7-26	1249-1252	les	_	_	_	
7-27	1253-1257	vins	_	_	_	
7-28	1258-1260	et	_	_	_	
7-29	1261-1264	les	_	_	_	
7-30	1265-1271	fruits	_	_	_	
7-31	1272-1279	musqués	_	_	_	
7-32	1279-1280	.	_	_	_	

#Text=Néanmoins la chimie est déjà parvenue à composer une sorte de musc artificiel.
8-1	1281-1290	Néanmoins	_	_	_	
8-2	1291-1293	la	_	_	_	
8-3	1294-1300	chimie	_	_	_	
8-4	1301-1304	est	_	_	_	
8-5	1305-1309	déjà	_	_	_	
8-6	1310-1318	parvenue	_	_	_	
8-7	1319-1320	à	_	_	_	
8-8	1321-1329	composer	_	_	_	
8-9	1330-1333	une	_	_	_	
8-10	1334-1339	sorte	_	_	_	
8-11	1340-1342	de	_	_	_	
8-12	1343-1347	musc	_	_	_	
8-13	1348-1358	artificiel	_	_	_	
8-14	1358-1359	.	_	_	_	

#Text=En Allemagne, on fabrique, depuis quelque temps, un musc artificiel en traitant une partie d'huile de succin par quatre parties d'acide azotique.
9-1	1363-1365	En	_	_	_	
9-2	1366-1375	Allemagne	_	_	_	
9-3	1375-1376	,	_	_	_	
9-4	1377-1379	on	_	_	_	
9-5	1380-1388	fabrique	_	_	_	
9-6	1388-1389	,	_	_	_	
9-7	1390-1396	depuis	_	_	_	
9-8	1397-1404	quelque	_	_	_	
9-9	1405-1410	temps	_	_	_	
9-10	1410-1411	,	_	_	_	
9-11	1412-1414	un	_	_	_	
9-12	1415-1419	musc	_	_	_	
9-13	1420-1430	artificiel	_	_	_	
9-14	1431-1433	en	_	_	_	
9-15	1434-1442	traitant	_	_	_	
9-16	1443-1446	une	_	_	_	
9-17	1447-1453	partie	_	_	_	
9-18	1454-1461	d'huile	_	_	_	
9-19	1462-1464	de	_	_	_	
9-20	1465-1471	succin	_	_	_	
9-21	1472-1475	par	_	_	_	
9-22	1476-1482	quatre	_	_	_	
9-23	1483-1490	parties	_	_	_	
9-24	1491-1498	d'acide	_	_	_	
9-25	1499-1507	azotique	_	_	_	
9-26	1507-1508	.	_	_	_	

#Text=On obtient une espèce de résine jaune à odeur musquée.
10-1	1509-1511	On	_	_	_	
10-2	1512-1519	obtient	_	_	_	
10-3	1520-1523	une	Smell\_Source[7]	_	_	
10-4	1524-1530	espèce	Smell\_Source[7]	_	_	
10-5	1531-1533	de	Smell\_Source[7]	_	_	
10-6	1534-1540	résine	Smell\_Source[7]	_	_	
10-7	1541-1546	jaune	_	_	_	
10-8	1547-1548	à	_	_	_	
10-9	1549-1554	odeur	Smell\_Word	*|*	10-10|10-3[7_0]	
10-10	1555-1562	musquée	Evoked\_Odorant	_	_	
10-11	1562-1563	.	_	_	_	

#Text=L'odeur musquée, nommée aussi ambrosiaque, se rencontre chez l'homme et chez plusieurs animaux.
11-1	1567-1574	L'odeur	Smell\_Word	*|*|*	11-2|11-14[8_0]|11-11	
11-2	1575-1582	musquée	Evoked\_Odorant	_	_	
11-3	1582-1583	,	_	_	_	
11-4	1584-1590	nommée	_	_	_	
11-5	1591-1596	aussi	_	_	_	
11-6	1597-1608	ambrosiaque	_	_	_	
11-7	1608-1609	,	_	_	_	
11-8	1610-1612	se	_	_	_	
11-9	1613-1622	rencontre	_	_	_	
11-10	1623-1627	chez	_	_	_	
11-11	1628-1635	l'homme	Smell\_Source	_	_	
11-12	1636-1638	et	_	_	_	
11-13	1639-1643	chez	_	_	_	
11-14	1644-1653	plusieurs	Smell\_Source[8]	_	_	
11-15	1654-1661	animaux	Smell\_Source[8]	_	_	
11-16	1661-1662	.	_	_	_	

#Text=Alexandre le Grand et le savant Halter avaient la transpiration musquée. — Les bœufs musqués, les buffles, les musaraignes, plusieurs espèces de rats, les cerfs, les antilopes et beaucoup d'autres animaux répandent une odeur de musc à l'époque du rut. — Parmi les oiseaux, la chouette, le canard, le pélican; — chez les reptiles, quelques serpents, le crocodile et diverses tortues sontent le musc; — beaucoup d'insectes sont dans le même cas. — Une foule de plantes possèdent l'odeur du musc à des degrés différents. — Enfin, les excréments«de quelques animaux, tels que la fouine, la vache, etc., exhalent une odeur musquée; les vidanges mêmes, traitées par des agents chimiques, donnent également une odeur analogue à celle du musc, d'où l'on peut conclure que la chimie perfectionnera un jour la fabrication du musc artificiel.
12-1	1663-1672	Alexandre	Odour\_Carrier[9]	_	_	
12-2	1673-1675	le	Odour\_Carrier[9]	_	_	
12-3	1676-1681	Grand	Odour\_Carrier[9]	_	_	
12-4	1682-1684	et	_	_	_	
12-5	1685-1687	le	Odour\_Carrier[10]	_	_	
12-6	1688-1694	savant	Odour\_Carrier[10]	_	_	
12-7	1695-1701	Halter	Odour\_Carrier[10]	_	_	
12-8	1702-1709	avaient	_	_	_	
12-9	1710-1712	la	_	_	_	
12-10	1713-1726	transpiration	Smell\_Source[11]|Smell\_Word[12]	*|*|*|*	12-11[0_12]|12-10[11_12]|12-5[10_12]|12-1[9_12]	
12-11	1727-1734	musquée	Evoked\_Odorant	_	_	
12-12	1734-1735	.	_	_	_	
12-13	1736-1737	—	_	_	_	
12-14	1738-1741	Les	_	_	_	
12-15	1742-1747	bœufs	Smell\_Source[13]	_	_	
12-16	1748-1755	musqués	Smell\_Source[13]	_	_	
12-17	1755-1756	,	_	_	_	
12-18	1757-1760	les	_	_	_	
12-19	1761-1768	buffles	Smell\_Source	_	_	
12-20	1768-1769	,	_	_	_	
12-21	1770-1773	les	_	_	_	
12-22	1774-1785	musaraignes	Smell\_Source	_	_	
12-23	1785-1786	,	_	_	_	
12-24	1787-1796	plusieurs	Smell\_Source[14]	_	_	
12-25	1797-1804	espèces	Smell\_Source[14]	_	_	
12-26	1805-1807	de	Smell\_Source[14]	_	_	
12-27	1808-1812	rats	Smell\_Source[14]	_	_	
12-28	1812-1813	,	_	_	_	
12-29	1814-1817	les	_	_	_	
12-30	1818-1823	cerfs	Smell\_Source	_	_	
12-31	1823-1824	,	_	_	_	
12-32	1825-1828	les	_	_	_	
12-33	1829-1838	antilopes	Smell\_Source	_	_	
12-34	1839-1841	et	_	_	_	
12-35	1842-1850	beaucoup	Smell\_Source[15]	_	_	
12-36	1851-1859	d'autres	Smell\_Source[15]	_	_	
12-37	1860-1867	animaux	Smell\_Source[15]	_	_	
12-38	1868-1877	répandent	_	_	_	
12-39	1878-1881	une	_	_	_	
12-40	1882-1887	odeur	Smell\_Word	*|*|*|*|*|*|*|*|*	12-42|12-19|12-35[15_0]|12-22|12-30|12-24[14_0]|12-33|12-15[13_0]|12-43[16_0]	
12-41	1888-1890	de	_	_	_	
12-42	1891-1895	musc	Evoked\_Odorant	_	_	
12-43	1896-1897	à	Circumstances[16]	_	_	
12-44	1898-1906	l'époque	Circumstances[16]	_	_	
12-45	1907-1909	du	Circumstances[16]	_	_	
12-46	1910-1913	rut	Circumstances[16]	_	_	
12-47	1913-1914	.	_	_	_	
12-48	1915-1916	—	_	_	_	
12-49	1917-1922	Parmi	_	_	_	
12-50	1923-1926	les	_	_	_	
12-51	1927-1934	oiseaux	_	_	_	
12-52	1934-1935	,	_	_	_	
12-53	1936-1938	la	_	_	_	
12-54	1939-1947	chouette	_	_	_	
12-55	1947-1948	,	_	_	_	
12-56	1949-1951	le	_	_	_	
12-57	1952-1958	canard	_	_	_	
12-58	1958-1959	,	_	_	_	
12-59	1960-1962	le	_	_	_	
12-60	1963-1970	pélican	_	_	_	
12-61	1970-1971	;	_	_	_	
12-62	1972-1973	—	_	_	_	
12-63	1974-1978	chez	_	_	_	
12-64	1979-1982	les	_	_	_	
12-65	1983-1991	reptiles	_	_	_	
12-66	1991-1992	,	_	_	_	
12-67	1993-2001	quelques	_	_	_	
12-68	2002-2010	serpents	_	_	_	
12-69	2010-2011	,	_	_	_	
12-70	2012-2014	le	_	_	_	
12-71	2015-2024	crocodile	_	_	_	
12-72	2025-2027	et	_	_	_	
12-73	2028-2036	diverses	_	_	_	
12-74	2037-2044	tortues	_	_	_	
12-75	2045-2052	sontent	_	_	_	
12-76	2053-2055	le	_	_	_	
12-77	2056-2060	musc	_	_	_	
12-78	2060-2061	;	_	_	_	
12-79	2062-2063	—	_	_	_	
12-80	2064-2072	beaucoup	_	_	_	
12-81	2073-2083	d'insectes	_	_	_	
12-82	2084-2088	sont	_	_	_	
12-83	2089-2093	dans	_	_	_	
12-84	2094-2096	le	_	_	_	
12-85	2097-2101	même	_	_	_	
12-86	2102-2105	cas	_	_	_	
12-87	2105-2106	.	_	_	_	
12-88	2107-2108	—	_	_	_	
12-89	2109-2112	Une	_	_	_	
12-90	2113-2118	foule	Smell\_Source[17]	_	_	
12-91	2119-2121	de	Smell\_Source[17]	_	_	
12-92	2122-2129	plantes	Smell\_Source[17]	_	_	
12-93	2130-2139	possèdent	_	_	_	
12-94	2140-2147	l'odeur	Smell\_Word	*|*	12-96|12-90[17_0]	
12-95	2148-2150	du	_	_	_	
12-96	2151-2155	musc	Evoked\_Odorant	_	_	
12-97	2156-2157	à	_	_	_	
12-98	2158-2161	des	_	_	_	
12-99	2162-2168	degrés	_	_	_	
12-100	2169-2179	différents	_	_	_	
12-101	2179-2180	.	_	_	_	
12-102	2181-2182	—	_	_	_	
12-103	2183-2188	Enfin	_	_	_	
12-104	2188-2189	,	_	_	_	
12-105	2190-2193	les	_	_	_	
12-106	2194-2204	excréments	Smell\_Source[18]	_	_	
12-107	2204-2205	«	Smell\_Source[18]	_	_	
12-108	2205-2207	de	Smell\_Source[18]	_	_	
12-109	2208-2216	quelques	Smell\_Source[18]	_	_	
12-110	2217-2224	animaux	Smell\_Source[18]	_	_	
12-111	2224-2225	,	_	_	_	
12-112	2226-2230	tels	_	_	_	
12-113	2231-2234	que	_	_	_	
12-114	2235-2237	la	_	_	_	
12-115	2238-2244	fouine	_	_	_	
12-116	2244-2245	,	_	_	_	
12-117	2246-2248	la	_	_	_	
12-118	2249-2254	vache	_	_	_	
12-119	2254-2255	,	_	_	_	
12-120	2256-2259	etc	_	_	_	
12-121	2259-2260	.	_	_	_	
12-122	2260-2261	,	_	_	_	
12-123	2262-2270	exhalent	_	_	_	
12-124	2271-2274	une	_	_	_	
12-125	2275-2280	odeur	Smell\_Word	*|*	12-126|12-106[18_0]	
12-126	2281-2288	musquée	Evoked\_Odorant	_	_	
12-127	2288-2289	;	_	_	_	
12-128	2290-2293	les	_	_	_	
12-129	2294-2302	vidanges	Smell\_Source[19]	_	_	
12-130	2303-2308	mêmes	Smell\_Source[19]	_	_	
12-131	2308-2309	,	_	_	_	
12-132	2310-2318	traitées	Circumstances[20]	_	_	
12-133	2319-2322	par	Circumstances[20]	_	_	
12-134	2323-2326	des	Circumstances[20]	_	_	
12-135	2327-2333	agents	Circumstances[20]	_	_	
12-136	2334-2343	chimiques	Circumstances[20]	_	_	
12-137	2343-2344	,	_	_	_	
12-138	2345-2352	donnent	_	_	_	
12-139	2353-2362	également	_	_	_	
12-140	2363-2366	une	_	_	_	
12-141	2367-2372	odeur	Smell\_Word	Anaphoric|*|*	12-144|12-129[19_0]|12-132[20_0]	
12-142	2373-2381	analogue	_	_	_	
12-143	2382-2383	à	_	_	_	
12-144	2384-2389	celle	Smell\_Word	*	12-146	
12-145	2390-2392	du	_	_	_	
12-146	2393-2397	musc	Evoked\_Odorant	_	_	
12-147	2397-2398	,	_	_	_	
12-148	2399-2403	d'où	_	_	_	
12-149	2404-2408	l'on	_	_	_	
12-150	2409-2413	peut	_	_	_	
12-151	2414-2422	conclure	_	_	_	
12-152	2423-2426	que	_	_	_	
12-153	2427-2429	la	_	_	_	
12-154	2430-2436	chimie	_	_	_	
12-155	2437-2451	perfectionnera	_	_	_	
12-156	2452-2454	un	_	_	_	
12-157	2455-2459	jour	_	_	_	
12-158	2460-2462	la	_	_	_	
12-159	2463-2474	fabrication	_	_	_	
12-160	2475-2477	du	_	_	_	
12-161	2478-2482	musc	_	_	_	
12-162	2483-2493	artificiel	_	_	_	
12-163	2493-2494	.	_	_	_	

#Text=Le musc s'emploie rarement seul; son odeur pénétrante et très-tenace peut affecter les nerfs, causer des défaillances et quelquefois des convulsions; mais ce parfum, étant mélangé, en très-petite quantité, avec d'autres substances, telles que l'ambre, J'ambrette, la lavande, etc., perd sa violence et devient agréable à l'odorat.
13-1	2498-2500	Le	_	_	_	
13-2	2501-2505	musc	Smell\_Source	Anaphoric	13-7	
13-3	2506-2515	s'emploie	_	_	_	
13-4	2516-2524	rarement	_	_	_	
13-5	2525-2529	seul	_	_	_	
13-6	2529-2530	;	_	_	_	
13-7	2531-2534	son	Smell\_Source	_	_	
13-8	2535-2540	odeur	Smell\_Word	*|*|*|*|*|*	13-7|13-9|13-23|13-17[22_0]|13-13[21_0]|13-11	
13-9	2541-2551	pénétrante	Quality	_	_	
13-10	2552-2554	et	_	_	_	
13-11	2555-2566	très-tenace	Quality	_	_	
13-12	2567-2571	peut	_	_	_	
13-13	2572-2580	affecter	Effect[21]	_	_	
13-14	2581-2584	les	Effect[21]	_	_	
13-15	2585-2590	nerfs	Effect[21]	_	_	
13-16	2590-2591	,	_	_	_	
13-17	2592-2598	causer	Effect[22]	_	_	
13-18	2599-2602	des	Effect[22]	_	_	
13-19	2603-2615	défaillances	Effect[22]	_	_	
13-20	2616-2618	et	_	_	_	
13-21	2619-2630	quelquefois	_	_	_	
13-22	2631-2634	des	_	_	_	
13-23	2635-2646	convulsions	Effect	_	_	
13-24	2646-2647	;	_	_	_	
13-25	2648-2652	mais	_	_	_	
13-26	2653-2655	ce	_	_	_	
13-27	2656-2662	parfum	Smell\_Word	*|*|*|*	13-57|13-29[23_0]|13-52[24_0]|13-7	
13-28	2662-2663	,	_	_	_	
13-29	2664-2669	étant	Circumstances[23]	_	_	
13-30	2670-2677	mélangé	Circumstances[23]	_	_	
13-31	2677-2678	,	Circumstances[23]	_	_	
13-32	2679-2681	en	Circumstances[23]	_	_	
13-33	2682-2693	très-petite	Circumstances[23]	_	_	
13-34	2694-2702	quantité	Circumstances[23]	_	_	
13-35	2702-2703	,	_	_	_	
13-36	2704-2708	avec	_	_	_	
13-37	2709-2717	d'autres	_	_	_	
13-38	2718-2728	substances	_	_	_	
13-39	2728-2729	,	_	_	_	
13-40	2730-2736	telles	_	_	_	
13-41	2737-2740	que	_	_	_	
13-42	2741-2748	l'ambre	_	_	_	
13-43	2748-2749	,	_	_	_	
13-44	2750-2760	J'ambrette	_	_	_	
13-45	2760-2761	,	_	_	_	
13-46	2762-2764	la	_	_	_	
13-47	2765-2772	lavande	_	_	_	
13-48	2772-2773	,	_	_	_	
13-49	2774-2777	etc	_	_	_	
13-50	2777-2778	.	_	_	_	
13-51	2778-2779	,	_	_	_	
13-52	2780-2784	perd	Quality[24]	_	_	
13-53	2785-2787	sa	Quality[24]	_	_	
13-54	2788-2796	violence	Quality[24]	_	_	
13-55	2797-2799	et	_	_	_	
13-56	2800-2807	devient	_	_	_	
13-57	2808-2816	agréable	Quality	_	_	
13-58	2817-2818	à	_	_	_	
13-59	2819-2827	l'odorat	_	_	_	
13-60	2827-2828	.	_	_	_	
