#FORMAT=WebAnno TSV 3.3
#T_SP=custom.Span|label
#T_RL=custom.Relation|label|BT_custom.Span


#Text=LES ODEURS DE MONTAUBAN\r
#Text=\r
#Text=Le Ruisseau Lagarrigue considéré au point de vue de la santé publique.
1-1	0-3	LES	_	_	_	
1-2	4-10	ODEURS	Smell\_Word	*	1-4	
1-3	11-13	DE	_	_	_	
1-4	14-23	MONTAUBAN	Location	_	_	
1-5	27-29	Le	_	_	_	
1-6	30-38	Ruisseau	_	_	_	
1-7	39-49	Lagarrigue	_	_	_	
1-8	50-59	considéré	_	_	_	
1-9	60-62	au	_	_	_	
1-10	63-68	point	_	_	_	
1-11	69-71	de	_	_	_	
1-12	72-75	vue	_	_	_	
1-13	76-78	de	_	_	_	
1-14	79-81	la	_	_	_	
1-15	82-87	santé	_	_	_	
1-16	88-96	publique	_	_	_	
1-17	96-97	.	_	_	_	

#Text=On croit généralement que l'hygiène publique prenant son point d'appui sur les sciences physiques, a pour but de conserver la santé des populations ; on se trompe : cette branche de la médecine n'existe pas, et il faut chercher la véritable hygiène dans les livres cabalistiques et dans les vieux grimoires.
2-1	101-103	On	_	_	_	
2-2	104-109	croit	_	_	_	
2-3	110-122	généralement	_	_	_	
2-4	123-126	que	_	_	_	
2-5	127-136	l'hygiène	_	_	_	
2-6	137-145	publique	_	_	_	
2-7	146-153	prenant	_	_	_	
2-8	154-157	son	_	_	_	
2-9	158-163	point	_	_	_	
2-10	164-171	d'appui	_	_	_	
2-11	172-175	sur	_	_	_	
2-12	176-179	les	_	_	_	
2-13	180-188	sciences	_	_	_	
2-14	189-198	physiques	_	_	_	
2-15	198-199	,	_	_	_	
2-16	200-201	a	_	_	_	
2-17	202-206	pour	_	_	_	
2-18	207-210	but	_	_	_	
2-19	211-213	de	_	_	_	
2-20	214-223	conserver	_	_	_	
2-21	224-226	la	_	_	_	
2-22	227-232	santé	_	_	_	
2-23	233-236	des	_	_	_	
2-24	237-248	populations	_	_	_	
2-25	249-250	;	_	_	_	
2-26	251-253	on	_	_	_	
2-27	254-256	se	_	_	_	
2-28	257-263	trompe	_	_	_	
2-29	264-265	:	_	_	_	
2-30	266-271	cette	_	_	_	
2-31	272-279	branche	_	_	_	
2-32	280-282	de	_	_	_	
2-33	283-285	la	_	_	_	
2-34	286-294	médecine	_	_	_	
2-35	295-303	n'existe	_	_	_	
2-36	304-307	pas	_	_	_	
2-37	307-308	,	_	_	_	
2-38	309-311	et	_	_	_	
2-39	312-314	il	_	_	_	
2-40	315-319	faut	_	_	_	
2-41	320-328	chercher	_	_	_	
2-42	329-331	la	_	_	_	
2-43	332-341	véritable	_	_	_	
2-44	342-349	hygiène	_	_	_	
2-45	350-354	dans	_	_	_	
2-46	355-358	les	_	_	_	
2-47	359-365	livres	_	_	_	
2-48	366-379	cabalistiques	_	_	_	
2-49	380-382	et	_	_	_	
2-50	383-387	dans	_	_	_	
2-51	388-391	les	_	_	_	
2-52	392-397	vieux	_	_	_	
2-53	398-407	grimoires	_	_	_	
2-54	407-408	.	_	_	_	

#Text=Etes-vous passé quelquefois sur le Fort ou sur le Pont de la rue Lagarrigue, sans parler d'autres lieux, et principalement pendant les mois chauds et caniculaires ?
3-1	412-421	Etes-vous	_	_	_	
3-2	422-427	passé	_	_	_	
3-3	428-439	quelquefois	_	_	_	
3-4	440-443	sur	_	_	_	
3-5	444-446	le	_	_	_	
3-6	447-451	Fort	_	_	_	
3-7	452-454	ou	_	_	_	
3-8	455-458	sur	_	_	_	
3-9	459-461	le	_	_	_	
3-10	462-466	Pont	_	_	_	
3-11	467-469	de	_	_	_	
3-12	470-472	la	_	_	_	
3-13	473-476	rue	_	_	_	
3-14	477-487	Lagarrigue	_	_	_	
3-15	487-488	,	_	_	_	
3-16	489-493	sans	_	_	_	
3-17	494-500	parler	_	_	_	
3-18	501-509	d'autres	_	_	_	
3-19	510-515	lieux	_	_	_	
3-20	515-516	,	_	_	_	
3-21	517-519	et	_	_	_	
3-22	520-534	principalement	_	_	_	
3-23	535-542	pendant	_	_	_	
3-24	543-546	les	_	_	_	
3-25	547-551	mois	_	_	_	
3-26	552-558	chauds	_	_	_	
3-27	559-561	et	_	_	_	
3-28	562-574	caniculaires	_	_	_	
3-29	575-576	?	_	_	_	

#Text=Si vous y êtes passé, je n'ai qu'à réveiller vos souvenirs à cet endroit pour reconnaître vos impressions aux contractions de vos narines et à votre bouche fermée comme avec un cadenas.
4-1	577-579	Si	_	_	_	
4-2	580-584	vous	_	_	_	
4-3	585-586	y	_	_	_	
4-4	587-591	êtes	_	_	_	
4-5	592-597	passé	_	_	_	
4-6	597-598	,	_	_	_	
4-7	599-601	je	_	_	_	
4-8	602-606	n'ai	_	_	_	
4-9	607-611	qu'à	_	_	_	
4-10	612-621	réveiller	_	_	_	
4-11	622-625	vos	_	_	_	
4-12	626-635	souvenirs	_	_	_	
4-13	636-637	à	_	_	_	
4-14	638-641	cet	_	_	_	
4-15	642-649	endroit	_	_	_	
4-16	650-654	pour	_	_	_	
4-17	655-666	reconnaître	_	_	_	
4-18	667-670	vos	_	_	_	
4-19	671-682	impressions	_	_	_	
4-20	683-686	aux	_	_	_	
4-21	687-699	contractions	_	_	_	
4-22	700-702	de	_	_	_	
4-23	703-706	vos	_	_	_	
4-24	707-714	narines	_	_	_	
4-25	715-717	et	_	_	_	
4-26	718-719	à	_	_	_	
4-27	720-725	votre	_	_	_	
4-28	726-732	bouche	_	_	_	
4-29	733-739	fermée	_	_	_	
4-30	740-745	comme	_	_	_	
4-31	746-750	avec	_	_	_	
4-32	751-753	un	_	_	_	
4-33	754-761	cadenas	_	_	_	
4-34	761-762	.	_	_	_	

#Text=Cette Dame d'un certain embonpoint qui passe très rapidement sur l'un de ces ponts, et qui croit éviter ou du moins atténuer par ce moyen ce que ces odeurs ont d'acre et de fétide, ignore que les muscles inspirateurs de sa poitrine développent une plus grande puissance d'assimilation, et qu'elle avale tout jusqu'à la plante des pieds, gomme dirait le Coupeau de M.
5-1	763-768	Cette	_	_	_	
5-2	769-773	Dame	Perceiver[1]	_	_	
5-3	774-778	d'un	Perceiver[1]	_	_	
5-4	779-786	certain	Perceiver[1]	_	_	
5-5	787-797	embonpoint	Perceiver[1]	_	_	
5-6	798-801	qui	_	_	_	
5-7	802-807	passe	Circumstances[2]	_	_	
5-8	808-812	très	Circumstances[2]	_	_	
5-9	813-823	rapidement	Circumstances[2]	_	_	
5-10	824-827	sur	_	_	_	
5-11	828-832	l'un	Location[3]	_	_	
5-12	833-835	de	Location[3]	_	_	
5-13	836-839	ces	Location[3]	_	_	
5-14	840-845	ponts	Location[3]	_	_	
5-15	845-846	,	_	_	_	
5-16	847-849	et	_	_	_	
5-17	850-853	qui	_	_	_	
5-18	854-859	croit	_	_	_	
5-19	860-866	éviter	_	_	_	
5-20	867-869	ou	_	_	_	
5-21	870-872	du	_	_	_	
5-22	873-878	moins	_	_	_	
5-23	879-887	atténuer	_	_	_	
5-24	888-891	par	_	_	_	
5-25	892-894	ce	_	_	_	
5-26	895-900	moyen	_	_	_	
5-27	901-903	ce	_	_	_	
5-28	904-907	que	_	_	_	
5-29	908-911	ces	_	_	_	
5-30	912-918	odeurs	Smell\_Word	*|*|*|*|*	5-32|5-35|5-2[1_0]|5-7[2_0]|5-11[3_0]	
5-31	919-922	ont	_	_	_	
5-32	923-929	d'acre	Quality	_	_	
5-33	930-932	et	_	_	_	
5-34	933-935	de	_	_	_	
5-35	936-942	fétide	Quality	_	_	
5-36	942-943	,	_	_	_	
5-37	944-950	ignore	_	_	_	
5-38	951-954	que	_	_	_	
5-39	955-958	les	_	_	_	
5-40	959-966	muscles	_	_	_	
5-41	967-979	inspirateurs	_	_	_	
5-42	980-982	de	_	_	_	
5-43	983-985	sa	_	_	_	
5-44	986-994	poitrine	_	_	_	
5-45	995-1006	développent	_	_	_	
5-46	1007-1010	une	_	_	_	
5-47	1011-1015	plus	_	_	_	
5-48	1016-1022	grande	_	_	_	
5-49	1023-1032	puissance	_	_	_	
5-50	1033-1047	d'assimilation	_	_	_	
5-51	1047-1048	,	_	_	_	
5-52	1049-1051	et	_	_	_	
5-53	1052-1059	qu'elle	_	_	_	
5-54	1060-1065	avale	_	_	_	
5-55	1066-1070	tout	_	_	_	
5-56	1071-1078	jusqu'à	_	_	_	
5-57	1079-1081	la	_	_	_	
5-58	1082-1088	plante	_	_	_	
5-59	1089-1092	des	_	_	_	
5-60	1093-1098	pieds	_	_	_	
5-61	1098-1099	,	_	_	_	
5-62	1100-1105	gomme	_	_	_	
5-63	1106-1112	dirait	_	_	_	
5-64	1113-1115	le	_	_	_	
5-65	1116-1123	Coupeau	_	_	_	
5-66	1124-1126	de	_	_	_	
5-67	1127-1128	M	_	_	_	
5-68	1128-1129	.	_	_	_	

#Text=Zola ; Cette autre plus jeune et d'une coquetterie recherchée étale un mouchoir parfumé d'ambre ou de patchouli, et se persuade que ces odeurs vont neutraliser les vapeurs malfaisantes du ruisseau ; elle se trompe encore : ce mélange ne les dénature pas et leur laisse quelque chose qui n'a de nom dans 'aucune langue.
6-1	1130-1134	Zola	_	_	_	
6-2	1135-1136	;	_	_	_	
6-3	1137-1142	Cette	Perceiver[4]	_	_	
6-4	1143-1148	autre	Perceiver[4]	_	_	
6-5	1149-1153	plus	Perceiver[4]	_	_	
6-6	1154-1159	jeune	Perceiver[4]	_	_	
6-7	1160-1162	et	Perceiver[4]	_	_	
6-8	1163-1168	d'une	Perceiver[4]	_	_	
6-9	1169-1180	coquetterie	Perceiver[4]	_	_	
6-10	1181-1191	recherchée	Perceiver[4]	_	_	
6-11	1192-1197	étale	_	_	_	
6-12	1198-1200	un	_	_	_	
6-13	1201-1209	mouchoir	Odour\_Carrier	_	_	
6-14	1210-1217	parfumé	Smell\_Word	*|*|*|*|*	6-18|6-15|6-13|6-3[4_0]|6-27[5_0]	
6-15	1218-1225	d'ambre	Smell\_Source	_	_	
6-16	1226-1228	ou	_	_	_	
6-17	1229-1231	de	_	_	_	
6-18	1232-1241	patchouli	Smell\_Source	_	_	
6-19	1241-1242	,	_	_	_	
6-20	1243-1245	et	_	_	_	
6-21	1246-1248	se	_	_	_	
6-22	1249-1257	persuade	_	_	_	
6-23	1258-1261	que	_	_	_	
6-24	1262-1265	ces	_	_	_	
6-25	1266-1272	odeurs	Smell\_Word	_	_	
6-26	1273-1277	vont	_	_	_	
6-27	1278-1289	neutraliser	Effect[5]	_	_	
6-28	1290-1293	les	Effect[5]	_	_	
6-29	1294-1301	vapeurs	Effect[5]|Smell\_Word[6]	*|*|*	6-32[8_6]|6-30[7_6]|6-3[4_6]	
6-30	1302-1314	malfaisantes	Effect[5]|Quality[7]	_	_	
6-31	1315-1317	du	Effect[5]	_	_	
6-32	1318-1326	ruisseau	Effect[5]|Smell\_Source[8]	_	_	
6-33	1327-1328	;	_	_	_	
6-34	1329-1333	elle	_	_	_	
6-35	1334-1336	se	_	_	_	
6-36	1337-1343	trompe	_	_	_	
6-37	1344-1350	encore	_	_	_	
6-38	1351-1352	:	_	_	_	
6-39	1353-1355	ce	_	_	_	
6-40	1356-1363	mélange	_	_	_	
6-41	1364-1366	ne	_	_	_	
6-42	1367-1370	les	_	_	_	
6-43	1371-1379	dénature	_	_	_	
6-44	1380-1383	pas	_	_	_	
6-45	1384-1386	et	_	_	_	
6-46	1387-1391	leur	_	_	_	
6-47	1392-1398	laisse	_	_	_	
6-48	1399-1406	quelque	_	_	_	
6-49	1407-1412	chose	_	_	_	
6-50	1413-1416	qui	_	_	_	
6-51	1417-1420	n'a	_	_	_	
6-52	1421-1423	de	_	_	_	
6-53	1424-1427	nom	_	_	_	
6-54	1428-1432	dans	_	_	_	
6-55	1433-1434	'	_	_	_	
6-56	1434-1440	aucune	_	_	_	
6-57	1441-1447	langue	_	_	_	
6-58	1447-1448	.	_	_	_	

#Text=Pourquoi ne pas citer un fait qui m'est personnel?
7-1	1449-1457	Pourquoi	_	_	_	
7-2	1458-1460	ne	_	_	_	
7-3	1461-1464	pas	_	_	_	
7-4	1465-1470	citer	_	_	_	
7-5	1471-1473	un	_	_	_	
7-6	1474-1478	fait	_	_	_	
7-7	1479-1482	qui	_	_	_	
7-8	1483-1488	m'est	_	_	_	
7-9	1489-1498	personnel	_	_	_	
7-10	1498-1499	?	_	_	_	

#Text=Au mois de septembre de l'année dernière, j'aperçus sur le pont du Ruisseau, à l'entrée des Bains, une femme tenant un enfant dans ses bras qui présentait tous les signes d'un véritable narcotisme avec vomissements ; l'air ce jour-là était plus infecté qu'à l'ordinaire; Je conseillai à cette femme de porter au plus vite cet enfant sur la promenade du Plateau ; elle suivit mon conseil et un effet salutaire ne se fit pas très longtemps attendre, puisque depuis cette époque elle me regarde comme un. sorcier, Je lui en fais mon sincère compliment.
8-1	1503-1505	Au	Time[9]	_	_	
8-2	1506-1510	mois	Time[9]	_	_	
8-3	1511-1513	de	Time[9]	_	_	
8-4	1514-1523	septembre	Time[9]	_	_	
8-5	1524-1526	de	Time[9]	_	_	
8-6	1527-1534	l'année	Time[9]	_	_	
8-7	1535-1543	dernière	Time[9]	_	_	
8-8	1543-1544	,	_	_	_	
8-9	1545-1554	j'aperçus	_	_	_	
8-10	1555-1558	sur	_	_	_	
8-11	1559-1561	le	_	_	_	
8-12	1562-1566	pont	Location[10]	_	_	
8-13	1567-1569	du	Location[10]	_	_	
8-14	1570-1578	Ruisseau	Location[10]	_	_	
8-15	1578-1579	,	_	_	_	
8-16	1580-1581	à	Location[11]	_	_	
8-17	1582-1590	l'entrée	Location[11]	_	_	
8-18	1591-1594	des	Location[11]	_	_	
8-19	1595-1600	Bains	Location[11]	_	_	
8-20	1600-1601	,	_	_	_	
8-21	1602-1605	une	_	_	_	
8-22	1606-1611	femme	Perceiver	_	_	
8-23	1612-1618	tenant	_	_	_	
8-24	1619-1621	un	_	_	_	
8-25	1622-1628	enfant	Perceiver	_	_	
8-26	1629-1633	dans	_	_	_	
8-27	1634-1637	ses	_	_	_	
8-28	1638-1642	bras	_	_	_	
8-29	1643-1646	qui	_	_	_	
8-30	1647-1657	présentait	_	_	_	
8-31	1658-1662	tous	_	_	_	
8-32	1663-1666	les	_	_	_	
8-33	1667-1673	signes	Effect[12]	_	_	
8-34	1674-1678	d'un	Effect[12]	_	_	
8-35	1679-1688	véritable	Effect[12]	_	_	
8-36	1689-1699	narcotisme	Effect[12]	_	_	
8-37	1700-1704	avec	Effect[12]	_	_	
8-38	1705-1717	vomissements	Effect[12]	_	_	
8-39	1718-1719	;	_	_	_	
8-40	1720-1725	l'air	Odour\_Carrier	_	_	
8-41	1726-1728	ce	_	_	_	
8-42	1729-1736	jour-là	_	_	_	
8-43	1737-1742	était	_	_	_	
8-44	1743-1747	plus	_	_	_	
8-45	1748-1755	infecté	Smell\_Word	*|*|*|*|*|*|*|*	8-40|8-49|8-12[10_0]|8-1[9_0]|8-16[11_0]|8-22|8-25|8-33[12_0]	
8-46	1756-1760	qu'à	_	_	_	
8-47	1761-1772	l'ordinaire	_	_	_	
8-48	1772-1773	;	_	_	_	
8-49	1774-1776	Je	Perceiver	_	_	
8-50	1777-1787	conseillai	_	_	_	
8-51	1788-1789	à	_	_	_	
8-52	1790-1795	cette	_	_	_	
8-53	1796-1801	femme	_	_	_	
8-54	1802-1804	de	_	_	_	
8-55	1805-1811	porter	_	_	_	
8-56	1812-1814	au	_	_	_	
8-57	1815-1819	plus	_	_	_	
8-58	1820-1824	vite	_	_	_	
8-59	1825-1828	cet	_	_	_	
8-60	1829-1835	enfant	_	_	_	
8-61	1836-1839	sur	_	_	_	
8-62	1840-1842	la	_	_	_	
8-63	1843-1852	promenade	_	_	_	
8-64	1853-1855	du	_	_	_	
8-65	1856-1863	Plateau	_	_	_	
8-66	1864-1865	;	_	_	_	
8-67	1866-1870	elle	_	_	_	
8-68	1871-1877	suivit	_	_	_	
8-69	1878-1881	mon	_	_	_	
8-70	1882-1889	conseil	_	_	_	
8-71	1890-1892	et	_	_	_	
8-72	1893-1895	un	_	_	_	
8-73	1896-1901	effet	_	_	_	
8-74	1902-1911	salutaire	_	_	_	
8-75	1912-1914	ne	_	_	_	
8-76	1915-1917	se	_	_	_	
8-77	1918-1921	fit	_	_	_	
8-78	1922-1925	pas	_	_	_	
8-79	1926-1930	très	_	_	_	
8-80	1931-1940	longtemps	_	_	_	
8-81	1941-1949	attendre	_	_	_	
8-82	1949-1950	,	_	_	_	
8-83	1951-1958	puisque	_	_	_	
8-84	1959-1965	depuis	_	_	_	
8-85	1966-1971	cette	_	_	_	
8-86	1972-1978	époque	_	_	_	
8-87	1979-1983	elle	_	_	_	
8-88	1984-1986	me	_	_	_	
8-89	1987-1994	regarde	_	_	_	
8-90	1995-2000	comme	_	_	_	
8-91	2001-2003	un	_	_	_	
8-92	2003-2004	.	_	_	_	
8-93	2005-2012	sorcier	_	_	_	
8-94	2012-2013	,	_	_	_	
8-95	2014-2016	Je	_	_	_	
8-96	2017-2020	lui	_	_	_	
8-97	2021-2023	en	_	_	_	
8-98	2024-2028	fais	_	_	_	
8-99	2029-2032	mon	_	_	_	
8-100	2033-2040	sincère	_	_	_	
8-101	2041-2051	compliment	_	_	_	
8-102	2051-2052	.	_	_	_	

#Text=Impossible d'échapper à ces émanations qui se transforment aux diverses heures de la journée, mais d'abord qu'elle est leur nature?
9-1	2056-2066	Impossible	_	_	_	
9-2	2067-2077	d'échapper	_	_	_	
9-3	2078-2079	à	_	_	_	
9-4	2080-2083	ces	_	_	_	
9-5	2084-2094	émanations	Smell\_Word	*	9-10[13_0]	
9-6	2095-2098	qui	_	_	_	
9-7	2099-2101	se	_	_	_	
9-8	2102-2114	transforment	_	_	_	
9-9	2115-2118	aux	_	_	_	
9-10	2119-2127	diverses	Time[13]	_	_	
9-11	2128-2134	heures	Time[13]	_	_	
9-12	2135-2137	de	Time[13]	_	_	
9-13	2138-2140	la	Time[13]	_	_	
9-14	2141-2148	journée	Time[13]	_	_	
9-15	2148-2149	,	_	_	_	
9-16	2150-2154	mais	_	_	_	
9-17	2155-2162	d'abord	_	_	_	
9-18	2163-2170	qu'elle	_	_	_	
9-19	2171-2174	est	_	_	_	
9-20	2175-2179	leur	_	_	_	
9-21	2180-2186	nature	_	_	_	
9-22	2186-2187	?	_	_	_	

#Text=de quels éléments son te-lies composées?
10-1	2188-2190	de	_	_	_	
10-2	2191-2196	quels	_	_	_	
10-3	2197-2205	éléments	_	_	_	
10-4	2206-2209	son	_	_	_	
10-5	2210-2217	te-lies	_	_	_	
10-6	2218-2227	composées	_	_	_	
10-7	2227-2228	?	_	_	_	

#Text=d'ou émergent ces produits hétérogènes qui leur donnent cette acreté et ce piment aérien qui vous saisit à la gorge et ne vous quitte que longtemps après ?
11-1	2229-2233	d'ou	_	_	_	
11-2	2234-2242	émergent	_	_	_	
11-3	2243-2246	ces	_	_	_	
11-4	2247-2255	produits	_	_	_	
11-5	2256-2267	hétérogènes	_	_	_	
11-6	2268-2271	qui	_	_	_	
11-7	2272-2276	leur	_	_	_	
11-8	2277-2284	donnent	_	_	_	
11-9	2285-2290	cette	_	_	_	
11-10	2291-2297	acreté	_	_	_	
11-11	2298-2300	et	_	_	_	
11-12	2301-2303	ce	_	_	_	
11-13	2304-2310	piment	_	_	_	
11-14	2311-2317	aérien	_	_	_	
11-15	2318-2321	qui	_	_	_	
11-16	2322-2326	vous	_	_	_	
11-17	2327-2333	saisit	_	_	_	
11-18	2334-2335	à	_	_	_	
11-19	2336-2338	la	_	_	_	
11-20	2339-2344	gorge	_	_	_	
11-21	2345-2347	et	_	_	_	
11-22	2348-2350	ne	_	_	_	
11-23	2351-2355	vous	_	_	_	
11-24	2356-2362	quitte	_	_	_	
11-25	2363-2366	que	_	_	_	
11-26	2367-2376	longtemps	_	_	_	
11-27	2377-2382	après	_	_	_	
11-28	2383-2384	?	_	_	_	

#Text=Pour un chimiste, c'est la production lente d'un acide appelé acide Butyrique et d'autrés acides gras votatils avec formation de carbonate d'ammoniaque en excès.
12-1	2388-2392	Pour	_	_	_	
12-2	2393-2395	un	_	_	_	
12-3	2396-2404	chimiste	_	_	_	
12-4	2404-2405	,	_	_	_	
12-5	2406-2411	c'est	_	_	_	
12-6	2412-2414	la	_	_	_	
12-7	2415-2425	production	_	_	_	
12-8	2426-2431	lente	_	_	_	
12-9	2432-2436	d'un	_	_	_	
12-10	2437-2442	acide	_	_	_	
12-11	2443-2449	appelé	_	_	_	
12-12	2450-2455	acide	_	_	_	
12-13	2456-2465	Butyrique	_	_	_	
12-14	2466-2468	et	_	_	_	
12-15	2469-2477	d'autrés	_	_	_	
12-16	2478-2484	acides	_	_	_	
12-17	2485-2489	gras	_	_	_	
12-18	2490-2498	votatils	_	_	_	
12-19	2499-2503	avec	_	_	_	
12-20	2504-2513	formation	_	_	_	
12-21	2514-2516	de	_	_	_	
12-22	2517-2526	carbonate	_	_	_	
12-23	2527-2539	d'ammoniaque	_	_	_	
12-24	2540-2542	en	_	_	_	
12-25	2543-2548	excès	_	_	_	
12-26	2548-2549	.	_	_	_	
