#FORMAT=WebAnno TSV 3.3
#T_SP=custom.Span|label
#T_RL=custom.Relation|label|BT_custom.Span


#Text=Eïi parcoiarant \\e Mémoires concernant les Chinois , nous âvons vu à la page 226 du 11* voluTue (imprimé en 1786) , que depuis long'tems ce peuple si industrieux , si sage et si versé dans l'agriculture , tire un très-grand parti des vuidauges des latrines établies dans les grandes villes , sur-tout dans celles du nord de l'Empirè.
1-1	0-3	Eïi	_	_	_	
1-2	4-15	parcoiarant	_	_	_	
1-3	16-17	\	_	_	_	
1-4	17-18	e	_	_	_	
1-5	19-27	Mémoires	_	_	_	
1-6	28-38	concernant	_	_	_	
1-7	39-42	les	_	_	_	
1-8	43-50	Chinois	_	_	_	
1-9	51-52	,	_	_	_	
1-10	53-57	nous	_	_	_	
1-11	58-63	âvons	_	_	_	
1-12	64-66	vu	_	_	_	
1-13	67-68	à	_	_	_	
1-14	69-71	la	_	_	_	
1-15	72-76	page	_	_	_	
1-16	77-80	226	_	_	_	
1-17	81-83	du	_	_	_	
1-18	84-86	11	_	_	_	
1-19	86-87	*	_	_	_	
1-20	88-95	voluTue	_	_	_	
1-21	96-97	(	_	_	_	
1-22	97-104	imprimé	_	_	_	
1-23	105-107	en	_	_	_	
1-24	108-112	1786	_	_	_	
1-25	112-113	)	_	_	_	
1-26	114-115	,	_	_	_	
1-27	116-119	que	_	_	_	
1-28	120-126	depuis	_	_	_	
1-29	127-136	long'tems	_	_	_	
1-30	137-139	ce	_	_	_	
1-31	140-146	peuple	_	_	_	
1-32	147-149	si	_	_	_	
1-33	150-161	industrieux	_	_	_	
1-34	162-163	,	_	_	_	
1-35	164-166	si	_	_	_	
1-36	167-171	sage	_	_	_	
1-37	172-174	et	_	_	_	
1-38	175-177	si	_	_	_	
1-39	178-183	versé	_	_	_	
1-40	184-188	dans	_	_	_	
1-41	189-202	l'agriculture	_	_	_	
1-42	203-204	,	_	_	_	
1-43	205-209	tire	_	_	_	
1-44	210-212	un	_	_	_	
1-45	213-223	très-grand	_	_	_	
1-46	224-229	parti	_	_	_	
1-47	230-233	des	_	_	_	
1-48	234-243	vuidauges	_	_	_	
1-49	244-247	des	_	_	_	
1-50	248-256	latrines	_	_	_	
1-51	257-265	établies	_	_	_	
1-52	266-270	dans	_	_	_	
1-53	271-274	les	_	_	_	
1-54	275-282	grandes	_	_	_	
1-55	283-289	villes	_	_	_	
1-56	290-291	,	_	_	_	
1-57	292-300	sur-tout	_	_	_	
1-58	301-305	dans	_	_	_	
1-59	306-312	celles	_	_	_	
1-60	313-315	du	_	_	_	
1-61	316-320	nord	_	_	_	
1-62	321-323	de	_	_	_	
1-63	324-332	l'Empirè	_	_	_	
1-64	332-333	.	_	_	_	

#Text=Les Chinois les emploient de préférence sur les terres froides et humides, et en petite quantité, en les mêlant avec une espèce de craie jaune j ils les réduisent sous forme de galettes ^ pour les transporter dans les prov;indes méridionales.
2-1	334-337	Les	_	_	_	
2-2	338-345	Chinois	_	_	_	
2-3	346-349	les	_	_	_	
2-4	350-359	emploient	_	_	_	
2-5	360-362	de	_	_	_	
2-6	363-373	préférence	_	_	_	
2-7	374-377	sur	_	_	_	
2-8	378-381	les	_	_	_	
2-9	382-388	terres	_	_	_	
2-10	389-396	froides	_	_	_	
2-11	397-399	et	_	_	_	
2-12	400-407	humides	_	_	_	
2-13	407-408	,	_	_	_	
2-14	409-411	et	_	_	_	
2-15	412-414	en	_	_	_	
2-16	415-421	petite	_	_	_	
2-17	422-430	quantité	_	_	_	
2-18	430-431	,	_	_	_	
2-19	432-434	en	_	_	_	
2-20	435-438	les	_	_	_	
2-21	439-445	mêlant	_	_	_	
2-22	446-450	avec	_	_	_	
2-23	451-454	une	_	_	_	
2-24	455-461	espèce	_	_	_	
2-25	462-464	de	_	_	_	
2-26	465-470	craie	_	_	_	
2-27	471-476	jaune	_	_	_	
2-28	477-478	j	_	_	_	
2-29	479-482	ils	_	_	_	
2-30	483-486	les	_	_	_	
2-31	487-496	réduisent	_	_	_	
2-32	497-501	sous	_	_	_	
2-33	502-507	forme	_	_	_	
2-34	508-510	de	_	_	_	
2-35	511-519	galettes	_	_	_	
2-36	520-521	^	_	_	_	
2-37	522-526	pour	_	_	_	
2-38	527-530	les	_	_	_	
2-39	531-542	transporter	_	_	_	
2-40	543-547	dans	_	_	_	
2-41	548-551	les	_	_	_	
2-42	552-556	prov	_	_	_	
2-43	556-557	;	_	_	_	
2-44	557-562	indes	_	_	_	
2-45	563-575	méridionales	_	_	_	
2-46	575-576	.	_	_	_	

#Text=Ce qui étonne dans ce que rapportent les auteurs des mémoires , c'est que , suivant eux , les galettes de poudrette des Chinois ont une odeur de violette.
3-1	577-579	Ce	_	_	_	
3-2	580-583	qui	_	_	_	
3-3	584-590	étonne	_	_	_	
3-4	591-595	dans	_	_	_	
3-5	596-598	ce	_	_	_	
3-6	599-602	que	_	_	_	
3-7	603-613	rapportent	_	_	_	
3-8	614-617	les	_	_	_	
3-9	618-625	auteurs	_	_	_	
3-10	626-629	des	_	_	_	
3-11	630-638	mémoires	_	_	_	
3-12	639-640	,	_	_	_	
3-13	641-646	c'est	_	_	_	
3-14	647-650	que	_	_	_	
3-15	651-652	,	_	_	_	
3-16	653-660	suivant	_	_	_	
3-17	661-664	eux	_	_	_	
3-18	665-666	,	_	_	_	
3-19	667-670	les	_	_	_	
3-20	671-679	galettes	Smell\_Source[1]	_	_	
3-21	680-682	de	Smell\_Source[1]	_	_	
3-22	683-692	poudrette	Smell\_Source[1]	_	_	
3-23	693-696	des	Smell\_Source[1]	_	_	
3-24	697-704	Chinois	Smell\_Source[1]	_	_	
3-25	705-708	ont	_	_	_	
3-26	709-712	une	_	_	_	
3-27	713-718	odeur	Smell\_Word	*|*	3-28[2_0]|3-20[1_0]	
3-28	719-721	de	Evoked\_Odorant[2]	_	_	
3-29	722-730	violette	Evoked\_Odorant[2]	_	_	
3-30	730-731	.	_	_	_	

#Text=Ils insistent sur cette particularité avec d'autant plus de force, qu'ils assurent ne l'avoir cru qu'après avoir été d'une opinion absolument contraire.
4-1	732-735	Ils	_	_	_	
4-2	736-745	insistent	_	_	_	
4-3	746-749	sur	_	_	_	
4-4	750-755	cette	_	_	_	
4-5	756-769	particularité	_	_	_	
4-6	770-774	avec	_	_	_	
4-7	775-783	d'autant	_	_	_	
4-8	784-788	plus	_	_	_	
4-9	789-791	de	_	_	_	
4-10	792-797	force	_	_	_	
4-11	797-798	,	_	_	_	
4-12	799-805	qu'ils	_	_	_	
4-13	806-814	assurent	_	_	_	
4-14	815-817	ne	_	_	_	
4-15	818-825	l'avoir	_	_	_	
4-16	826-829	cru	_	_	_	
4-17	830-838	qu'après	_	_	_	
4-18	839-844	avoir	_	_	_	
4-19	845-848	été	_	_	_	
4-20	849-854	d'une	_	_	_	
4-21	855-862	opinion	_	_	_	
4-22	863-873	absolument	_	_	_	
4-23	874-883	contraire	_	_	_	
4-24	883-884	.	_	_	_	

#Text=Comment les matières des Vuidanges , d'infectes qu'elles sent , peuvent- elles acquérir une odeur suave ?
5-1	885-892	Comment	_	_	_	
5-2	893-896	les	_	_	_	
5-3	897-905	matières	_	_	_	
5-4	906-909	des	_	_	_	
5-5	910-919	Vuidanges	_	_	_	
5-6	920-921	,	_	_	_	
5-7	922-932	d'infectes	_	_	_	
5-8	933-941	qu'elles	_	_	_	
5-9	942-946	sent	_	_	_	
5-10	947-948	,	_	_	_	
5-11	949-956	peuvent	_	_	_	
5-12	956-957	-	_	_	_	
5-13	958-963	elles	_	_	_	
5-14	964-972	acquérir	_	_	_	
5-15	973-976	une	_	_	_	
5-16	977-982	odeur	Smell\_Word	*	5-17	
5-17	983-988	suave	Quality	_	_	
5-18	989-990	?	_	_	_	

#Text=Est-ce à cause du mélange de la craie , et peut - être de quelqu' autre ingrédient , ou par l'effet d'une dessiccation très-longue ?
6-1	991-997	Est-ce	_	_	_	
6-2	998-999	à	_	_	_	
6-3	1000-1005	cause	_	_	_	
6-4	1006-1008	du	_	_	_	
6-5	1009-1016	mélange	_	_	_	
6-6	1017-1019	de	_	_	_	
6-7	1020-1022	la	_	_	_	
6-8	1023-1028	craie	_	_	_	
6-9	1029-1030	,	_	_	_	
6-10	1031-1033	et	_	_	_	
6-11	1034-1038	peut	_	_	_	
6-12	1039-1040	-	_	_	_	
6-13	1041-1045	être	_	_	_	
6-14	1046-1048	de	_	_	_	
6-15	1049-1055	quelqu	_	_	_	
6-16	1055-1056	'	_	_	_	
6-17	1057-1062	autre	_	_	_	
6-18	1063-1073	ingrédient	_	_	_	
6-19	1074-1075	,	_	_	_	
6-20	1076-1078	ou	_	_	_	
6-21	1079-1082	par	_	_	_	
6-22	1083-1090	l'effet	_	_	_	
6-23	1091-1096	d'une	_	_	_	
6-24	1097-1109	dessiccation	_	_	_	
6-25	1110-1121	très-longue	_	_	_	
6-26	1122-1123	?	_	_	_	

#Text=Nous éprouvons bien que la poudrette du citoyen Bride n'a plus la fétidité dé la matière fécale molle , mais loin d'exhaler une odeur agréable, elle en a une d'une autre nature , qui déplaît moins , mais cependant déplaît à Fodorat.
7-1	1124-1128	Nous	_	_	_	
7-2	1129-1138	éprouvons	_	_	_	
7-3	1139-1143	bien	_	_	_	
7-4	1144-1147	que	_	_	_	
7-5	1148-1150	la	Smell\_Source[3]	_	_	
7-6	1151-1160	poudrette	Smell\_Source[3]	_	_	
7-7	1161-1163	du	Smell\_Source[3]	_	_	
7-8	1164-1171	citoyen	Smell\_Source[3]	_	_	
7-9	1172-1177	Bride	Smell\_Source[3]	_	_	
7-10	1178-1181	n'a	_	_	_	
7-11	1182-1186	plus	_	_	_	
7-12	1187-1189	la	Evoked\_Odorant[4]	_	_	
7-13	1190-1198	fétidité	Evoked\_Odorant[4]	_	_	
7-14	1199-1201	dé	Evoked\_Odorant[4]	_	_	
7-15	1202-1204	la	Evoked\_Odorant[4]	_	_	
7-16	1205-1212	matière	Evoked\_Odorant[4]	_	_	
7-17	1213-1219	fécale	Evoked\_Odorant[4]	_	_	
7-18	1220-1225	molle	Evoked\_Odorant[4]	_	_	
7-19	1226-1227	,	_	_	_	
7-20	1228-1232	mais	_	_	_	
7-21	1233-1237	loin	_	_	_	
7-22	1238-1247	d'exhaler	_	_	_	
7-23	1248-1251	une	_	_	_	
7-24	1252-1257	odeur	Smell\_Word	*|*|*	7-5[3_0]|7-12[4_0]|7-25	
7-25	1258-1266	agréable	Quality	_	_	
7-26	1266-1267	,	_	_	_	
7-27	1268-1272	elle	_	_	_	
7-28	1273-1275	en	_	_	_	
7-29	1276-1277	a	_	_	_	
7-30	1278-1281	une	_	_	_	
7-31	1282-1287	d'une	_	_	_	
7-32	1288-1293	autre	_	_	_	
7-33	1294-1300	nature	_	_	_	
7-34	1301-1302	,	_	_	_	
7-35	1303-1306	qui	_	_	_	
7-36	1307-1314	déplaît	_	_	_	
7-37	1315-1320	moins	_	_	_	
7-38	1321-1322	,	_	_	_	
7-39	1323-1327	mais	_	_	_	
7-40	1328-1337	cependant	_	_	_	
7-41	1338-1345	déplaît	_	_	_	
7-42	1346-1347	à	_	_	_	
7-43	1348-1355	Fodorat	_	_	_	
7-44	1355-1356	.	_	_	_	
