#FORMAT=WebAnno TSV 3.3


#Text=The condition of food used and stored upon the premises is a matter of considerable importance and although examination of food is often made, the main responsibility rests upon the manager.
1-1	0-3	The	
1-2	4-13	condition	
1-3	14-16	of	
1-4	17-21	food	
1-5	22-26	used	
1-6	27-30	and	
1-7	31-37	stored	
1-8	38-42	upon	
1-9	43-46	the	
1-10	47-55	premises	
1-11	56-58	is	
1-12	59-60	a	
1-13	61-67	matter	
1-14	68-70	of	
1-15	71-83	considerable	
1-16	84-94	importance	
1-17	95-98	and	
1-18	99-107	although	
1-19	108-119	examination	
1-20	120-122	of	
1-21	123-127	food	
1-22	128-130	is	
1-23	131-136	often	
1-24	137-141	made	
1-25	141-142	,	
1-26	143-146	the	
1-27	147-151	main	
1-28	152-166	responsibility	
1-29	167-172	rests	
1-30	173-177	upon	
1-31	178-181	the	
1-32	182-189	manager	
1-33	189-190	.	

#Text=A difficulty of a subsidiary character is the objection which neighbouring tenants frequently make to the smells of cooking which occasionally arise.
2-1	191-192	A	
2-2	193-203	difficulty	
2-3	204-206	of	
2-4	207-208	a	
2-5	209-219	subsidiary	
2-6	220-229	character	
2-7	230-232	is	
2-8	233-236	the	
2-9	237-246	objection	
2-10	247-252	which	
2-11	253-265	neighbouring	
2-12	266-273	tenants	
2-13	274-284	frequently	
2-14	285-289	make	
2-15	290-292	to	
2-16	293-296	the	
2-17	297-303	smells	
2-18	304-306	of	
2-19	307-314	cooking	
2-20	315-320	which	
2-21	321-333	occasionally	
2-22	334-339	arise	
2-23	339-340	.	

#Text=When the nuisance is caused by the burning of refuse of an offensive nature, perhaps this can be dealt with under the Public Health Acts, but where this is simply a cooking smell and affects personal comfort, perhaps the only remedy is an action at common law by the party affected.
3-1	341-345	When	
3-2	346-349	the	
3-3	350-358	nuisance	
3-4	359-361	is	
3-5	362-368	caused	
3-6	369-371	by	
3-7	372-375	the	
3-8	376-383	burning	
3-9	384-386	of	
3-10	387-393	refuse	
3-11	394-396	of	
3-12	397-399	an	
3-13	400-409	offensive	
3-14	410-416	nature	
3-15	416-417	,	
3-16	418-425	perhaps	
3-17	426-430	this	
3-18	431-434	can	
3-19	435-437	be	
3-20	438-443	dealt	
3-21	444-448	with	
3-22	449-454	under	
3-23	455-458	the	
3-24	459-465	Public	
3-25	466-472	Health	
3-26	473-477	Acts	
3-27	477-478	,	
3-28	479-482	but	
3-29	483-488	where	
3-30	489-493	this	
3-31	494-496	is	
3-32	497-503	simply	
3-33	504-505	a	
3-34	506-513	cooking	
3-35	514-519	smell	
3-36	520-523	and	
3-37	524-531	affects	
3-38	532-540	personal	
3-39	541-548	comfort	
3-40	548-549	,	
3-41	550-557	perhaps	
3-42	558-561	the	
3-43	562-566	only	
3-44	567-573	remedy	
3-45	574-576	is	
3-46	577-579	an	
3-47	580-586	action	
3-48	587-589	at	
3-49	590-596	common	
3-50	597-600	law	
3-51	601-603	by	
3-52	604-607	the	
3-53	608-613	party	
3-54	614-622	affected	
3-55	622-623	.	

#Text=In previous reports attention has been directed to the fact that restaurant kitchens, being workplaces, may be established without notice of any kind being given, in which respect they differ from factories and workshops.
4-1	624-626	In	
4-2	627-635	previous	
4-3	636-643	reports	
4-4	644-653	attention	
4-5	654-657	has	
4-6	658-662	been	
4-7	663-671	directed	
4-8	672-674	to	
4-9	675-678	the	
4-10	679-683	fact	
4-11	684-688	that	
4-12	689-699	restaurant	
4-13	700-708	kitchens	
4-14	708-709	,	
4-15	710-715	being	
4-16	716-726	workplaces	
4-17	726-727	,	
4-18	728-731	may	
4-19	732-734	be	
4-20	735-746	established	
4-21	747-754	without	
4-22	755-761	notice	
4-23	762-764	of	
4-24	765-768	any	
4-25	769-773	kind	
4-26	774-779	being	
4-27	780-785	given	
4-28	785-786	,	
4-29	787-789	in	
4-30	790-795	which	
4-31	796-803	respect	
4-32	804-808	they	
4-33	809-815	differ	
4-34	816-820	from	
4-35	821-830	factories	
4-36	831-834	and	
4-37	835-844	workshops	
4-38	844-845	.	

#Text=It is not necessary either that such places should be registered, although an attempt is made to keep as complete a register as possible of all kitchens known to exist in the City.
5-1	846-848	It	
5-2	849-851	is	
5-3	852-855	not	
5-4	856-865	necessary	
5-5	866-872	either	
5-6	873-877	that	
5-7	878-882	such	
5-8	883-889	places	
5-9	890-896	should	
5-10	897-899	be	
5-11	900-910	registered	
5-12	910-911	,	
5-13	912-920	although	
5-14	921-923	an	
5-15	924-931	attempt	
5-16	932-934	is	
5-17	935-939	made	
5-18	940-942	to	
5-19	943-947	keep	
5-20	948-950	as	
5-21	951-959	complete	
5-22	960-961	a	
5-23	962-970	register	
5-24	971-973	as	
5-25	974-982	possible	
5-26	983-985	of	
5-27	986-989	all	
5-28	990-998	kitchens	
5-29	999-1004	known	
5-30	1005-1007	to	
5-31	1008-1013	exist	
5-32	1014-1016	in	
5-33	1017-1020	the	
5-34	1021-1025	City	
5-35	1025-1026	.	

#Text=It would prove a great advantage to public sanitation if all restaurant kitchens were required to be registered under different conditions of occupation.
6-1	1027-1029	It	
6-2	1030-1035	would	
6-3	1036-1041	prove	
6-4	1042-1043	a	
6-5	1044-1049	great	
6-6	1050-1059	advantage	
6-7	1060-1062	to	
6-8	1063-1069	public	
6-9	1070-1080	sanitation	
6-10	1081-1083	if	
6-11	1084-1087	all	
6-12	1088-1098	restaurant	
6-13	1099-1107	kitchens	
6-14	1108-1112	were	
6-15	1113-1121	required	
6-16	1122-1124	to	
6-17	1125-1127	be	
6-18	1128-1138	registered	
6-19	1139-1144	under	
6-20	1145-1154	different	
6-21	1155-1165	conditions	
6-22	1166-1168	of	
6-23	1169-1179	occupation	
6-24	1179-1180	.	

#Text=These conditions should specify the minimum requirements in respect of the matters set out above.
7-1	1181-1186	These	
7-2	1187-1197	conditions	
7-3	1198-1204	should	
7-4	1205-1212	specify	
7-5	1213-1216	the	
7-6	1217-1224	minimum	
7-7	1225-1237	requirements	
7-8	1238-1240	in	
7-9	1241-1248	respect	
7-10	1249-1251	of	
7-11	1252-1255	the	
7-12	1256-1263	matters	
7-13	1264-1267	set	
7-14	1268-1271	out	
7-15	1272-1277	above	
7-16	1277-1278	.	

#Text=SUGGESTION.
#Text=would suggest that when another Bill is promoted by the Corporation for general purposes that an endeavour be made to obtain additional powers in respect of regulations of kitchens in which food is prepared for consumption by the general public, whether such kitchens are attached to restaurants or to hotels.
8-1	1279-1289	SUGGESTION	
8-2	1289-1290	.	
8-3	1291-1296	would	
8-4	1297-1304	suggest	
8-5	1305-1309	that	
8-6	1310-1314	when	
8-7	1315-1322	another	
8-8	1323-1327	Bill	
8-9	1328-1330	is	
8-10	1331-1339	promoted	
8-11	1340-1342	by	
8-12	1343-1346	the	
8-13	1347-1358	Corporation	
8-14	1359-1362	for	
8-15	1363-1370	general	
8-16	1371-1379	purposes	
8-17	1380-1384	that	
8-18	1385-1387	an	
8-19	1388-1397	endeavour	
8-20	1398-1400	be	
8-21	1401-1405	made	
8-22	1406-1408	to	
8-23	1409-1415	obtain	
8-24	1416-1426	additional	
8-25	1427-1433	powers	
8-26	1434-1436	in	
8-27	1437-1444	respect	
8-28	1445-1447	of	
8-29	1448-1459	regulations	
8-30	1460-1462	of	
8-31	1463-1471	kitchens	
8-32	1472-1474	in	
8-33	1475-1480	which	
8-34	1481-1485	food	
8-35	1486-1488	is	
8-36	1489-1497	prepared	
8-37	1498-1501	for	
8-38	1502-1513	consumption	
8-39	1514-1516	by	
8-40	1517-1520	the	
8-41	1521-1528	general	
8-42	1529-1535	public	
8-43	1535-1536	,	
8-44	1537-1544	whether	
8-45	1545-1549	such	
8-46	1550-1558	kitchens	
8-47	1559-1562	are	
8-48	1563-1571	attached	
8-49	1572-1574	to	
8-50	1575-1586	restaurants	
8-51	1587-1589	or	
8-52	1590-1592	to	
8-53	1593-1599	hotels	
8-54	1599-1600	.	

#Text=Including Inspections made by Sanitary Inspectors or Inspectors of Nuisances.
9-1	1601-1610	Including	
9-2	1611-1622	Inspections	
9-3	1623-1627	made	
9-4	1628-1630	by	
9-5	1631-1639	Sanitary	
9-6	1640-1650	Inspectors	
9-7	1651-1653	or	
9-8	1654-1664	Inspectors	
9-9	1665-1667	of	
9-10	1668-1677	Nuisances	
9-11	1677-1678	.	
