#FORMAT=WebAnno TSV 3.3


#Text=One thing I could not help observing: what befell one of the quacks, who published that he had a most excellent preservative against the plague, which whoever kept about them should never be infected or liable to infection.
1-1	1-4	One	
1-2	5-10	thing	
1-3	11-12	I	
1-4	13-18	could	
1-5	19-22	not	
1-6	23-27	help	
1-7	28-37	observing	
1-8	37-38	:	
1-9	39-43	what	
1-10	44-50	befell	
1-11	51-54	one	
1-12	55-57	of	
1-13	58-61	the	
1-14	62-68	quacks	
1-15	68-69	,	
1-16	70-73	who	
1-17	74-83	published	
1-18	84-88	that	
1-19	89-91	he	
1-20	92-95	had	
1-21	96-97	a	
1-22	98-102	most	
1-23	103-112	excellent	
1-24	113-125	preservative	
1-25	126-133	against	
1-26	134-137	the	
1-27	138-144	plague	
1-28	144-145	,	
1-29	146-151	which	
1-30	152-159	whoever	
1-31	160-164	kept	
1-32	165-170	about	
1-33	171-175	them	
1-34	176-182	should	
1-35	183-188	never	
1-36	189-191	be	
1-37	192-200	infected	
1-38	201-203	or	
1-39	204-210	liable	
1-40	211-213	to	
1-41	214-223	infection	
1-42	223-224	.	

#Text=This man, who, we may reasonably suppose, did not go abroad without some of this excellent preservative in his pocket, yet was taken by the distemper, and carried off in two or three days.
2-1	225-229	This	
2-2	230-233	man	
2-3	233-234	,	
2-4	235-238	who	
2-5	238-239	,	
2-6	240-242	we	
2-7	243-246	may	
2-8	247-257	reasonably	
2-9	258-265	suppose	
2-10	265-266	,	
2-11	267-270	did	
2-12	271-274	not	
2-13	275-277	go	
2-14	278-284	abroad	
2-15	285-292	without	
2-16	293-297	some	
2-17	298-300	of	
2-18	301-305	this	
2-19	306-315	excellent	
2-20	316-328	preservative	
2-21	329-331	in	
2-22	332-335	his	
2-23	336-342	pocket	
2-24	342-343	,	
2-25	344-347	yet	
2-26	348-351	was	
2-27	352-357	taken	
2-28	358-360	by	
2-29	361-364	the	
2-30	365-374	distemper	
2-31	374-375	,	
2-32	376-379	and	
2-33	380-387	carried	
2-34	388-391	off	
2-35	392-394	in	
2-36	395-398	two	
2-37	399-401	or	
2-38	402-407	three	
2-39	408-412	days	
2-40	412-413	.	

#Text=I am not of the number of the physic-haters or physic-despisers; on the contrary, I have often mentioned the regard I had to the dictates of my particular friend Dr Heath; but yet I must acknowledge I made use of little or nothing—except, as I have observed, to keep a preparation of strong scent to have ready, in case I met with anything of offensive smells or went too near any burying-place or dead body.
3-1	417-418	I	
3-2	419-421	am	
3-3	422-425	not	
3-4	426-428	of	
3-5	429-432	the	
3-6	433-439	number	
3-7	440-442	of	
3-8	443-446	the	
3-9	447-460	physic-haters	
3-10	461-463	or	
3-11	464-480	physic-despisers	
3-12	480-481	;	
3-13	482-484	on	
3-14	485-488	the	
3-15	489-497	contrary	
3-16	497-498	,	
3-17	499-500	I	
3-18	501-505	have	
3-19	506-511	often	
3-20	512-521	mentioned	
3-21	522-525	the	
3-22	526-532	regard	
3-23	533-534	I	
3-24	535-538	had	
3-25	539-541	to	
3-26	542-545	the	
3-27	546-554	dictates	
3-28	555-557	of	
3-29	558-560	my	
3-30	561-571	particular	
3-31	572-578	friend	
3-32	579-581	Dr	
3-33	582-587	Heath	
3-34	587-588	;	
3-35	589-592	but	
3-36	593-596	yet	
3-37	597-598	I	
3-38	599-603	must	
3-39	604-615	acknowledge	
3-40	616-617	I	
3-41	618-622	made	
3-42	623-626	use	
3-43	627-629	of	
3-44	630-636	little	
3-45	637-639	or	
3-46	640-654	nothing—except	
3-47	654-655	,	
3-48	656-658	as	
3-49	659-660	I	
3-50	661-665	have	
3-51	666-674	observed	
3-52	674-675	,	
3-53	676-678	to	
3-54	679-683	keep	
3-55	684-685	a	
3-56	686-697	preparation	
3-57	698-700	of	
3-58	701-707	strong	
3-59	708-713	scent	
3-60	714-716	to	
3-61	717-721	have	
3-62	722-727	ready	
3-63	727-728	,	
3-64	729-731	in	
3-65	732-736	case	
3-66	737-738	I	
3-67	739-742	met	
3-68	743-747	with	
3-69	748-756	anything	
3-70	757-759	of	
3-71	760-769	offensive	
3-72	770-776	smells	
3-73	777-779	or	
3-74	780-784	went	
3-75	785-788	too	
3-76	789-793	near	
3-77	794-797	any	
3-78	798-811	burying-place	
3-79	812-814	or	
3-80	815-819	dead	
3-81	820-824	body	
3-82	824-825	.	

#Text=Neither did I do what I know some did: keep the spirits always high and hot with cordials and wine and such things; and which, as I observed, one learned physician used himself so much to as that he could not leave them off when the infection was quite gone, and so became a sot for all his life after.
4-1	829-836	Neither	
4-2	837-840	did	
4-3	841-842	I	
4-4	843-845	do	
4-5	846-850	what	
4-6	851-852	I	
4-7	853-857	know	
4-8	858-862	some	
4-9	863-866	did	
4-10	866-867	:	
4-11	868-872	keep	
4-12	873-876	the	
4-13	877-884	spirits	
4-14	885-891	always	
4-15	892-896	high	
4-16	897-900	and	
4-17	901-904	hot	
4-18	905-909	with	
4-19	910-918	cordials	
4-20	919-922	and	
4-21	923-927	wine	
4-22	928-931	and	
4-23	932-936	such	
4-24	937-943	things	
4-25	943-944	;	
4-26	945-948	and	
4-27	949-954	which	
4-28	954-955	,	
4-29	956-958	as	
4-30	959-960	I	
4-31	961-969	observed	
4-32	969-970	,	
4-33	971-974	one	
4-34	975-982	learned	
4-35	983-992	physician	
4-36	993-997	used	
4-37	998-1005	himself	
4-38	1006-1008	so	
4-39	1009-1013	much	
4-40	1014-1016	to	
4-41	1017-1019	as	
4-42	1020-1024	that	
4-43	1025-1027	he	
4-44	1028-1033	could	
4-45	1034-1037	not	
4-46	1038-1043	leave	
4-47	1044-1048	them	
4-48	1049-1052	off	
4-49	1053-1057	when	
4-50	1058-1061	the	
4-51	1062-1071	infection	
4-52	1072-1075	was	
4-53	1076-1081	quite	
4-54	1082-1086	gone	
4-55	1086-1087	,	
4-56	1088-1091	and	
4-57	1092-1094	so	
4-58	1095-1101	became	
4-59	1102-1103	a	
4-60	1104-1107	sot	
4-61	1108-1111	for	
4-62	1112-1115	all	
4-63	1116-1119	his	
4-64	1120-1124	life	
4-65	1125-1130	after	
4-66	1130-1131	.	

#Text=I remember my friend the doctor used to say that there was a certain set of drugs and preparations which were all certainly good and useful in the case of an infection; out of which, or with which, physicians might make an infinite variety of medicines, as the ringers of bells make several hundred different rounds of music by the changing and order or sound but in six bells, and that all these preparations shall be really very good: ‘Therefore,’ said he, ‘I do not wonder that so vast a throng of medicines is offered in the present calamity, and almost every physician prescribes or prepares a different thing, as his judgement or experience guides him; but’, says my friend, ‘let all the prescriptions of all the physicians in London be examined, and it will be found that they are all compounded of the same things, with such variations only as the particular fancy of the doctor leads him to; so that’, says he, ‘every man, judging a little of his own constitution and manner of his living, and circumstances of his being infected, may direct his own medicines out of the ordinary drugs and preparations.
5-1	1135-1136	I	
5-2	1137-1145	remember	
5-3	1146-1148	my	
5-4	1149-1155	friend	
5-5	1156-1159	the	
5-6	1160-1166	doctor	
5-7	1167-1171	used	
5-8	1172-1174	to	
5-9	1175-1178	say	
5-10	1179-1183	that	
5-11	1184-1189	there	
5-12	1190-1193	was	
5-13	1194-1195	a	
5-14	1196-1203	certain	
5-15	1204-1207	set	
5-16	1208-1210	of	
5-17	1211-1216	drugs	
5-18	1217-1220	and	
5-19	1221-1233	preparations	
5-20	1234-1239	which	
5-21	1240-1244	were	
5-22	1245-1248	all	
5-23	1249-1258	certainly	
5-24	1259-1263	good	
5-25	1264-1267	and	
5-26	1268-1274	useful	
5-27	1275-1277	in	
5-28	1278-1281	the	
5-29	1282-1286	case	
5-30	1287-1289	of	
5-31	1290-1292	an	
5-32	1293-1302	infection	
5-33	1302-1303	;	
5-34	1304-1307	out	
5-35	1308-1310	of	
5-36	1311-1316	which	
5-37	1316-1317	,	
5-38	1318-1320	or	
5-39	1321-1325	with	
5-40	1326-1331	which	
5-41	1331-1332	,	
5-42	1333-1343	physicians	
5-43	1344-1349	might	
5-44	1350-1354	make	
5-45	1355-1357	an	
5-46	1358-1366	infinite	
5-47	1367-1374	variety	
5-48	1375-1377	of	
5-49	1378-1387	medicines	
5-50	1387-1388	,	
5-51	1389-1391	as	
5-52	1392-1395	the	
5-53	1396-1403	ringers	
5-54	1404-1406	of	
5-55	1407-1412	bells	
5-56	1413-1417	make	
5-57	1418-1425	several	
5-58	1426-1433	hundred	
5-59	1434-1443	different	
5-60	1444-1450	rounds	
5-61	1451-1453	of	
5-62	1454-1459	music	
5-63	1460-1462	by	
5-64	1463-1466	the	
5-65	1467-1475	changing	
5-66	1476-1479	and	
5-67	1480-1485	order	
5-68	1486-1488	or	
5-69	1489-1494	sound	
5-70	1495-1498	but	
5-71	1499-1501	in	
5-72	1502-1505	six	
5-73	1506-1511	bells	
5-74	1511-1512	,	
5-75	1513-1516	and	
5-76	1517-1521	that	
5-77	1522-1525	all	
5-78	1526-1531	these	
5-79	1532-1544	preparations	
5-80	1545-1550	shall	
5-81	1551-1553	be	
5-82	1554-1560	really	
5-83	1561-1565	very	
5-84	1566-1570	good	
5-85	1570-1571	:	
5-86	1572-1573	‘	
5-87	1573-1582	Therefore	
5-88	1582-1583	,	
5-89	1583-1584	’	
5-90	1585-1589	said	
5-91	1590-1592	he	
5-92	1592-1593	,	
5-93	1594-1595	‘	
5-94	1595-1596	I	
5-95	1597-1599	do	
5-96	1600-1603	not	
5-97	1604-1610	wonder	
5-98	1611-1615	that	
5-99	1616-1618	so	
5-100	1619-1623	vast	
5-101	1624-1625	a	
5-102	1626-1632	throng	
5-103	1633-1635	of	
5-104	1636-1645	medicines	
5-105	1646-1648	is	
5-106	1649-1656	offered	
5-107	1657-1659	in	
5-108	1660-1663	the	
5-109	1664-1671	present	
5-110	1672-1680	calamity	
5-111	1680-1681	,	
5-112	1682-1685	and	
5-113	1686-1692	almost	
5-114	1693-1698	every	
5-115	1699-1708	physician	
5-116	1709-1719	prescribes	
5-117	1720-1722	or	
5-118	1723-1731	prepares	
5-119	1732-1733	a	
5-120	1734-1743	different	
5-121	1744-1749	thing	
5-122	1749-1750	,	
5-123	1751-1753	as	
5-124	1754-1757	his	
5-125	1758-1767	judgement	
5-126	1768-1770	or	
5-127	1771-1781	experience	
5-128	1782-1788	guides	
5-129	1789-1792	him	
5-130	1792-1793	;	
5-131	1794-1797	but	
5-132	1797-1798	’	
5-133	1798-1799	,	
5-134	1800-1804	says	
5-135	1805-1807	my	
5-136	1808-1814	friend	
5-137	1814-1815	,	
5-138	1816-1817	‘	
5-139	1817-1820	let	
5-140	1821-1824	all	
5-141	1825-1828	the	
5-142	1829-1842	prescriptions	
5-143	1843-1845	of	
5-144	1846-1849	all	
5-145	1850-1853	the	
5-146	1854-1864	physicians	
5-147	1865-1867	in	
5-148	1868-1874	London	
5-149	1875-1877	be	
5-150	1878-1886	examined	
5-151	1886-1887	,	
5-152	1888-1891	and	
5-153	1892-1894	it	
5-154	1895-1899	will	
5-155	1900-1902	be	
5-156	1903-1908	found	
5-157	1909-1913	that	
5-158	1914-1918	they	
5-159	1919-1922	are	
5-160	1923-1926	all	
5-161	1927-1937	compounded	
5-162	1938-1940	of	
5-163	1941-1944	the	
5-164	1945-1949	same	
5-165	1950-1956	things	
5-166	1956-1957	,	
5-167	1958-1962	with	
5-168	1963-1967	such	
5-169	1968-1978	variations	
5-170	1979-1983	only	
5-171	1984-1986	as	
5-172	1987-1990	the	
5-173	1991-2001	particular	
5-174	2002-2007	fancy	
5-175	2008-2010	of	
5-176	2011-2014	the	
5-177	2015-2021	doctor	
5-178	2022-2027	leads	
5-179	2028-2031	him	
5-180	2032-2034	to	
5-181	2034-2035	;	
5-182	2036-2038	so	
5-183	2039-2043	that	
5-184	2043-2044	’	
5-185	2044-2045	,	
5-186	2046-2050	says	
5-187	2051-2053	he	
5-188	2053-2054	,	
5-189	2055-2056	‘	
5-190	2056-2061	every	
5-191	2062-2065	man	
5-192	2065-2066	,	
5-193	2067-2074	judging	
5-194	2075-2076	a	
5-195	2077-2083	little	
5-196	2084-2086	of	
5-197	2087-2090	his	
5-198	2091-2094	own	
5-199	2095-2107	constitution	
5-200	2108-2111	and	
5-201	2112-2118	manner	
5-202	2119-2121	of	
5-203	2122-2125	his	
5-204	2126-2132	living	
5-205	2132-2133	,	
5-206	2134-2137	and	
5-207	2138-2151	circumstances	
5-208	2152-2154	of	
5-209	2155-2158	his	
5-210	2159-2164	being	
5-211	2165-2173	infected	
5-212	2173-2174	,	
5-213	2175-2178	may	
5-214	2179-2185	direct	
5-215	2186-2189	his	
5-216	2190-2193	own	
5-217	2194-2203	medicines	
5-218	2204-2207	out	
5-219	2208-2210	of	
5-220	2211-2214	the	
5-221	2215-2223	ordinary	
5-222	2224-2229	drugs	
5-223	2230-2233	and	
5-224	2234-2246	preparations	
5-225	2246-2247	.	

#Text=Only that’, says he, ‘some recommend one thing as most sovereign, and some another.
6-1	2248-2252	Only	
6-2	2253-2257	that	
6-3	2257-2258	’	
6-4	2258-2259	,	
6-5	2260-2264	says	
6-6	2265-2267	he	
6-7	2267-2268	,	
6-8	2269-2270	‘	
6-9	2270-2274	some	
6-10	2275-2284	recommend	
6-11	2285-2288	one	
6-12	2289-2294	thing	
6-13	2295-2297	as	
6-14	2298-2302	most	
6-15	2303-2312	sovereign	
6-16	2312-2313	,	
6-17	2314-2317	and	
6-18	2318-2322	some	
6-19	2323-2330	another	
6-20	2330-2331	.	

#Text=Some’, says he, ‘think that pill. ruff., which is called itself the anti-pestilential pill is the best preparation that can be made; others think that Venice treacle is sufficient of itself to resist the contagion; and I’, says he, ‘think as both these think, viz., that the last is good to take beforehand to prevent it, and the first, if touched, to expel it.’
7-1	2332-2336	Some	
7-2	2336-2337	’	
7-3	2337-2338	,	
7-4	2339-2343	says	
7-5	2344-2346	he	
7-6	2346-2347	,	
7-7	2348-2349	‘	
7-8	2349-2354	think	
7-9	2355-2359	that	
7-10	2360-2364	pill	
7-11	2364-2365	.	
7-12	2366-2370	ruff	
7-13	2370-2371	.	
7-14	2371-2372	,	
7-15	2373-2378	which	
7-16	2379-2381	is	
7-17	2382-2388	called	
7-18	2389-2395	itself	
7-19	2396-2399	the	
7-20	2400-2417	anti-pestilential	
7-21	2418-2422	pill	
7-22	2423-2425	is	
7-23	2426-2429	the	
7-24	2430-2434	best	
7-25	2435-2446	preparation	
7-26	2447-2451	that	
7-27	2452-2455	can	
7-28	2456-2458	be	
7-29	2459-2463	made	
7-30	2463-2464	;	
7-31	2465-2471	others	
7-32	2472-2477	think	
7-33	2478-2482	that	
7-34	2483-2489	Venice	
7-35	2490-2497	treacle	
7-36	2498-2500	is	
7-37	2501-2511	sufficient	
7-38	2512-2514	of	
7-39	2515-2521	itself	
7-40	2522-2524	to	
7-41	2525-2531	resist	
7-42	2532-2535	the	
7-43	2536-2545	contagion	
7-44	2545-2546	;	
7-45	2547-2550	and	
7-46	2551-2552	I	
7-47	2552-2553	’	
7-48	2553-2554	,	
7-49	2555-2559	says	
7-50	2560-2562	he	
7-51	2562-2563	,	
7-52	2564-2565	‘	
7-53	2565-2570	think	
7-54	2571-2573	as	
7-55	2574-2578	both	
7-56	2579-2584	these	
7-57	2585-2590	think	
7-58	2590-2591	,	
7-59	2592-2595	viz	
7-60	2595-2596	.	
7-61	2596-2597	,	
7-62	2598-2602	that	
7-63	2603-2606	the	
7-64	2607-2611	last	
7-65	2612-2614	is	
7-66	2615-2619	good	
7-67	2620-2622	to	
7-68	2623-2627	take	
7-69	2628-2638	beforehand	
7-70	2639-2641	to	
7-71	2642-2649	prevent	
7-72	2650-2652	it	
7-73	2652-2653	,	
7-74	2654-2657	and	
7-75	2658-2661	the	
7-76	2662-2667	first	
7-77	2667-2668	,	
7-78	2669-2671	if	
7-79	2672-2679	touched	
7-80	2679-2680	,	
7-81	2681-2683	to	
7-82	2684-2689	expel	
7-83	2690-2692	it	
7-84	2692-2693	.	
7-85	2693-2694	’	

#Text=According to this opinion, I several times took Venice treacle, and a sound sweat upon it, and thought myself as well fortified against the infection as any one could be fortified by the power of physic.
8-1	2695-2704	According	
8-2	2705-2707	to	
8-3	2708-2712	this	
8-4	2713-2720	opinion	
8-5	2720-2721	,	
8-6	2722-2723	I	
8-7	2724-2731	several	
8-8	2732-2737	times	
8-9	2738-2742	took	
8-10	2743-2749	Venice	
8-11	2750-2757	treacle	
8-12	2757-2758	,	
8-13	2759-2762	and	
8-14	2763-2764	a	
8-15	2765-2770	sound	
8-16	2771-2776	sweat	
8-17	2777-2781	upon	
8-18	2782-2784	it	
8-19	2784-2785	,	
8-20	2786-2789	and	
8-21	2790-2797	thought	
8-22	2798-2804	myself	
8-23	2805-2807	as	
8-24	2808-2812	well	
8-25	2813-2822	fortified	
8-26	2823-2830	against	
8-27	2831-2834	the	
8-28	2835-2844	infection	
8-29	2845-2847	as	
8-30	2848-2851	any	
8-31	2852-2855	one	
8-32	2856-2861	could	
8-33	2862-2864	be	
8-34	2865-2874	fortified	
8-35	2875-2877	by	
8-36	2878-2881	the	
8-37	2882-2887	power	
8-38	2888-2890	of	
8-39	2891-2897	physic	
8-40	2897-2898	.	

#Text=As for quackery and mountebanks, of which the town was so full, I listened to none of them, and have observed often since, with some wonder, that for two years after the plague I scarcely saw or heard of one of them about town.
9-1	2902-2904	As	
9-2	2905-2908	for	
9-3	2909-2917	quackery	
9-4	2918-2921	and	
9-5	2922-2933	mountebanks	
9-6	2933-2934	,	
9-7	2935-2937	of	
9-8	2938-2943	which	
9-9	2944-2947	the	
9-10	2948-2952	town	
9-11	2953-2956	was	
9-12	2957-2959	so	
9-13	2960-2964	full	
9-14	2964-2965	,	
9-15	2966-2967	I	
9-16	2968-2976	listened	
9-17	2977-2979	to	
9-18	2980-2984	none	
9-19	2985-2987	of	
9-20	2988-2992	them	
9-21	2992-2993	,	
9-22	2994-2997	and	
9-23	2998-3002	have	
9-24	3003-3011	observed	
9-25	3012-3017	often	
9-26	3018-3023	since	
9-27	3023-3024	,	
9-28	3025-3029	with	
9-29	3030-3034	some	
9-30	3035-3041	wonder	
9-31	3041-3042	,	
9-32	3043-3047	that	
9-33	3048-3051	for	
9-34	3052-3055	two	
9-35	3056-3061	years	
9-36	3062-3067	after	
9-37	3068-3071	the	
9-38	3072-3078	plague	
9-39	3079-3080	I	
9-40	3081-3089	scarcely	
9-41	3090-3093	saw	
9-42	3094-3096	or	
9-43	3097-3102	heard	
9-44	3103-3105	of	
9-45	3106-3109	one	
9-46	3110-3112	of	
9-47	3113-3117	them	
9-48	3118-3123	about	
9-49	3124-3128	town	
9-50	3128-3129	.	

#Text=Some fancied they were all swept away in the infection to a man, and were for calling it a particular mark of God’s vengeance upon them for leading the poor people into the pit of destruction, merely for the lucre of a little money they got by them; but I cannot go that length neither.
10-1	3130-3134	Some	
10-2	3135-3142	fancied	
10-3	3143-3147	they	
10-4	3148-3152	were	
10-5	3153-3156	all	
10-6	3157-3162	swept	
10-7	3163-3167	away	
10-8	3168-3170	in	
10-9	3171-3174	the	
10-10	3175-3184	infection	
10-11	3185-3187	to	
10-12	3188-3189	a	
10-13	3190-3193	man	
10-14	3193-3194	,	
10-15	3195-3198	and	
10-16	3199-3203	were	
10-17	3204-3207	for	
10-18	3208-3215	calling	
10-19	3216-3218	it	
10-20	3219-3220	a	
10-21	3221-3231	particular	
10-22	3232-3236	mark	
10-23	3237-3239	of	
10-24	3240-3243	God	
10-25	3243-3244	’	
10-26	3244-3245	s	
10-27	3246-3255	vengeance	
10-28	3256-3260	upon	
10-29	3261-3265	them	
10-30	3266-3269	for	
10-31	3270-3277	leading	
10-32	3278-3281	the	
10-33	3282-3286	poor	
10-34	3287-3293	people	
10-35	3294-3298	into	
10-36	3299-3302	the	
10-37	3303-3306	pit	
10-38	3307-3309	of	
10-39	3310-3321	destruction	
10-40	3321-3322	,	
10-41	3323-3329	merely	
10-42	3330-3333	for	
10-43	3334-3337	the	
10-44	3338-3343	lucre	
10-45	3344-3346	of	
10-46	3347-3348	a	
10-47	3349-3355	little	
10-48	3356-3361	money	
10-49	3362-3366	they	
10-50	3367-3370	got	
10-51	3371-3373	by	
10-52	3374-3378	them	
10-53	3378-3379	;	
10-54	3380-3383	but	
10-55	3384-3385	I	
10-56	3386-3392	cannot	
10-57	3393-3395	go	
10-58	3396-3400	that	
10-59	3401-3407	length	
10-60	3408-3415	neither	
10-61	3415-3416	.	

#Text=That abundance of them died is certain—many of them came within the reach of my own knowledge—but that all of them were swept off I much question.
11-1	3417-3421	That	
11-2	3422-3431	abundance	
11-3	3432-3434	of	
11-4	3435-3439	them	
11-5	3440-3444	died	
11-6	3445-3447	is	
11-7	3448-3460	certain—many	
11-8	3461-3463	of	
11-9	3464-3468	them	
11-10	3469-3473	came	
11-11	3474-3480	within	
11-12	3481-3484	the	
11-13	3485-3490	reach	
11-14	3491-3493	of	
11-15	3494-3496	my	
11-16	3497-3500	own	
11-17	3501-3514	knowledge—but	
11-18	3515-3519	that	
11-19	3520-3523	all	
11-20	3524-3526	of	
11-21	3527-3531	them	
11-22	3532-3536	were	
11-23	3537-3542	swept	
11-24	3543-3546	off	
11-25	3547-3548	I	
11-26	3549-3553	much	
11-27	3554-3562	question	
11-28	3562-3563	.	

#Text=I believe rather they fled into the country and tried their practices upon the people there, who were in apprehension of the infection before it came among them.
12-1	3564-3565	I	
12-2	3566-3573	believe	
12-3	3574-3580	rather	
12-4	3581-3585	they	
12-5	3586-3590	fled	
12-6	3591-3595	into	
12-7	3596-3599	the	
12-8	3600-3607	country	
12-9	3608-3611	and	
12-10	3612-3617	tried	
12-11	3618-3623	their	
12-12	3624-3633	practices	
12-13	3634-3638	upon	
12-14	3639-3642	the	
12-15	3643-3649	people	
12-16	3650-3655	there	
12-17	3655-3656	,	
12-18	3657-3660	who	
12-19	3661-3665	were	
12-20	3666-3668	in	
12-21	3669-3681	apprehension	
12-22	3682-3684	of	
12-23	3685-3688	the	
12-24	3689-3698	infection	
12-25	3699-3705	before	
12-26	3706-3708	it	
12-27	3709-3713	came	
12-28	3714-3719	among	
12-29	3720-3724	them	
12-30	3724-3725	.	

#Text=This, however, is certain, not a man of them appeared for a great while in or about London.
13-1	3729-3733	This	
13-2	3733-3734	,	
13-3	3735-3742	however	
13-4	3742-3743	,	
13-5	3744-3746	is	
13-6	3747-3754	certain	
13-7	3754-3755	,	
13-8	3756-3759	not	
13-9	3760-3761	a	
13-10	3762-3765	man	
13-11	3766-3768	of	
13-12	3769-3773	them	
13-13	3774-3782	appeared	
13-14	3783-3786	for	
13-15	3787-3788	a	
13-16	3789-3794	great	
13-17	3795-3800	while	
13-18	3801-3803	in	
13-19	3804-3806	or	
13-20	3807-3812	about	
13-21	3813-3819	London	
13-22	3819-3820	.	

#Text=There were, indeed, several doctors who published bills recommending their several physical preparations for cleansing the body, as they call it, after the plague, and needful, as they said, for such people to take who had been visited and had been cured; whereas I must own I believe that it was the opinion of the most eminent physicians at that time that the plague was itself a sufficient purge, and that those who escaped the infection needed no physic to cleanse their bodies of any other things; the running sores, the tumours, &c., which were broke and kept open by the directions of the physicians, having sufficiently cleansed them; and that all other distempers, and causes of distempers, were effectually carried off that way; and as the physicians gave this as their opinions wherever they came, the quacks got little business.
14-1	3821-3826	There	
14-2	3827-3831	were	
14-3	3831-3832	,	
14-4	3833-3839	indeed	
14-5	3839-3840	,	
14-6	3841-3848	several	
14-7	3849-3856	doctors	
14-8	3857-3860	who	
14-9	3861-3870	published	
14-10	3871-3876	bills	
14-11	3877-3889	recommending	
14-12	3890-3895	their	
14-13	3896-3903	several	
14-14	3904-3912	physical	
14-15	3913-3925	preparations	
14-16	3926-3929	for	
14-17	3930-3939	cleansing	
14-18	3940-3943	the	
14-19	3944-3948	body	
14-20	3948-3949	,	
14-21	3950-3952	as	
14-22	3953-3957	they	
14-23	3958-3962	call	
14-24	3963-3965	it	
14-25	3965-3966	,	
14-26	3967-3972	after	
14-27	3973-3976	the	
14-28	3977-3983	plague	
14-29	3983-3984	,	
14-30	3985-3988	and	
14-31	3989-3996	needful	
14-32	3996-3997	,	
14-33	3998-4000	as	
14-34	4001-4005	they	
14-35	4006-4010	said	
14-36	4010-4011	,	
14-37	4012-4015	for	
14-38	4016-4020	such	
14-39	4021-4027	people	
14-40	4028-4030	to	
14-41	4031-4035	take	
14-42	4036-4039	who	
14-43	4040-4043	had	
14-44	4044-4048	been	
14-45	4049-4056	visited	
14-46	4057-4060	and	
14-47	4061-4064	had	
14-48	4065-4069	been	
14-49	4070-4075	cured	
14-50	4075-4076	;	
14-51	4077-4084	whereas	
14-52	4085-4086	I	
14-53	4087-4091	must	
14-54	4092-4095	own	
14-55	4096-4097	I	
14-56	4098-4105	believe	
14-57	4106-4110	that	
14-58	4111-4113	it	
14-59	4114-4117	was	
14-60	4118-4121	the	
14-61	4122-4129	opinion	
14-62	4130-4132	of	
14-63	4133-4136	the	
14-64	4137-4141	most	
14-65	4142-4149	eminent	
14-66	4150-4160	physicians	
14-67	4161-4163	at	
14-68	4164-4168	that	
14-69	4169-4173	time	
14-70	4174-4178	that	
14-71	4179-4182	the	
14-72	4183-4189	plague	
14-73	4190-4193	was	
14-74	4194-4200	itself	
14-75	4201-4202	a	
14-76	4203-4213	sufficient	
14-77	4214-4219	purge	
14-78	4219-4220	,	
14-79	4221-4224	and	
14-80	4225-4229	that	
14-81	4230-4235	those	
14-82	4236-4239	who	
14-83	4240-4247	escaped	
14-84	4248-4251	the	
14-85	4252-4261	infection	
14-86	4262-4268	needed	
14-87	4269-4271	no	
14-88	4272-4278	physic	
14-89	4279-4281	to	
14-90	4282-4289	cleanse	
14-91	4290-4295	their	
14-92	4296-4302	bodies	
14-93	4303-4305	of	
14-94	4306-4309	any	
14-95	4310-4315	other	
14-96	4316-4322	things	
14-97	4322-4323	;	
14-98	4324-4327	the	
14-99	4328-4335	running	
14-100	4336-4341	sores	
14-101	4341-4342	,	
14-102	4343-4346	the	
14-103	4347-4354	tumours	
14-104	4354-4355	,	
14-105	4356-4357	&	
14-106	4357-4358	c	
14-107	4358-4359	.	
14-108	4359-4360	,	
14-109	4361-4366	which	
14-110	4367-4371	were	
14-111	4372-4377	broke	
14-112	4378-4381	and	
14-113	4382-4386	kept	
14-114	4387-4391	open	
14-115	4392-4394	by	
14-116	4395-4398	the	
14-117	4399-4409	directions	
14-118	4410-4412	of	
14-119	4413-4416	the	
14-120	4417-4427	physicians	
14-121	4427-4428	,	
14-122	4429-4435	having	
14-123	4436-4448	sufficiently	
14-124	4449-4457	cleansed	
14-125	4458-4462	them	
14-126	4462-4463	;	
14-127	4464-4467	and	
14-128	4468-4472	that	
14-129	4473-4476	all	
14-130	4477-4482	other	
14-131	4483-4493	distempers	
14-132	4493-4494	,	
14-133	4495-4498	and	
14-134	4499-4505	causes	
14-135	4506-4508	of	
14-136	4509-4519	distempers	
14-137	4519-4520	,	
14-138	4521-4525	were	
14-139	4526-4537	effectually	
14-140	4538-4545	carried	
14-141	4546-4549	off	
14-142	4550-4554	that	
14-143	4555-4558	way	
14-144	4558-4559	;	
14-145	4560-4563	and	
14-146	4564-4566	as	
14-147	4567-4570	the	
14-148	4571-4581	physicians	
14-149	4582-4586	gave	
14-150	4587-4591	this	
14-151	4592-4594	as	
14-152	4595-4600	their	
14-153	4601-4609	opinions	
14-154	4610-4618	wherever	
14-155	4619-4623	they	
14-156	4624-4628	came	
14-157	4628-4629	,	
14-158	4630-4633	the	
14-159	4634-4640	quacks	
14-160	4641-4644	got	
14-161	4645-4651	little	
14-162	4652-4660	business	
14-163	4660-4661	.	

#Text=There were, indeed, several little hurries which happened after the decrease of the plague, and which, whether they were contrived to fright and disorder the people, as some imagined, I cannot say, but sometimes we were told the plague would return by such a time; and the famous Solomon Eagle, the naked Quaker I have mentioned, prophesied evil tidings every day; and several others telling us that London had not been sufficiently scourged, and that sorer and severer strokes were yet behind.
15-1	4665-4670	There	
15-2	4671-4675	were	
15-3	4675-4676	,	
15-4	4677-4683	indeed	
15-5	4683-4684	,	
15-6	4685-4692	several	
15-7	4693-4699	little	
15-8	4700-4707	hurries	
15-9	4708-4713	which	
15-10	4714-4722	happened	
15-11	4723-4728	after	
15-12	4729-4732	the	
15-13	4733-4741	decrease	
15-14	4742-4744	of	
15-15	4745-4748	the	
15-16	4749-4755	plague	
15-17	4755-4756	,	
15-18	4757-4760	and	
15-19	4761-4766	which	
15-20	4766-4767	,	
15-21	4768-4775	whether	
15-22	4776-4780	they	
15-23	4781-4785	were	
15-24	4786-4795	contrived	
15-25	4796-4798	to	
15-26	4799-4805	fright	
15-27	4806-4809	and	
15-28	4810-4818	disorder	
15-29	4819-4822	the	
15-30	4823-4829	people	
15-31	4829-4830	,	
15-32	4831-4833	as	
15-33	4834-4838	some	
15-34	4839-4847	imagined	
15-35	4847-4848	,	
15-36	4849-4850	I	
15-37	4851-4857	cannot	
15-38	4858-4861	say	
15-39	4861-4862	,	
15-40	4863-4866	but	
15-41	4867-4876	sometimes	
15-42	4877-4879	we	
15-43	4880-4884	were	
15-44	4885-4889	told	
15-45	4890-4893	the	
15-46	4894-4900	plague	
15-47	4901-4906	would	
15-48	4907-4913	return	
15-49	4914-4916	by	
15-50	4917-4921	such	
15-51	4922-4923	a	
15-52	4924-4928	time	
15-53	4928-4929	;	
15-54	4930-4933	and	
15-55	4934-4937	the	
15-56	4938-4944	famous	
15-57	4945-4952	Solomon	
15-58	4953-4958	Eagle	
15-59	4958-4959	,	
15-60	4960-4963	the	
15-61	4964-4969	naked	
15-62	4970-4976	Quaker	
15-63	4977-4978	I	
15-64	4979-4983	have	
15-65	4984-4993	mentioned	
15-66	4993-4994	,	
15-67	4995-5005	prophesied	
15-68	5006-5010	evil	
15-69	5011-5018	tidings	
15-70	5019-5024	every	
15-71	5025-5028	day	
15-72	5028-5029	;	
15-73	5030-5033	and	
15-74	5034-5041	several	
15-75	5042-5048	others	
15-76	5049-5056	telling	
15-77	5057-5059	us	
15-78	5060-5064	that	
15-79	5065-5071	London	
15-80	5072-5075	had	
15-81	5076-5079	not	
15-82	5080-5084	been	
15-83	5085-5097	sufficiently	
15-84	5098-5106	scourged	
15-85	5106-5107	,	
15-86	5108-5111	and	
15-87	5112-5116	that	
15-88	5117-5122	sorer	
15-89	5123-5126	and	
15-90	5127-5134	severer	
15-91	5135-5142	strokes	
15-92	5143-5147	were	
15-93	5148-5151	yet	
15-94	5152-5158	behind	
15-95	5158-5159	.	

#Text=Had they stopped there, or had they descended to particulars, and told us that the city should the next year be destroyed by fire, then, indeed, when we had seen it come to pass, we should not have been to blame to have paid more than a common respect to their prophetic spirits; at least we should have wondered at them, and have been more serious in our inquiries after the meaning of it, and whence they had the foreknowledge.
16-1	5160-5163	Had	
16-2	5164-5168	they	
16-3	5169-5176	stopped	
16-4	5177-5182	there	
16-5	5182-5183	,	
16-6	5184-5186	or	
16-7	5187-5190	had	
16-8	5191-5195	they	
16-9	5196-5205	descended	
16-10	5206-5208	to	
16-11	5209-5220	particulars	
16-12	5220-5221	,	
16-13	5222-5225	and	
16-14	5226-5230	told	
16-15	5231-5233	us	
16-16	5234-5238	that	
16-17	5239-5242	the	
16-18	5243-5247	city	
16-19	5248-5254	should	
16-20	5255-5258	the	
16-21	5259-5263	next	
16-22	5264-5268	year	
16-23	5269-5271	be	
16-24	5272-5281	destroyed	
16-25	5282-5284	by	
16-26	5285-5289	fire	
16-27	5289-5290	,	
16-28	5291-5295	then	
16-29	5295-5296	,	
16-30	5297-5303	indeed	
16-31	5303-5304	,	
16-32	5305-5309	when	
16-33	5310-5312	we	
16-34	5313-5316	had	
16-35	5317-5321	seen	
16-36	5322-5324	it	
16-37	5325-5329	come	
16-38	5330-5332	to	
16-39	5333-5337	pass	
16-40	5337-5338	,	
16-41	5339-5341	we	
16-42	5342-5348	should	
16-43	5349-5352	not	
16-44	5353-5357	have	
16-45	5358-5362	been	
16-46	5363-5365	to	
16-47	5366-5371	blame	
16-48	5372-5374	to	
16-49	5375-5379	have	
16-50	5380-5384	paid	
16-51	5385-5389	more	
16-52	5390-5394	than	
16-53	5395-5396	a	
16-54	5397-5403	common	
16-55	5404-5411	respect	
16-56	5412-5414	to	
16-57	5415-5420	their	
16-58	5421-5430	prophetic	
16-59	5431-5438	spirits	
16-60	5438-5439	;	
16-61	5440-5442	at	
16-62	5443-5448	least	
16-63	5449-5451	we	
16-64	5452-5458	should	
16-65	5459-5463	have	
16-66	5464-5472	wondered	
16-67	5473-5475	at	
16-68	5476-5480	them	
16-69	5480-5481	,	
16-70	5482-5485	and	
16-71	5486-5490	have	
16-72	5491-5495	been	
16-73	5496-5500	more	
16-74	5501-5508	serious	
16-75	5509-5511	in	
16-76	5512-5515	our	
16-77	5516-5525	inquiries	
16-78	5526-5531	after	
16-79	5532-5535	the	
16-80	5536-5543	meaning	
16-81	5544-5546	of	
16-82	5547-5549	it	
16-83	5549-5550	,	
16-84	5551-5554	and	
16-85	5555-5561	whence	
16-86	5562-5566	they	
16-87	5567-5570	had	
16-88	5571-5574	the	
16-89	5575-5588	foreknowledge	
16-90	5588-5589	.	

#Text=But as they generally told us of a relapse into the plague, we have had no concern since that about them; yet by those frequent clamours, we were all kept with some kind of apprehensions constantly upon us; and if any died suddenly, or if the spotted fevers at any time increased, we were presently alarmed; much more if the number of the plague increased, for to the end of the year there were always between 200 and 300 of the plague.
17-1	5590-5593	But	
17-2	5594-5596	as	
17-3	5597-5601	they	
17-4	5602-5611	generally	
17-5	5612-5616	told	
17-6	5617-5619	us	
17-7	5620-5622	of	
17-8	5623-5624	a	
17-9	5625-5632	relapse	
17-10	5633-5637	into	
17-11	5638-5641	the	
17-12	5642-5648	plague	
17-13	5648-5649	,	
17-14	5650-5652	we	
17-15	5653-5657	have	
17-16	5658-5661	had	
17-17	5662-5664	no	
17-18	5665-5672	concern	
17-19	5673-5678	since	
17-20	5679-5683	that	
17-21	5684-5689	about	
17-22	5690-5694	them	
17-23	5694-5695	;	
17-24	5696-5699	yet	
17-25	5700-5702	by	
17-26	5703-5708	those	
17-27	5709-5717	frequent	
17-28	5718-5726	clamours	
17-29	5726-5727	,	
17-30	5728-5730	we	
17-31	5731-5735	were	
17-32	5736-5739	all	
17-33	5740-5744	kept	
17-34	5745-5749	with	
17-35	5750-5754	some	
17-36	5755-5759	kind	
17-37	5760-5762	of	
17-38	5763-5776	apprehensions	
17-39	5777-5787	constantly	
17-40	5788-5792	upon	
17-41	5793-5795	us	
17-42	5795-5796	;	
17-43	5797-5800	and	
17-44	5801-5803	if	
17-45	5804-5807	any	
17-46	5808-5812	died	
17-47	5813-5821	suddenly	
17-48	5821-5822	,	
17-49	5823-5825	or	
17-50	5826-5828	if	
17-51	5829-5832	the	
17-52	5833-5840	spotted	
17-53	5841-5847	fevers	
17-54	5848-5850	at	
17-55	5851-5854	any	
17-56	5855-5859	time	
17-57	5860-5869	increased	
17-58	5869-5870	,	
17-59	5871-5873	we	
17-60	5874-5878	were	
17-61	5879-5888	presently	
17-62	5889-5896	alarmed	
17-63	5896-5897	;	
17-64	5898-5902	much	
17-65	5903-5907	more	
17-66	5908-5910	if	
17-67	5911-5914	the	
17-68	5915-5921	number	
17-69	5922-5924	of	
17-70	5925-5928	the	
17-71	5929-5935	plague	
17-72	5936-5945	increased	
17-73	5945-5946	,	
17-74	5947-5950	for	
17-75	5951-5953	to	
17-76	5954-5957	the	
17-77	5958-5961	end	
17-78	5962-5964	of	
17-79	5965-5968	the	
17-80	5969-5973	year	
17-81	5974-5979	there	
17-82	5980-5984	were	
17-83	5985-5991	always	
17-84	5992-5999	between	
17-85	6000-6003	200	
17-86	6004-6007	and	
17-87	6008-6011	300	
17-88	6012-6014	of	
17-89	6015-6018	the	
17-90	6019-6025	plague	
17-91	6025-6026	.	

#Text=On any of these occasions, I say, we were alarmed anew.
18-1	6027-6029	On	
18-2	6030-6033	any	
18-3	6034-6036	of	
18-4	6037-6042	these	
18-5	6043-6052	occasions	
18-6	6052-6053	,	
18-7	6054-6055	I	
18-8	6056-6059	say	
18-9	6059-6060	,	
18-10	6061-6063	we	
18-11	6064-6068	were	
18-12	6069-6076	alarmed	
18-13	6077-6081	anew	
18-14	6081-6082	.	

#Text=Those who remember the city of London before the fire must remember that there was then no such place as we now call Newgate Market, but that in the middle of the street which is now called Blowbladder Street, and which had its name from the butchers, who used to kill and dress their sheep there (and who, it seems, had a custom to blow up their meat with pipes to make it look thicker and fatter than it was, and were punished there for it by the Lord Mayor); I say, from the end of the street towards Newgate there stood two long rows of shambles for the selling meat.
19-1	6086-6091	Those	
19-2	6092-6095	who	
19-3	6096-6104	remember	
19-4	6105-6108	the	
19-5	6109-6113	city	
19-6	6114-6116	of	
19-7	6117-6123	London	
19-8	6124-6130	before	
19-9	6131-6134	the	
19-10	6135-6139	fire	
19-11	6140-6144	must	
19-12	6145-6153	remember	
19-13	6154-6158	that	
19-14	6159-6164	there	
19-15	6165-6168	was	
19-16	6169-6173	then	
19-17	6174-6176	no	
19-18	6177-6181	such	
19-19	6182-6187	place	
19-20	6188-6190	as	
19-21	6191-6193	we	
19-22	6194-6197	now	
19-23	6198-6202	call	
19-24	6203-6210	Newgate	
19-25	6211-6217	Market	
19-26	6217-6218	,	
19-27	6219-6222	but	
19-28	6223-6227	that	
19-29	6228-6230	in	
19-30	6231-6234	the	
19-31	6235-6241	middle	
19-32	6242-6244	of	
19-33	6245-6248	the	
19-34	6249-6255	street	
19-35	6256-6261	which	
19-36	6262-6264	is	
19-37	6265-6268	now	
19-38	6269-6275	called	
19-39	6276-6287	Blowbladder	
19-40	6288-6294	Street	
19-41	6294-6295	,	
19-42	6296-6299	and	
19-43	6300-6305	which	
19-44	6306-6309	had	
19-45	6310-6313	its	
19-46	6314-6318	name	
19-47	6319-6323	from	
19-48	6324-6327	the	
19-49	6328-6336	butchers	
19-50	6336-6337	,	
19-51	6338-6341	who	
19-52	6342-6346	used	
19-53	6347-6349	to	
19-54	6350-6354	kill	
19-55	6355-6358	and	
19-56	6359-6364	dress	
19-57	6365-6370	their	
19-58	6371-6376	sheep	
19-59	6377-6382	there	
19-60	6383-6384	(	
19-61	6384-6387	and	
19-62	6388-6391	who	
19-63	6391-6392	,	
19-64	6393-6395	it	
19-65	6396-6401	seems	
19-66	6401-6402	,	
19-67	6403-6406	had	
19-68	6407-6408	a	
19-69	6409-6415	custom	
19-70	6416-6418	to	
19-71	6419-6423	blow	
19-72	6424-6426	up	
19-73	6427-6432	their	
19-74	6433-6437	meat	
19-75	6438-6442	with	
19-76	6443-6448	pipes	
19-77	6449-6451	to	
19-78	6452-6456	make	
19-79	6457-6459	it	
19-80	6460-6464	look	
19-81	6465-6472	thicker	
19-82	6473-6476	and	
19-83	6477-6483	fatter	
19-84	6484-6488	than	
19-85	6489-6491	it	
19-86	6492-6495	was	
19-87	6495-6496	,	
19-88	6497-6500	and	
19-89	6501-6505	were	
19-90	6506-6514	punished	
19-91	6515-6520	there	
19-92	6521-6524	for	
19-93	6525-6527	it	
19-94	6528-6530	by	
19-95	6531-6534	the	
19-96	6535-6539	Lord	
19-97	6540-6545	Mayor	
19-98	6545-6546	)	
19-99	6546-6547	;	
19-100	6548-6549	I	
19-101	6550-6553	say	
19-102	6553-6554	,	
19-103	6555-6559	from	
19-104	6560-6563	the	
19-105	6564-6567	end	
19-106	6568-6570	of	
19-107	6571-6574	the	
19-108	6575-6581	street	
19-109	6582-6589	towards	
19-110	6590-6597	Newgate	
19-111	6598-6603	there	
19-112	6604-6609	stood	
19-113	6610-6613	two	
19-114	6614-6618	long	
19-115	6619-6623	rows	
19-116	6624-6626	of	
19-117	6627-6635	shambles	
19-118	6636-6639	for	
19-119	6640-6643	the	
19-120	6644-6651	selling	
19-121	6652-6656	meat	
19-122	6656-6657	.	

#Text=It was in those shambles that two persons falling down dead, as they were buying meat, gave rise to a rumour that the meat was all infected; which, though it might affright the people, and spoiled the market for two or three days, yet it appeared plainly afterwards that there was nothing of truth in the suggestion.
20-1	6661-6663	It	
20-2	6664-6667	was	
20-3	6668-6670	in	
20-4	6671-6676	those	
20-5	6677-6685	shambles	
20-6	6686-6690	that	
20-7	6691-6694	two	
20-8	6695-6702	persons	
20-9	6703-6710	falling	
20-10	6711-6715	down	
20-11	6716-6720	dead	
20-12	6720-6721	,	
20-13	6722-6724	as	
20-14	6725-6729	they	
20-15	6730-6734	were	
20-16	6735-6741	buying	
20-17	6742-6746	meat	
20-18	6746-6747	,	
20-19	6748-6752	gave	
20-20	6753-6757	rise	
20-21	6758-6760	to	
20-22	6761-6762	a	
20-23	6763-6769	rumour	
20-24	6770-6774	that	
20-25	6775-6778	the	
20-26	6779-6783	meat	
20-27	6784-6787	was	
20-28	6788-6791	all	
20-29	6792-6800	infected	
20-30	6800-6801	;	
20-31	6802-6807	which	
20-32	6807-6808	,	
20-33	6809-6815	though	
20-34	6816-6818	it	
20-35	6819-6824	might	
20-36	6825-6833	affright	
20-37	6834-6837	the	
20-38	6838-6844	people	
20-39	6844-6845	,	
20-40	6846-6849	and	
20-41	6850-6857	spoiled	
20-42	6858-6861	the	
20-43	6862-6868	market	
20-44	6869-6872	for	
20-45	6873-6876	two	
20-46	6877-6879	or	
20-47	6880-6885	three	
20-48	6886-6890	days	
20-49	6890-6891	,	
20-50	6892-6895	yet	
20-51	6896-6898	it	
20-52	6899-6907	appeared	
20-53	6908-6915	plainly	
20-54	6916-6926	afterwards	
20-55	6927-6931	that	
20-56	6932-6937	there	
20-57	6938-6941	was	
20-58	6942-6949	nothing	
20-59	6950-6952	of	
20-60	6953-6958	truth	
20-61	6959-6961	in	
20-62	6962-6965	the	
20-63	6966-6976	suggestion	
20-64	6976-6977	.	

#Text=But nobody can account for the possession of fear when it takes hold of the mind.
21-1	6978-6981	But	
21-2	6982-6988	nobody	
21-3	6989-6992	can	
21-4	6993-7000	account	
21-5	7001-7004	for	
21-6	7005-7008	the	
21-7	7009-7019	possession	
21-8	7020-7022	of	
21-9	7023-7027	fear	
21-10	7028-7032	when	
21-11	7033-7035	it	
21-12	7036-7041	takes	
21-13	7042-7046	hold	
21-14	7047-7049	of	
21-15	7050-7053	the	
21-16	7054-7058	mind	
21-17	7058-7059	.	

#Text=However, it Pleased God, by the continuing of the winter weather, so to restore the health of the city that by February following we reckoned the distemper quite ceased, and then we were not so easily frighted again.
22-1	7063-7070	However	
22-2	7070-7071	,	
22-3	7072-7074	it	
22-4	7075-7082	Pleased	
22-5	7083-7086	God	
22-6	7086-7087	,	
22-7	7088-7090	by	
22-8	7091-7094	the	
22-9	7095-7105	continuing	
22-10	7106-7108	of	
22-11	7109-7112	the	
22-12	7113-7119	winter	
22-13	7120-7127	weather	
22-14	7127-7128	,	
22-15	7129-7131	so	
22-16	7132-7134	to	
22-17	7135-7142	restore	
22-18	7143-7146	the	
22-19	7147-7153	health	
22-20	7154-7156	of	
22-21	7157-7160	the	
22-22	7161-7165	city	
22-23	7166-7170	that	
22-24	7171-7173	by	
22-25	7174-7182	February	
22-26	7183-7192	following	
22-27	7193-7195	we	
22-28	7196-7204	reckoned	
22-29	7205-7208	the	
22-30	7209-7218	distemper	
22-31	7219-7224	quite	
22-32	7225-7231	ceased	
22-33	7231-7232	,	
22-34	7233-7236	and	
22-35	7237-7241	then	
22-36	7242-7244	we	
22-37	7245-7249	were	
22-38	7250-7253	not	
22-39	7254-7256	so	
22-40	7257-7263	easily	
22-41	7264-7272	frighted	
22-42	7273-7278	again	
22-43	7278-7279	.	

#Text=There was still a question among the learned, and at first perplexed the people a little: and that was in what manner to purge the house and goods where the plague had been, and how to render them habitable again, which had been left empty during the time of the plague.
23-1	7280-7285	There	
23-2	7286-7289	was	
23-3	7290-7295	still	
23-4	7296-7297	a	
23-5	7298-7306	question	
23-6	7307-7312	among	
23-7	7313-7316	the	
23-8	7317-7324	learned	
23-9	7324-7325	,	
23-10	7326-7329	and	
23-11	7330-7332	at	
23-12	7333-7338	first	
23-13	7339-7348	perplexed	
23-14	7349-7352	the	
23-15	7353-7359	people	
23-16	7360-7361	a	
23-17	7362-7368	little	
23-18	7368-7369	:	
23-19	7370-7373	and	
23-20	7374-7378	that	
23-21	7379-7382	was	
23-22	7383-7385	in	
23-23	7386-7390	what	
23-24	7391-7397	manner	
23-25	7398-7400	to	
23-26	7401-7406	purge	
23-27	7407-7410	the	
23-28	7411-7416	house	
23-29	7417-7420	and	
23-30	7421-7426	goods	
23-31	7427-7432	where	
23-32	7433-7436	the	
23-33	7437-7443	plague	
23-34	7444-7447	had	
23-35	7448-7452	been	
23-36	7452-7453	,	
23-37	7454-7457	and	
23-38	7458-7461	how	
23-39	7462-7464	to	
23-40	7465-7471	render	
23-41	7472-7476	them	
23-42	7477-7486	habitable	
23-43	7487-7492	again	
23-44	7492-7493	,	
23-45	7494-7499	which	
23-46	7500-7503	had	
23-47	7504-7508	been	
23-48	7509-7513	left	
23-49	7514-7519	empty	
23-50	7520-7526	during	
23-51	7527-7530	the	
23-52	7531-7535	time	
23-53	7536-7538	of	
23-54	7539-7542	the	
23-55	7543-7549	plague	
23-56	7549-7550	.	

#Text=Abundance of perfumes and preparations were prescribed by physicians, some of one kind and some of another, in which the people who listened to them put themselves to a great, and indeed, in my opinion, to an unnecessary expense; and the poorer people, who only set open their windows night and day, burned brimstone, pitch, and gunpowder, and such things in their rooms, did as well as the best; nay, the eager people who, as I said above, came home in haste and at all hazards, found little or no inconvenience in their houses, nor in the goods, and did little or nothing to them.
24-1	7551-7560	Abundance	
24-2	7561-7563	of	
24-3	7564-7572	perfumes	
24-4	7573-7576	and	
24-5	7577-7589	preparations	
24-6	7590-7594	were	
24-7	7595-7605	prescribed	
24-8	7606-7608	by	
24-9	7609-7619	physicians	
24-10	7619-7620	,	
24-11	7621-7625	some	
24-12	7626-7628	of	
24-13	7629-7632	one	
24-14	7633-7637	kind	
24-15	7638-7641	and	
24-16	7642-7646	some	
24-17	7647-7649	of	
24-18	7650-7657	another	
24-19	7657-7658	,	
24-20	7659-7661	in	
24-21	7662-7667	which	
24-22	7668-7671	the	
24-23	7672-7678	people	
24-24	7679-7682	who	
24-25	7683-7691	listened	
24-26	7692-7694	to	
24-27	7695-7699	them	
24-28	7700-7703	put	
24-29	7704-7714	themselves	
24-30	7715-7717	to	
24-31	7718-7719	a	
24-32	7720-7725	great	
24-33	7725-7726	,	
24-34	7727-7730	and	
24-35	7731-7737	indeed	
24-36	7737-7738	,	
24-37	7739-7741	in	
24-38	7742-7744	my	
24-39	7745-7752	opinion	
24-40	7752-7753	,	
24-41	7754-7756	to	
24-42	7757-7759	an	
24-43	7760-7771	unnecessary	
24-44	7772-7779	expense	
24-45	7779-7780	;	
24-46	7781-7784	and	
24-47	7785-7788	the	
24-48	7789-7795	poorer	
24-49	7796-7802	people	
24-50	7802-7803	,	
24-51	7804-7807	who	
24-52	7808-7812	only	
24-53	7813-7816	set	
24-54	7817-7821	open	
24-55	7822-7827	their	
24-56	7828-7835	windows	
24-57	7836-7841	night	
24-58	7842-7845	and	
24-59	7846-7849	day	
24-60	7849-7850	,	
24-61	7851-7857	burned	
24-62	7858-7867	brimstone	
24-63	7867-7868	,	
24-64	7869-7874	pitch	
24-65	7874-7875	,	
24-66	7876-7879	and	
24-67	7880-7889	gunpowder	
24-68	7889-7890	,	
24-69	7891-7894	and	
24-70	7895-7899	such	
24-71	7900-7906	things	
24-72	7907-7909	in	
24-73	7910-7915	their	
24-74	7916-7921	rooms	
24-75	7921-7922	,	
24-76	7923-7926	did	
24-77	7927-7929	as	
24-78	7930-7934	well	
24-79	7935-7937	as	
24-80	7938-7941	the	
24-81	7942-7946	best	
24-82	7946-7947	;	
24-83	7948-7951	nay	
24-84	7951-7952	,	
24-85	7953-7956	the	
24-86	7957-7962	eager	
24-87	7963-7969	people	
24-88	7970-7973	who	
24-89	7973-7974	,	
24-90	7975-7977	as	
24-91	7978-7979	I	
24-92	7980-7984	said	
24-93	7985-7990	above	
24-94	7990-7991	,	
24-95	7992-7996	came	
24-96	7997-8001	home	
24-97	8002-8004	in	
24-98	8005-8010	haste	
24-99	8011-8014	and	
24-100	8015-8017	at	
24-101	8018-8021	all	
24-102	8022-8029	hazards	
24-103	8029-8030	,	
24-104	8031-8036	found	
24-105	8037-8043	little	
24-106	8044-8046	or	
24-107	8047-8049	no	
24-108	8050-8063	inconvenience	
24-109	8064-8066	in	
24-110	8067-8072	their	
24-111	8073-8079	houses	
24-112	8079-8080	,	
24-113	8081-8084	nor	
24-114	8085-8087	in	
24-115	8088-8091	the	
24-116	8092-8097	goods	
24-117	8097-8098	,	
24-118	8099-8102	and	
24-119	8103-8106	did	
24-120	8107-8113	little	
24-121	8114-8116	or	
24-122	8117-8124	nothing	
24-123	8125-8127	to	
24-124	8128-8132	them	
24-125	8132-8133	.	

#Text=However, in general, prudent, cautious people did enter into some measures for airing and sweetening their houses, and burned perfumes, incense, benjamin, rozin, and sulphur in their rooms close shut up, and then let the air carry it all out with a blast of gunpowder; others caused large fires to be made all day and all night for several days and nights; by the same token that two or three were pleased to set their houses on fire, and so effectually sweetened them by burning them down to the ground; as particularly one at Ratcliff, one in Holbourn, and one at Westminster; besides two or three that were set on fire, but the fire was happily got out again before it went far enough to burn down the houses; and one citizen’s servant, I think it was in Thames Street, carried so much gunpowder into his master’s house, for clearing it of the infection, and managed it so foolishly, that he blew up part of the roof of the house.
25-1	8137-8144	However	
25-2	8144-8145	,	
25-3	8146-8148	in	
25-4	8149-8156	general	
25-5	8156-8157	,	
25-6	8158-8165	prudent	
25-7	8165-8166	,	
25-8	8167-8175	cautious	
25-9	8176-8182	people	
25-10	8183-8186	did	
25-11	8187-8192	enter	
25-12	8193-8197	into	
25-13	8198-8202	some	
25-14	8203-8211	measures	
25-15	8212-8215	for	
25-16	8216-8222	airing	
25-17	8223-8226	and	
25-18	8227-8237	sweetening	
25-19	8238-8243	their	
25-20	8244-8250	houses	
25-21	8250-8251	,	
25-22	8252-8255	and	
25-23	8256-8262	burned	
25-24	8263-8271	perfumes	
25-25	8271-8272	,	
25-26	8273-8280	incense	
25-27	8280-8281	,	
25-28	8282-8290	benjamin	
25-29	8290-8291	,	
25-30	8292-8297	rozin	
25-31	8297-8298	,	
25-32	8299-8302	and	
25-33	8303-8310	sulphur	
25-34	8311-8313	in	
25-35	8314-8319	their	
25-36	8320-8325	rooms	
25-37	8326-8331	close	
25-38	8332-8336	shut	
25-39	8337-8339	up	
25-40	8339-8340	,	
25-41	8341-8344	and	
25-42	8345-8349	then	
25-43	8350-8353	let	
25-44	8354-8357	the	
25-45	8358-8361	air	
25-46	8362-8367	carry	
25-47	8368-8370	it	
25-48	8371-8374	all	
25-49	8375-8378	out	
25-50	8379-8383	with	
25-51	8384-8385	a	
25-52	8386-8391	blast	
25-53	8392-8394	of	
25-54	8395-8404	gunpowder	
25-55	8404-8405	;	
25-56	8406-8412	others	
25-57	8413-8419	caused	
25-58	8420-8425	large	
25-59	8426-8431	fires	
25-60	8432-8434	to	
25-61	8435-8437	be	
25-62	8438-8442	made	
25-63	8443-8446	all	
25-64	8447-8450	day	
25-65	8451-8454	and	
25-66	8455-8458	all	
25-67	8459-8464	night	
25-68	8465-8468	for	
25-69	8469-8476	several	
25-70	8477-8481	days	
25-71	8482-8485	and	
25-72	8486-8492	nights	
25-73	8492-8493	;	
25-74	8494-8496	by	
25-75	8497-8500	the	
25-76	8501-8505	same	
25-77	8506-8511	token	
25-78	8512-8516	that	
25-79	8517-8520	two	
25-80	8521-8523	or	
25-81	8524-8529	three	
25-82	8530-8534	were	
25-83	8535-8542	pleased	
25-84	8543-8545	to	
25-85	8546-8549	set	
25-86	8550-8555	their	
25-87	8556-8562	houses	
25-88	8563-8565	on	
25-89	8566-8570	fire	
25-90	8570-8571	,	
25-91	8572-8575	and	
25-92	8576-8578	so	
25-93	8579-8590	effectually	
25-94	8591-8600	sweetened	
25-95	8601-8605	them	
25-96	8606-8608	by	
25-97	8609-8616	burning	
25-98	8617-8621	them	
25-99	8622-8626	down	
25-100	8627-8629	to	
25-101	8630-8633	the	
25-102	8634-8640	ground	
25-103	8640-8641	;	
25-104	8642-8644	as	
25-105	8645-8657	particularly	
25-106	8658-8661	one	
25-107	8662-8664	at	
25-108	8665-8673	Ratcliff	
25-109	8673-8674	,	
25-110	8675-8678	one	
25-111	8679-8681	in	
25-112	8682-8690	Holbourn	
25-113	8690-8691	,	
25-114	8692-8695	and	
25-115	8696-8699	one	
25-116	8700-8702	at	
25-117	8703-8714	Westminster	
25-118	8714-8715	;	
25-119	8716-8723	besides	
25-120	8724-8727	two	
25-121	8728-8730	or	
25-122	8731-8736	three	
25-123	8737-8741	that	
25-124	8742-8746	were	
25-125	8747-8750	set	
25-126	8751-8753	on	
25-127	8754-8758	fire	
25-128	8758-8759	,	
25-129	8760-8763	but	
25-130	8764-8767	the	
25-131	8768-8772	fire	
25-132	8773-8776	was	
25-133	8777-8784	happily	
25-134	8785-8788	got	
25-135	8789-8792	out	
25-136	8793-8798	again	
25-137	8799-8805	before	
25-138	8806-8808	it	
25-139	8809-8813	went	
25-140	8814-8817	far	
25-141	8818-8824	enough	
25-142	8825-8827	to	
25-143	8828-8832	burn	
25-144	8833-8837	down	
25-145	8838-8841	the	
25-146	8842-8848	houses	
25-147	8848-8849	;	
25-148	8850-8853	and	
25-149	8854-8857	one	
25-150	8858-8865	citizen	
25-151	8865-8866	’	
25-152	8866-8867	s	
25-153	8868-8875	servant	
25-154	8875-8876	,	
25-155	8877-8878	I	
25-156	8879-8884	think	
25-157	8885-8887	it	
25-158	8888-8891	was	
25-159	8892-8894	in	
25-160	8895-8901	Thames	
25-161	8902-8908	Street	
25-162	8908-8909	,	
25-163	8910-8917	carried	
25-164	8918-8920	so	
25-165	8921-8925	much	
25-166	8926-8935	gunpowder	
25-167	8936-8940	into	
25-168	8941-8944	his	
25-169	8945-8951	master	
25-170	8951-8952	’	
25-171	8952-8953	s	
25-172	8954-8959	house	
25-173	8959-8960	,	
25-174	8961-8964	for	
25-175	8965-8973	clearing	
25-176	8974-8976	it	
25-177	8977-8979	of	
25-178	8980-8983	the	
25-179	8984-8993	infection	
25-180	8993-8994	,	
25-181	8995-8998	and	
25-182	8999-9006	managed	
25-183	9007-9009	it	
25-184	9010-9012	so	
25-185	9013-9022	foolishly	
25-186	9022-9023	,	
25-187	9024-9028	that	
25-188	9029-9031	he	
25-189	9032-9036	blew	
25-190	9037-9039	up	
25-191	9040-9044	part	
25-192	9045-9047	of	
25-193	9048-9051	the	
25-194	9052-9056	roof	
25-195	9057-9059	of	
25-196	9060-9063	the	
25-197	9064-9069	house	
25-198	9069-9070	.	

#Text=But the time was not fully come that the city was to be purged by fire, nor was it far off; for within nine months more I saw it all lying in ashes; when, as some of our quacking philosophers pretend, the seeds of the plague were entirely destroyed, and not before; a notion too ridiculous to speak of here: since, had the seeds of the plague remained in the houses, not to be destroyed but by fire, how has it been that they have not since broken out, seeing all those buildings in the suburbs and liberties, all in the great parishes of Stepney, Whitechappel, Aldgate, Bishopsgate, Shoreditch, Cripplegate, and St Giles, where the fire never came, and where the plague raged with the greatest violence, remain still in the same condition they were in before?
26-1	9071-9074	But	
26-2	9075-9078	the	
26-3	9079-9083	time	
26-4	9084-9087	was	
26-5	9088-9091	not	
26-6	9092-9097	fully	
26-7	9098-9102	come	
26-8	9103-9107	that	
26-9	9108-9111	the	
26-10	9112-9116	city	
26-11	9117-9120	was	
26-12	9121-9123	to	
26-13	9124-9126	be	
26-14	9127-9133	purged	
26-15	9134-9136	by	
26-16	9137-9141	fire	
26-17	9141-9142	,	
26-18	9143-9146	nor	
26-19	9147-9150	was	
26-20	9151-9153	it	
26-21	9154-9157	far	
26-22	9158-9161	off	
26-23	9161-9162	;	
26-24	9163-9166	for	
26-25	9167-9173	within	
26-26	9174-9178	nine	
26-27	9179-9185	months	
26-28	9186-9190	more	
26-29	9191-9192	I	
26-30	9193-9196	saw	
26-31	9197-9199	it	
26-32	9200-9203	all	
26-33	9204-9209	lying	
26-34	9210-9212	in	
26-35	9213-9218	ashes	
26-36	9218-9219	;	
26-37	9220-9224	when	
26-38	9224-9225	,	
26-39	9226-9228	as	
26-40	9229-9233	some	
26-41	9234-9236	of	
26-42	9237-9240	our	
26-43	9241-9249	quacking	
26-44	9250-9262	philosophers	
26-45	9263-9270	pretend	
26-46	9270-9271	,	
26-47	9272-9275	the	
26-48	9276-9281	seeds	
26-49	9282-9284	of	
26-50	9285-9288	the	
26-51	9289-9295	plague	
26-52	9296-9300	were	
26-53	9301-9309	entirely	
26-54	9310-9319	destroyed	
26-55	9319-9320	,	
26-56	9321-9324	and	
26-57	9325-9328	not	
26-58	9329-9335	before	
26-59	9335-9336	;	
26-60	9337-9338	a	
26-61	9339-9345	notion	
26-62	9346-9349	too	
26-63	9350-9360	ridiculous	
26-64	9361-9363	to	
26-65	9364-9369	speak	
26-66	9370-9372	of	
26-67	9373-9377	here	
26-68	9377-9378	:	
26-69	9379-9384	since	
26-70	9384-9385	,	
26-71	9386-9389	had	
26-72	9390-9393	the	
26-73	9394-9399	seeds	
26-74	9400-9402	of	
26-75	9403-9406	the	
26-76	9407-9413	plague	
26-77	9414-9422	remained	
26-78	9423-9425	in	
26-79	9426-9429	the	
26-80	9430-9436	houses	
26-81	9436-9437	,	
26-82	9438-9441	not	
26-83	9442-9444	to	
26-84	9445-9447	be	
26-85	9448-9457	destroyed	
26-86	9458-9461	but	
26-87	9462-9464	by	
26-88	9465-9469	fire	
26-89	9469-9470	,	
26-90	9471-9474	how	
26-91	9475-9478	has	
26-92	9479-9481	it	
26-93	9482-9486	been	
26-94	9487-9491	that	
26-95	9492-9496	they	
26-96	9497-9501	have	
26-97	9502-9505	not	
26-98	9506-9511	since	
26-99	9512-9518	broken	
26-100	9519-9522	out	
26-101	9522-9523	,	
26-102	9524-9530	seeing	
26-103	9531-9534	all	
26-104	9535-9540	those	
26-105	9541-9550	buildings	
26-106	9551-9553	in	
26-107	9554-9557	the	
26-108	9558-9565	suburbs	
26-109	9566-9569	and	
26-110	9570-9579	liberties	
26-111	9579-9580	,	
26-112	9581-9584	all	
26-113	9585-9587	in	
26-114	9588-9591	the	
26-115	9592-9597	great	
26-116	9598-9606	parishes	
26-117	9607-9609	of	
26-118	9610-9617	Stepney	
26-119	9617-9618	,	
26-120	9619-9631	Whitechappel	
26-121	9631-9632	,	
26-122	9633-9640	Aldgate	
26-123	9640-9641	,	
26-124	9642-9653	Bishopsgate	
26-125	9653-9654	,	
26-126	9655-9665	Shoreditch	
26-127	9665-9666	,	
26-128	9667-9678	Cripplegate	
26-129	9678-9679	,	
26-130	9680-9683	and	
26-131	9684-9686	St	
26-132	9687-9692	Giles	
26-133	9692-9693	,	
26-134	9694-9699	where	
26-135	9700-9703	the	
26-136	9704-9708	fire	
26-137	9709-9714	never	
26-138	9715-9719	came	
26-139	9719-9720	,	
26-140	9721-9724	and	
26-141	9725-9730	where	
26-142	9731-9734	the	
26-143	9735-9741	plague	
26-144	9742-9747	raged	
26-145	9748-9752	with	
26-146	9753-9756	the	
26-147	9757-9765	greatest	
26-148	9766-9774	violence	
26-149	9774-9775	,	
26-150	9776-9782	remain	
26-151	9783-9788	still	
26-152	9789-9791	in	
26-153	9792-9795	the	
26-154	9796-9800	same	
26-155	9801-9810	condition	
26-156	9811-9815	they	
26-157	9816-9820	were	
26-158	9821-9823	in	
26-159	9824-9830	before	
26-160	9830-9831	?	

#Text=But to leave these things just as I found them, it was certain that those people who were more than ordinarily cautious of their health, did take particular directions for what they called seasoning of their houses, and abundance of costly things were consumed on that account which I cannot but say not only seasoned those houses, as they desired, but filled the air with very grateful and wholesome smells which others had the share of the benefit of as well as those who were at the expenses of them.
27-1	9835-9838	But	
27-2	9839-9841	to	
27-3	9842-9847	leave	
27-4	9848-9853	these	
27-5	9854-9860	things	
27-6	9861-9865	just	
27-7	9866-9868	as	
27-8	9869-9870	I	
27-9	9871-9876	found	
27-10	9877-9881	them	
27-11	9881-9882	,	
27-12	9883-9885	it	
27-13	9886-9889	was	
27-14	9890-9897	certain	
27-15	9898-9902	that	
27-16	9903-9908	those	
27-17	9909-9915	people	
27-18	9916-9919	who	
27-19	9920-9924	were	
27-20	9925-9929	more	
27-21	9930-9934	than	
27-22	9935-9945	ordinarily	
27-23	9946-9954	cautious	
27-24	9955-9957	of	
27-25	9958-9963	their	
27-26	9964-9970	health	
27-27	9970-9971	,	
27-28	9972-9975	did	
27-29	9976-9980	take	
27-30	9981-9991	particular	
27-31	9992-10002	directions	
27-32	10003-10006	for	
27-33	10007-10011	what	
27-34	10012-10016	they	
27-35	10017-10023	called	
27-36	10024-10033	seasoning	
27-37	10034-10036	of	
27-38	10037-10042	their	
27-39	10043-10049	houses	
27-40	10049-10050	,	
27-41	10051-10054	and	
27-42	10055-10064	abundance	
27-43	10065-10067	of	
27-44	10068-10074	costly	
27-45	10075-10081	things	
27-46	10082-10086	were	
27-47	10087-10095	consumed	
27-48	10096-10098	on	
27-49	10099-10103	that	
27-50	10104-10111	account	
27-51	10112-10117	which	
27-52	10118-10119	I	
27-53	10120-10126	cannot	
27-54	10127-10130	but	
27-55	10131-10134	say	
27-56	10135-10138	not	
27-57	10139-10143	only	
27-58	10144-10152	seasoned	
27-59	10153-10158	those	
27-60	10159-10165	houses	
27-61	10165-10166	,	
27-62	10167-10169	as	
27-63	10170-10174	they	
27-64	10175-10182	desired	
27-65	10182-10183	,	
27-66	10184-10187	but	
27-67	10188-10194	filled	
27-68	10195-10198	the	
27-69	10199-10202	air	
27-70	10203-10207	with	
27-71	10208-10212	very	
27-72	10213-10221	grateful	
27-73	10222-10225	and	
27-74	10226-10235	wholesome	
27-75	10236-10242	smells	
27-76	10243-10248	which	
27-77	10249-10255	others	
27-78	10256-10259	had	
27-79	10260-10263	the	
27-80	10264-10269	share	
27-81	10270-10272	of	
27-82	10273-10276	the	
27-83	10277-10284	benefit	
27-84	10285-10287	of	
27-85	10288-10290	as	
27-86	10291-10295	well	
27-87	10296-10298	as	
27-88	10299-10304	those	
27-89	10305-10308	who	
27-90	10309-10313	were	
27-91	10314-10316	at	
27-92	10317-10320	the	
27-93	10321-10329	expenses	
27-94	10330-10332	of	
27-95	10333-10337	them	
27-96	10337-10338	.	

#Text=And yet after all, though the poor came to town very precipitantly, as I have said, yet I must say the rich made no such haste.
28-1	10342-10345	And	
28-2	10346-10349	yet	
28-3	10350-10355	after	
28-4	10356-10359	all	
28-5	10359-10360	,	
28-6	10361-10367	though	
28-7	10368-10371	the	
28-8	10372-10376	poor	
28-9	10377-10381	came	
28-10	10382-10384	to	
28-11	10385-10389	town	
28-12	10390-10394	very	
28-13	10395-10408	precipitantly	
28-14	10408-10409	,	
28-15	10410-10412	as	
28-16	10413-10414	I	
28-17	10415-10419	have	
28-18	10420-10424	said	
28-19	10424-10425	,	
28-20	10426-10429	yet	
28-21	10430-10431	I	
28-22	10432-10436	must	
28-23	10437-10440	say	
28-24	10441-10444	the	
28-25	10445-10449	rich	
28-26	10450-10454	made	
28-27	10455-10457	no	
28-28	10458-10462	such	
28-29	10463-10468	haste	
28-30	10468-10469	.	

#Text=The men of business, indeed, came up, but many of them did not bring their families to town till the spring came on, and that they saw reason to depend upon it that the plague would not return.
29-1	10470-10473	The	
29-2	10474-10477	men	
29-3	10478-10480	of	
29-4	10481-10489	business	
29-5	10489-10490	,	
29-6	10491-10497	indeed	
29-7	10497-10498	,	
29-8	10499-10503	came	
29-9	10504-10506	up	
29-10	10506-10507	,	
29-11	10508-10511	but	
29-12	10512-10516	many	
29-13	10517-10519	of	
29-14	10520-10524	them	
29-15	10525-10528	did	
29-16	10529-10532	not	
29-17	10533-10538	bring	
29-18	10539-10544	their	
29-19	10545-10553	families	
29-20	10554-10556	to	
29-21	10557-10561	town	
29-22	10562-10566	till	
29-23	10567-10570	the	
29-24	10571-10577	spring	
29-25	10578-10582	came	
29-26	10583-10585	on	
29-27	10585-10586	,	
29-28	10587-10590	and	
29-29	10591-10595	that	
29-30	10596-10600	they	
29-31	10601-10604	saw	
29-32	10605-10611	reason	
29-33	10612-10614	to	
29-34	10615-10621	depend	
29-35	10622-10626	upon	
29-36	10627-10629	it	
29-37	10630-10634	that	
29-38	10635-10638	the	
29-39	10639-10645	plague	
29-40	10646-10651	would	
29-41	10652-10655	not	
29-42	10656-10662	return	
29-43	10662-10663	.	

#Text=The Court, indeed, came up soon after Christmas, but the nobility and gentry, except such as depended upon and had employment under the administration, did not come so soon.
30-1	10667-10670	The	
30-2	10671-10676	Court	
30-3	10676-10677	,	
30-4	10678-10684	indeed	
30-5	10684-10685	,	
30-6	10686-10690	came	
30-7	10691-10693	up	
30-8	10694-10698	soon	
30-9	10699-10704	after	
30-10	10705-10714	Christmas	
30-11	10714-10715	,	
30-12	10716-10719	but	
30-13	10720-10723	the	
30-14	10724-10732	nobility	
30-15	10733-10736	and	
30-16	10737-10743	gentry	
30-17	10743-10744	,	
30-18	10745-10751	except	
30-19	10752-10756	such	
30-20	10757-10759	as	
30-21	10760-10768	depended	
30-22	10769-10773	upon	
30-23	10774-10777	and	
30-24	10778-10781	had	
30-25	10782-10792	employment	
30-26	10793-10798	under	
30-27	10799-10802	the	
30-28	10803-10817	administration	
30-29	10817-10818	,	
30-30	10819-10822	did	
30-31	10823-10826	not	
30-32	10827-10831	come	
30-33	10832-10834	so	
30-34	10835-10839	soon	
30-35	10839-10840	.	

#Text=I should have taken notice here that, notwithstanding the violence of the plague in London and in other places, yet it was very observable that it was never on board the fleet; and yet for some time there was a strange press in the river, and even in the streets, for seamen to man the fleet.
31-1	10844-10845	I	
31-2	10846-10852	should	
31-3	10853-10857	have	
31-4	10858-10863	taken	
31-5	10864-10870	notice	
31-6	10871-10875	here	
31-7	10876-10880	that	
31-8	10880-10881	,	
31-9	10882-10897	notwithstanding	
31-10	10898-10901	the	
31-11	10902-10910	violence	
31-12	10911-10913	of	
31-13	10914-10917	the	
31-14	10918-10924	plague	
31-15	10925-10927	in	
31-16	10928-10934	London	
31-17	10935-10938	and	
31-18	10939-10941	in	
31-19	10942-10947	other	
31-20	10948-10954	places	
31-21	10954-10955	,	
31-22	10956-10959	yet	
31-23	10960-10962	it	
31-24	10963-10966	was	
31-25	10967-10971	very	
31-26	10972-10982	observable	
31-27	10983-10987	that	
31-28	10988-10990	it	
31-29	10991-10994	was	
31-30	10995-11000	never	
31-31	11001-11003	on	
31-32	11004-11009	board	
31-33	11010-11013	the	
31-34	11014-11019	fleet	
31-35	11019-11020	;	
31-36	11021-11024	and	
31-37	11025-11028	yet	
31-38	11029-11032	for	
31-39	11033-11037	some	
31-40	11038-11042	time	
31-41	11043-11048	there	
31-42	11049-11052	was	
31-43	11053-11054	a	
31-44	11055-11062	strange	
31-45	11063-11068	press	
31-46	11069-11071	in	
31-47	11072-11075	the	
31-48	11076-11081	river	
31-49	11081-11082	,	
31-50	11083-11086	and	
31-51	11087-11091	even	
31-52	11092-11094	in	
31-53	11095-11098	the	
31-54	11099-11106	streets	
31-55	11106-11107	,	
31-56	11108-11111	for	
31-57	11112-11118	seamen	
31-58	11119-11121	to	
31-59	11122-11125	man	
31-60	11126-11129	the	
31-61	11130-11135	fleet	
31-62	11135-11136	.	

#Text=But it was in the beginning of the year, when the plague was scarce begun, and not at all come down to that part of the city where they usually press for seamen; and though a war with the Dutch was not at all grateful to the people at that time, and the seamen went with a kind of reluctancy into the service, and many complained of being dragged into it by force, yet it proved in the event a happy violence to several of them, who had probably perished in the general calamity, and who, after the summer service was over, though they had cause to lament the desolation of their families—who, when they came back, were many of them in their graves—yet they had room to be thankful that they were carried out of the reach of it, though so much against their wills.
32-1	11137-11140	But	
32-2	11141-11143	it	
32-3	11144-11147	was	
32-4	11148-11150	in	
32-5	11151-11154	the	
32-6	11155-11164	beginning	
32-7	11165-11167	of	
32-8	11168-11171	the	
32-9	11172-11176	year	
32-10	11176-11177	,	
32-11	11178-11182	when	
32-12	11183-11186	the	
32-13	11187-11193	plague	
32-14	11194-11197	was	
32-15	11198-11204	scarce	
32-16	11205-11210	begun	
32-17	11210-11211	,	
32-18	11212-11215	and	
32-19	11216-11219	not	
32-20	11220-11222	at	
32-21	11223-11226	all	
32-22	11227-11231	come	
32-23	11232-11236	down	
32-24	11237-11239	to	
32-25	11240-11244	that	
32-26	11245-11249	part	
32-27	11250-11252	of	
32-28	11253-11256	the	
32-29	11257-11261	city	
32-30	11262-11267	where	
32-31	11268-11272	they	
32-32	11273-11280	usually	
32-33	11281-11286	press	
32-34	11287-11290	for	
32-35	11291-11297	seamen	
32-36	11297-11298	;	
32-37	11299-11302	and	
32-38	11303-11309	though	
32-39	11310-11311	a	
32-40	11312-11315	war	
32-41	11316-11320	with	
32-42	11321-11324	the	
32-43	11325-11330	Dutch	
32-44	11331-11334	was	
32-45	11335-11338	not	
32-46	11339-11341	at	
32-47	11342-11345	all	
32-48	11346-11354	grateful	
32-49	11355-11357	to	
32-50	11358-11361	the	
32-51	11362-11368	people	
32-52	11369-11371	at	
32-53	11372-11376	that	
32-54	11377-11381	time	
32-55	11381-11382	,	
32-56	11383-11386	and	
32-57	11387-11390	the	
32-58	11391-11397	seamen	
32-59	11398-11402	went	
32-60	11403-11407	with	
32-61	11408-11409	a	
32-62	11410-11414	kind	
32-63	11415-11417	of	
32-64	11418-11428	reluctancy	
32-65	11429-11433	into	
32-66	11434-11437	the	
32-67	11438-11445	service	
32-68	11445-11446	,	
32-69	11447-11450	and	
32-70	11451-11455	many	
32-71	11456-11466	complained	
32-72	11467-11469	of	
32-73	11470-11475	being	
32-74	11476-11483	dragged	
32-75	11484-11488	into	
32-76	11489-11491	it	
32-77	11492-11494	by	
32-78	11495-11500	force	
32-79	11500-11501	,	
32-80	11502-11505	yet	
32-81	11506-11508	it	
32-82	11509-11515	proved	
32-83	11516-11518	in	
32-84	11519-11522	the	
32-85	11523-11528	event	
32-86	11529-11530	a	
32-87	11531-11536	happy	
32-88	11537-11545	violence	
32-89	11546-11548	to	
32-90	11549-11556	several	
32-91	11557-11559	of	
32-92	11560-11564	them	
32-93	11564-11565	,	
32-94	11566-11569	who	
32-95	11570-11573	had	
32-96	11574-11582	probably	
32-97	11583-11591	perished	
32-98	11592-11594	in	
32-99	11595-11598	the	
32-100	11599-11606	general	
32-101	11607-11615	calamity	
32-102	11615-11616	,	
32-103	11617-11620	and	
32-104	11621-11624	who	
32-105	11624-11625	,	
32-106	11626-11631	after	
32-107	11632-11635	the	
32-108	11636-11642	summer	
32-109	11643-11650	service	
32-110	11651-11654	was	
32-111	11655-11659	over	
32-112	11659-11660	,	
32-113	11661-11667	though	
32-114	11668-11672	they	
32-115	11673-11676	had	
32-116	11677-11682	cause	
32-117	11683-11685	to	
32-118	11686-11692	lament	
32-119	11693-11696	the	
32-120	11697-11707	desolation	
32-121	11708-11710	of	
32-122	11711-11716	their	
32-123	11717-11729	families—who	
32-124	11729-11730	,	
32-125	11731-11735	when	
32-126	11736-11740	they	
32-127	11741-11745	came	
32-128	11746-11750	back	
32-129	11750-11751	,	
32-130	11752-11756	were	
32-131	11757-11761	many	
32-132	11762-11764	of	
32-133	11765-11769	them	
32-134	11770-11772	in	
32-135	11773-11778	their	
32-136	11779-11789	graves—yet	
32-137	11790-11794	they	
32-138	11795-11798	had	
32-139	11799-11803	room	
32-140	11804-11806	to	
32-141	11807-11809	be	
32-142	11810-11818	thankful	
32-143	11819-11823	that	
32-144	11824-11828	they	
32-145	11829-11833	were	
32-146	11834-11841	carried	
32-147	11842-11845	out	
32-148	11846-11848	of	
32-149	11849-11852	the	
32-150	11853-11858	reach	
32-151	11859-11861	of	
32-152	11862-11864	it	
32-153	11864-11865	,	
32-154	11866-11872	though	
32-155	11873-11875	so	
32-156	11876-11880	much	
32-157	11881-11888	against	
32-158	11889-11894	their	
32-159	11895-11900	wills	
32-160	11900-11901	.	

#Text=We indeed had a hot war with the Dutch that year, and one very great engagement at sea in which the Dutch were worsted, but we lost a great many men and some ships.
33-1	11902-11904	We	
33-2	11905-11911	indeed	
33-3	11912-11915	had	
33-4	11916-11917	a	
33-5	11918-11921	hot	
33-6	11922-11925	war	
33-7	11926-11930	with	
33-8	11931-11934	the	
33-9	11935-11940	Dutch	
33-10	11941-11945	that	
33-11	11946-11950	year	
33-12	11950-11951	,	
33-13	11952-11955	and	
33-14	11956-11959	one	
33-15	11960-11964	very	
33-16	11965-11970	great	
33-17	11971-11981	engagement	
33-18	11982-11984	at	
33-19	11985-11988	sea	
33-20	11989-11991	in	
33-21	11992-11997	which	
33-22	11998-12001	the	
33-23	12002-12007	Dutch	
33-24	12008-12012	were	
33-25	12013-12020	worsted	
33-26	12020-12021	,	
33-27	12022-12025	but	
33-28	12026-12028	we	
33-29	12029-12033	lost	
33-30	12034-12035	a	
33-31	12036-12041	great	
33-32	12042-12046	many	
33-33	12047-12050	men	
33-34	12051-12054	and	
33-35	12055-12059	some	
33-36	12060-12065	ships	
33-37	12065-12066	.	

#Text=But, as I observed, the plague was not in the fleet, and when they came to lay up the ships in the river the violent part of it began to abate.
34-1	12067-12070	But	
34-2	12070-12071	,	
34-3	12072-12074	as	
34-4	12075-12076	I	
34-5	12077-12085	observed	
34-6	12085-12086	,	
34-7	12087-12090	the	
34-8	12091-12097	plague	
34-9	12098-12101	was	
34-10	12102-12105	not	
34-11	12106-12108	in	
34-12	12109-12112	the	
34-13	12113-12118	fleet	
34-14	12118-12119	,	
34-15	12120-12123	and	
34-16	12124-12128	when	
34-17	12129-12133	they	
34-18	12134-12138	came	
34-19	12139-12141	to	
34-20	12142-12145	lay	
34-21	12146-12148	up	
34-22	12149-12152	the	
34-23	12153-12158	ships	
34-24	12159-12161	in	
34-25	12162-12165	the	
34-26	12166-12171	river	
34-27	12172-12175	the	
34-28	12176-12183	violent	
34-29	12184-12188	part	
34-30	12189-12191	of	
34-31	12192-12194	it	
34-32	12195-12200	began	
34-33	12201-12203	to	
34-34	12204-12209	abate	
34-35	12209-12210	.	

#Text=I would be glad if I could close the account of this melancholy year with some particular examples historically; I mean of the thankfulness to God, our preserver, for our being delivered from this dreadful calamity.
35-1	12214-12215	I	
35-2	12216-12221	would	
35-3	12222-12224	be	
35-4	12225-12229	glad	
35-5	12230-12232	if	
35-6	12233-12234	I	
35-7	12235-12240	could	
35-8	12241-12246	close	
35-9	12247-12250	the	
35-10	12251-12258	account	
35-11	12259-12261	of	
35-12	12262-12266	this	
35-13	12267-12277	melancholy	
35-14	12278-12282	year	
35-15	12283-12287	with	
35-16	12288-12292	some	
35-17	12293-12303	particular	
35-18	12304-12312	examples	
35-19	12313-12325	historically	
35-20	12325-12326	;	
35-21	12327-12328	I	
35-22	12329-12333	mean	
35-23	12334-12336	of	
35-24	12337-12340	the	
35-25	12341-12353	thankfulness	
35-26	12354-12356	to	
35-27	12357-12360	God	
35-28	12360-12361	,	
35-29	12362-12365	our	
35-30	12366-12375	preserver	
35-31	12375-12376	,	
35-32	12377-12380	for	
35-33	12381-12384	our	
35-34	12385-12390	being	
35-35	12391-12400	delivered	
35-36	12401-12405	from	
35-37	12406-12410	this	
35-38	12411-12419	dreadful	
35-39	12420-12428	calamity	
35-40	12428-12429	.	

#Text=Certainly the circumstance of the deliverance, as well as the terrible enemy we were delivered from, called upon the whole nation for it.
36-1	12430-12439	Certainly	
36-2	12440-12443	the	
36-3	12444-12456	circumstance	
36-4	12457-12459	of	
36-5	12460-12463	the	
36-6	12464-12475	deliverance	
36-7	12475-12476	,	
36-8	12477-12479	as	
36-9	12480-12484	well	
36-10	12485-12487	as	
36-11	12488-12491	the	
36-12	12492-12500	terrible	
36-13	12501-12506	enemy	
36-14	12507-12509	we	
36-15	12510-12514	were	
36-16	12515-12524	delivered	
36-17	12525-12529	from	
36-18	12529-12530	,	
36-19	12531-12537	called	
36-20	12538-12542	upon	
36-21	12543-12546	the	
36-22	12547-12552	whole	
36-23	12553-12559	nation	
36-24	12560-12563	for	
36-25	12564-12566	it	
36-26	12566-12567	.	

#Text=The circumstances of the deliverance were indeed very remarkable, as I have in part mentioned already, and particularly the dreadful condition which we were all in when we were to the surprise of the whole town made joyful with the hope of a stop of the infection.
37-1	12568-12571	The	
37-2	12572-12585	circumstances	
37-3	12586-12588	of	
37-4	12589-12592	the	
37-5	12593-12604	deliverance	
37-6	12605-12609	were	
37-7	12610-12616	indeed	
37-8	12617-12621	very	
37-9	12622-12632	remarkable	
37-10	12632-12633	,	
37-11	12634-12636	as	
37-12	12637-12638	I	
37-13	12639-12643	have	
37-14	12644-12646	in	
37-15	12647-12651	part	
37-16	12652-12661	mentioned	
37-17	12662-12669	already	
37-18	12669-12670	,	
37-19	12671-12674	and	
37-20	12675-12687	particularly	
37-21	12688-12691	the	
37-22	12692-12700	dreadful	
37-23	12701-12710	condition	
37-24	12711-12716	which	
37-25	12717-12719	we	
37-26	12720-12724	were	
37-27	12725-12728	all	
37-28	12729-12731	in	
37-29	12732-12736	when	
37-30	12737-12739	we	
37-31	12740-12744	were	
37-32	12745-12747	to	
37-33	12748-12751	the	
37-34	12752-12760	surprise	
37-35	12761-12763	of	
37-36	12764-12767	the	
37-37	12768-12773	whole	
37-38	12774-12778	town	
37-39	12779-12783	made	
37-40	12784-12790	joyful	
37-41	12791-12795	with	
37-42	12796-12799	the	
37-43	12800-12804	hope	
37-44	12805-12807	of	
37-45	12808-12809	a	
37-46	12810-12814	stop	
37-47	12815-12817	of	
37-48	12818-12821	the	
37-49	12822-12831	infection	
37-50	12831-12832	.	

#Text=Nothing but the immediate finger of God, nothing but omnipotent power, could have done it.
38-1	12836-12843	Nothing	
38-2	12844-12847	but	
38-3	12848-12851	the	
38-4	12852-12861	immediate	
38-5	12862-12868	finger	
38-6	12869-12871	of	
38-7	12872-12875	God	
38-8	12875-12876	,	
38-9	12877-12884	nothing	
38-10	12885-12888	but	
38-11	12889-12899	omnipotent	
38-12	12900-12905	power	
38-13	12905-12906	,	
38-14	12907-12912	could	
38-15	12913-12917	have	
38-16	12918-12922	done	
38-17	12923-12925	it	
38-18	12925-12926	.	

#Text=The contagion despised all medicine; death raged in every corner; and had it gone on as it did then, a few weeks more would have cleared the town of all, and everything that had a soul.
39-1	12927-12930	The	
39-2	12931-12940	contagion	
39-3	12941-12949	despised	
39-4	12950-12953	all	
39-5	12954-12962	medicine	
39-6	12962-12963	;	
39-7	12964-12969	death	
39-8	12970-12975	raged	
39-9	12976-12978	in	
39-10	12979-12984	every	
39-11	12985-12991	corner	
39-12	12991-12992	;	
39-13	12993-12996	and	
39-14	12997-13000	had	
39-15	13001-13003	it	
39-16	13004-13008	gone	
39-17	13009-13011	on	
39-18	13012-13014	as	
39-19	13015-13017	it	
39-20	13018-13021	did	
39-21	13022-13026	then	
39-22	13026-13027	,	
39-23	13028-13029	a	
39-24	13030-13033	few	
39-25	13034-13039	weeks	
39-26	13040-13044	more	
39-27	13045-13050	would	
39-28	13051-13055	have	
39-29	13056-13063	cleared	
39-30	13064-13067	the	
39-31	13068-13072	town	
39-32	13073-13075	of	
39-33	13076-13079	all	
39-34	13079-13080	,	
39-35	13081-13084	and	
39-36	13085-13095	everything	
39-37	13096-13100	that	
39-38	13101-13104	had	
39-39	13105-13106	a	
39-40	13107-13111	soul	
39-41	13111-13112	.	

#Text=Men everywhere began to despair; every heart failed them for fear; people were made desperate through the anguish of their souls, and the terrors of death sat in the very faces and countenances of the people.
40-1	13113-13116	Men	
40-2	13117-13127	everywhere	
40-3	13128-13133	began	
40-4	13134-13136	to	
40-5	13137-13144	despair	
40-6	13144-13145	;	
40-7	13146-13151	every	
40-8	13152-13157	heart	
40-9	13158-13164	failed	
40-10	13165-13169	them	
40-11	13170-13173	for	
40-12	13174-13178	fear	
40-13	13178-13179	;	
40-14	13180-13186	people	
40-15	13187-13191	were	
40-16	13192-13196	made	
40-17	13197-13206	desperate	
40-18	13207-13214	through	
40-19	13215-13218	the	
40-20	13219-13226	anguish	
40-21	13227-13229	of	
40-22	13230-13235	their	
40-23	13236-13241	souls	
40-24	13241-13242	,	
40-25	13243-13246	and	
40-26	13247-13250	the	
40-27	13251-13258	terrors	
40-28	13259-13261	of	
40-29	13262-13267	death	
40-30	13268-13271	sat	
40-31	13272-13274	in	
40-32	13275-13278	the	
40-33	13279-13283	very	
40-34	13284-13289	faces	
40-35	13290-13293	and	
40-36	13294-13306	countenances	
40-37	13307-13309	of	
40-38	13310-13313	the	
40-39	13314-13320	people	
40-40	13320-13321	.	

#Text=In that very moment when we might very well say, ‘Vain was the help of man’,—I say, in that very moment it pleased God, with a most agreeable surprise, to cause the fury of it to abate, even of itself; and the malignity declining, as I have said, though infinite numbers were sick, yet fewer died, and the very first weeks’ bill decreased 1843; a vast number indeed!
41-1	13325-13327	In	
41-2	13328-13332	that	
41-3	13333-13337	very	
41-4	13338-13344	moment	
41-5	13345-13349	when	
41-6	13350-13352	we	
41-7	13353-13358	might	
41-8	13359-13363	very	
41-9	13364-13368	well	
41-10	13369-13372	say	
41-11	13372-13373	,	
41-12	13374-13375	‘	
41-13	13375-13379	Vain	
41-14	13380-13383	was	
41-15	13384-13387	the	
41-16	13388-13392	help	
41-17	13393-13395	of	
41-18	13396-13399	man	
41-19	13399-13400	’	
41-20	13400-13401	,	
41-21	13401-13402	—	
41-22	13402-13403	I	
41-23	13404-13407	say	
41-24	13407-13408	,	
41-25	13409-13411	in	
41-26	13412-13416	that	
41-27	13417-13421	very	
41-28	13422-13428	moment	
41-29	13429-13431	it	
41-30	13432-13439	pleased	
41-31	13440-13443	God	
41-32	13443-13444	,	
41-33	13445-13449	with	
41-34	13450-13451	a	
41-35	13452-13456	most	
41-36	13457-13466	agreeable	
41-37	13467-13475	surprise	
41-38	13475-13476	,	
41-39	13477-13479	to	
41-40	13480-13485	cause	
41-41	13486-13489	the	
41-42	13490-13494	fury	
41-43	13495-13497	of	
41-44	13498-13500	it	
41-45	13501-13503	to	
41-46	13504-13509	abate	
41-47	13509-13510	,	
41-48	13511-13515	even	
41-49	13516-13518	of	
41-50	13519-13525	itself	
41-51	13525-13526	;	
41-52	13527-13530	and	
41-53	13531-13534	the	
41-54	13535-13544	malignity	
41-55	13545-13554	declining	
41-56	13554-13555	,	
41-57	13556-13558	as	
41-58	13559-13560	I	
41-59	13561-13565	have	
41-60	13566-13570	said	
41-61	13570-13571	,	
41-62	13572-13578	though	
41-63	13579-13587	infinite	
41-64	13588-13595	numbers	
41-65	13596-13600	were	
41-66	13601-13605	sick	
41-67	13605-13606	,	
41-68	13607-13610	yet	
41-69	13611-13616	fewer	
41-70	13617-13621	died	
41-71	13621-13622	,	
41-72	13623-13626	and	
41-73	13627-13630	the	
41-74	13631-13635	very	
41-75	13636-13641	first	
41-76	13642-13647	weeks	
41-77	13647-13648	’	
41-78	13649-13653	bill	
41-79	13654-13663	decreased	
41-80	13664-13668	1843	
41-81	13668-13669	;	
41-82	13670-13671	a	
41-83	13672-13676	vast	
41-84	13677-13683	number	
41-85	13684-13690	indeed	
41-86	13690-13691	!	

#Text=It is impossible to express the change that appeared in the very countenances of the people that Thursday morning when the weekly bill came out.
42-1	13695-13697	It	
42-2	13698-13700	is	
42-3	13701-13711	impossible	
42-4	13712-13714	to	
42-5	13715-13722	express	
42-6	13723-13726	the	
42-7	13727-13733	change	
42-8	13734-13738	that	
42-9	13739-13747	appeared	
42-10	13748-13750	in	
42-11	13751-13754	the	
42-12	13755-13759	very	
42-13	13760-13772	countenances	
42-14	13773-13775	of	
42-15	13776-13779	the	
42-16	13780-13786	people	
42-17	13787-13791	that	
42-18	13792-13800	Thursday	
42-19	13801-13808	morning	
42-20	13809-13813	when	
42-21	13814-13817	the	
42-22	13818-13824	weekly	
42-23	13825-13829	bill	
42-24	13830-13834	came	
42-25	13835-13838	out	
42-26	13838-13839	.	

#Text=It might have been perceived in their countenances that a secret surprise and smile of joy sat on everybody’s face.
43-1	13840-13842	It	
43-2	13843-13848	might	
43-3	13849-13853	have	
43-4	13854-13858	been	
43-5	13859-13868	perceived	
43-6	13869-13871	in	
43-7	13872-13877	their	
43-8	13878-13890	countenances	
43-9	13891-13895	that	
43-10	13896-13897	a	
43-11	13898-13904	secret	
43-12	13905-13913	surprise	
43-13	13914-13917	and	
43-14	13918-13923	smile	
43-15	13924-13926	of	
43-16	13927-13930	joy	
43-17	13931-13934	sat	
43-18	13935-13937	on	
43-19	13938-13947	everybody	
43-20	13947-13948	’	
43-21	13948-13949	s	
43-22	13950-13954	face	
43-23	13954-13955	.	

#Text=They shook one another by the hands in the streets, who would hardly go on the same side of the way with one another before.
44-1	13956-13960	They	
44-2	13961-13966	shook	
44-3	13967-13970	one	
44-4	13971-13978	another	
44-5	13979-13981	by	
44-6	13982-13985	the	
44-7	13986-13991	hands	
44-8	13992-13994	in	
44-9	13995-13998	the	
44-10	13999-14006	streets	
44-11	14006-14007	,	
44-12	14008-14011	who	
44-13	14012-14017	would	
44-14	14018-14024	hardly	
44-15	14025-14027	go	
44-16	14028-14030	on	
44-17	14031-14034	the	
44-18	14035-14039	same	
44-19	14040-14044	side	
44-20	14045-14047	of	
44-21	14048-14051	the	
44-22	14052-14055	way	
44-23	14056-14060	with	
44-24	14061-14064	one	
44-25	14065-14072	another	
44-26	14073-14079	before	
44-27	14079-14080	.	

#Text=Where the streets were not too broad they would open their windows and call from one house to another, and ask how they did, and if they had heard the good news that the plague was abated.
45-1	14081-14086	Where	
45-2	14087-14090	the	
45-3	14091-14098	streets	
45-4	14099-14103	were	
45-5	14104-14107	not	
45-6	14108-14111	too	
45-7	14112-14117	broad	
45-8	14118-14122	they	
45-9	14123-14128	would	
45-10	14129-14133	open	
45-11	14134-14139	their	
45-12	14140-14147	windows	
45-13	14148-14151	and	
45-14	14152-14156	call	
45-15	14157-14161	from	
45-16	14162-14165	one	
45-17	14166-14171	house	
45-18	14172-14174	to	
45-19	14175-14182	another	
45-20	14182-14183	,	
45-21	14184-14187	and	
45-22	14188-14191	ask	
45-23	14192-14195	how	
45-24	14196-14200	they	
45-25	14201-14204	did	
45-26	14204-14205	,	
45-27	14206-14209	and	
45-28	14210-14212	if	
45-29	14213-14217	they	
45-30	14218-14221	had	
45-31	14222-14227	heard	
45-32	14228-14231	the	
45-33	14232-14236	good	
45-34	14237-14241	news	
45-35	14242-14246	that	
45-36	14247-14250	the	
45-37	14251-14257	plague	
45-38	14258-14261	was	
45-39	14262-14268	abated	
45-40	14268-14269	.	

#Text=Some would return, when they said good news, and ask, ‘What good news?’
46-1	14270-14274	Some	
46-2	14275-14280	would	
46-3	14281-14287	return	
46-4	14287-14288	,	
46-5	14289-14293	when	
46-6	14294-14298	they	
46-7	14299-14303	said	
46-8	14304-14308	good	
46-9	14309-14313	news	
46-10	14313-14314	,	
46-11	14315-14318	and	
46-12	14319-14322	ask	
46-13	14322-14323	,	
46-14	14324-14325	‘	
46-15	14325-14329	What	
46-16	14330-14334	good	
46-17	14335-14339	news	
46-18	14339-14340	?	
46-19	14340-14341	’	

#Text=and when they answered that the plague was abated and the bills decreased almost two thousand, they would cry out, ‘God be praised!’
47-1	14342-14345	and	
47-2	14346-14350	when	
47-3	14351-14355	they	
47-4	14356-14364	answered	
47-5	14365-14369	that	
47-6	14370-14373	the	
47-7	14374-14380	plague	
47-8	14381-14384	was	
47-9	14385-14391	abated	
47-10	14392-14395	and	
47-11	14396-14399	the	
47-12	14400-14405	bills	
47-13	14406-14415	decreased	
47-14	14416-14422	almost	
47-15	14423-14426	two	
47-16	14427-14435	thousand	
47-17	14435-14436	,	
47-18	14437-14441	they	
47-19	14442-14447	would	
47-20	14448-14451	cry	
47-21	14452-14455	out	
47-22	14455-14456	,	
47-23	14457-14458	‘	
47-24	14458-14461	God	
47-25	14462-14464	be	
47-26	14465-14472	praised	
47-27	14472-14473	!	
47-28	14473-14474	’	

#Text=and would weep aloud for joy, telling them they had heard nothing of it; and such was the joy of the people that it was, as it were, life to them from the grave.
48-1	14475-14478	and	
48-2	14479-14484	would	
48-3	14485-14489	weep	
48-4	14490-14495	aloud	
48-5	14496-14499	for	
48-6	14500-14503	joy	
48-7	14503-14504	,	
48-8	14505-14512	telling	
48-9	14513-14517	them	
48-10	14518-14522	they	
48-11	14523-14526	had	
48-12	14527-14532	heard	
48-13	14533-14540	nothing	
48-14	14541-14543	of	
48-15	14544-14546	it	
48-16	14546-14547	;	
48-17	14548-14551	and	
48-18	14552-14556	such	
48-19	14557-14560	was	
48-20	14561-14564	the	
48-21	14565-14568	joy	
48-22	14569-14571	of	
48-23	14572-14575	the	
48-24	14576-14582	people	
48-25	14583-14587	that	
48-26	14588-14590	it	
48-27	14591-14594	was	
48-28	14594-14595	,	
48-29	14596-14598	as	
48-30	14599-14601	it	
48-31	14602-14606	were	
48-32	14606-14607	,	
48-33	14608-14612	life	
48-34	14613-14615	to	
48-35	14616-14620	them	
48-36	14621-14625	from	
48-37	14626-14629	the	
48-38	14630-14635	grave	
48-39	14635-14636	.	

#Text=I could almost set down as many extravagant things done in the excess of their joy as of their grief; but that would be to lessen the value of it.
49-1	14637-14638	I	
49-2	14639-14644	could	
49-3	14645-14651	almost	
49-4	14652-14655	set	
49-5	14656-14660	down	
49-6	14661-14663	as	
49-7	14664-14668	many	
49-8	14669-14680	extravagant	
49-9	14681-14687	things	
49-10	14688-14692	done	
49-11	14693-14695	in	
49-12	14696-14699	the	
49-13	14700-14706	excess	
49-14	14707-14709	of	
49-15	14710-14715	their	
49-16	14716-14719	joy	
49-17	14720-14722	as	
49-18	14723-14725	of	
49-19	14726-14731	their	
49-20	14732-14737	grief	
49-21	14737-14738	;	
49-22	14739-14742	but	
49-23	14743-14747	that	
49-24	14748-14753	would	
49-25	14754-14756	be	
49-26	14757-14759	to	
49-27	14760-14766	lessen	
49-28	14767-14770	the	
49-29	14771-14776	value	
49-30	14777-14779	of	
49-31	14780-14782	it	
49-32	14782-14783	.	
