#FORMAT=WebAnno TSV 3.3
#T_SP=custom.Span|label
#T_RL=custom.Relation|label|BT_custom.Span


#Text=A toutes les heures du jour, même de la nuit, les Indiens mâchent & crachent des feuilles de bétel, dont l'amertume est corrigée par l'areque qu'elles enveloppent toujours.
1-1	0-1	A	Time[1]	_	_	
1-2	2-8	toutes	Time[1]	_	_	
1-3	9-12	les	Time[1]	_	_	
1-4	13-19	heures	Time[1]	_	_	
1-5	20-22	du	Time[1]	_	_	
1-6	23-27	jour	Time[1]	_	_	
1-7	27-28	,	_	_	_	
1-8	29-33	même	_	_	_	
1-9	34-36	de	_	_	_	
1-10	37-39	la	_	_	_	
1-11	40-44	nuit	_	_	_	
1-12	44-45	,	_	_	_	
1-13	46-49	les	_	_	_	
1-14	50-57	Indiens	_	_	_	
1-15	58-65	mâchent	_	_	_	
1-16	66-67	&	_	_	_	
1-17	68-76	crachent	_	_	_	
1-18	77-80	des	_	_	_	
1-19	81-89	feuilles	_	_	_	
1-20	90-92	de	_	_	_	
1-21	93-98	bétel	_	_	_	
1-22	98-99	,	_	_	_	
1-23	100-104	dont	_	_	_	
1-24	105-115	l'amertume	_	_	_	
1-25	116-119	est	_	_	_	
1-26	120-128	corrigée	_	_	_	
1-27	129-132	par	_	_	_	
1-28	133-141	l'areque	_	_	_	
1-29	142-150	qu'elles	_	_	_	
1-30	151-162	enveloppent	_	_	_	
1-31	163-171	toujours	_	_	_	
1-32	171-172	.	_	_	_	

#Text=On y joint constamment du chunam, espece de chaux brûlée faite avec des coquilles.
2-1	173-175	On	_	_	_	
2-2	176-177	y	_	_	_	
2-3	178-183	joint	_	_	_	
2-4	184-195	constamment	_	_	_	
2-5	196-198	du	_	_	_	
2-6	199-205	chunam	_	_	_	
2-7	205-206	,	_	_	_	
2-8	207-213	espece	_	_	_	
2-9	214-216	de	_	_	_	
2-10	217-222	chaux	_	_	_	
2-11	223-229	brûlée	_	_	_	
2-12	230-235	faite	_	_	_	
2-13	236-240	avec	_	_	_	
2-14	241-244	des	_	_	_	
2-15	245-254	coquilles	_	_	_	
2-16	254-255	.	_	_	_	

#Text=Les gens riches y ajoutent souvent des parfums qui flattent leur vanité ou leur sensualité.
3-1	256-259	Les	_	_	_	
3-2	260-264	gens	Perceiver[2]	_	_	
3-3	265-271	riches	Perceiver[2]	_	_	
3-4	272-273	y	_	_	_	
3-5	274-282	ajoutent	_	_	_	
3-6	283-290	souvent	_	_	_	
3-7	291-294	des	_	_	_	
3-8	295-302	parfums	Smell\_Word	*|*	1-1[1_0]|3-2[2_0]	
3-9	303-306	qui	_	_	_	
3-10	307-315	flattent	_	_	_	
3-11	316-320	leur	_	_	_	
3-12	321-327	vanité	_	_	_	
3-13	328-330	ou	_	_	_	
3-14	331-335	leur	_	_	_	
3-15	336-346	sensualité	_	_	_	
3-16	346-347	.	_	_	_	

#Text=On ne peut pas se séparer avec bienséance, pour quelque tems, sans se donner mutuellement du bétel dans une bourse: c'est un présent de l'amitié qui soulage l'absence.
4-1	349-351	On	_	_	_	
4-2	352-354	ne	_	_	_	
4-3	355-359	peut	_	_	_	
4-4	360-363	pas	_	_	_	
4-5	364-366	se	_	_	_	
4-6	367-374	séparer	_	_	_	
4-7	375-379	avec	_	_	_	
4-8	380-390	bienséance	_	_	_	
4-9	390-391	,	_	_	_	
4-10	392-396	pour	_	_	_	
4-11	397-404	quelque	_	_	_	
4-12	405-409	tems	_	_	_	
4-13	409-410	,	_	_	_	
4-14	411-415	sans	_	_	_	
4-15	416-418	se	_	_	_	
4-16	419-425	donner	_	_	_	
4-17	426-438	mutuellement	_	_	_	
4-18	439-441	du	_	_	_	
4-19	442-447	bétel	_	_	_	
4-20	448-452	dans	_	_	_	
4-21	453-456	une	_	_	_	
4-22	457-463	bourse	_	_	_	
4-23	463-464	:	_	_	_	
4-24	465-470	c'est	_	_	_	
4-25	471-473	un	_	_	_	
4-26	474-481	présent	_	_	_	
4-27	482-484	de	_	_	_	
4-28	485-493	l'amitié	_	_	_	
4-29	494-497	qui	_	_	_	
4-30	498-505	soulage	_	_	_	
4-31	506-515	l'absence	_	_	_	
4-32	515-516	.	_	_	_	

#Text=Personne n'oseroit parler à son supérieur, sans avoir la bouche parfumée de bétel; il seroit même grossier de négliger cette précaution avec son égal.
5-1	517-525	Personne	_	_	_	
5-2	526-535	n'oseroit	_	_	_	
5-3	536-542	parler	_	_	_	
5-4	543-544	à	_	_	_	
5-5	545-548	son	_	_	_	
5-6	549-558	supérieur	_	_	_	
5-7	558-559	,	_	_	_	
5-8	560-564	sans	_	_	_	
5-9	565-570	avoir	_	_	_	
5-10	571-573	la	_	_	_	
5-11	574-580	bouche	Odour\_Carrier	_	_	
5-12	581-589	parfumée	Smell\_Word	*|*	5-11|5-14	
5-13	590-592	de	_	_	_	
5-14	593-598	bétel	Smell\_Source	_	_	
5-15	598-599	;	_	_	_	
5-16	600-602	il	_	_	_	
5-17	603-609	seroit	_	_	_	
5-18	610-614	même	_	_	_	
5-19	615-623	grossier	_	_	_	
5-20	624-626	de	_	_	_	
5-21	627-635	négliger	_	_	_	
5-22	636-641	cette	_	_	_	
5-23	642-652	précaution	_	_	_	
5-24	653-657	avec	_	_	_	
5-25	658-661	son	_	_	_	
5-26	662-666	égal	_	_	_	
5-27	666-667	.	_	_	_	

#Text=Si quelqu'un se présente par hasard sans avoir mâché du bétel, il agrand soin de mettre sa main devant sa bouche, pour intercepter toute odeur désagréable.
6-1	668-670	Si	Circumstances[3]	_	_	
6-2	671-680	quelqu'un	Circumstances[3]	_	_	
6-3	681-683	se	Circumstances[3]	_	_	
6-4	684-692	présente	Circumstances[3]	_	_	
6-5	693-696	par	Circumstances[3]	_	_	
6-6	697-703	hasard	Circumstances[3]	_	_	
6-7	704-708	sans	Circumstances[3]	_	_	
6-8	709-714	avoir	Circumstances[3]	_	_	
6-9	715-720	mâché	Circumstances[3]	_	_	
6-10	721-723	du	Circumstances[3]	_	_	
6-11	724-729	bétel	Circumstances[3]	_	_	
6-12	729-730	,	_	_	_	
6-13	731-733	il	_	_	_	
6-14	734-740	agrand	_	_	_	
6-15	741-745	soin	_	_	_	
6-16	746-748	de	_	_	_	
6-17	749-755	mettre	Effect[4]	_	_	
6-18	756-758	sa	Effect[4]	_	_	
6-19	759-763	main	Effect[4]	_	_	
6-20	764-770	devant	Effect[4]	_	_	
6-21	771-773	sa	Effect[4]	_	_	
6-22	774-780	bouche	Effect[4]|Odour\_Carrier[5]	_	_	
6-23	780-781	,	_	_	_	
6-24	782-786	pour	_	_	_	
6-25	787-798	intercepter	_	_	_	
6-26	799-804	toute	_	_	_	
6-27	805-810	odeur	Smell\_Word	*|*|*|*|*	6-28|6-22[5_0]|6-1[3_0]|10-8[6_0]|6-17[4_0]	
6-28	811-822	désagréable	Quality	_	_	
6-29	822-823	.	_	_	_	

#Text=Les femmes galantes font le plus grand usage du bétel comme d'un puissant attrait pour l'amour.
7-1	824-827	Les	_	_	_	
7-2	828-834	femmes	_	_	_	
7-3	835-843	galantes	_	_	_	
7-4	844-848	font	_	_	_	
7-5	849-851	le	_	_	_	
7-6	852-856	plus	_	_	_	
7-7	857-862	grand	_	_	_	
7-8	863-868	usage	_	_	_	
7-9	869-871	du	_	_	_	
7-10	872-877	bétel	_	_	_	
7-11	878-883	comme	_	_	_	
7-12	884-888	d'un	_	_	_	
7-13	889-897	puissant	_	_	_	
7-14	898-905	attrait	_	_	_	
7-15	906-910	pour	_	_	_	
7-16	911-918	l'amour	_	_	_	
7-17	918-919	.	_	_	_	

#Text=On prend du bétel après le repas; on mâche du bétel durant les visites; on s'offre du bétel en s'abordant, en se quittant toujours du bétel.
8-1	920-922	On	_	_	_	
8-2	923-928	prend	_	_	_	
8-3	929-931	du	_	_	_	
8-4	932-937	bétel	_	_	_	
8-5	938-943	après	_	_	_	
8-6	944-946	le	_	_	_	
8-7	947-952	repas	_	_	_	
8-8	952-953	;	_	_	_	
8-9	954-956	on	_	_	_	
8-10	957-962	mâche	_	_	_	
8-11	963-965	du	_	_	_	
8-12	966-971	bétel	_	_	_	
8-13	972-978	durant	_	_	_	
8-14	979-982	les	_	_	_	
8-15	983-990	visites	_	_	_	
8-16	990-991	;	_	_	_	
8-17	992-994	on	_	_	_	
8-18	995-1002	s'offre	_	_	_	
8-19	1003-1005	du	_	_	_	
8-20	1006-1011	bétel	_	_	_	
8-21	1012-1014	en	_	_	_	
8-22	1015-1025	s'abordant	_	_	_	
8-23	1025-1026	,	_	_	_	
8-24	1027-1029	en	_	_	_	
8-25	1030-1032	se	_	_	_	
8-26	1033-1041	quittant	_	_	_	
8-27	1042-1050	toujours	_	_	_	
8-28	1051-1053	du	_	_	_	
8-29	1054-1059	bétel	_	_	_	
8-30	1059-1060	.	_	_	_	

#Text=Si les dents ne s'en trouvent pas bien, l'estomach en est plus sain & plus fort.
9-1	1061-1063	Si	_	_	_	
9-2	1064-1067	les	_	_	_	
9-3	1068-1073	dents	_	_	_	
9-4	1074-1076	ne	_	_	_	
9-5	1077-1081	s'en	_	_	_	
9-6	1082-1090	trouvent	_	_	_	
9-7	1091-1094	pas	_	_	_	
9-8	1095-1099	bien	_	_	_	
9-9	1099-1100	,	_	_	_	
9-10	1101-1111	l'estomach	_	_	_	
9-11	1112-1114	en	_	_	_	
9-12	1115-1118	est	_	_	_	
9-13	1119-1123	plus	_	_	_	
9-14	1124-1128	sain	_	_	_	
9-15	1129-1130	&	_	_	_	
9-16	1131-1135	plus	_	_	_	
9-17	1136-1140	fort	_	_	_	
9-18	1140-1141	.	_	_	_	

#Text=C'est du moins un préjugé généralement établi aux Indes.
10-1	1142-1147	C'est	_	_	_	
10-2	1148-1150	du	_	_	_	
10-3	1151-1156	moins	_	_	_	
10-4	1157-1159	un	_	_	_	
10-5	1160-1167	préjugé	_	_	_	
10-6	1168-1180	généralement	_	_	_	
10-7	1181-1187	établi	_	_	_	
10-8	1188-1191	aux	Location[6]	_	_	
10-9	1192-1197	Indes	Location[6]	_	_	
10-10	1197-1198	.	_	_	_	
