#FORMAT=WebAnno TSV 3.3
#T_SP=custom.Span|label
#T_RL=custom.Relation|label|BT_custom.Span


#Text=ORIGINE DELLE MACCALUBE E DEGLI IDROCARBURI SPARSI NELLE MARNE ED ARGILLE DEL MIOCENE INFERIORE.
1-1	2-9	ORIGINE	_	_	_	
1-2	10-15	DELLE	_	_	_	
1-3	16-25	MACCALUBE	_	_	_	
1-4	26-27	E	_	_	_	
1-5	28-33	DEGLI	_	_	_	
1-6	34-45	IDROCARBURI	_	_	_	
1-7	46-52	SPARSI	_	_	_	
1-8	53-58	NELLE	_	_	_	
1-9	59-64	MARNE	_	_	_	
1-10	65-67	ED	_	_	_	
1-11	68-75	ARGILLE	_	_	_	
1-12	76-79	DEL	_	_	_	
1-13	80-87	MIOCENE	_	_	_	
1-14	88-97	INFERIORE	_	_	_	
1-15	97-98	.	_	_	_	

#Text=«I gaz delle maccalube di Aragona, di Terra Pelata e Xirbi presso Caltanissetta, e della sorgente solforosa di Santa Venera presso Aci Reale, contengono poco acido carbonico e sono invece composti in massima parte di idrogeno-carbonato o del gaz delle paludi.
2-1	100-101	«	_	_	_	
2-2	101-102	I	_	_	_	
2-3	103-106	gaz	_	_	_	
2-4	107-112	delle	_	_	_	
2-5	113-122	maccalube	_	_	_	
2-6	123-125	di	_	_	_	
2-7	126-133	Aragona	_	_	_	
2-8	133-134	,	_	_	_	
2-9	135-137	di	_	_	_	
2-10	138-143	Terra	_	_	_	
2-11	144-150	Pelata	_	_	_	
2-12	151-152	e	_	_	_	
2-13	153-158	Xirbi	_	_	_	
2-14	159-165	presso	_	_	_	
2-15	166-179	Caltanissetta	_	_	_	
2-16	179-180	,	_	_	_	
2-17	181-182	e	_	_	_	
2-18	183-188	della	_	_	_	
2-19	189-197	sorgente	_	_	_	
2-20	198-207	solforosa	_	_	_	
2-21	208-210	di	_	_	_	
2-22	211-216	Santa	_	_	_	
2-23	217-223	Venera	_	_	_	
2-24	224-230	presso	_	_	_	
2-25	231-234	Aci	_	_	_	
2-26	235-240	Reale	_	_	_	
2-27	240-241	,	_	_	_	
2-28	242-252	contengono	_	_	_	
2-29	253-257	poco	_	_	_	
2-30	258-263	acido	_	_	_	
2-31	264-273	carbonico	_	_	_	
2-32	274-275	e	_	_	_	
2-33	276-280	sono	_	_	_	
2-34	281-287	invece	_	_	_	
2-35	288-296	composti	_	_	_	
2-36	297-299	in	_	_	_	
2-37	300-307	massima	_	_	_	
2-38	308-313	parte	_	_	_	
2-39	314-316	di	_	_	_	
2-40	317-335	idrogeno-carbonato	_	_	_	
2-41	336-337	o	_	_	_	
2-42	338-341	del	_	_	_	
2-43	342-345	gaz	_	_	_	
2-44	346-351	delle	_	_	_	
2-45	352-358	paludi	_	_	_	
2-46	358-359	.	_	_	_	

#Text=Dalle analisi di Fouqué consta poi che il gaz delle paludi in tutte queste emanazioni, e specialmente in quelle di Santa Venera e della Maccaluba di Aragona, sono accompagnate da una quantità notevole di idrogeno libero.
3-1	360-365	Dalle	_	_	_	
3-2	366-373	analisi	_	_	_	
3-3	374-376	di	_	_	_	
3-4	377-383	Fouqué	Perceiver	_	_	
3-5	384-390	consta	_	_	_	
3-6	391-394	poi	_	_	_	
3-7	395-398	che	_	_	_	
3-8	399-401	il	Smell\_Source[1]	_	_	
3-9	402-405	gaz	Smell\_Source[1]	_	_	
3-10	406-411	delle	Smell\_Source[1]	_	_	
3-11	412-418	paludi	Smell\_Source[1]	_	_	
3-12	419-421	in	_	_	_	
3-13	422-427	tutte	_	_	_	
3-14	428-434	queste	_	_	_	
3-15	435-445	emanazioni	Smell\_Word	*|*|*|*|*	3-4|3-8[1_0]|3-26[3_0]|3-22[2_0]|3-30[4_0]	
3-16	445-446	,	_	_	_	
3-17	447-448	e	_	_	_	
3-18	449-461	specialmente	_	_	_	
3-19	462-464	in	_	_	_	
3-20	465-471	quelle	_	_	_	
3-21	472-474	di	_	_	_	
3-22	475-480	Santa	Location[2]	_	_	
3-23	481-487	Venera	Location[2]	_	_	
3-24	488-489	e	_	_	_	
3-25	490-495	della	_	_	_	
3-26	496-505	Maccaluba	Location[3]	_	_	
3-27	506-508	di	Location[3]	_	_	
3-28	509-516	Aragona	Location[3]	_	_	
3-29	516-517	,	_	_	_	
3-30	518-522	sono	Circumstances[4]	_	_	
3-31	523-535	accompagnate	Circumstances[4]	_	_	
3-32	536-538	da	Circumstances[4]	_	_	
3-33	539-542	una	Circumstances[4]	_	_	
3-34	543-551	quantità	Circumstances[4]	_	_	
3-35	552-560	notevole	Circumstances[4]	_	_	
3-36	561-563	di	Circumstances[4]	_	_	
3-37	564-572	idrogeno	Circumstances[4]	_	_	
3-38	573-579	libero	Circumstances[4]	_	_	
3-39	579-580	.	_	_	_	

#Text=Le emanazioni delle sorgenti di San Biagio, della Salinella di Paternò e del Lago dei Palici sono invece ricche di acido carbonico e dipendono dall’influenza vulcanica, mentre le altre dipendono dalla scomposizione delle sostanze organiche.Debbo qui correggere un errore occorso relativamente al Lago di Palagonia o Lago dei Palici.
4-1	581-583	Le	_	_	_	
4-2	584-594	emanazioni	Smell\_Word	*|*|*|*	4-20[8_0]|4-3[5_0]|4-9[6_0]|4-14[7_0]	
4-3	595-600	delle	Location[5]	_	_	
4-4	601-609	sorgenti	Location[5]	_	_	
4-5	610-612	di	Location[5]	_	_	
4-6	613-616	San	Location[5]	_	_	
4-7	617-623	Biagio	Location[5]	_	_	
4-8	623-624	,	_	_	_	
4-9	625-630	della	Location[6]	_	_	
4-10	631-640	Salinella	Location[6]	_	_	
4-11	641-643	di	Location[6]	_	_	
4-12	644-651	Paternò	Location[6]	_	_	
4-13	652-653	e	_	_	_	
4-14	654-657	del	Location[7]	_	_	
4-15	658-662	Lago	Location[7]	_	_	
4-16	663-666	dei	Location[7]	_	_	
4-17	667-673	Palici	Location[7]	_	_	
4-18	674-678	sono	_	_	_	
4-19	679-685	invece	_	_	_	
4-20	686-692	ricche	Circumstances[8]	_	_	
4-21	693-695	di	Circumstances[8]	_	_	
4-22	696-701	acido	Circumstances[8]	_	_	
4-23	702-711	carbonico	Circumstances[8]	_	_	
4-24	712-713	e	Circumstances[8]	_	_	
4-25	714-723	dipendono	Circumstances[8]	_	_	
4-26	724-728	dall	Circumstances[8]	_	_	
4-27	728-729	’	Circumstances[8]	_	_	
4-28	729-738	influenza	Circumstances[8]	_	_	
4-29	739-748	vulcanica	Circumstances[8]	_	_	
4-30	748-749	,	_	_	_	
4-31	750-756	mentre	_	_	_	
4-32	757-759	le	_	_	_	
4-33	760-765	altre	_	_	_	
4-34	766-775	dipendono	_	_	_	
4-35	776-781	dalla	_	_	_	
4-36	782-795	scomposizione	_	_	_	
4-37	796-801	delle	_	_	_	
4-38	802-810	sostanze	_	_	_	
4-39	811-826	organiche.Debbo	_	_	_	
4-40	827-830	qui	_	_	_	
4-41	831-841	correggere	_	_	_	
4-42	842-844	un	_	_	_	
4-43	845-851	errore	_	_	_	
4-44	852-859	occorso	_	_	_	
4-45	860-873	relativamente	_	_	_	
4-46	874-876	al	_	_	_	
4-47	877-881	Lago	_	_	_	
4-48	882-884	di	_	_	_	
4-49	885-894	Palagonia	_	_	_	
4-50	895-896	o	_	_	_	
4-51	897-901	Lago	_	_	_	
4-52	902-905	dei	_	_	_	
4-53	906-912	Palici	_	_	_	
4-54	912-913	.	_	_	_	

#Text=Nella Memoria ho detto che gli scisti bituminosi sono probabilmente la causa del carattere oleoso del Lago di Palagonia.
5-1	914-919	Nella	_	_	_	
5-2	920-927	Memoria	_	_	_	
5-3	928-930	ho	_	_	_	
5-4	931-936	detto	_	_	_	
5-5	937-940	che	_	_	_	
5-6	941-944	gli	_	_	_	
5-7	945-951	scisti	_	_	_	
5-8	952-962	bituminosi	_	_	_	
5-9	963-967	sono	_	_	_	
5-10	968-981	probabilmente	_	_	_	
5-11	982-984	la	_	_	_	
5-12	985-990	causa	_	_	_	
5-13	991-994	del	_	_	_	
5-14	995-1004	carattere	_	_	_	
5-15	1005-1011	oleoso	_	_	_	
5-16	1012-1015	del	_	_	_	
5-17	1016-1020	Lago	_	_	_	
5-18	1021-1023	di	_	_	_	
5-19	1024-1033	Palagonia	_	_	_	
5-20	1033-1034	.	_	_	_	

#Text=Questo lago chiamato anche il Lago di nafta, non presenta alcun carattere di questa sostanza; e fu per errore che una nota con punto interrogativo venne da me copiata nello scrivere la Memoria.
6-1	1035-1041	Questo	_	_	_	
6-2	1042-1046	lago	_	_	_	
6-3	1047-1055	chiamato	_	_	_	
6-4	1056-1061	anche	_	_	_	
6-5	1062-1064	il	_	_	_	
6-6	1065-1069	Lago	_	_	_	
6-7	1070-1072	di	_	_	_	
6-8	1073-1078	nafta	_	_	_	
6-9	1078-1079	,	_	_	_	
6-10	1080-1083	non	_	_	_	
6-11	1084-1092	presenta	_	_	_	
6-12	1093-1098	alcun	_	_	_	
6-13	1099-1108	carattere	_	_	_	
6-14	1109-1111	di	_	_	_	
6-15	1112-1118	questa	_	_	_	
6-16	1119-1127	sostanza	_	_	_	
6-17	1127-1128	;	_	_	_	
6-18	1129-1130	e	_	_	_	
6-19	1131-1133	fu	_	_	_	
6-20	1134-1137	per	_	_	_	
6-21	1138-1144	errore	_	_	_	
6-22	1145-1148	che	_	_	_	
6-23	1149-1152	una	_	_	_	
6-24	1153-1157	nota	_	_	_	
6-25	1158-1161	con	_	_	_	
6-26	1162-1167	punto	_	_	_	
6-27	1168-1181	interrogativo	_	_	_	
6-28	1182-1187	venne	_	_	_	
6-29	1188-1190	da	_	_	_	
6-30	1191-1193	me	_	_	_	
6-31	1194-1201	copiata	_	_	_	
6-32	1202-1207	nello	_	_	_	
6-33	1208-1216	scrivere	_	_	_	
6-34	1217-1219	la	_	_	_	
6-35	1220-1227	Memoria	_	_	_	
6-36	1227-1228	.	_	_	_	

#Text=Passai vicino a questo lago, vidi il terreno in cui ha sede, ma, il tempo stringendo, dovetti continuare il cammino: assunsi informazioni, ma queste furono erronee.
7-1	1229-1235	Passai	_	_	_	
7-2	1236-1242	vicino	_	_	_	
7-3	1243-1244	a	_	_	_	
7-4	1245-1251	questo	_	_	_	
7-5	1252-1256	lago	_	_	_	
7-6	1256-1257	,	_	_	_	
7-7	1258-1262	vidi	_	_	_	
7-8	1263-1265	il	_	_	_	
7-9	1266-1273	terreno	_	_	_	
7-10	1274-1276	in	_	_	_	
7-11	1277-1280	cui	_	_	_	
7-12	1281-1283	ha	_	_	_	
7-13	1284-1288	sede	_	_	_	
7-14	1288-1289	,	_	_	_	
7-15	1290-1292	ma	_	_	_	
7-16	1292-1293	,	_	_	_	
7-17	1294-1296	il	_	_	_	
7-18	1297-1302	tempo	_	_	_	
7-19	1303-1313	stringendo	_	_	_	
7-20	1313-1314	,	_	_	_	
7-21	1315-1322	dovetti	_	_	_	
7-22	1323-1333	continuare	_	_	_	
7-23	1334-1336	il	_	_	_	
7-24	1337-1344	cammino	_	_	_	
7-25	1344-1345	:	_	_	_	
7-26	1346-1353	assunsi	_	_	_	
7-27	1354-1366	informazioni	_	_	_	
7-28	1366-1367	,	_	_	_	
7-29	1368-1370	ma	_	_	_	
7-30	1371-1377	queste	_	_	_	
7-31	1378-1384	furono	_	_	_	
7-32	1385-1392	erronee	_	_	_	
7-33	1392-1393	.	_	_	_	

#Text=Importante è l’analogia tra le emanazioni gazose delle maccalube e le emanazioni della sorgente solfurea di Santa Venera.
8-1	1395-1405	Importante	_	_	_	
8-2	1406-1407	è	_	_	_	
8-3	1408-1409	l	_	_	_	
8-4	1409-1410	’	_	_	_	
8-5	1410-1418	analogia	_	_	_	
8-6	1419-1422	tra	_	_	_	
8-7	1423-1425	le	_	_	_	
8-8	1426-1436	emanazioni	Smell\_Word	*|*	8-9|8-10[9_0]	
8-9	1437-1443	gazose	Quality	_	_	
8-10	1444-1449	delle	Smell\_Source[9]	_	_	
8-11	1450-1459	maccalube	Smell\_Source[9]	_	_	
8-12	1460-1461	e	_	_	_	
8-13	1462-1464	le	_	_	_	
8-14	1465-1475	emanazioni	Smell\_Word	*|*	8-15[10_0]|8-18[11_0]	
8-15	1476-1481	della	Smell\_Source[10]	_	_	
8-16	1482-1490	sorgente	Smell\_Source[10]	_	_	
8-17	1491-1499	solfurea	Smell\_Source[10]	_	_	
8-18	1500-1502	di	Location[11]	_	_	
8-19	1503-1508	Santa	Location[11]	_	_	
8-20	1509-1515	Venera	Location[11]	_	_	
8-21	1515-1516	.	_	_	_	

#Text=Nelle maccalube non si incontra acido solfidrico alla temperatura ordinaria, si incontra però questo gaz ad una temperatura di 35° e 40°.
9-1	1517-1522	Nelle	_	_	_	
9-2	1523-1532	maccalube	_	_	_	
9-3	1533-1536	non	_	_	_	
9-4	1537-1539	si	_	_	_	
9-5	1540-1548	incontra	_	_	_	
9-6	1549-1554	acido	_	_	_	
9-7	1555-1565	solfidrico	_	_	_	
9-8	1566-1570	alla	_	_	_	
9-9	1571-1582	temperatura	_	_	_	
9-10	1583-1592	ordinaria	_	_	_	
9-11	1592-1593	,	_	_	_	
9-12	1594-1596	si	_	_	_	
9-13	1597-1605	incontra	_	_	_	
9-14	1606-1610	però	_	_	_	
9-15	1611-1617	questo	_	_	_	
9-16	1618-1621	gaz	_	_	_	
9-17	1622-1624	ad	_	_	_	
9-18	1625-1628	una	_	_	_	
9-19	1629-1640	temperatura	_	_	_	
9-20	1641-1643	di	_	_	_	
9-21	1644-1646	35	_	_	_	
9-22	1646-1647	°	_	_	_	
9-23	1648-1649	e	_	_	_	
9-24	1650-1652	40	_	_	_	
9-25	1652-1653	°	_	_	_	
9-26	1653-1654	.	_	_	_	

#Text=L’idrogeno libero in quantità notevole in tutte queste emanazioni accompagna l’idrogeno carbonato, e non vi può essere dubbio che a Santa Venera questi gaz provengano dalla scomposizione delle sostanze organiche.
10-1	1655-1656	L	_	_	_	
10-2	1656-1657	’	_	_	_	
10-3	1657-1665	idrogeno	_	_	_	
10-4	1666-1672	libero	_	_	_	
10-5	1673-1675	in	_	_	_	
10-6	1676-1684	quantità	_	_	_	
10-7	1685-1693	notevole	_	_	_	
10-8	1694-1696	in	_	_	_	
10-9	1697-1702	tutte	_	_	_	
10-10	1703-1709	queste	_	_	_	
10-11	1710-1720	emanazioni	Smell\_Word	*|*|*	10-26[12_0]|10-28[13_0]|10-30[14_0]	
10-12	1721-1731	accompagna	_	_	_	
10-13	1732-1733	l	_	_	_	
10-14	1733-1734	’	_	_	_	
10-15	1734-1742	idrogeno	_	_	_	
10-16	1743-1752	carbonato	_	_	_	
10-17	1752-1753	,	_	_	_	
10-18	1754-1755	e	_	_	_	
10-19	1756-1759	non	_	_	_	
10-20	1760-1762	vi	_	_	_	
10-21	1763-1766	può	_	_	_	
10-22	1767-1773	essere	_	_	_	
10-23	1774-1780	dubbio	_	_	_	
10-24	1781-1784	che	_	_	_	
10-25	1785-1786	a	_	_	_	
10-26	1787-1792	Santa	Location[12]	_	_	
10-27	1793-1799	Venera	Location[12]	_	_	
10-28	1800-1806	questi	Smell\_Source[13]	_	_	
10-29	1807-1810	gaz	Smell\_Source[13]	_	_	
10-30	1811-1821	provengano	Circumstances[14]	_	_	
10-31	1822-1827	dalla	Circumstances[14]	_	_	
10-32	1828-1841	scomposizione	Circumstances[14]	_	_	
10-33	1842-1847	delle	Circumstances[14]	_	_	
10-34	1848-1856	sostanze	Circumstances[14]	_	_	
10-35	1857-1866	organiche	Circumstances[14]	_	_	
10-36	1866-1867	.	_	_	_	

#Text=L’idrogeno carbonato, ossia il gaz delle paludi e l’idrogeno libero, costituiscono altresì la parte predominante nelle, esalazioni dei laghi solfurei di Tivoli, e provengono altresì evidentemente dalla scomposizione delle sostanze organiche, e principalmente delle materie torbose che si trovano nel cammino sotterraneo dalle acque percorso.
11-1	1868-1869	L	Smell\_Source[15]	_	_	
11-2	1869-1870	’	Smell\_Source[15]	_	_	
11-3	1870-1878	idrogeno	Smell\_Source[15]	_	_	
11-4	1879-1888	carbonato	Smell\_Source[15]	_	_	
11-5	1888-1889	,	_	_	_	
11-6	1890-1895	ossia	_	_	_	
11-7	1896-1898	il	Smell\_Source[16]	_	_	
11-8	1899-1902	gaz	Smell\_Source[16]	_	_	
11-9	1903-1908	delle	Smell\_Source[16]	_	_	
11-10	1909-1915	paludi	Smell\_Source[16]	_	_	
11-11	1916-1917	e	_	_	_	
11-12	1918-1919	l	Smell\_Source[17]	_	_	
11-13	1919-1920	’	Smell\_Source[17]	_	_	
11-14	1920-1928	idrogeno	Smell\_Source[17]	_	_	
11-15	1929-1935	libero	Smell\_Source[17]	_	_	
11-16	1935-1936	,	_	_	_	
11-17	1937-1950	costituiscono	_	_	_	
11-18	1951-1958	altresì	_	_	_	
11-19	1959-1961	la	_	_	_	
11-20	1962-1967	parte	_	_	_	
11-21	1968-1980	predominante	_	_	_	
11-22	1981-1986	nelle	_	_	_	
11-23	1986-1987	,	_	_	_	
11-24	1988-1998	esalazioni	Smell\_Word	*|*|*|*|*	11-1[15_0]|11-7[16_0]|11-12[17_0]|11-25[18_0]|11-32[19_0]	
11-25	1999-2002	dei	Location[18]	_	_	
11-26	2003-2008	laghi	Location[18]	_	_	
11-27	2009-2017	solfurei	Location[18]	_	_	
11-28	2018-2020	di	Location[18]	_	_	
11-29	2021-2027	Tivoli	Location[18]	_	_	
11-30	2027-2028	,	_	_	_	
11-31	2029-2030	e	_	_	_	
11-32	2031-2041	provengono	Circumstances[19]	_	_	
11-33	2042-2049	altresì	Circumstances[19]	_	_	
11-34	2050-2063	evidentemente	Circumstances[19]	_	_	
11-35	2064-2069	dalla	Circumstances[19]	_	_	
11-36	2070-2083	scomposizione	Circumstances[19]	_	_	
11-37	2084-2089	delle	Circumstances[19]	_	_	
11-38	2090-2098	sostanze	Circumstances[19]	_	_	
11-39	2099-2108	organiche	Circumstances[19]	_	_	
11-40	2108-2109	,	Circumstances[19]	_	_	
11-41	2110-2111	e	Circumstances[19]	_	_	
11-42	2112-2126	principalmente	Circumstances[19]	_	_	
11-43	2127-2132	delle	Circumstances[19]	_	_	
11-44	2133-2140	materie	Circumstances[19]	_	_	
11-45	2141-2148	torbose	Circumstances[19]	_	_	
11-46	2149-2152	che	Circumstances[19]	_	_	
11-47	2153-2155	si	Circumstances[19]	_	_	
11-48	2156-2163	trovano	Circumstances[19]	_	_	
11-49	2164-2167	nel	Circumstances[19]	_	_	
11-50	2168-2175	cammino	Circumstances[19]	_	_	
11-51	2176-2187	sotterraneo	Circumstances[19]	_	_	
11-52	2188-2193	dalle	Circumstances[19]	_	_	
11-53	2194-2199	acque	Circumstances[19]	_	_	
11-54	2200-2208	percorso	Circumstances[19]	_	_	
11-55	2208-2209	.	_	_	_	

#Text=Ragion vuole che anche i gaz delle maccalube si debbano attribuire alla scomposizione delle sostanze organiche.
12-1	2210-2216	Ragion	_	_	_	
12-2	2217-2222	vuole	_	_	_	
12-3	2223-2226	che	_	_	_	
12-4	2227-2232	anche	_	_	_	
12-5	2233-2234	i	_	_	_	
12-6	2235-2238	gaz	_	_	_	
12-7	2239-2244	delle	_	_	_	
12-8	2245-2254	maccalube	_	_	_	
12-9	2255-2257	si	_	_	_	
12-10	2258-2265	debbano	_	_	_	
12-11	2266-2276	attribuire	_	_	_	
12-12	2277-2281	alla	_	_	_	
12-13	2282-2295	scomposizione	_	_	_	
12-14	2296-2301	delle	_	_	_	
12-15	2302-2310	sostanze	_	_	_	
12-16	2311-2320	organiche	_	_	_	
12-17	2320-2321	.	_	_	_	

#Text=Questi gaz si incontrano altresì quasi sempre attraversando sia le argille salate, sia le argille ferruginose e gessose sottostanti.
13-1	2323-2329	Questi	_	_	_	
13-2	2330-2333	gaz	_	_	_	
13-3	2334-2336	si	_	_	_	
13-4	2337-2347	incontrano	_	_	_	
13-5	2348-2355	altresì	_	_	_	
13-6	2356-2361	quasi	_	_	_	
13-7	2362-2368	sempre	_	_	_	
13-8	2369-2382	attraversando	_	_	_	
13-9	2383-2386	sia	_	_	_	
13-10	2387-2389	le	_	_	_	
13-11	2390-2397	argille	_	_	_	
13-12	2398-2404	salate	_	_	_	
13-13	2404-2405	,	_	_	_	
13-14	2406-2409	sia	_	_	_	
13-15	2410-2412	le	_	_	_	
13-16	2413-2420	argille	_	_	_	
13-17	2421-2432	ferruginose	_	_	_	
13-18	2433-2434	e	_	_	_	
13-19	2435-2442	gessose	_	_	_	
13-20	2443-2454	sottostanti	_	_	_	
13-21	2454-2455	.	_	_	_	

#Text=Nella galleria di Castrogiovanni, nelle gallerie di Caltanissetta, nella galleria di Lercara, in molte gallerie delle miniere insomma, si incontrò il gaz delle maccalube in quantità considerevolissima.
14-1	2456-2461	Nella	_	_	_	
14-2	2462-2470	galleria	_	_	_	
14-3	2471-2473	di	_	_	_	
14-4	2474-2488	Castrogiovanni	_	_	_	
14-5	2488-2489	,	_	_	_	
14-6	2490-2495	nelle	_	_	_	
14-7	2496-2504	gallerie	_	_	_	
14-8	2505-2507	di	_	_	_	
14-9	2508-2521	Caltanissetta	_	_	_	
14-10	2521-2522	,	_	_	_	
14-11	2523-2528	nella	_	_	_	
14-12	2529-2537	galleria	_	_	_	
14-13	2538-2540	di	_	_	_	
14-14	2541-2548	Lercara	_	_	_	
14-15	2548-2549	,	_	_	_	
14-16	2550-2552	in	_	_	_	
14-17	2553-2558	molte	_	_	_	
14-18	2559-2567	gallerie	_	_	_	
14-19	2568-2573	delle	_	_	_	
14-20	2574-2581	miniere	_	_	_	
14-21	2582-2589	insomma	_	_	_	
14-22	2589-2590	,	_	_	_	
14-23	2591-2593	si	_	_	_	
14-24	2594-2602	incontrò	_	_	_	
14-25	2603-2605	il	_	_	_	
14-26	2606-2609	gaz	_	_	_	
14-27	2610-2615	delle	_	_	_	
14-28	2616-2625	maccalube	_	_	_	
14-29	2626-2628	in	_	_	_	
14-30	2629-2637	quantità	_	_	_	
14-31	2638-2656	considerevolissima	_	_	_	
14-32	2656-2657	.	_	_	_	

#Text=SULLA FORMAZIONE TERZIARIA NELLA ZONA SOLFIFERA DELLA SICILIA. 13
#Text=Le argille salate, ferruginose e gessose, come ho notato, sono spesso intercalate con straticelli di sabbia o di arena quarzosa e micacea, in modo che questa formazione può considerarsi in molti punti come un’alternanza continua di straticelli di marna e di sabbia.
15-1	2658-2663	SULLA	_	_	_	
15-2	2664-2674	FORMAZIONE	_	_	_	
15-3	2675-2684	TERZIARIA	_	_	_	
15-4	2685-2690	NELLA	_	_	_	
15-5	2691-2695	ZONA	_	_	_	
15-6	2696-2705	SOLFIFERA	_	_	_	
15-7	2706-2711	DELLA	_	_	_	
15-8	2712-2719	SICILIA	_	_	_	
15-9	2719-2720	.	_	_	_	
15-10	2721-2723	13	_	_	_	
15-11	2724-2726	Le	_	_	_	
15-12	2727-2734	argille	_	_	_	
15-13	2735-2741	salate	_	_	_	
15-14	2741-2742	,	_	_	_	
15-15	2743-2754	ferruginose	_	_	_	
15-16	2755-2756	e	_	_	_	
15-17	2757-2764	gessose	_	_	_	
15-18	2764-2765	,	_	_	_	
15-19	2766-2770	come	_	_	_	
15-20	2771-2773	ho	_	_	_	
15-21	2774-2780	notato	_	_	_	
15-22	2780-2781	,	_	_	_	
15-23	2782-2786	sono	_	_	_	
15-24	2787-2793	spesso	_	_	_	
15-25	2794-2805	intercalate	_	_	_	
15-26	2806-2809	con	_	_	_	
15-27	2810-2821	straticelli	_	_	_	
15-28	2822-2824	di	_	_	_	
15-29	2825-2831	sabbia	_	_	_	
15-30	2832-2833	o	_	_	_	
15-31	2834-2836	di	_	_	_	
15-32	2837-2842	arena	_	_	_	
15-33	2843-2851	quarzosa	_	_	_	
15-34	2852-2853	e	_	_	_	
15-35	2854-2861	micacea	_	_	_	
15-36	2861-2862	,	_	_	_	
15-37	2863-2865	in	_	_	_	
15-38	2866-2870	modo	_	_	_	
15-39	2871-2874	che	_	_	_	
15-40	2875-2881	questa	_	_	_	
15-41	2882-2892	formazione	_	_	_	
15-42	2893-2896	può	_	_	_	
15-43	2897-2909	considerarsi	_	_	_	
15-44	2910-2912	in	_	_	_	
15-45	2913-2918	molti	_	_	_	
15-46	2919-2924	punti	_	_	_	
15-47	2925-2929	come	_	_	_	
15-48	2930-2932	un	_	_	_	
15-49	2932-2933	’	_	_	_	
15-50	2933-2943	alternanza	_	_	_	
15-51	2944-2952	continua	_	_	_	
15-52	2953-2955	di	_	_	_	
15-53	2956-2967	straticelli	_	_	_	
15-54	2968-2970	di	_	_	_	
15-55	2971-2976	marna	_	_	_	
15-56	2977-2978	e	_	_	_	
15-57	2979-2981	di	_	_	_	
15-58	2982-2988	sabbia	_	_	_	
15-59	2988-2989	.	_	_	_	

#Text=I gaz si esalano specialmente dalle sabbie che sono intercalate colle marne.
16-1	2990-2991	I	_	_	_	
16-2	2992-2995	gaz	_	_	_	
16-3	2996-2998	si	_	_	_	
16-4	2999-3006	esalano	_	_	_	
16-5	3007-3019	specialmente	_	_	_	
16-6	3020-3025	dalle	_	_	_	
16-7	3026-3032	sabbie	_	_	_	
16-8	3033-3036	che	_	_	_	
16-9	3037-3041	sono	_	_	_	
16-10	3042-3053	intercalate	_	_	_	
16-11	3054-3059	colle	_	_	_	
16-12	3060-3065	marne	_	_	_	
16-13	3065-3066	.	_	_	_	

#Text=Allorchè le arene suddette non comunicano coll’atmosfera, i gaz a misura che si sviluppano dalla scomposizione delle sostanze organiche, vi si accumulano in modo incessante e, quando queste sono attraversate da un pozzo o da una galleria, le esalazioni prendono delle proporzioni straordinarie.
17-1	3067-3075	Allorchè	_	_	_	
17-2	3076-3078	le	_	_	_	
17-3	3079-3084	arene	_	_	_	
17-4	3085-3093	suddette	_	_	_	
17-5	3094-3097	non	_	_	_	
17-6	3098-3108	comunicano	_	_	_	
17-7	3109-3113	coll	_	_	_	
17-8	3113-3114	’	_	_	_	
17-9	3114-3123	atmosfera	_	_	_	
17-10	3123-3124	,	_	_	_	
17-11	3125-3126	i	Circumstances[20]|Smell\_Source[21]	_	_	
17-12	3127-3130	gaz	Circumstances[20]|Smell\_Source[21]	_	_	
17-13	3131-3132	a	Circumstances[20]	_	_	
17-14	3133-3139	misura	Circumstances[20]	_	_	
17-15	3140-3143	che	Circumstances[20]	_	_	
17-16	3144-3146	si	Circumstances[20]	_	_	
17-17	3147-3157	sviluppano	Circumstances[20]	_	_	
17-18	3158-3163	dalla	Circumstances[20]	_	_	
17-19	3164-3177	scomposizione	Circumstances[20]	_	_	
17-20	3178-3183	delle	Circumstances[20]	_	_	
17-21	3184-3192	sostanze	Circumstances[20]	_	_	
17-22	3193-3202	organiche	Circumstances[20]	_	_	
17-23	3202-3203	,	Circumstances[20]	_	_	
17-24	3204-3206	vi	Circumstances[20]	_	_	
17-25	3207-3209	si	Circumstances[20]	_	_	
17-26	3210-3220	accumulano	Circumstances[20]	_	_	
17-27	3221-3223	in	Circumstances[20]	_	_	
17-28	3224-3228	modo	Circumstances[20]	_	_	
17-29	3229-3239	incessante	Circumstances[20]	_	_	
17-30	3240-3241	e	_	_	_	
17-31	3241-3242	,	_	_	_	
17-32	3243-3249	quando	Circumstances[22]	_	_	
17-33	3250-3256	queste	Circumstances[22]	_	_	
17-34	3257-3261	sono	Circumstances[22]	_	_	
17-35	3262-3274	attraversate	Circumstances[22]	_	_	
17-36	3275-3277	da	Circumstances[22]	_	_	
17-37	3278-3280	un	Circumstances[22]	_	_	
17-38	3281-3286	pozzo	Circumstances[22]	_	_	
17-39	3287-3288	o	Circumstances[22]	_	_	
17-40	3289-3291	da	Circumstances[22]	_	_	
17-41	3292-3295	una	Circumstances[22]	_	_	
17-42	3296-3304	galleria	Circumstances[22]	_	_	
17-43	3304-3305	,	_	_	_	
17-44	3306-3308	le	_	_	_	
17-45	3309-3319	esalazioni	Smell\_Word	*|*|*	17-32[22_0]|17-11[21_0]|17-11[20_0]	
17-46	3320-3328	prendono	_	_	_	
17-47	3329-3334	delle	_	_	_	
17-48	3335-3346	proporzioni	_	_	_	
17-49	3347-3360	straordinarie	_	_	_	
17-50	3360-3361	.	_	_	_	

#Text=Nelle maccalube queste esalazioni si producono spesso da fessure esistenti nel terreno.
18-1	3362-3367	Nelle	Location[23]	_	_	
18-2	3368-3377	maccalube	Location[23]	_	_	
18-3	3378-3384	queste	_	_	_	
18-4	3385-3395	esalazioni	Smell\_Word	*|*	18-1[23_0]|18-5[24_0]	
18-5	3396-3398	si	Circumstances[24]	_	_	
18-6	3399-3408	producono	Circumstances[24]	_	_	
18-7	3409-3415	spesso	Circumstances[24]	_	_	
18-8	3416-3418	da	Circumstances[24]	_	_	
18-9	3419-3426	fessure	Circumstances[24]	_	_	
18-10	3427-3436	esistenti	Circumstances[24]	_	_	
18-11	3437-3440	nel	Circumstances[24]	_	_	
18-12	3441-3448	terreno	Circumstances[24]	_	_	
18-13	3448-3449	.	_	_	_	

#Text=Queste fessure attraversano gli strati di marna o di sabbia, i quali ultimi servono di veicolo ai gaz, che vengono così a convergere da molti punti verso le fessure, dalle quali si manifestano in conseguenza copiose esalazioni di idrogeno carbonato.
19-1	3450-3456	Queste	Circumstances[25]	_	_	
19-2	3457-3464	fessure	Circumstances[25]	_	_	
19-3	3465-3477	attraversano	Circumstances[25]	_	_	
19-4	3478-3481	gli	Circumstances[25]	_	_	
19-5	3482-3488	strati	Circumstances[25]	_	_	
19-6	3489-3491	di	Circumstances[25]	_	_	
19-7	3492-3497	marna	Circumstances[25]	_	_	
19-8	3498-3499	o	Circumstances[25]	_	_	
19-9	3500-3502	di	Circumstances[25]	_	_	
19-10	3503-3509	sabbia	Circumstances[25]	_	_	
19-11	3509-3510	,	Circumstances[25]	_	_	
19-12	3511-3512	i	Circumstances[25]	_	_	
19-13	3513-3518	quali	Circumstances[25]	_	_	
19-14	3519-3525	ultimi	Circumstances[25]	_	_	
19-15	3526-3533	servono	Circumstances[25]	_	_	
19-16	3534-3536	di	Circumstances[25]	_	_	
19-17	3537-3544	veicolo	Circumstances[25]	_	_	
19-18	3545-3547	ai	Circumstances[25]	_	_	
19-19	3548-3551	gaz	Circumstances[25]	_	_	
19-20	3551-3552	,	Circumstances[25]	_	_	
19-21	3553-3556	che	Circumstances[25]	_	_	
19-22	3557-3564	vengono	Circumstances[25]	_	_	
19-23	3565-3569	così	Circumstances[25]	_	_	
19-24	3570-3571	a	Circumstances[25]	_	_	
19-25	3572-3582	convergere	Circumstances[25]	_	_	
19-26	3583-3585	da	Circumstances[25]	_	_	
19-27	3586-3591	molti	Circumstances[25]	_	_	
19-28	3592-3597	punti	Circumstances[25]	_	_	
19-29	3598-3603	verso	Circumstances[25]	_	_	
19-30	3604-3606	le	Circumstances[25]	_	_	
19-31	3607-3614	fessure	Circumstances[25]	_	_	
19-32	3614-3615	,	_	_	_	
19-33	3616-3621	dalle	_	_	_	
19-34	3622-3627	quali	_	_	_	
19-35	3628-3630	si	_	_	_	
19-36	3631-3642	manifestano	_	_	_	
19-37	3643-3645	in	_	_	_	
19-38	3646-3657	conseguenza	_	_	_	
19-39	3658-3665	copiose	Quality	_	_	
19-40	3666-3676	esalazioni	Smell\_Word	*|*|*	19-39|19-41[26_0]|19-1[25_0]	
19-41	3677-3679	di	Smell\_Source[26]	_	_	
19-42	3680-3688	idrogeno	Smell\_Source[26]	_	_	
19-43	3689-3698	carbonato	Smell\_Source[26]	_	_	
19-44	3698-3699	.	_	_	_	

#Text=Questo nella sua corsa trascina seco fango ed acqua salata, producendo così i fenomeni che si osservano nelle maccalube.
20-1	3700-3706	Questo	_	_	_	
20-2	3707-3712	nella	_	_	_	
20-3	3713-3716	sua	_	_	_	
20-4	3717-3722	corsa	_	_	_	
20-5	3723-3731	trascina	_	_	_	
20-6	3732-3736	seco	_	_	_	
20-7	3737-3742	fango	_	_	_	
20-8	3743-3745	ed	_	_	_	
20-9	3746-3751	acqua	_	_	_	
20-10	3752-3758	salata	_	_	_	
20-11	3758-3759	,	_	_	_	
20-12	3760-3770	producendo	_	_	_	
20-13	3771-3775	così	_	_	_	
20-14	3776-3777	i	_	_	_	
20-15	3778-3786	fenomeni	_	_	_	
20-16	3787-3790	che	_	_	_	
20-17	3791-3793	si	_	_	_	
20-18	3794-3803	osservano	_	_	_	
20-19	3804-3809	nelle	_	_	_	
20-20	3810-3819	maccalube	_	_	_	
20-21	3819-3820	.	_	_	_	

#Text=Le acque che ne scaturiscono se sono abbondanti, come nella Salinella di Paternò del 1866 (Vedi Orazio Silvestri, I fenomeni vulcanici dell’Etna) provengono da località più elevate che la maccaluba.
21-1	3821-3823	Le	_	_	_	
21-2	3824-3829	acque	_	_	_	
21-3	3830-3833	che	_	_	_	
21-4	3834-3836	ne	_	_	_	
21-5	3837-3849	scaturiscono	_	_	_	
21-6	3850-3852	se	_	_	_	
21-7	3853-3857	sono	_	_	_	
21-8	3858-3868	abbondanti	_	_	_	
21-9	3868-3869	,	_	_	_	
21-10	3870-3874	come	_	_	_	
21-11	3875-3880	nella	_	_	_	
21-12	3881-3890	Salinella	_	_	_	
21-13	3891-3893	di	_	_	_	
21-14	3894-3901	Paternò	_	_	_	
21-15	3902-3905	del	_	_	_	
21-16	3906-3910	1866	_	_	_	
21-17	3911-3912	(	_	_	_	
21-18	3912-3916	Vedi	_	_	_	
21-19	3917-3923	Orazio	_	_	_	
21-20	3924-3933	Silvestri	_	_	_	
21-21	3933-3934	,	_	_	_	
21-22	3935-3936	I	_	_	_	
21-23	3937-3945	fenomeni	_	_	_	
21-24	3946-3955	vulcanici	_	_	_	
21-25	3956-3960	dell	_	_	_	
21-26	3960-3961	’	_	_	_	
21-27	3961-3965	Etna	_	_	_	
21-28	3965-3966	)	_	_	_	
21-29	3967-3977	provengono	_	_	_	
21-30	3978-3980	da	_	_	_	
21-31	3981-3989	località	_	_	_	
21-32	3990-3993	più	_	_	_	
21-33	3994-4001	elevate	_	_	_	
21-34	4002-4005	che	_	_	_	
21-35	4006-4008	la	_	_	_	
21-36	4009-4018	maccaluba	_	_	_	
21-37	4018-4019	.	_	_	_	

#Text=Se invece, come nella massima parte de’ casi, le acque eruttate dalle salse sono in quantità piccolissima, è possibile che esse siano filtrate a traverso i meati delle maccalube stesse durante le pioggie e siano sollevate poscia dalle correnti dei gaz.
22-1	4020-4022	Se	_	_	_	
22-2	4023-4029	invece	_	_	_	
22-3	4029-4030	,	_	_	_	
22-4	4031-4035	come	_	_	_	
22-5	4036-4041	nella	_	_	_	
22-6	4042-4049	massima	_	_	_	
22-7	4050-4055	parte	_	_	_	
22-8	4056-4058	de	_	_	_	
22-9	4058-4059	’	_	_	_	
22-10	4060-4064	casi	_	_	_	
22-11	4064-4065	,	_	_	_	
22-12	4066-4068	le	_	_	_	
22-13	4069-4074	acque	_	_	_	
22-14	4075-4083	eruttate	_	_	_	
22-15	4084-4089	dalle	_	_	_	
22-16	4090-4095	salse	_	_	_	
22-17	4096-4100	sono	_	_	_	
22-18	4101-4103	in	_	_	_	
22-19	4104-4112	quantità	_	_	_	
22-20	4113-4125	piccolissima	_	_	_	
22-21	4125-4126	,	_	_	_	
22-22	4127-4128	è	_	_	_	
22-23	4129-4138	possibile	_	_	_	
22-24	4139-4142	che	_	_	_	
22-25	4143-4147	esse	_	_	_	
22-26	4148-4153	siano	_	_	_	
22-27	4154-4162	filtrate	_	_	_	
22-28	4163-4164	a	_	_	_	
22-29	4165-4173	traverso	_	_	_	
22-30	4174-4175	i	_	_	_	
22-31	4176-4181	meati	_	_	_	
22-32	4182-4187	delle	_	_	_	
22-33	4188-4197	maccalube	_	_	_	
22-34	4198-4204	stesse	_	_	_	
22-35	4205-4212	durante	_	_	_	
22-36	4213-4215	le	_	_	_	
22-37	4216-4223	pioggie	_	_	_	
22-38	4224-4225	e	_	_	_	
22-39	4226-4231	siano	_	_	_	
22-40	4232-4241	sollevate	_	_	_	
22-41	4242-4248	poscia	_	_	_	
22-42	4249-4254	dalle	_	_	_	
22-43	4255-4263	correnti	_	_	_	
22-44	4264-4267	dei	_	_	_	
22-45	4268-4271	gaz	_	_	_	
22-46	4271-4272	.	_	_	_	

#Text=Le esalazioni gazose delle maccalube, se sono accompagnate da una piccola quantità di acqua, appariscono generalmente più abbondanti che allorquando la maccaluba è da lungo tempo completamente asciutta.
23-1	4274-4276	Le	_	_	_	
23-2	4277-4287	esalazioni	Smell\_Word	*|*|*	23-7[28_0]|23-3|23-4[27_0]	
23-3	4288-4294	gazose	Quality	_	_	
23-4	4295-4300	delle	Smell\_Source[27]	_	_	
23-5	4301-4310	maccalube	Smell\_Source[27]	_	_	
23-6	4310-4311	,	_	_	_	
23-7	4312-4314	se	Circumstances[28]	_	_	
23-8	4315-4319	sono	Circumstances[28]	_	_	
23-9	4320-4332	accompagnate	Circumstances[28]	_	_	
23-10	4333-4335	da	Circumstances[28]	_	_	
23-11	4336-4339	una	Circumstances[28]	_	_	
23-12	4340-4347	piccola	Circumstances[28]	_	_	
23-13	4348-4356	quantità	Circumstances[28]	_	_	
23-14	4357-4359	di	Circumstances[28]	_	_	
23-15	4360-4365	acqua	Circumstances[28]	_	_	
23-16	4365-4366	,	Circumstances[28]	_	_	
23-17	4367-4378	appariscono	Circumstances[28]	_	_	
23-18	4379-4391	generalmente	Circumstances[28]	_	_	
23-19	4392-4395	più	Circumstances[28]	_	_	
23-20	4396-4406	abbondanti	Circumstances[28]	_	_	
23-21	4407-4410	che	Circumstances[28]	_	_	
23-22	4411-4422	allorquando	Circumstances[28]	_	_	
23-23	4423-4425	la	Circumstances[28]	_	_	
23-24	4426-4435	maccaluba	Circumstances[28]	_	_	
23-25	4436-4437	è	Circumstances[28]	_	_	
23-26	4438-4440	da	Circumstances[28]	_	_	
23-27	4441-4446	lungo	Circumstances[28]	_	_	
23-28	4447-4452	tempo	Circumstances[28]	_	_	
23-29	4453-4466	completamente	Circumstances[28]	_	_	
23-30	4467-4475	asciutta	Circumstances[28]	_	_	
23-31	4475-4476	.	_	_	_	

#Text=Questa maggiore intensità dopo un’epoca di pioggia pare tuttavia un fenomeno più apparente che reale.
24-1	4477-4483	Questa	_	_	_	
24-2	4484-4492	maggiore	_	_	_	
24-3	4493-4502	intensità	_	_	_	
24-4	4503-4507	dopo	_	_	_	
24-5	4508-4510	un	_	_	_	
24-6	4510-4511	’	_	_	_	
24-7	4511-4516	epoca	_	_	_	
24-8	4517-4519	di	_	_	_	
24-9	4520-4527	pioggia	_	_	_	
24-10	4528-4532	pare	_	_	_	
24-11	4533-4541	tuttavia	_	_	_	
24-12	4542-4544	un	_	_	_	
24-13	4545-4553	fenomeno	_	_	_	
24-14	4554-4557	più	_	_	_	
24-15	4558-4567	apparente	_	_	_	
24-16	4568-4571	che	_	_	_	
24-17	4572-4577	reale	_	_	_	
24-18	4577-4578	.	_	_	_	

#Text=Quando la temperatura delle emanazioni delle maccalube aumenta, i gaz idrogeno ed idrogeno-carbonato sono accompagnati dall’acido solfidrico.
25-1	4580-4586	Quando	Circumstances[29]	_	_	
25-2	4587-4589	la	Circumstances[29]	_	_	
25-3	4590-4601	temperatura	Circumstances[29]	_	_	
25-4	4602-4607	delle	Circumstances[29]	_	_	
25-5	4608-4618	emanazioni	Circumstances[29]|Smell\_Word[30]	*|*|*	25-6[31_30]|25-1[29_30]|25-10[32_30]	
25-6	4619-4624	delle	Circumstances[29]|Smell\_Source[31]	_	_	
25-7	4625-4634	maccalube	Circumstances[29]|Smell\_Source[31]	_	_	
25-8	4635-4642	aumenta	Circumstances[29]	_	_	
25-9	4642-4643	,	_	_	_	
25-10	4644-4645	i	Effect[32]	_	_	
25-11	4646-4649	gaz	Effect[32]	_	_	
25-12	4650-4658	idrogeno	Effect[32]	_	_	
25-13	4659-4661	ed	Effect[32]	_	_	
25-14	4662-4680	idrogeno-carbonato	Effect[32]	_	_	
25-15	4681-4685	sono	Effect[32]	_	_	
25-16	4686-4698	accompagnati	Effect[32]	_	_	
25-17	4699-4703	dall	Effect[32]	_	_	
25-18	4703-4704	’	Effect[32]	_	_	
25-19	4704-4709	acido	Effect[32]	_	_	
25-20	4710-4720	solfidrico	Effect[32]	_	_	
25-21	4720-4721	.	_	_	_	

#Text=Questo fenomeno è una conseguenza naturale della composizione del terreno delle maccalube, e delle reazioni chimiche che sui diversi elementi di questo terreno produce una temperatura un po’ elevata.
26-1	4722-4728	Questo	_	_	_	
26-2	4729-4737	fenomeno	_	_	_	
26-3	4738-4739	è	_	_	_	
26-4	4740-4743	una	_	_	_	
26-5	4744-4755	conseguenza	_	_	_	
26-6	4756-4764	naturale	_	_	_	
26-7	4765-4770	della	_	_	_	
26-8	4771-4783	composizione	_	_	_	
26-9	4784-4787	del	_	_	_	
26-10	4788-4795	terreno	_	_	_	
26-11	4796-4801	delle	_	_	_	
26-12	4802-4811	maccalube	_	_	_	
26-13	4811-4812	,	_	_	_	
26-14	4813-4814	e	_	_	_	
26-15	4815-4820	delle	_	_	_	
26-16	4821-4829	reazioni	_	_	_	
26-17	4830-4838	chimiche	_	_	_	
26-18	4839-4842	che	_	_	_	
26-19	4843-4846	sui	_	_	_	
26-20	4847-4854	diversi	_	_	_	
26-21	4855-4863	elementi	_	_	_	
26-22	4864-4866	di	_	_	_	
26-23	4867-4873	questo	_	_	_	
26-24	4874-4881	terreno	_	_	_	
26-25	4882-4889	produce	_	_	_	
26-26	4890-4893	una	_	_	_	
26-27	4894-4905	temperatura	_	_	_	
26-28	4906-4908	un	_	_	_	
26-29	4909-4911	po	_	_	_	
26-30	4911-4912	’	_	_	_	
26-31	4913-4920	elevata	_	_	_	
26-32	4920-4921	.	_	_	_	

#Text=Il terreno delle maccalube è composto infatti di marne e di argille gessose associate a sostanze organiche: l’aumento di calore produce la reazione di queste sostanze sui solfati che si trovano insieme associati e la formazione in conseguenza di solfuro di calcio, dalla cui scomposizione in presenza dell’acqua si ha uno sviluppo di gaz acido solfidrico.
27-1	4922-4924	Il	_	_	_	
27-2	4925-4932	terreno	_	_	_	
27-3	4933-4938	delle	_	_	_	
27-4	4939-4948	maccalube	_	_	_	
27-5	4949-4950	è	_	_	_	
27-6	4951-4959	composto	_	_	_	
27-7	4960-4967	infatti	_	_	_	
27-8	4968-4970	di	_	_	_	
27-9	4971-4976	marne	_	_	_	
27-10	4977-4978	e	_	_	_	
27-11	4979-4981	di	_	_	_	
27-12	4982-4989	argille	_	_	_	
27-13	4990-4997	gessose	_	_	_	
27-14	4998-5007	associate	_	_	_	
27-15	5008-5009	a	_	_	_	
27-16	5010-5018	sostanze	_	_	_	
27-17	5019-5028	organiche	_	_	_	
27-18	5028-5029	:	_	_	_	
27-19	5030-5031	l	_	_	_	
27-20	5031-5032	’	_	_	_	
27-21	5032-5039	aumento	_	_	_	
27-22	5040-5042	di	_	_	_	
27-23	5043-5049	calore	_	_	_	
27-24	5050-5057	produce	_	_	_	
27-25	5058-5060	la	_	_	_	
27-26	5061-5069	reazione	_	_	_	
27-27	5070-5072	di	_	_	_	
27-28	5073-5079	queste	_	_	_	
27-29	5080-5088	sostanze	_	_	_	
27-30	5089-5092	sui	_	_	_	
27-31	5093-5100	solfati	_	_	_	
27-32	5101-5104	che	_	_	_	
27-33	5105-5107	si	_	_	_	
27-34	5108-5115	trovano	_	_	_	
27-35	5116-5123	insieme	_	_	_	
27-36	5124-5133	associati	_	_	_	
27-37	5134-5135	e	_	_	_	
27-38	5136-5138	la	_	_	_	
27-39	5139-5149	formazione	_	_	_	
27-40	5150-5152	in	_	_	_	
27-41	5153-5164	conseguenza	_	_	_	
27-42	5165-5167	di	_	_	_	
27-43	5168-5175	solfuro	_	_	_	
27-44	5176-5178	di	_	_	_	
27-45	5179-5185	calcio	_	_	_	
27-46	5185-5186	,	_	_	_	
27-47	5187-5192	dalla	_	_	_	
27-48	5193-5196	cui	_	_	_	
27-49	5197-5210	scomposizione	_	_	_	
27-50	5211-5213	in	_	_	_	
27-51	5214-5222	presenza	_	_	_	
27-52	5223-5227	dell	_	_	_	
27-53	5227-5228	’	_	_	_	
27-54	5228-5233	acqua	_	_	_	
27-55	5234-5236	si	_	_	_	
27-56	5237-5239	ha	_	_	_	
27-57	5240-5243	uno	_	_	_	
27-58	5244-5252	sviluppo	_	_	_	
27-59	5253-5255	di	_	_	_	
27-60	5256-5259	gaz	_	_	_	
27-61	5260-5265	acido	_	_	_	
27-62	5266-5276	solfidrico	_	_	_	
27-63	5276-5277	.	_	_	_	

#Text=Il difetto di acido solfidrico nelle esalazioni delle maccalube alla temperatura ordinaria, prova che a questa temperatura le sostanze organiche sparse ed intimamente associate a quasi tutta questa formazione non reagiscono sul solfato di calce e non ne operano la riduzione.
28-1	5278-5280	Il	_	_	_	
28-2	5281-5288	difetto	_	_	_	
28-3	5289-5291	di	_	_	_	
28-4	5292-5297	acido	_	_	_	
28-5	5298-5308	solfidrico	_	_	_	
28-6	5309-5314	nelle	_	_	_	
28-7	5315-5325	esalazioni	Smell\_Word	*|*	28-8[33_0]|28-10[34_0]	
28-8	5326-5331	delle	Smell\_Source[33]	_	_	
28-9	5332-5341	maccalube	Smell\_Source[33]	_	_	
28-10	5342-5346	alla	Circumstances[34]	_	_	
28-11	5347-5358	temperatura	Circumstances[34]	_	_	
28-12	5359-5368	ordinaria	Circumstances[34]	_	_	
28-13	5368-5369	,	_	_	_	
28-14	5370-5375	prova	_	_	_	
28-15	5376-5379	che	_	_	_	
28-16	5380-5381	a	_	_	_	
28-17	5382-5388	questa	_	_	_	
28-18	5389-5400	temperatura	_	_	_	
28-19	5401-5403	le	_	_	_	
28-20	5404-5412	sostanze	_	_	_	
28-21	5413-5422	organiche	_	_	_	
28-22	5423-5429	sparse	_	_	_	
28-23	5430-5432	ed	_	_	_	
28-24	5433-5444	intimamente	_	_	_	
28-25	5445-5454	associate	_	_	_	
28-26	5455-5456	a	_	_	_	
28-27	5457-5462	quasi	_	_	_	
28-28	5463-5468	tutta	_	_	_	
28-29	5469-5475	questa	_	_	_	
28-30	5476-5486	formazione	_	_	_	
28-31	5487-5490	non	_	_	_	
28-32	5491-5501	reagiscono	_	_	_	
28-33	5502-5505	sul	_	_	_	
28-34	5506-5513	solfato	_	_	_	
28-35	5514-5516	di	_	_	_	
28-36	5517-5522	calce	_	_	_	
28-37	5523-5524	e	_	_	_	
28-38	5525-5528	non	_	_	_	
28-39	5529-5531	ne	_	_	_	
28-40	5532-5539	operano	_	_	_	
28-41	5540-5542	la	_	_	_	
28-42	5543-5552	riduzione	_	_	_	
28-43	5552-5553	.	_	_	_	

#Text=Perchè la riduzione di questi solfati avesse luogo nell’epoca solfifera in larga scala, era quindi necessario che essa venisse coadiuvata dall’azione del calore, a meno che le sostanze organiche non fossero in quell’epoca nei loro primi periodi di scomposizione, come succede attualmente nei laghi di Tivoli, dove anche a bassa temperatura si ha una produzione notevolissima di acido solfidrico.
29-1	5554-5560	Perchè	_	_	_	
29-2	5561-5563	la	_	_	_	
29-3	5564-5573	riduzione	_	_	_	
29-4	5574-5576	di	_	_	_	
29-5	5577-5583	questi	_	_	_	
29-6	5584-5591	solfati	_	_	_	
29-7	5592-5598	avesse	_	_	_	
29-8	5599-5604	luogo	_	_	_	
29-9	5605-5609	nell	_	_	_	
29-10	5609-5610	’	_	_	_	
29-11	5610-5615	epoca	_	_	_	
29-12	5616-5625	solfifera	_	_	_	
29-13	5626-5628	in	_	_	_	
29-14	5629-5634	larga	_	_	_	
29-15	5635-5640	scala	_	_	_	
29-16	5640-5641	,	_	_	_	
29-17	5642-5645	era	_	_	_	
29-18	5646-5652	quindi	_	_	_	
29-19	5653-5663	necessario	_	_	_	
29-20	5664-5667	che	_	_	_	
29-21	5668-5672	essa	_	_	_	
29-22	5673-5680	venisse	_	_	_	
29-23	5681-5691	coadiuvata	_	_	_	
29-24	5692-5696	dall	_	_	_	
29-25	5696-5697	’	_	_	_	
29-26	5697-5703	azione	_	_	_	
29-27	5704-5707	del	_	_	_	
29-28	5708-5714	calore	_	_	_	
29-29	5714-5715	,	_	_	_	
29-30	5716-5717	a	_	_	_	
29-31	5718-5722	meno	_	_	_	
29-32	5723-5726	che	_	_	_	
29-33	5727-5729	le	_	_	_	
29-34	5730-5738	sostanze	_	_	_	
29-35	5739-5748	organiche	_	_	_	
29-36	5749-5752	non	_	_	_	
29-37	5753-5760	fossero	_	_	_	
29-38	5761-5763	in	_	_	_	
29-39	5764-5769	quell	_	_	_	
29-40	5769-5770	’	_	_	_	
29-41	5770-5775	epoca	_	_	_	
29-42	5776-5779	nei	_	_	_	
29-43	5780-5784	loro	_	_	_	
29-44	5785-5790	primi	_	_	_	
29-45	5791-5798	periodi	_	_	_	
29-46	5799-5801	di	_	_	_	
29-47	5802-5815	scomposizione	_	_	_	
29-48	5815-5816	,	_	_	_	
29-49	5817-5821	come	_	_	_	
29-50	5822-5829	succede	_	_	_	
29-51	5830-5841	attualmente	_	_	_	
29-52	5842-5845	nei	_	_	_	
29-53	5846-5851	laghi	_	_	_	
29-54	5852-5854	di	_	_	_	
29-55	5855-5861	Tivoli	_	_	_	
29-56	5861-5862	,	_	_	_	
29-57	5863-5867	dove	_	_	_	
29-58	5868-5873	anche	_	_	_	
29-59	5874-5875	a	_	_	_	
29-60	5876-5881	bassa	_	_	_	
29-61	5882-5893	temperatura	_	_	_	
29-62	5894-5896	si	_	_	_	
29-63	5897-5899	ha	_	_	_	
29-64	5900-5903	una	_	_	_	
29-65	5904-5914	produzione	_	_	_	
29-66	5915-5928	notevolissima	_	_	_	
29-67	5929-5931	di	_	_	_	
29-68	5932-5937	acido	_	_	_	
29-69	5938-5948	solfidrico	_	_	_	
29-70	5948-5949	.	_	_	_	

#Text=L’acqua che accompagna le emanazioni di idrogeno carbonato e di idrogeno libero che si osservano in questi vulcanetti, tiene sempre cloruro di sodio in soluzione.
30-1	5950-5951	L	_	_	_	
30-2	5951-5952	’	_	_	_	
30-3	5952-5957	acqua	_	_	_	
30-4	5958-5961	che	_	_	_	
30-5	5962-5972	accompagna	_	_	_	
30-6	5973-5975	le	_	_	_	
30-7	5976-5986	emanazioni	Smell\_Word	*|*|*	30-8[35_0]|30-12[36_0]|30-18[37_0]	
30-8	5987-5989	di	Smell\_Source[35]	_	_	
30-9	5990-5998	idrogeno	Smell\_Source[35]	_	_	
30-10	5999-6008	carbonato	Smell\_Source[35]	_	_	
30-11	6009-6010	e	_	_	_	
30-12	6011-6013	di	Smell\_Source[36]	_	_	
30-13	6014-6022	idrogeno	Smell\_Source[36]	_	_	
30-14	6023-6029	libero	Smell\_Source[36]	_	_	
30-15	6030-6033	che	_	_	_	
30-16	6034-6036	si	_	_	_	
30-17	6037-6046	osservano	_	_	_	
30-18	6047-6049	in	Location[37]	_	_	
30-19	6050-6056	questi	Location[37]	_	_	
30-20	6057-6067	vulcanetti	Location[37]	_	_	
30-21	6067-6068	,	_	_	_	
30-22	6069-6074	tiene	_	_	_	
30-23	6075-6081	sempre	_	_	_	
30-24	6082-6089	cloruro	_	_	_	
30-25	6090-6092	di	_	_	_	
30-26	6093-6098	sodio	_	_	_	
30-27	6099-6101	in	_	_	_	
30-28	6102-6111	soluzione	_	_	_	
30-29	6111-6112	.	_	_	_	

#Text=La presenza costante del cloruro di sodio in queste acque, dimostra che le marne salate sono sede della produzione e delle emanazioni degli idro-carburi.
31-1	6113-6115	La	Circumstances[38]	_	_	
31-2	6116-6124	presenza	Circumstances[38]	_	_	
31-3	6125-6133	costante	Circumstances[38]	_	_	
31-4	6134-6137	del	Circumstances[38]	_	_	
31-5	6138-6145	cloruro	Circumstances[38]	_	_	
31-6	6146-6148	di	Circumstances[38]	_	_	
31-7	6149-6154	sodio	Circumstances[38]	_	_	
31-8	6155-6157	in	Circumstances[38]	_	_	
31-9	6158-6164	queste	Circumstances[38]	_	_	
31-10	6165-6170	acque	Circumstances[38]	_	_	
31-11	6170-6171	,	_	_	_	
31-12	6172-6180	dimostra	_	_	_	
31-13	6181-6184	che	_	_	_	
31-14	6185-6187	le	_	_	_	
31-15	6188-6193	marne	_	_	_	
31-16	6194-6200	salate	_	_	_	
31-17	6201-6205	sono	_	_	_	
31-18	6206-6210	sede	_	_	_	
31-19	6211-6216	della	_	_	_	
31-20	6217-6227	produzione	_	_	_	
31-21	6228-6229	e	_	_	_	
31-22	6230-6235	delle	_	_	_	
31-23	6236-6246	emanazioni	Smell\_Word	*|*	31-24[39_0]|31-1[38_0]	
31-24	6247-6252	degli	Smell\_Source[39]	_	_	
31-25	6253-6265	idro-carburi	Smell\_Source[39]	_	_	
31-26	6265-6266	.	_	_	_	

#Text=Non solo in Sicilia si manifesta questo fenomeno, ma in quasi tutte le località in cui si trovano depositi di salgemma o marne salate.
32-1	6267-6270	Non	_	_	_	
32-2	6271-6275	solo	_	_	_	
32-3	6276-6278	in	_	_	_	
32-4	6279-6286	Sicilia	_	_	_	
32-5	6287-6289	si	_	_	_	
32-6	6290-6299	manifesta	_	_	_	
32-7	6300-6306	questo	_	_	_	
32-8	6307-6315	fenomeno	_	_	_	
32-9	6315-6316	,	_	_	_	
32-10	6317-6319	ma	_	_	_	
32-11	6320-6322	in	_	_	_	
32-12	6323-6328	quasi	_	_	_	
32-13	6329-6334	tutte	_	_	_	
32-14	6335-6337	le	_	_	_	
32-15	6338-6346	località	_	_	_	
32-16	6347-6349	in	_	_	_	
32-17	6350-6353	cui	_	_	_	
32-18	6354-6356	si	_	_	_	
32-19	6357-6364	trovano	_	_	_	
32-20	6365-6373	depositi	_	_	_	
32-21	6374-6376	di	_	_	_	
32-22	6377-6385	salgemma	_	_	_	
32-23	6386-6387	o	_	_	_	
32-24	6388-6393	marne	_	_	_	
32-25	6394-6400	salate	_	_	_	
32-26	6400-6401	.	_	_	_	

#Text=Bremer (così scrive Bischoff, pag. 253, 254, vol.
33-1	6403-6409	Bremer	_	_	_	
33-2	6410-6411	(	_	_	_	
33-3	6411-6415	così	_	_	_	
33-4	6416-6422	scrive	_	_	_	
33-5	6423-6431	Bischoff	_	_	_	
33-6	6431-6432	,	_	_	_	
33-7	6433-6436	pag	_	_	_	
33-8	6436-6437	.	_	_	_	
33-9	6438-6441	253	_	_	_	
33-10	6441-6442	,	_	_	_	
33-11	6443-6446	254	_	_	_	
33-12	6446-6447	,	_	_	_	
33-13	6448-6451	vol	_	_	_	
33-14	6451-6452	.	_	_	_	

#Text=I, Chemical and Physical Geology) diede notizia di un gaz infiammabile, il quale dal 18 di marzo del 1826 constantemente eruppe fuori ad una profondità di 45 braccia (82 metri) da una fessura nella marna argillosa depositata nella miniera di salgemma di Ludovici a Szlatina in Ungheria e venne impiegato ad illuminare la miniera.
34-1	6453-6454	I	_	_	_	
34-2	6454-6455	,	_	_	_	
34-3	6456-6464	Chemical	_	_	_	
34-4	6465-6468	and	_	_	_	
34-5	6469-6477	Physical	_	_	_	
34-6	6478-6485	Geology	_	_	_	
34-7	6485-6486	)	_	_	_	
34-8	6487-6492	diede	_	_	_	
34-9	6493-6500	notizia	_	_	_	
34-10	6501-6503	di	_	_	_	
34-11	6504-6506	un	_	_	_	
34-12	6507-6510	gaz	_	_	_	
34-13	6511-6523	infiammabile	_	_	_	
34-14	6523-6524	,	_	_	_	
34-15	6525-6527	il	_	_	_	
34-16	6528-6533	quale	_	_	_	
34-17	6534-6537	dal	_	_	_	
34-18	6538-6540	18	_	_	_	
34-19	6541-6543	di	_	_	_	
34-20	6544-6549	marzo	_	_	_	
34-21	6550-6553	del	_	_	_	
34-22	6554-6558	1826	_	_	_	
34-23	6559-6573	constantemente	_	_	_	
34-24	6574-6580	eruppe	_	_	_	
34-25	6581-6586	fuori	_	_	_	
34-26	6587-6589	ad	_	_	_	
34-27	6590-6593	una	_	_	_	
34-28	6594-6604	profondità	_	_	_	
34-29	6605-6607	di	_	_	_	
34-30	6608-6610	45	_	_	_	
34-31	6611-6618	braccia	_	_	_	
34-32	6619-6620	(	_	_	_	
34-33	6620-6622	82	_	_	_	
34-34	6623-6628	metri	_	_	_	
34-35	6628-6629	)	_	_	_	
34-36	6630-6632	da	_	_	_	
34-37	6633-6636	una	_	_	_	
34-38	6637-6644	fessura	_	_	_	
34-39	6645-6650	nella	_	_	_	
34-40	6651-6656	marna	_	_	_	
34-41	6657-6666	argillosa	_	_	_	
34-42	6667-6677	depositata	_	_	_	
34-43	6678-6683	nella	_	_	_	
34-44	6684-6691	miniera	_	_	_	
34-45	6692-6694	di	_	_	_	
34-46	6695-6703	salgemma	_	_	_	
34-47	6704-6706	di	_	_	_	
34-48	6707-6715	Ludovici	_	_	_	
34-49	6716-6717	a	_	_	_	
34-50	6718-6726	Szlatina	Location[40]	_	_	
34-51	6727-6729	in	Location[40]	_	_	
34-52	6730-6738	Ungheria	Location[40]	_	_	
34-53	6739-6740	e	_	_	_	
34-54	6741-6746	venne	_	_	_	
34-55	6747-6756	impiegato	_	_	_	
34-56	6757-6759	ad	_	_	_	
34-57	6760-6770	illuminare	_	_	_	
34-58	6771-6773	la	_	_	_	
34-59	6774-6781	miniera	_	_	_	
34-60	6781-6782	.	_	_	_	

#Text=Una simile esalazione venne quivi osservata anche prima.
35-1	6783-6786	Una	_	_	_	
35-2	6787-6793	simile	Quality	_	_	
35-3	6794-6804	esalazione	Smell\_Word	*|*|*	35-2|35-5|35-7[41_0]	
35-4	6805-6810	venne	_	_	_	
35-5	6811-6816	quivi	Location	Anaphoric	34-50[40_0]	
35-6	6817-6826	osservata	_	_	_	
35-7	6827-6832	anche	Time[41]	_	_	
35-8	6833-6838	prima	Time[41]	_	_	
35-9	6838-6839	.	_	_	_	

#Text=Da un antico pozzo, il quale stette inoperoso per 86 anni nella Salina di Gottesgabe al Reno nella contea di Techlenburg, si sviluppò un gaz infiammabile, il quale dopo il 1824 venne impiegato per parecchi anni a fornire luce e calore.
36-1	6840-6842	Da	_	_	_	
36-2	6843-6845	un	_	_	_	
36-3	6846-6852	antico	_	_	_	
36-4	6853-6858	pozzo	_	_	_	
36-5	6858-6859	,	_	_	_	
36-6	6860-6862	il	_	_	_	
36-7	6863-6868	quale	_	_	_	
36-8	6869-6875	stette	_	_	_	
36-9	6876-6885	inoperoso	_	_	_	
36-10	6886-6889	per	_	_	_	
36-11	6890-6892	86	_	_	_	
36-12	6893-6897	anni	_	_	_	
36-13	6898-6903	nella	_	_	_	
36-14	6904-6910	Salina	_	_	_	
36-15	6911-6913	di	_	_	_	
36-16	6914-6924	Gottesgabe	_	_	_	
36-17	6925-6927	al	_	_	_	
36-18	6928-6932	Reno	_	_	_	
36-19	6933-6938	nella	_	_	_	
36-20	6939-6945	contea	_	_	_	
36-21	6946-6948	di	_	_	_	
36-22	6949-6960	Techlenburg	_	_	_	
36-23	6960-6961	,	_	_	_	
36-24	6962-6964	si	_	_	_	
36-25	6965-6973	sviluppò	_	_	_	
36-26	6974-6976	un	_	_	_	
36-27	6977-6980	gaz	_	_	_	
36-28	6981-6993	infiammabile	_	_	_	
36-29	6993-6994	,	_	_	_	
36-30	6995-6997	il	_	_	_	
36-31	6998-7003	quale	_	_	_	
36-32	7004-7008	dopo	_	_	_	
36-33	7009-7011	il	_	_	_	
36-34	7012-7016	1824	_	_	_	
36-35	7017-7022	venne	_	_	_	
36-36	7023-7032	impiegato	_	_	_	
36-37	7033-7036	per	_	_	_	
36-38	7037-7045	parecchi	_	_	_	
36-39	7046-7050	anni	_	_	_	
36-40	7051-7052	a	_	_	_	
36-41	7053-7060	fornire	_	_	_	
36-42	7061-7065	luce	_	_	_	
36-43	7066-7067	e	_	_	_	
36-44	7068-7074	calore	_	_	_	
36-45	7074-7075	.	_	_	_	

#Text=L’esalazione era circa di un piede cubo (28 decimetri cubi) di gaz per ogni cinque minuti.
37-1	7076-7077	L	_	_	_	
37-2	7077-7078	’	_	_	_	
37-3	7078-7088	esalazione	Smell\_Word	*|*	37-15[42_0]|37-17[43_0]	
37-4	7089-7092	era	_	_	_	
37-5	7093-7098	circa	_	_	_	
37-6	7099-7101	di	_	_	_	
37-7	7102-7104	un	_	_	_	
37-8	7105-7110	piede	_	_	_	
37-9	7111-7115	cubo	_	_	_	
37-10	7116-7117	(	_	_	_	
37-11	7117-7119	28	_	_	_	
37-12	7120-7129	decimetri	_	_	_	
37-13	7130-7134	cubi	_	_	_	
37-14	7134-7135	)	_	_	_	
37-15	7136-7138	di	Smell\_Source[42]	_	_	
37-16	7139-7142	gaz	Smell\_Source[42]	_	_	
37-17	7143-7146	per	Time[43]	_	_	
37-18	7147-7151	ogni	Time[43]	_	_	
37-19	7152-7158	cinque	Time[43]	_	_	
37-20	7159-7165	minuti	Time[43]	_	_	
37-21	7165-7166	.	_	_	_	

#Text=Secondo Eaton, si sviluppa idrogeno carbonato in tre punti sulla costa Sud del canale Eriè nello Stato di Nuova York da uno strato di salgemma, sotto il quale giace un esteso strato di carbone di 600 piedi (240 metri) di spessore.
38-1	7168-7175	Secondo	_	_	_	
38-2	7176-7181	Eaton	_	_	_	
38-3	7181-7182	,	_	_	_	
38-4	7183-7185	si	_	_	_	
38-5	7186-7194	sviluppa	_	_	_	
38-6	7195-7203	idrogeno	_	_	_	
38-7	7204-7213	carbonato	_	_	_	
38-8	7214-7216	in	_	_	_	
38-9	7217-7220	tre	_	_	_	
38-10	7221-7226	punti	_	_	_	
38-11	7227-7232	sulla	_	_	_	
38-12	7233-7238	costa	_	_	_	
38-13	7239-7242	Sud	_	_	_	
38-14	7243-7246	del	_	_	_	
38-15	7247-7253	canale	_	_	_	
38-16	7254-7258	Eriè	_	_	_	
38-17	7259-7264	nello	_	_	_	
38-18	7265-7270	Stato	_	_	_	
38-19	7271-7273	di	_	_	_	
38-20	7274-7279	Nuova	_	_	_	
38-21	7280-7284	York	_	_	_	
38-22	7285-7287	da	_	_	_	
38-23	7288-7291	uno	_	_	_	
38-24	7292-7298	strato	_	_	_	
38-25	7299-7301	di	_	_	_	
38-26	7302-7310	salgemma	_	_	_	
38-27	7310-7311	,	_	_	_	
38-28	7312-7317	sotto	_	_	_	
38-29	7318-7320	il	_	_	_	
38-30	7321-7326	quale	_	_	_	
38-31	7327-7332	giace	_	_	_	
38-32	7333-7335	un	_	_	_	
38-33	7336-7342	esteso	_	_	_	
38-34	7343-7349	strato	_	_	_	
38-35	7350-7352	di	_	_	_	
38-36	7353-7360	carbone	_	_	_	
38-37	7361-7363	di	_	_	_	
38-38	7364-7367	600	_	_	_	
38-39	7368-7373	piedi	_	_	_	
38-40	7374-7375	(	_	_	_	
38-41	7375-7378	240	_	_	_	
38-42	7379-7384	metri	_	_	_	
38-43	7384-7385	)	_	_	_	
38-44	7386-7388	di	_	_	_	
38-45	7389-7397	spessore	_	_	_	
38-46	7397-7398	.	_	_	_	

#Text=A Rocky-Hill nell’Ohio, un miglio e mezzo dal Lago Erie, forando un pozzo per salgemma, si incontrò un’esalazione di gaz combustibile, il quale uscì in grande quantità per un tempo considerevole.
39-1	7399-7400	A	_	_	_	
39-2	7401-7411	Rocky-Hill	Location[44]	_	_	
39-3	7412-7416	nell	Location[44]	_	_	
39-4	7416-7417	’	Location[44]	_	_	
39-5	7417-7421	Ohio	Location[44]	_	_	
39-6	7421-7422	,	Location[44]	_	_	
39-7	7423-7425	un	Location[44]	_	_	
39-8	7426-7432	miglio	Location[44]	_	_	
39-9	7433-7434	e	Location[44]	_	_	
39-10	7435-7440	mezzo	Location[44]	_	_	
39-11	7441-7444	dal	Location[44]	_	_	
39-12	7445-7449	Lago	Location[44]	_	_	
39-13	7450-7454	Erie	Location[44]	_	_	
39-14	7454-7455	,	_	_	_	
39-15	7456-7463	forando	Circumstances[45]	_	_	
39-16	7464-7466	un	Circumstances[45]	_	_	
39-17	7467-7472	pozzo	Circumstances[45]	_	_	
39-18	7473-7476	per	Circumstances[45]	_	_	
39-19	7477-7485	salgemma	Circumstances[45]	_	_	
39-20	7485-7486	,	_	_	_	
39-21	7487-7489	si	_	_	_	
39-22	7490-7498	incontrò	_	_	_	
39-23	7499-7501	un	_	_	_	
39-24	7501-7502	’	_	_	_	
39-25	7502-7512	esalazione	Smell\_Word	*|*|*|*|*	39-26[46_0]|39-2[44_0]|39-15[45_0]|39-30[47_0]|39-36[48_0]	
39-26	7513-7515	di	Smell\_Source[46]	_	_	
39-27	7516-7519	gaz	Smell\_Source[46]	_	_	
39-28	7520-7532	combustibile	Smell\_Source[46]	_	_	
39-29	7532-7533	,	_	_	_	
39-30	7534-7536	il	Circumstances[47]	_	_	
39-31	7537-7542	quale	Circumstances[47]	_	_	
39-32	7543-7547	uscì	Circumstances[47]	_	_	
39-33	7548-7550	in	Circumstances[47]	_	_	
39-34	7551-7557	grande	Circumstances[47]	_	_	
39-35	7558-7566	quantità	Circumstances[47]	_	_	
39-36	7567-7570	per	Time[48]	_	_	
39-37	7571-7573	un	Time[48]	_	_	
39-38	7574-7579	tempo	Time[48]	_	_	
39-39	7580-7593	considerevole	Time[48]	_	_	
39-40	7593-7594	.	_	_	_	

#Text=Circa due miglia al Sud del lago, un gaz infiammabile sgorgò perforando un calcare bituminoso in quantità tale da essere impiegato per illuminare il villaggio di Fredonia.
40-1	7595-7600	Circa	_	_	_	
40-2	7601-7604	due	_	_	_	
40-3	7605-7611	miglia	_	_	_	
40-4	7612-7614	al	_	_	_	
40-5	7615-7618	Sud	_	_	_	
40-6	7619-7622	del	_	_	_	
40-7	7623-7627	lago	_	_	_	
40-8	7627-7628	,	_	_	_	
40-9	7629-7631	un	_	_	_	
40-10	7632-7635	gaz	_	_	_	
40-11	7636-7648	infiammabile	_	_	_	
40-12	7649-7655	sgorgò	_	_	_	
40-13	7656-7666	perforando	_	_	_	
40-14	7667-7669	un	_	_	_	
40-15	7670-7677	calcare	_	_	_	
40-16	7678-7688	bituminoso	_	_	_	
40-17	7689-7691	in	_	_	_	
40-18	7692-7700	quantità	_	_	_	
40-19	7701-7705	tale	_	_	_	
40-20	7706-7708	da	_	_	_	
40-21	7709-7715	essere	_	_	_	
40-22	7716-7725	impiegato	_	_	_	
40-23	7726-7729	per	_	_	_	
40-24	7730-7740	illuminare	_	_	_	
40-25	7741-7743	il	_	_	_	
40-26	7744-7753	villaggio	_	_	_	
40-27	7754-7756	di	_	_	_	
40-28	7757-7765	Fredonia	_	_	_	
40-29	7765-7766	.	_	_	_	

#Text=La luce della fiamma di questo gaz non è tuttavia così vivace come quella del gaz artificiale.
41-1	7767-7769	La	_	_	_	
41-2	7770-7774	luce	_	_	_	
41-3	7775-7780	della	_	_	_	
41-4	7781-7787	fiamma	_	_	_	
41-5	7788-7790	di	_	_	_	
41-6	7791-7797	questo	_	_	_	
41-7	7798-7801	gaz	_	_	_	
41-8	7802-7805	non	_	_	_	
41-9	7806-7807	è	_	_	_	
41-10	7808-7816	tuttavia	_	_	_	
41-11	7817-7821	così	_	_	_	
41-12	7822-7828	vivace	_	_	_	
41-13	7829-7833	come	_	_	_	
41-14	7834-7840	quella	_	_	_	
41-15	7841-7844	del	_	_	_	
41-16	7845-7848	gaz	_	_	_	
41-17	7849-7860	artificiale	_	_	_	
41-18	7860-7861	.	_	_	_	

#Text=Nel distretto di Manetta nello Stato dell’Ohio, il gaz infiammabile è costantemente compagno delle sorgenti salate; dimodochè la sua comparsa nei fori per la ricerca del salgemma è considerata come una indicazione di un favorevole risultato.
42-1	7862-7865	Nel	_	_	_	
42-2	7866-7875	distretto	_	_	_	
42-3	7876-7878	di	_	_	_	
42-4	7879-7886	Manetta	_	_	_	
42-5	7887-7892	nello	_	_	_	
42-6	7893-7898	Stato	_	_	_	
42-7	7899-7903	dell	_	_	_	
42-8	7903-7904	’	_	_	_	
42-9	7904-7908	Ohio	_	_	_	
42-10	7908-7909	,	_	_	_	
42-11	7910-7912	il	_	_	_	
42-12	7913-7916	gaz	_	_	_	
42-13	7917-7929	infiammabile	_	_	_	
42-14	7930-7931	è	_	_	_	
42-15	7932-7945	costantemente	_	_	_	
42-16	7946-7954	compagno	_	_	_	
42-17	7955-7960	delle	_	_	_	
42-18	7961-7969	sorgenti	_	_	_	
42-19	7970-7976	salate	_	_	_	
42-20	7976-7977	;	_	_	_	
42-21	7978-7987	dimodochè	_	_	_	
42-22	7988-7990	la	_	_	_	
42-23	7991-7994	sua	_	_	_	
42-24	7995-8003	comparsa	_	_	_	
42-25	8004-8007	nei	_	_	_	
42-26	8008-8012	fori	_	_	_	
42-27	8013-8016	per	_	_	_	
42-28	8017-8019	la	_	_	_	
42-29	8020-8027	ricerca	_	_	_	
42-30	8028-8031	del	_	_	_	
42-31	8032-8040	salgemma	_	_	_	
42-32	8041-8042	è	_	_	_	
42-33	8043-8054	considerata	_	_	_	
42-34	8055-8059	come	_	_	_	
42-35	8060-8063	una	_	_	_	
42-36	8064-8075	indicazione	_	_	_	
42-37	8076-8078	di	_	_	_	
42-38	8079-8081	un	_	_	_	
42-39	8082-8092	favorevole	_	_	_	
42-40	8093-8102	risultato	_	_	_	
42-41	8102-8103	.	_	_	_	

#Text=Nei dintorni di Tseu-lieou-tsing nella China le esalazioni di gaz infiammabile dalle sorgenti salate sono, secondo le comunicazioni del missionario Imbert, molto comuni.
43-1	8104-8107	Nei	Location[49]	_	_	
43-2	8108-8116	dintorni	Location[49]	_	_	
43-3	8117-8119	di	Location[49]	_	_	
43-4	8120-8136	Tseu-lieou-tsing	Location[49]	_	_	
43-5	8137-8142	nella	Location[49]	_	_	
43-6	8143-8148	China	Location[49]	_	_	
43-7	8149-8151	le	_	_	_	
43-8	8152-8162	esalazioni	Smell\_Word	*|*|*|*|*	43-9[50_0]|43-12[51_0]|43-1[49_0]|43-21[52_0]|43-24[53_0]	
43-9	8163-8165	di	Smell\_Source[50]	_	_	
43-10	8166-8169	gaz	Smell\_Source[50]	_	_	
43-11	8170-8182	infiammabile	Smell\_Source[50]	_	_	
43-12	8183-8188	dalle	Location[51]	_	_	
43-13	8189-8197	sorgenti	Location[51]	_	_	
43-14	8198-8204	salate	Location[51]	_	_	
43-15	8205-8209	sono	_	_	_	
43-16	8209-8210	,	_	_	_	
43-17	8211-8218	secondo	_	_	_	
43-18	8219-8221	le	_	_	_	
43-19	8222-8235	comunicazioni	_	_	_	
43-20	8236-8239	del	_	_	_	
43-21	8240-8251	missionario	Perceiver[52]	_	_	
43-22	8252-8258	Imbert	Perceiver[52]	_	_	
43-23	8258-8259	,	_	_	_	
43-24	8260-8265	molto	Quality[53]	_	_	
43-25	8266-8272	comuni	Quality[53]	_	_	
43-26	8272-8273	.	_	_	_	

#Text=Alcune, di queste sono utilizzate puramente per cagione del gaz infiammabile, il quale è somministrato in così grande quantità che è impiegato a far bollire l’acqua salata, come altresì a riscaldare ed a illuminare gli stabilimenti nei quali il sale è preparato.
44-1	8274-8280	Alcune	_	_	_	
44-2	8280-8281	,	_	_	_	
44-3	8282-8284	di	_	_	_	
44-4	8285-8291	queste	_	_	_	
44-5	8292-8296	sono	_	_	_	
44-6	8297-8307	utilizzate	_	_	_	
44-7	8308-8317	puramente	_	_	_	
44-8	8318-8321	per	_	_	_	
44-9	8322-8329	cagione	_	_	_	
44-10	8330-8333	del	_	_	_	
44-11	8334-8337	gaz	_	_	_	
44-12	8338-8350	infiammabile	_	_	_	
44-13	8350-8351	,	_	_	_	
44-14	8352-8354	il	_	_	_	
44-15	8355-8360	quale	_	_	_	
44-16	8361-8362	è	_	_	_	
44-17	8363-8376	somministrato	_	_	_	
44-18	8377-8379	in	_	_	_	
44-19	8380-8384	così	_	_	_	
44-20	8385-8391	grande	_	_	_	
44-21	8392-8400	quantità	_	_	_	
44-22	8401-8404	che	_	_	_	
44-23	8405-8406	è	_	_	_	
44-24	8407-8416	impiegato	_	_	_	
44-25	8417-8418	a	_	_	_	
44-26	8419-8422	far	_	_	_	
44-27	8423-8430	bollire	_	_	_	
44-28	8431-8432	l	_	_	_	
44-29	8432-8433	’	_	_	_	
44-30	8433-8438	acqua	_	_	_	
44-31	8439-8445	salata	_	_	_	
44-32	8445-8446	,	_	_	_	
44-33	8447-8451	come	_	_	_	
44-34	8452-8459	altresì	_	_	_	
44-35	8460-8461	a	_	_	_	
44-36	8462-8472	riscaldare	_	_	_	
44-37	8473-8475	ed	_	_	_	
44-38	8476-8477	a	_	_	_	
44-39	8478-8488	illuminare	_	_	_	
44-40	8489-8492	gli	_	_	_	
44-41	8493-8505	stabilimenti	_	_	_	
44-42	8506-8509	nei	_	_	_	
44-43	8510-8515	quali	_	_	_	
44-44	8516-8518	il	_	_	_	
44-45	8519-8523	sale	_	_	_	
44-46	8524-8525	è	_	_	_	
44-47	8526-8535	preparato	_	_	_	
44-48	8535-8536	.	_	_	_	

#Text=L’acqua salata in uno di questi pozzi essendo cessata, il foro venne continuato alla profondità di 3000 piedi (900 metri circa); l’acqua salata non era ancora apparsa, ma, quando il perforatore ha raggiunto questa enorme profondità, una corrente di gaz apparve improvvisamente e venne utilizzata per fuoco.
45-1	8537-8538	L	_	_	_	
45-2	8538-8539	’	_	_	_	
45-3	8539-8544	acqua	_	_	_	
45-4	8545-8551	salata	_	_	_	
45-5	8552-8554	in	_	_	_	
45-6	8555-8558	uno	_	_	_	
45-7	8559-8561	di	_	_	_	
45-8	8562-8568	questi	_	_	_	
45-9	8569-8574	pozzi	_	_	_	
45-10	8575-8582	essendo	_	_	_	
45-11	8583-8590	cessata	_	_	_	
45-12	8590-8591	,	_	_	_	
45-13	8592-8594	il	_	_	_	
45-14	8595-8599	foro	_	_	_	
45-15	8600-8605	venne	_	_	_	
45-16	8606-8616	continuato	_	_	_	
45-17	8617-8621	alla	_	_	_	
45-18	8622-8632	profondità	_	_	_	
45-19	8633-8635	di	_	_	_	
45-20	8636-8640	3000	_	_	_	
45-21	8641-8646	piedi	_	_	_	
45-22	8647-8648	(	_	_	_	
45-23	8648-8651	900	_	_	_	
45-24	8652-8657	metri	_	_	_	
45-25	8658-8663	circa	_	_	_	
45-26	8663-8664	)	_	_	_	
45-27	8664-8665	;	_	_	_	
45-28	8666-8667	l	_	_	_	
45-29	8667-8668	’	_	_	_	
45-30	8668-8673	acqua	_	_	_	
45-31	8674-8680	salata	_	_	_	
45-32	8681-8684	non	_	_	_	
45-33	8685-8688	era	_	_	_	
45-34	8689-8695	ancora	_	_	_	
45-35	8696-8703	apparsa	_	_	_	
45-36	8703-8704	,	_	_	_	
45-37	8705-8707	ma	_	_	_	
45-38	8707-8708	,	_	_	_	
45-39	8709-8715	quando	_	_	_	
45-40	8716-8718	il	_	_	_	
45-41	8719-8730	perforatore	_	_	_	
45-42	8731-8733	ha	_	_	_	
45-43	8734-8743	raggiunto	_	_	_	
45-44	8744-8750	questa	_	_	_	
45-45	8751-8757	enorme	_	_	_	
45-46	8758-8768	profondità	_	_	_	
45-47	8768-8769	,	_	_	_	
45-48	8770-8773	una	_	_	_	
45-49	8774-8782	corrente	_	_	_	
45-50	8783-8785	di	_	_	_	
45-51	8786-8789	gaz	_	_	_	
45-52	8790-8797	apparve	_	_	_	
45-53	8798-8813	improvvisamente	_	_	_	
45-54	8814-8815	e	_	_	_	
45-55	8816-8821	venne	_	_	_	
45-56	8822-8832	utilizzata	_	_	_	
45-57	8833-8836	per	_	_	_	
45-58	8837-8842	fuoco	_	_	_	
45-59	8842-8843	.	_	_	_	

#Text=Vi sono pozzi il gaz dei quali, allorchè è acceso, produce delle fiamme di 30 piedi di altezza: quivi il gaz pare provenire da strati di carbone, poichè questo venne spesso incontrato nel fare i fori.
46-1	8844-8846	Vi	_	_	_	
46-2	8847-8851	sono	_	_	_	
46-3	8852-8857	pozzi	_	_	_	
46-4	8858-8860	il	_	_	_	
46-5	8861-8864	gaz	_	_	_	
46-6	8865-8868	dei	_	_	_	
46-7	8869-8874	quali	_	_	_	
46-8	8874-8875	,	_	_	_	
46-9	8876-8884	allorchè	_	_	_	
46-10	8885-8886	è	_	_	_	
46-11	8887-8893	acceso	_	_	_	
46-12	8893-8894	,	_	_	_	
46-13	8895-8902	produce	_	_	_	
46-14	8903-8908	delle	_	_	_	
46-15	8909-8915	fiamme	_	_	_	
46-16	8916-8918	di	_	_	_	
46-17	8919-8921	30	_	_	_	
46-18	8922-8927	piedi	_	_	_	
46-19	8928-8930	di	_	_	_	
46-20	8931-8938	altezza	_	_	_	
46-21	8938-8939	:	_	_	_	
46-22	8940-8945	quivi	_	_	_	
46-23	8946-8948	il	_	_	_	
46-24	8949-8952	gaz	_	_	_	
46-25	8953-8957	pare	_	_	_	
46-26	8958-8967	provenire	_	_	_	
46-27	8968-8970	da	_	_	_	
46-28	8971-8977	strati	_	_	_	
46-29	8978-8980	di	_	_	_	
46-30	8981-8988	carbone	_	_	_	
46-31	8988-8989	,	_	_	_	
46-32	8990-8996	poichè	_	_	_	
46-33	8997-9003	questo	_	_	_	
46-34	9004-9009	venne	_	_	_	
46-35	9010-9016	spesso	_	_	_	
46-36	9017-9027	incontrato	_	_	_	
46-37	9028-9031	nel	_	_	_	
46-38	9032-9036	fare	_	_	_	
46-39	9037-9038	i	_	_	_	
46-40	9039-9043	fori	_	_	_	
46-41	9043-9044	.	_	_	_	
