#FORMAT=WebAnno TSV 3.3
#T_SP=custom.Span|label
#T_RL=custom.Relation|label|BT_custom.Span


#Text=Enfin l'odorat est en rapport assez immédiat avec\r
#Text=les fonctions de la génération.
1-1	0-5	Enfin	_	_	_	
1-2	6-14	l'odorat	Smell\_Word	_	_	
1-3	15-18	est	_	_	_	
1-4	19-21	en	_	_	_	
1-5	22-29	rapport	_	_	_	
1-6	30-35	assez	_	_	_	
1-7	36-44	immédiat	_	_	_	
1-8	45-49	avec	_	_	_	
1-9	51-54	les	_	_	_	
1-10	55-64	fonctions	_	_	_	
1-11	65-67	de	_	_	_	
1-12	68-70	la	_	_	_	
1-13	71-81	génération	_	_	_	
1-14	81-82	.	_	_	_	

#Text=Le soin que beaucoup de femmes mettent à se parfumer semble en\r
#Text=être une preuve ; celle qui est savante dans l'art\r
#Text=de plaire ne vous laisse pénétrer jusqu'à elle qu'après vous avoir préparé à l'effet de ses charmes pur\r
#Text=celui des odeurs.
2-1	83-85	Le	_	_	_	
2-2	86-90	soin	_	_	_	
2-3	91-94	que	_	_	_	
2-4	95-103	beaucoup	Smell\_Source[1]	Anaphoric|Relation|Anaphoric	2-9[0_1]|2-10[0_1]|3-14[0_1]	
2-5	104-106	de	Smell\_Source[1]	_	_	
2-6	107-113	femmes	Smell\_Source[1]	_	_	
2-7	114-121	mettent	_	_	_	
2-8	122-123	à	_	_	_	
2-9	124-126	se	Smell\_Source	_	_	
2-10	127-135	parfumer	Smell\_Word	_	_	
2-11	136-142	semble	_	_	_	
2-12	143-145	en	_	_	_	
2-13	147-151	être	_	_	_	
2-14	152-155	une	_	_	_	
2-15	156-162	preuve	_	_	_	
2-16	163-164	;	_	_	_	
2-17	165-170	celle	_	_	_	
2-18	171-174	qui	_	_	_	
2-19	175-178	est	_	_	_	
2-20	179-186	savante	_	_	_	
2-21	187-191	dans	_	_	_	
2-22	192-197	l'art	_	_	_	
2-23	199-201	de	_	_	_	
2-24	202-208	plaire	_	_	_	
2-25	209-211	ne	_	_	_	
2-26	212-216	vous	_	_	_	
2-27	217-223	laisse	_	_	_	
2-28	224-232	pénétrer	_	_	_	
2-29	233-240	jusqu'à	_	_	_	
2-30	241-245	elle	_	_	_	
2-31	246-254	qu'après	_	_	_	
2-32	255-259	vous	_	_	_	
2-33	260-265	avoir	_	_	_	
2-34	266-273	préparé	_	_	_	
2-35	274-275	à	_	_	_	
2-36	276-283	l'effet	_	_	_	
2-37	284-286	de	_	_	_	
2-38	287-290	ses	_	_	_	
2-39	291-298	charmes	_	_	_	
2-40	299-302	pur	_	_	_	
2-41	304-309	celui	_	_	_	
2-42	310-313	des	_	_	_	
2-43	314-320	odeurs	Smell\_Word	_	_	
2-44	320-321	.	_	_	_	

#Text=La saison des fleurs est celle des amours ; l'odeur qui s'exhale de leur sein épanoui , en parfumant le zéphyr, fait entrer au fond du\r
#Text=cœur un charme irrésistible ; les idées voluptueuses se lient à celles des jardins ou des ombrages\r
#Text=odorans; et les poètes attribuent, avec raison, aux parfums la propriété de porter dans l'âme une\r
#Text=douce ivresse , une langueur entraînante ; avec eux , c'est la volupté même qu'on respire.
3-1	322-324	La	_	_	_	
3-2	325-331	saison	_	_	_	
3-3	332-335	des	_	_	_	
3-4	336-342	fleurs	_	_	_	
3-5	343-346	est	_	_	_	
3-6	347-352	celle	_	_	_	
3-7	353-356	des	_	_	_	
3-8	357-363	amours	_	_	_	
3-9	364-365	;	_	_	_	
3-10	366-373	l'odeur	Smell\_Word	*|*	3-14|3-15	
3-11	374-377	qui	_	_	_	
3-12	378-386	s'exhale	_	_	_	
3-13	387-389	de	_	_	_	
3-14	390-394	leur	Odour\_Carrier	_	_	
3-15	395-399	sein	Smell\_Source	_	_	
3-16	400-407	épanoui	_	_	_	
3-17	408-409	,	_	_	_	
3-18	410-412	en	_	_	_	
3-19	413-422	parfumant	Smell\_Word	*|*	3-21|3-15	
3-20	423-425	le	_	_	_	
3-21	426-432	zéphyr	Odour\_Carrier	_	_	
3-22	432-433	,	_	_	_	
3-23	434-438	fait	_	_	_	
3-24	439-445	entrer	_	_	_	
3-25	446-448	au	_	_	_	
3-26	449-453	fond	_	_	_	
3-27	454-456	du	_	_	_	
3-28	458-462	cœur	_	_	_	
3-29	463-465	un	_	_	_	
3-30	466-472	charme	_	_	_	
3-31	473-485	irrésistible	_	_	_	
3-32	486-487	;	_	_	_	
3-33	488-491	les	_	_	_	
3-34	492-497	idées	_	_	_	
3-35	498-510	voluptueuses	_	_	_	
3-36	511-513	se	_	_	_	
3-37	514-519	lient	_	_	_	
3-38	520-521	à	_	_	_	
3-39	522-528	celles	_	_	_	
3-40	529-532	des	_	_	_	
3-41	533-540	jardins	Smell\_Source	_	_	
3-42	541-543	ou	_	_	_	
3-43	544-547	des	_	_	_	
3-44	548-556	ombrages	Smell\_Source	_	_	
3-45	558-565	odorans	Smell\_Word	*|*	3-44|3-41	
3-46	565-566	;	_	_	_	
3-47	567-569	et	_	_	_	
3-48	570-573	les	_	_	_	
3-49	574-580	poètes	Perceiver	_	_	
3-50	581-591	attribuent	_	_	_	
3-51	591-592	,	_	_	_	
3-52	593-597	avec	_	_	_	
3-53	598-604	raison	_	_	_	
3-54	604-605	,	_	_	_	
3-55	606-609	aux	_	_	_	
3-56	610-617	parfums	Smell\_Word	*|*	3-64[2_0]|3-49	
3-57	618-620	la	_	_	_	
3-58	621-630	propriété	_	_	_	
3-59	631-633	de	_	_	_	
3-60	634-640	porter	_	_	_	
3-61	641-645	dans	_	_	_	
3-62	646-651	l'âme	_	_	_	
3-63	652-655	une	_	_	_	
3-64	657-662	douce	Evoked\_Odorant[2]	_	_	
3-65	663-670	ivresse	Evoked\_Odorant[2]	_	_	
3-66	671-672	,	_	_	_	
3-67	673-676	une	_	_	_	
3-68	677-685	langueur	_	_	_	
3-69	686-697	entraînante	_	_	_	
3-70	698-699	;	_	_	_	
3-71	700-704	avec	_	_	_	
3-72	705-708	eux	_	_	_	
3-73	709-710	,	_	_	_	
3-74	711-716	c'est	_	_	_	
3-75	717-719	la	_	_	_	
3-76	720-727	volupté	_	_	_	
3-77	728-732	même	_	_	_	
3-78	733-738	qu'on	_	_	_	
3-79	739-746	respire	_	_	_	
3-80	746-747	.	_	_	_	

#Text=O fleurs!
4-1	751-752	O	_	_	_	
4-2	753-759	fleurs	Smell\_Source	_	_	
4-3	759-760	!	_	_	_	

#Text=L'amour dont vos parfums enflamment le délire,\r
#Text=Souvent par vos bosquets étendit son empire.
5-1	764-771	L'amour	_	_	_	
5-2	772-776	dont	_	_	_	
5-3	777-780	vos	_	_	_	
5-4	781-788	parfums	Smell\_Word	*	4-2	
5-5	789-799	enflamment	_	_	_	
5-6	800-802	le	_	_	_	
5-7	803-809	délire	_	_	_	
5-8	809-810	,	_	_	_	
5-9	812-819	Souvent	_	_	_	
5-10	820-823	par	_	_	_	
5-11	824-827	vos	_	_	_	
5-12	828-836	bosquets	_	_	_	
5-13	837-844	étendit	_	_	_	
5-14	845-848	son	_	_	_	
5-15	849-855	empire	_	_	_	
5-16	855-856	.	_	_	_	

#Text=L'odorat semble ici le précurseur de l'amour, et l'air en est le messager.
6-1	860-868	L'odorat	Smell\_Word	*	6-10	
6-2	869-875	semble	_	_	_	
6-3	876-879	ici	_	_	_	
6-4	880-882	le	_	_	_	
6-5	883-893	précurseur	_	_	_	
6-6	894-896	de	_	_	_	
6-7	897-904	l'amour	_	_	_	
6-8	904-905	,	_	_	_	
6-9	906-908	et	_	_	_	
6-10	909-914	l'air	Odour\_Carrier	_	_	
6-11	915-917	en	_	_	_	
6-12	918-921	est	_	_	_	
6-13	922-924	le	_	_	_	
6-14	925-933	messager	_	_	_	
6-15	933-934	.	_	_	_	

#Text=Il le savait bien ce vain-\r
#Text=queur de Mahon et de tant de beautés du siècle de Louis XV, lui qui avait toujours soin de s'entourer d'une atmosphère parfumée.
7-1	935-937	Il	_	_	_	
7-2	938-940	le	_	_	_	
7-3	941-947	savait	_	_	_	
7-4	948-952	bien	_	_	_	
7-5	953-955	ce	_	_	_	
7-6	956-960	vain	_	_	_	
7-7	960-961	-	_	_	_	
7-8	963-968	queur	_	_	_	
7-9	969-971	de	_	_	_	
7-10	972-977	Mahon	Perceiver	_	_	
7-11	978-980	et	_	_	_	
7-12	981-983	de	_	_	_	
7-13	984-988	tant	_	_	_	
7-14	989-991	de	_	_	_	
7-15	992-999	beautés	_	_	_	
7-16	1000-1002	du	_	_	_	
7-17	1003-1009	siècle	Time[3]	_	_	
7-18	1010-1012	de	Time[3]	_	_	
7-19	1013-1018	Louis	Time[3]	_	_	
7-20	1019-1021	XV	Time[3]	_	_	
7-21	1021-1022	,	_	_	_	
7-22	1023-1026	lui	_	_	_	
7-23	1027-1030	qui	_	_	_	
7-24	1031-1036	avait	_	_	_	
7-25	1037-1045	toujours	_	_	_	
7-26	1046-1050	soin	_	_	_	
7-27	1051-1053	de	_	_	_	
7-28	1054-1064	s'entourer	_	_	_	
7-29	1065-1070	d'une	_	_	_	
7-30	1071-1081	atmosphère	Odour\_Carrier	_	_	
7-31	1082-1090	parfumée	Smell\_Word	*|*|*	7-30|7-10|7-17[3_0]	
7-32	1090-1091	.	_	_	_	

#Text=Souvent aussi\r
#Text=le même effet a lieu chez les animaux.
8-1	1092-1099	Souvent	_	_	_	
8-2	1100-1105	aussi	_	_	_	
8-3	1107-1109	le	_	_	_	
8-4	1110-1114	même	_	_	_	
8-5	1115-1120	effet	_	_	_	
8-6	1121-1122	a	_	_	_	
8-7	1123-1127	lieu	_	_	_	
8-8	1128-1132	chez	_	_	_	
8-9	1133-1136	les	_	_	_	
8-10	1137-1144	animaux	_	_	_	
8-11	1144-1145	.	_	_	_	

#Text=Olina (1) conseille la civette comme propre à faire chanter\r
#Text=les rossignols en cage; car, dit-il, les odeurs suaves stimulent les oiseaux à chanter, sans doute en\r
#Text=augmentant leur flamme amoureuse.
9-1	1146-1151	Olina	_	_	_	
9-2	1152-1153	(	_	_	_	
9-3	1153-1154	1	_	_	_	
9-4	1154-1155	)	_	_	_	
9-5	1156-1165	conseille	_	_	_	
9-6	1166-1168	la	_	_	_	
9-7	1169-1176	civette	Smell\_Source	_	_	
9-8	1177-1182	comme	_	_	_	
9-9	1183-1189	propre	_	_	_	
9-10	1190-1191	à	_	_	_	
9-11	1192-1197	faire	Effect[4]	_	_	
9-12	1198-1205	chanter	Effect[4]	_	_	
9-13	1207-1210	les	Effect[4]	_	_	
9-14	1211-1221	rossignols	Effect[4]|Perceiver[5]	_	_	
9-15	1222-1224	en	Effect[4]	_	_	
9-16	1225-1229	cage	Effect[4]	_	_	
9-17	1229-1230	;	_	_	_	
9-18	1231-1234	car	_	_	_	
9-19	1234-1235	,	_	_	_	
9-20	1236-1242	dit-il	_	_	_	
9-21	1242-1243	,	_	_	_	
9-22	1244-1247	les	_	_	_	
9-23	1248-1254	odeurs	Smell\_Word	*|*|*|*|*|*|*	9-24|9-27[7_0]|9-11[4_0]|9-25[6_0]|9-34[8_0]|9-7|9-14[5_0]	
9-24	1255-1261	suaves	Quality	_	_	
9-25	1262-1271	stimulent	Effect[6]	_	_	
9-26	1272-1275	les	Effect[6]	_	_	
9-27	1276-1283	oiseaux	Effect[6]|Perceiver[7]	Anaphoric	9-35[9_7]	
9-28	1284-1285	à	Effect[6]	_	_	
9-29	1286-1293	chanter	Effect[6]	_	_	
9-30	1293-1294	,	_	_	_	
9-31	1295-1299	sans	_	_	_	
9-32	1300-1305	doute	_	_	_	
9-33	1306-1308	en	_	_	_	
9-34	1310-1320	augmentant	Effect[8]	_	_	
9-35	1321-1325	leur	Effect[8]|Perceiver[9]	_	_	
9-36	1326-1332	flamme	Effect[8]	_	_	
9-37	1333-1342	amoureuse	Effect[8]	_	_	
9-38	1342-1343	.	_	_	_	

#Text=Il suffit encore , sur ce point , d'en attester les soins mêmes que la Nature a pris de faire exhaler\r
#Text=une odeur forte et spéciale aux organes sexuels de la plupart des animaux ; telle est celle du musc ,\r
#Text=de la civette , du castoreum que nous offrent les genettes , les chevrotins , les muscardins, les on-\r
#Text=datras, les bœufs musqués, les buffles, les boucs, les moufettes, les zorilles , les putois, etc.
10-1	1347-1349	Il	_	_	_	
10-2	1350-1356	suffit	_	_	_	
10-3	1357-1363	encore	_	_	_	
10-4	1364-1365	,	_	_	_	
10-5	1366-1369	sur	_	_	_	
10-6	1370-1372	ce	_	_	_	
10-7	1373-1378	point	_	_	_	
10-8	1379-1380	,	_	_	_	
10-9	1381-1385	d'en	_	_	_	
10-10	1386-1394	attester	_	_	_	
10-11	1395-1398	les	_	_	_	
10-12	1399-1404	soins	_	_	_	
10-13	1405-1410	mêmes	_	_	_	
10-14	1411-1414	que	_	_	_	
10-15	1415-1417	la	_	_	_	
10-16	1418-1424	Nature	_	_	_	
10-17	1425-1426	a	_	_	_	
10-18	1427-1431	pris	_	_	_	
10-19	1432-1434	de	_	_	_	
10-20	1435-1440	faire	_	_	_	
10-21	1441-1448	exhaler	Smell\_Word	*	10-23	
10-22	1450-1453	une	_	_	_	
10-23	1454-1459	odeur	Smell\_Word	*|*|*|*|*|*|*|*|*|*|*|*|*|*|*	10-24|10-26|10-28[10_0]|10-40|10-44|10-47|10-55|10-58|10-82|10-79|10-66[12_0]|10-61[11_0]|10-70|10-73|10-76	
10-24	1460-1465	forte	Quality	_	_	
10-25	1466-1468	et	_	_	_	
10-26	1469-1477	spéciale	Quality	_	_	
10-27	1478-1481	aux	_	_	_	
10-28	1482-1489	organes	Smell\_Source[10]	_	_	
10-29	1490-1497	sexuels	Smell\_Source[10]	_	_	
10-30	1498-1500	de	Smell\_Source[10]	_	_	
10-31	1501-1503	la	Smell\_Source[10]	_	_	
10-32	1504-1511	plupart	Smell\_Source[10]	_	_	
10-33	1512-1515	des	Smell\_Source[10]	_	_	
10-34	1516-1523	animaux	Smell\_Source[10]	_	_	
10-35	1524-1525	;	_	_	_	
10-36	1526-1531	telle	_	_	_	
10-37	1532-1535	est	_	_	_	
10-38	1536-1541	celle	_	_	_	
10-39	1542-1544	du	_	_	_	
10-40	1545-1549	musc	Smell\_Source	_	_	
10-41	1550-1551	,	_	_	_	
10-42	1553-1555	de	_	_	_	
10-43	1556-1558	la	_	_	_	
10-44	1559-1566	civette	Smell\_Source	_	_	
10-45	1567-1568	,	_	_	_	
10-46	1569-1571	du	_	_	_	
10-47	1572-1581	castoreum	Smell\_Source	_	_	
10-48	1582-1585	que	_	_	_	
10-49	1586-1590	nous	_	_	_	
10-50	1591-1598	offrent	_	_	_	
10-51	1599-1602	les	_	_	_	
10-52	1603-1611	genettes	_	_	_	
10-53	1612-1613	,	_	_	_	
10-54	1614-1617	les	_	_	_	
10-55	1618-1628	chevrotins	Smell\_Source	_	_	
10-56	1629-1630	,	_	_	_	
10-57	1631-1634	les	_	_	_	
10-58	1635-1645	muscardins	Smell\_Source	_	_	
10-59	1645-1646	,	_	_	_	
10-60	1647-1650	les	_	_	_	
10-61	1651-1653	on	Smell\_Source[11]	_	_	
10-62	1653-1654	-	Smell\_Source[11]	_	_	
10-63	1656-1662	datras	Smell\_Source[11]	_	_	
10-64	1662-1663	,	_	_	_	
10-65	1664-1667	les	_	_	_	
10-66	1668-1673	bœufs	Smell\_Source[12]	_	_	
10-67	1674-1681	musqués	Smell\_Source[12]	_	_	
10-68	1681-1682	,	_	_	_	
10-69	1683-1686	les	_	_	_	
10-70	1687-1694	buffles	Smell\_Source	_	_	
10-71	1694-1695	,	_	_	_	
10-72	1696-1699	les	_	_	_	
10-73	1700-1705	boucs	Smell\_Source	_	_	
10-74	1705-1706	,	_	_	_	
10-75	1707-1710	les	_	_	_	
10-76	1711-1720	moufettes	Smell\_Source	_	_	
10-77	1720-1721	,	_	_	_	
10-78	1722-1725	les	_	_	_	
10-79	1726-1734	zorilles	Smell\_Source	_	_	
10-80	1735-1736	,	_	_	_	
10-81	1737-1740	les	_	_	_	
10-82	1741-1747	putois	Smell\_Source	_	_	
10-83	1747-1748	,	_	_	_	
10-84	1749-1752	etc	_	_	_	
10-85	1752-1753	.	_	_	_	
