#FORMAT=WebAnno TSV 3.3


#Text=# Input file: "NUKP14041-1844"
1-1	0-1	#	
1-2	2-7	Input	
1-3	8-12	file	
1-4	12-13	:	
1-5	14-15	"	
1-6	15-24	NUKP14041	
1-7	24-25	-	
1-8	25-29	1844	
1-9	29-30	"	

#Text=.
2-1	30-31	.	

#Text=# Title: "Kmetijske in rokodelske novice. (1844) [NUK]"
3-1	33-34	#	
3-2	35-40	Title	
3-3	40-41	:	
3-4	42-43	"	
3-5	43-52	Kmetijske	
3-6	53-55	in	
3-7	56-66	rokodelske	
3-8	67-73	novice	
3-9	73-74	.	
3-10	75-76	(	
3-11	76-80	1844	
3-12	80-81	)	
3-13	82-83	[	
3-14	83-86	NUK	
3-15	86-87	]	
3-16	87-88	"	

#Text=.
4-1	88-89	.	

#Text=# Year: 1844
5-1	91-92	#	
5-2	93-97	Year	
5-3	97-98	:	
5-4	99-103	1844	

#Text=.
6-1	103-104	.	

#Text=# 11/2156 paras selected, 978/85771 words, 11/11 smell words: ['dišale', 'dišave', 'gnil', 'gnilo', 'strupen', 'strupena', 'strupenih', 'voha', 'žaltovo'].
7-1	106-107	#	
7-2	108-110	11	
7-3	110-111	/	
7-4	111-115	2156	
7-5	116-121	paras	
7-6	122-130	selected	
7-7	130-131	,	
7-8	132-135	978	
7-9	135-136	/	
7-10	136-141	85771	
7-11	142-147	words	
7-12	147-148	,	
7-13	149-151	11	
7-14	151-152	/	
7-15	152-154	11	
7-16	155-160	smell	
7-17	161-166	words	
7-18	166-167	:	
7-19	168-169	[	
7-20	169-170	'	
7-21	170-176	dišale	
7-22	176-177	'	
7-23	177-178	,	
7-24	179-180	'	
7-25	180-186	dišave	
7-26	186-187	'	
7-27	187-188	,	
7-28	189-190	'	
7-29	190-194	gnil	
7-30	194-195	'	
7-31	195-196	,	
7-32	197-198	'	
7-33	198-203	gnilo	
7-34	203-204	'	
7-35	204-205	,	
7-36	206-207	'	
7-37	207-214	strupen	
7-38	214-215	'	
7-39	215-216	,	
7-40	217-218	'	
7-41	218-226	strupena	
7-42	226-227	'	
7-43	227-228	,	
7-44	229-230	'	
7-45	230-239	strupenih	
7-46	239-240	'	
7-47	240-241	,	
7-48	242-243	'	
7-49	243-247	voha	
7-50	247-248	'	
7-51	248-249	,	
7-52	250-251	'	
7-53	251-258	žaltovo	
7-54	258-259	'	
7-55	259-260	]	
7-56	260-261	.	

#Text=De bodo pa moji pošteni kmetijski in rokodelski rojaki, od prazne vere Šembiljniga prerokvanja se prepričati zamogli, si bom perzadjal, ti, posebno od starih ljudi časteni Boginji venec, ki se ji ne spodobi, iz nje sive glave potegniti, in jo postaviti v tiſte čase, kjer ljuč keršanstva še svetila in solnce praviga spoznanja še posijalo ni, postaviti med tiste narode, kteri so od malikovanja in nasledkov vraž oslepljeni, mlado Šembiljko zibali in nje peljnice tkali.
8-1	269-271	De	
8-2	272-276	bodo	
8-3	277-279	pa	
8-4	280-284	moji	
8-5	285-292	pošteni	
8-6	293-302	kmetijski	
8-7	303-305	in	
8-8	306-316	rokodelski	
8-9	317-323	rojaki	
8-10	323-324	,	
8-11	325-327	od	
8-12	328-334	prazne	
8-13	335-339	vere	
8-14	340-351	Šembiljniga	
8-15	352-363	prerokvanja	
8-16	364-366	se	
8-17	367-377	prepričati	
8-18	378-385	zamogli	
8-19	385-386	,	
8-20	387-389	si	
8-21	390-393	bom	
8-22	394-403	perzadjal	
8-23	403-404	,	
8-24	405-407	ti	
8-25	407-408	,	
8-26	409-416	posebno	
8-27	417-419	od	
8-28	420-426	starih	
8-29	427-432	ljudi	
8-30	433-440	časteni	
8-31	441-448	Boginji	
8-32	449-454	venec	
8-33	454-455	,	
8-34	456-458	ki	
8-35	459-461	se	
8-36	462-464	ji	
8-37	465-467	ne	
8-38	468-475	spodobi	
8-39	475-476	,	
8-40	477-479	iz	
8-41	480-483	nje	
8-42	484-488	sive	
8-43	489-494	glave	
8-44	495-504	potegniti	
8-45	504-505	,	
8-46	506-508	in	
8-47	509-511	jo	
8-48	512-521	postaviti	
8-49	522-523	v	
8-50	524-529	tiſte	
8-51	530-534	čase	
8-52	534-535	,	
8-53	536-540	kjer	
8-54	541-545	ljuč	
8-55	546-556	keršanstva	
8-56	557-559	še	
8-57	560-567	svetila	
8-58	568-570	in	
8-59	571-577	solnce	
8-60	578-585	praviga	
8-61	586-595	spoznanja	
8-62	596-598	še	
8-63	599-607	posijalo	
8-64	608-610	ni	
8-65	610-611	,	
8-66	612-621	postaviti	
8-67	622-625	med	
8-68	626-631	tiste	
8-69	632-638	narode	
8-70	638-639	,	
8-71	640-645	kteri	
8-72	646-648	so	
8-73	649-651	od	
8-74	652-663	malikovanja	
8-75	664-666	in	
8-76	667-676	nasledkov	
8-77	677-681	vraž	
8-78	682-692	oslepljeni	
8-79	692-693	,	
8-80	694-699	mlado	
8-81	700-709	Šembiljko	
8-82	710-716	zibali	
8-83	717-719	in	
8-84	720-723	nje	
8-85	724-732	peljnice	
8-86	733-738	tkali	
8-87	738-739	.	

#Text=Zabuči tedaj zgodovinna trobenta in pokliči mi mogočniga Rimca in prebrisaniga Gerka iz kamnatiga groba, tolmači še v današne čase ohranjene napise, pokaži njim razvaline tempeljnov , v kterih so nar dražji dišave iz kadilnic prot nebu puhtile, — in upanje imam, de prepričani bojo od goluſije čez mero častene prerokinje.— Babilonci in Kaldejci, Rimci in Gerki so Šembiljo tiste ženske imenovali, ktere so, brez de bi bile služabnice v kakimu posebnimu tempeljnu, po laſtnim pričevanju od preroškiga duha navdane, prihodne reči oznanovale.
9-1	740-746	Zabuči	
9-2	747-752	tedaj	
9-3	753-763	zgodovinna	
9-4	764-772	trobenta	
9-5	773-775	in	
9-6	776-783	pokliči	
9-7	784-786	mi	
9-8	787-796	mogočniga	
9-9	797-802	Rimca	
9-10	803-805	in	
9-11	806-818	prebrisaniga	
9-12	819-824	Gerka	
9-13	825-827	iz	
9-14	828-837	kamnatiga	
9-15	838-843	groba	
9-16	843-844	,	
9-17	845-852	tolmači	
9-18	853-855	še	
9-19	856-857	v	
9-20	858-865	današne	
9-21	866-870	čase	
9-22	871-880	ohranjene	
9-23	881-887	napise	
9-24	887-888	,	
9-25	889-895	pokaži	
9-26	896-900	njim	
9-27	901-910	razvaline	
9-28	911-921	tempeljnov	
9-29	922-923	,	
9-30	924-925	v	
9-31	926-932	kterih	
9-32	933-935	so	
9-33	936-939	nar	
9-34	940-946	dražji	
9-35	947-953	dišave	
9-36	954-956	iz	
9-37	957-965	kadilnic	
9-38	966-970	prot	
9-39	971-975	nebu	
9-40	976-983	puhtile	
9-41	983-984	,	
9-42	985-986	—	
9-43	987-989	in	
9-44	990-996	upanje	
9-45	997-1001	imam	
9-46	1001-1002	,	
9-47	1003-1005	de	
9-48	1006-1016	prepričani	
9-49	1017-1021	bojo	
9-50	1022-1024	od	
9-51	1025-1033	goluſije	
9-52	1034-1037	čez	
9-53	1038-1042	mero	
9-54	1043-1050	častene	
9-55	1051-1061	prerokinje	
9-56	1061-1062	.	
9-57	1062-1063	—	
9-58	1064-1073	Babilonci	
9-59	1074-1076	in	
9-60	1077-1085	Kaldejci	
9-61	1085-1086	,	
9-62	1087-1092	Rimci	
9-63	1093-1095	in	
9-64	1096-1101	Gerki	
9-65	1102-1104	so	
9-66	1105-1113	Šembiljo	
9-67	1114-1119	tiste	
9-68	1120-1126	ženske	
9-69	1127-1136	imenovali	
9-70	1136-1137	,	
9-71	1138-1143	ktere	
9-72	1144-1146	so	
9-73	1146-1147	,	
9-74	1148-1152	brez	
9-75	1153-1155	de	
9-76	1156-1158	bi	
9-77	1159-1163	bile	
9-78	1164-1174	služabnice	
9-79	1175-1176	v	
9-80	1177-1183	kakimu	
9-81	1184-1193	posebnimu	
9-82	1194-1203	tempeljnu	
9-83	1203-1204	,	
9-84	1205-1207	po	
9-85	1208-1215	laſtnim	
9-86	1216-1226	pričevanju	
9-87	1227-1229	od	
9-88	1230-1240	preroškiga	
9-89	1241-1245	duha	
9-90	1246-1253	navdane	
9-91	1253-1254	,	
9-92	1255-1263	prihodne	
9-93	1264-1268	reči	
9-94	1269-1279	oznanovale	
9-95	1279-1280	.	

#Text=Zavolj števila takih prerokinj, kterih začetek se v tamnih časih malikvavstva zgubi, so se ljudje dolgo prepirali.
10-1	1281-1287	Zavolj	
10-2	1288-1295	števila	
10-3	1296-1301	takih	
10-4	1302-1311	prerokinj	
10-5	1311-1312	,	
10-6	1313-1319	kterih	
10-7	1320-1327	začetek	
10-8	1328-1330	se	
10-9	1331-1332	v	
10-10	1333-1339	tamnih	
10-11	1340-1345	časih	
10-12	1346-1358	malikvavstva	
10-13	1359-1364	zgubi	
10-14	1364-1365	,	
10-15	1366-1368	so	
10-16	1369-1371	se	
10-17	1372-1378	ljudje	
10-18	1379-1384	dolgo	
10-19	1385-1394	prepirali	
10-20	1394-1395	.	

#Text=Varo govori od desetih, Suida od štirnajstih, še drugi od štirih, treh in nekteri le od dveh Šembilj.
11-1	1396-1400	Varo	
11-2	1401-1407	govori	
11-3	1408-1410	od	
11-4	1411-1418	desetih	
11-5	1418-1419	,	
11-6	1420-1425	Suida	
11-7	1426-1428	od	
11-8	1429-1440	štirnajstih	
11-9	1440-1441	,	
11-10	1442-1444	še	
11-11	1445-1450	drugi	
11-12	1451-1453	od	
11-13	1454-1460	štirih	
11-14	1460-1461	,	
11-15	1462-1466	treh	
11-16	1467-1469	in	
11-17	1470-1477	nekteri	
11-18	1478-1480	le	
11-19	1481-1483	od	
11-20	1484-1488	dveh	
11-21	1489-1496	Šembilj	
11-22	1496-1497	.	

#Text=Zadnjič terdi Petit v svojih v letu 1686 od te čudne ženske spisanih bukvah, de je samo ena Šembilja in sicer v Jonii živela, kjer so po spričevanju Laktancija vse prave Šembiljske bukve v gerškimu spi-\r
#Text=\r
#Text=\r
#Text=\r
#Text=O vodnik naš prečastiti!
12-1	1498-1505	Zadnjič	
12-2	1506-1511	terdi	
12-3	1512-1517	Petit	
12-4	1518-1519	v	
12-5	1520-1526	svojih	
12-6	1527-1528	v	
12-7	1529-1533	letu	
12-8	1534-1538	1686	
12-9	1539-1541	od	
12-10	1542-1544	te	
12-11	1545-1550	čudne	
12-12	1551-1557	ženske	
12-13	1558-1566	spisanih	
12-14	1567-1573	bukvah	
12-15	1573-1574	,	
12-16	1575-1577	de	
12-17	1578-1580	je	
12-18	1581-1585	samo	
12-19	1586-1589	ena	
12-20	1590-1598	Šembilja	
12-21	1599-1601	in	
12-22	1602-1607	sicer	
12-23	1608-1609	v	
12-24	1610-1615	Jonii	
12-25	1616-1622	živela	
12-26	1622-1623	,	
12-27	1624-1628	kjer	
12-28	1629-1631	so	
12-29	1632-1634	po	
12-30	1635-1646	spričevanju	
12-31	1647-1657	Laktancija	
12-32	1658-1661	vse	
12-33	1662-1667	prave	
12-34	1668-1678	Šembiljske	
12-35	1679-1684	bukve	
12-36	1685-1686	v	
12-37	1687-1695	gerškimu	
12-38	1696-1699	spi	
12-39	1699-1700	-	
12-40	1708-1709	O	
12-41	1710-1716	vodnik	
12-42	1717-1720	naš	
12-43	1721-1731	prečastiti	
12-44	1731-1732	!	

#Text=Kdo bi mogel Ti odreči Vzeti nauk plemeniti, Pokazano pot slediti, Željni ter namen doseči?
13-1	1733-1736	Kdo	
13-2	1737-1739	bi	
13-3	1740-1745	mogel	
13-4	1746-1748	Ti	
13-5	1749-1755	odreči	
13-6	1756-1761	Vzeti	
13-7	1762-1766	nauk	
13-8	1767-1776	plemeniti	
13-9	1776-1777	,	
13-10	1778-1786	Pokazano	
13-11	1787-1790	pot	
13-12	1791-1798	slediti	
13-13	1798-1799	,	
13-14	1800-1806	Željni	
13-15	1807-1810	ter	
13-16	1811-1816	namen	
13-17	1817-1823	doseči	
13-18	1823-1824	?	

#Text=Ko serce topi se Tvoje V ognji domovine svoje !
14-1	1825-1827	Ko	
14-2	1828-1833	serce	
14-3	1834-1838	topi	
14-4	1839-1841	se	
14-5	1842-1847	Tvoje	
14-6	1848-1849	V	
14-7	1850-1855	ognji	
14-8	1856-1864	domovine	
14-9	1865-1870	svoje	
14-10	1871-1872	!	

#Text=Prejmi venec gorke hvale Za dobrote preobilne, Ki bodo ko rož'ce zale , V naših sercih v vek dišale; V njih zasluge neštevilne So spomnike stav'le zlate, De spomin ne vgasne na — Te.
15-1	1876-1882	Prejmi	
15-2	1883-1888	venec	
15-3	1889-1894	gorke	
15-4	1895-1900	hvale	
15-5	1901-1903	Za	
15-6	1904-1911	dobrote	
15-7	1912-1921	preobilne	
15-8	1921-1922	,	
15-9	1923-1925	Ki	
15-10	1926-1930	bodo	
15-11	1931-1933	ko	
15-12	1934-1940	rož'ce	
15-13	1941-1945	zale	
15-14	1946-1947	,	
15-15	1948-1949	V	
15-16	1950-1955	naših	
15-17	1956-1962	sercih	
15-18	1963-1964	v	
15-19	1965-1968	vek	
15-20	1969-1975	dišale	
15-21	1975-1976	;	
15-22	1977-1978	V	
15-23	1979-1983	njih	
15-24	1984-1991	zasluge	
15-25	1992-2002	neštevilne	
15-26	2003-2005	So	
15-27	2006-2014	spomnike	
15-28	2015-2022	stav'le	
15-29	2023-2028	zlate	
15-30	2028-2029	,	
15-31	2030-2032	De	
15-32	2033-2039	spomin	
15-33	2040-2042	ne	
15-34	2043-2049	vgasne	
15-35	2050-2052	na	
15-36	2053-2054	—	
15-37	2055-2057	Te	
15-38	2057-2058	.	

#Text=Ven'c ni pervi naš ljubljeni, Ki bo lepšal Tvoje čelo , Kitijo Te nebrojeni, Vedno mladi in zeleni; Trop mladenčev jih je plelo, Ki z ljubeznijo gorečo Tebi hval'jo svojo srečo. —\r
#Text=\r
#Text=\r
#Text=\r
#Text=2.
16-1	2062-2067	Ven'c	
16-2	2068-2070	ni	
16-3	2071-2076	pervi	
16-4	2077-2080	naš	
16-5	2081-2090	ljubljeni	
16-6	2090-2091	,	
16-7	2092-2094	Ki	
16-8	2095-2097	bo	
16-9	2098-2104	lepšal	
16-10	2105-2110	Tvoje	
16-11	2111-2115	čelo	
16-12	2116-2117	,	
16-13	2118-2124	Kitijo	
16-14	2125-2127	Te	
16-15	2128-2137	nebrojeni	
16-16	2137-2138	,	
16-17	2139-2144	Vedno	
16-18	2145-2150	mladi	
16-19	2151-2153	in	
16-20	2154-2160	zeleni	
16-21	2160-2161	;	
16-22	2162-2166	Trop	
16-23	2167-2176	mladenčev	
16-24	2177-2180	jih	
16-25	2181-2183	je	
16-26	2184-2189	plelo	
16-27	2189-2190	,	
16-28	2191-2193	Ki	
16-29	2194-2195	z	
16-30	2196-2206	ljubeznijo	
16-31	2207-2213	gorečo	
16-32	2214-2218	Tebi	
16-33	2219-2226	hval'jo	
16-34	2227-2232	svojo	
16-35	2233-2238	srečo	
16-36	2238-2239	.	
16-37	2240-2241	—	
16-38	2249-2250	2	
16-39	2250-2251	.	

#Text=Povsotni kazavci.
17-1	2252-2260	Povsotni	
17-2	2261-2268	kazavci	
17-3	2268-2269	.	

#Text=Dež oznanujejo: Obstreti krog solnca in mesca; zravensolnca in zravenmesci ob merzlejšimu času; bleda luna; rumenkasta večerna, rudeča zjutrenja zarja; zjutrenja mavrica da rada kapljico; solnca izhod bled, ali med černimi meglami; jasen zrak brez rose; oblaki, ki jih veter podi; bučanje vetrov; daljne gore, ki jih čisto in blizo vidimo; smrad iz odstopov ; iskre na piskrih; saje iz dimnikov padajoče; dim proti tlam tlačen; glasje zvonov; voda bolj na tanjko slišana; jug po leti ali v jeseni; mokrotno kamnje; govedje, ki gobez na kviško moli in voha; večerno petje petelinov; kuretina v prahu berzkajoča; mačke ki se snažijo; lastovke, ki nizko nad vodami letajo; muhe težavne; race in gosi, ki se prMno koplejo in semtertje žlabrajo; dežni červi, ki iz zemlje lezejo.
18-1	2270-2273	Dež	
18-2	2274-2284	oznanujejo	
18-3	2284-2285	:	
18-4	2286-2294	Obstreti	
18-5	2295-2299	krog	
18-6	2300-2306	solnca	
18-7	2307-2309	in	
18-8	2310-2315	mesca	
18-9	2315-2316	;	
18-10	2317-2329	zravensolnca	
18-11	2330-2332	in	
18-12	2333-2344	zravenmesci	
18-13	2345-2347	ob	
18-14	2348-2359	merzlejšimu	
18-15	2360-2364	času	
18-16	2364-2365	;	
18-17	2366-2371	bleda	
18-18	2372-2376	luna	
18-19	2376-2377	;	
18-20	2378-2388	rumenkasta	
18-21	2389-2396	večerna	
18-22	2396-2397	,	
18-23	2398-2404	rudeča	
18-24	2405-2414	zjutrenja	
18-25	2415-2420	zarja	
18-26	2420-2421	;	
18-27	2422-2431	zjutrenja	
18-28	2432-2439	mavrica	
18-29	2440-2442	da	
18-30	2443-2447	rada	
18-31	2448-2456	kapljico	
18-32	2456-2457	;	
18-33	2458-2464	solnca	
18-34	2465-2470	izhod	
18-35	2471-2475	bled	
18-36	2475-2476	,	
18-37	2477-2480	ali	
18-38	2481-2484	med	
18-39	2485-2492	černimi	
18-40	2493-2500	meglami	
18-41	2500-2501	;	
18-42	2502-2507	jasen	
18-43	2508-2512	zrak	
18-44	2513-2517	brez	
18-45	2518-2522	rose	
18-46	2522-2523	;	
18-47	2524-2530	oblaki	
18-48	2530-2531	,	
18-49	2532-2534	ki	
18-50	2535-2538	jih	
18-51	2539-2544	veter	
18-52	2545-2549	podi	
18-53	2549-2550	;	
18-54	2551-2558	bučanje	
18-55	2559-2565	vetrov	
18-56	2565-2566	;	
18-57	2567-2573	daljne	
18-58	2574-2578	gore	
18-59	2578-2579	,	
18-60	2580-2582	ki	
18-61	2583-2586	jih	
18-62	2587-2592	čisto	
18-63	2593-2595	in	
18-64	2596-2601	blizo	
18-65	2602-2608	vidimo	
18-66	2608-2609	;	
18-67	2610-2615	smrad	
18-68	2616-2618	iz	
18-69	2619-2627	odstopov	
18-70	2628-2629	;	
18-71	2630-2635	iskre	
18-72	2636-2638	na	
18-73	2639-2646	piskrih	
18-74	2646-2647	;	
18-75	2648-2652	saje	
18-76	2653-2655	iz	
18-77	2656-2664	dimnikov	
18-78	2665-2673	padajoče	
18-79	2673-2674	;	
18-80	2675-2678	dim	
18-81	2679-2684	proti	
18-82	2685-2689	tlam	
18-83	2690-2696	tlačen	
18-84	2696-2697	;	
18-85	2698-2704	glasje	
18-86	2705-2711	zvonov	
18-87	2711-2712	;	
18-88	2713-2717	voda	
18-89	2718-2722	bolj	
18-90	2723-2725	na	
18-91	2726-2732	tanjko	
18-92	2733-2740	slišana	
18-93	2740-2741	;	
18-94	2742-2745	jug	
18-95	2746-2748	po	
18-96	2749-2753	leti	
18-97	2754-2757	ali	
18-98	2758-2759	v	
18-99	2760-2766	jeseni	
18-100	2766-2767	;	
18-101	2768-2776	mokrotno	
18-102	2777-2783	kamnje	
18-103	2783-2784	;	
18-104	2785-2792	govedje	
18-105	2792-2793	,	
18-106	2794-2796	ki	
18-107	2797-2802	gobez	
18-108	2803-2805	na	
18-109	2806-2812	kviško	
18-110	2813-2817	moli	
18-111	2818-2820	in	
18-112	2821-2825	voha	
18-113	2825-2826	;	
18-114	2827-2834	večerno	
18-115	2835-2840	petje	
18-116	2841-2850	petelinov	
18-117	2850-2851	;	
18-118	2852-2860	kuretina	
18-119	2861-2862	v	
18-120	2863-2868	prahu	
18-121	2869-2879	berzkajoča	
18-122	2879-2880	;	
18-123	2881-2886	mačke	
18-124	2887-2889	ki	
18-125	2890-2892	se	
18-126	2893-2900	snažijo	
18-127	2900-2901	;	
18-128	2902-2910	lastovke	
18-129	2910-2911	,	
18-130	2912-2914	ki	
18-131	2915-2920	nizko	
18-132	2921-2924	nad	
18-133	2925-2931	vodami	
18-134	2932-2938	letajo	
18-135	2938-2939	;	
18-136	2940-2944	muhe	
18-137	2945-2952	težavne	
18-138	2952-2953	;	
18-139	2954-2958	race	
18-140	2959-2961	in	
18-141	2962-2966	gosi	
18-142	2966-2967	,	
18-143	2968-2970	ki	
18-144	2971-2973	se	
18-145	2974-2979	prMno	
18-146	2980-2987	koplejo	
18-147	2988-2990	in	
18-148	2991-3000	semtertje	
18-149	3001-3009	žlabrajo	
18-150	3009-3010	;	
18-151	3011-3016	dežni	
18-152	3017-3022	červi	
18-153	3022-3023	,	
18-154	3024-3026	ki	
18-155	3027-3029	iz	
18-156	3030-3036	zemlje	
18-157	3037-3043	lezejo	
18-158	3043-3044	.	

#Text=Zdrav.
19-1	3052-3057	Zdrav	
19-2	3057-3058	.	

#Text=Vse drugo znate brez škode poskušati, le z krajcerji ni varno, zakaj krajcerji so iz kotlovine narejeni, na kteri se zelenica (Grünspan) nabere, ki je prav zlo strupena.
20-1	3059-3062	Vse	
20-2	3063-3068	drugo	
20-3	3069-3074	znate	
20-4	3075-3079	brez	
20-5	3080-3085	škode	
20-6	3086-3095	poskušati	
20-7	3095-3096	,	
20-8	3097-3099	le	
20-9	3100-3101	z	
20-10	3102-3111	krajcerji	
20-11	3112-3114	ni	
20-12	3115-3120	varno	
20-13	3120-3121	,	
20-14	3122-3127	zakaj	
20-15	3128-3137	krajcerji	
20-16	3138-3140	so	
20-17	3141-3143	iz	
20-18	3144-3153	kotlovine	
20-19	3154-3162	narejeni	
20-20	3162-3163	,	
20-21	3164-3166	na	
20-22	3167-3172	kteri	
20-23	3173-3175	se	
20-24	3176-3184	zelenica	
20-25	3185-3186	(	
20-26	3186-3194	Grünspan	
20-27	3194-3195	)	
20-28	3196-3202	nabere	
20-29	3202-3203	,	
20-30	3204-3206	ki	
20-31	3207-3209	je	
20-32	3210-3214	prav	
20-33	3215-3218	zlo	
20-34	3219-3227	strupena	
20-35	3227-3228	.	

#Text=Prav nedolžno sredstvo, srovo maslo (puter) vmesti, so tudi čebulne kožice, ki se pri medenju smetani primešajo. — Dobro srovo maslo napraviti ni tako težka reč, pa vunder se le malokje prav dobro in prijetno dobi, večidel je žaltovo, mehko, kašnato i. t. d.
21-1	3229-3233	Prav	
21-2	3234-3242	nedolžno	
21-3	3243-3251	sredstvo	
21-4	3251-3252	,	
21-5	3253-3258	srovo	
21-6	3259-3264	maslo	
21-7	3265-3266	(	
21-8	3266-3271	puter	
21-9	3271-3272	)	
21-10	3273-3279	vmesti	
21-11	3279-3280	,	
21-12	3281-3283	so	
21-13	3284-3288	tudi	
21-14	3289-3296	čebulne	
21-15	3297-3303	kožice	
21-16	3303-3304	,	
21-17	3305-3307	ki	
21-18	3308-3310	se	
21-19	3311-3314	pri	
21-20	3315-3322	medenju	
21-21	3323-3330	smetani	
21-22	3331-3340	primešajo	
21-23	3340-3341	.	
21-24	3342-3343	—	
21-25	3344-3349	Dobro	
21-26	3350-3355	srovo	
21-27	3356-3361	maslo	
21-28	3362-3371	napraviti	
21-29	3372-3374	ni	
21-30	3375-3379	tako	
21-31	3380-3385	težka	
21-32	3386-3389	reč	
21-33	3389-3390	,	
21-34	3391-3393	pa	
21-35	3394-3400	vunder	
21-36	3401-3403	se	
21-37	3404-3406	le	
21-38	3407-3414	malokje	
21-39	3415-3419	prav	
21-40	3420-3425	dobro	
21-41	3426-3428	in	
21-42	3429-3437	prijetno	
21-43	3438-3442	dobi	
21-44	3442-3443	,	
21-45	3444-3451	večidel	
21-46	3452-3454	je	
21-47	3455-3462	žaltovo	
21-48	3462-3463	,	
21-49	3464-3469	mehko	
21-50	3469-3470	,	
21-51	3471-3478	kašnato	
21-52	3479-3480	i	
21-53	3480-3481	.	
21-54	3482-3483	t	
21-55	3483-3484	.	
21-56	3485-3486	d	
21-57	3486-3487	.	

#Text=Zdrav.
22-1	3495-3500	Zdrav	
22-2	3500-3501	.	

#Text=Kar sim vam svetoval, tega sim se večkrat sam pripričal.
23-1	3502-3505	Kar	
23-2	3506-3509	sim	
23-3	3510-3513	vam	
23-4	3514-3522	svetoval	
23-5	3522-3523	,	
23-6	3524-3528	tega	
23-7	3529-3532	sim	
23-8	3533-3535	se	
23-9	3536-3543	večkrat	
23-10	3544-3547	sam	
23-11	3548-3557	pripričal	
23-12	3557-3558	.	

#Text=Kdor pa kaj noviga poskusi, mora na tanjko vse tako storiti, kakor mu je bilo naročeno; posebno pa pervih skušinj ne pripustite nikoli poslam, kteri večkrat nalaš nagajajo in so že marsiktero dobro znajdbo zaterli, če ni po njih glavi bila. — Če pa srovo maslo ni preveč žaltovo, se večkrat tako le popravi in zopet dobro naredi: Iztopitega še enkrat, potem ga pa po verhu posnejte, in opečeno kruhovo skorjo va-nj denite, v nekih petih minutah ne bo maslo več žaltovo, zato, ki kruhova skorja žaltost na se potegne.
24-1	3559-3563	Kdor	
24-2	3564-3566	pa	
24-3	3567-3570	kaj	
24-4	3571-3577	noviga	
24-5	3578-3585	poskusi	
24-6	3585-3586	,	
24-7	3587-3591	mora	
24-8	3592-3594	na	
24-9	3595-3601	tanjko	
24-10	3602-3605	vse	
24-11	3606-3610	tako	
24-12	3611-3618	storiti	
24-13	3618-3619	,	
24-14	3620-3625	kakor	
24-15	3626-3628	mu	
24-16	3629-3631	je	
24-17	3632-3636	bilo	
24-18	3637-3645	naročeno	
24-19	3645-3646	;	
24-20	3647-3654	posebno	
24-21	3655-3657	pa	
24-22	3658-3664	pervih	
24-23	3665-3672	skušinj	
24-24	3673-3675	ne	
24-25	3676-3686	pripustite	
24-26	3687-3693	nikoli	
24-27	3694-3700	poslam	
24-28	3700-3701	,	
24-29	3702-3707	kteri	
24-30	3708-3715	večkrat	
24-31	3716-3721	nalaš	
24-32	3722-3730	nagajajo	
24-33	3731-3733	in	
24-34	3734-3736	so	
24-35	3737-3739	že	
24-36	3740-3750	marsiktero	
24-37	3751-3756	dobro	
24-38	3757-3764	znajdbo	
24-39	3765-3772	zaterli	
24-40	3772-3773	,	
24-41	3774-3776	če	
24-42	3777-3779	ni	
24-43	3780-3782	po	
24-44	3783-3787	njih	
24-45	3788-3793	glavi	
24-46	3794-3798	bila	
24-47	3798-3799	.	
24-48	3800-3801	—	
24-49	3802-3804	Če	
24-50	3805-3807	pa	
24-51	3808-3813	srovo	
24-52	3814-3819	maslo	
24-53	3820-3822	ni	
24-54	3823-3829	preveč	
24-55	3830-3837	žaltovo	
24-56	3837-3838	,	
24-57	3839-3841	se	
24-58	3842-3849	večkrat	
24-59	3850-3854	tako	
24-60	3855-3857	le	
24-61	3858-3865	popravi	
24-62	3866-3868	in	
24-63	3869-3874	zopet	
24-64	3875-3880	dobro	
24-65	3881-3887	naredi	
24-66	3887-3888	:	
24-67	3889-3899	Iztopitega	
24-68	3900-3902	še	
24-69	3903-3909	enkrat	
24-70	3909-3910	,	
24-71	3911-3916	potem	
24-72	3917-3919	ga	
24-73	3920-3922	pa	
24-74	3923-3925	po	
24-75	3926-3931	verhu	
24-76	3932-3940	posnejte	
24-77	3940-3941	,	
24-78	3942-3944	in	
24-79	3945-3952	opečeno	
24-80	3953-3960	kruhovo	
24-81	3961-3967	skorjo	
24-82	3968-3973	va-nj	
24-83	3974-3980	denite	
24-84	3980-3981	,	
24-85	3982-3983	v	
24-86	3984-3989	nekih	
24-87	3990-3995	petih	
24-88	3996-4003	minutah	
24-89	4004-4006	ne	
24-90	4007-4009	bo	
24-91	4010-4015	maslo	
24-92	4016-4019	več	
24-93	4020-4027	žaltovo	
24-94	4027-4028	,	
24-95	4029-4033	zato	
24-96	4033-4034	,	
24-97	4035-4037	ki	
24-98	4038-4045	kruhova	
24-99	4046-4052	skorja	
24-100	4053-4060	žaltost	
24-101	4061-4063	na	
24-102	4064-4066	se	
24-103	4067-4074	potegne	
24-104	4074-4075	.	

#Text=Zdrav.
25-1	4083-4088	Zdrav	
25-2	4088-4089	.	

#Text=Ravno tako morate takrat ravnati, kadar prisad na vimenu in kervavo mleko od strupenih želiš, postavim: od zlatice, mlečka, podleska i. t. d. pride.
26-1	4090-4095	Ravno	
26-2	4096-4100	tako	
26-3	4101-4107	morate	
26-4	4108-4114	takrat	
26-5	4115-4122	ravnati	
26-6	4122-4123	,	
26-7	4124-4129	kadar	
26-8	4130-4136	prisad	
26-9	4137-4139	na	
26-10	4140-4146	vimenu	
26-11	4147-4149	in	
26-12	4150-4157	kervavo	
26-13	4158-4163	mleko	
26-14	4164-4166	od	
26-15	4167-4176	strupenih	
26-16	4177-4182	želiš	
26-17	4182-4183	,	
26-18	4184-4192	postavim	
26-19	4192-4193	:	
26-20	4194-4196	od	
26-21	4197-4204	zlatice	
26-22	4204-4205	,	
26-23	4206-4212	mlečka	
26-24	4212-4213	,	
26-25	4214-4222	podleska	
26-26	4223-4224	i	
26-27	4224-4225	.	
26-28	4226-4227	t	
26-29	4227-4228	.	
26-30	4229-4230	d	
26-31	4230-4231	.	
26-32	4232-4237	pride	
26-33	4237-4238	.	

#Text=Razun tega je pa pri ti bolezni tudi potrebno, živinčetu pijačo z kako pestjo soliterja okisati in žlezastih zdravilj , postavim: ajbšove vode ali pa dobriga laneniga olja, po dvakrat na dan v gobec vljiti.
27-1	4239-4244	Razun	
27-2	4245-4249	tega	
27-3	4250-4252	je	
27-4	4253-4255	pa	
27-5	4256-4259	pri	
27-6	4260-4262	ti	
27-7	4263-4270	bolezni	
27-8	4271-4275	tudi	
27-9	4276-4284	potrebno	
27-10	4284-4285	,	
27-11	4286-4295	živinčetu	
27-12	4296-4302	pijačo	
27-13	4303-4304	z	
27-14	4305-4309	kako	
27-15	4310-4316	pestjo	
27-16	4317-4326	soliterja	
27-17	4327-4334	okisati	
27-18	4335-4337	in	
27-19	4338-4347	žlezastih	
27-20	4348-4356	zdravilj	
27-21	4357-4358	,	
27-22	4359-4367	postavim	
27-23	4367-4368	:	
27-24	4369-4376	ajbšove	
27-25	4377-4381	vode	
27-26	4382-4385	ali	
27-27	4386-4388	pa	
27-28	4389-4396	dobriga	
27-29	4397-4405	laneniga	
27-30	4406-4410	olja	
27-31	4410-4411	,	
27-32	4412-4414	po	
27-33	4415-4422	dvakrat	
27-34	4423-4425	na	
27-35	4426-4429	dan	
27-36	4430-4431	v	
27-37	4432-4437	gobec	
27-38	4438-4444	vljiti	
27-39	4444-4445	.	

#Text=Včasi je treba, tudi živinčetu pušati, kar pa le umeten zdravitelj zamore razsoditi, brez kteriga v takih okoljšinah ne morete biti.
28-1	4446-4451	Včasi	
28-2	4452-4454	je	
28-3	4455-4460	treba	
28-4	4460-4461	,	
28-5	4462-4466	tudi	
28-6	4467-4476	živinčetu	
28-7	4477-4483	pušati	
28-8	4483-4484	,	
28-9	4485-4488	kar	
28-10	4489-4491	pa	
28-11	4492-4494	le	
28-12	4495-4501	umeten	
28-13	4502-4512	zdravitelj	
28-14	4513-4519	zamore	
28-15	4520-4529	razsoditi	
28-16	4529-4530	,	
28-17	4531-4535	brez	
28-18	4536-4543	kteriga	
28-19	4544-4545	v	
28-20	4546-4551	takih	
28-21	4552-4562	okoljšinah	
28-22	4563-4565	ne	
28-23	4566-4572	morete	
28-24	4573-4577	biti	
28-25	4577-4578	.	

#Text=Dober kerſhanſki goſpodar, mora tudi sa sdravje ſvoje drushine ſkerbeti.
29-1	4586-4591	Dober	
29-2	4592-4602	kerſhanſki	
29-3	4603-4611	goſpodar	
29-4	4611-4612	,	
29-5	4613-4617	mora	
29-6	4618-4622	tudi	
29-7	4623-4625	sa	
29-8	4626-4633	sdravje	
29-9	4634-4639	ſvoje	
29-10	4640-4648	drushine	
29-11	4649-4657	ſkerbeti	
29-12	4657-4658	.	

#Text=V tim meſzu vrozhinſka bolesen, grisha, merſliza i. d. v. zhloveka pokore.
30-1	4659-4660	V	
30-2	4661-4664	tim	
30-3	4665-4670	meſzu	
30-4	4671-4681	vrozhinſka	
30-5	4682-4689	bolesen	
30-6	4689-4690	,	
30-7	4691-4697	grisha	
30-8	4697-4698	,	
30-9	4699-4707	merſliza	
30-10	4708-4709	i	
30-11	4709-4710	.	
30-12	4711-4712	d	
30-13	4712-4713	.	
30-14	4714-4715	v	
30-15	4715-4716	.	
30-16	4717-4725	zhloveka	
30-17	4726-4732	pokore	
30-18	4732-4733	.	

#Text=Torej naj vſeſkosi pasi, de ſi ne bo njegova drushina v veliki vrozhini prevezh glave ſparla, de ne bo na golih tleh leshala, ampak ſaj na ſuhi ſlami, in de tudi sdrav shivesh dobi, ne kako gnilo ne dosorjeno ſadje, ali pa ne dovolj ſpezhen kruh, ali pa ſmradljivo zhervivo meſo, de poſhkodvajo shelodez in noſijo teshko glavo.
31-1	4734-4739	Torej	
31-2	4740-4743	naj	
31-3	4744-4752	vſeſkosi	
31-4	4753-4757	pasi	
31-5	4757-4758	,	
31-6	4759-4761	de	
31-7	4762-4764	ſi	
31-8	4765-4767	ne	
31-9	4768-4770	bo	
31-10	4771-4778	njegova	
31-11	4779-4787	drushina	
31-12	4788-4789	v	
31-13	4790-4796	veliki	
31-14	4797-4805	vrozhini	
31-15	4806-4813	prevezh	
31-16	4814-4819	glave	
31-17	4820-4826	ſparla	
31-18	4826-4827	,	
31-19	4828-4830	de	
31-20	4831-4833	ne	
31-21	4834-4836	bo	
31-22	4837-4839	na	
31-23	4840-4845	golih	
31-24	4846-4850	tleh	
31-25	4851-4858	leshala	
31-26	4858-4859	,	
31-27	4860-4865	ampak	
31-28	4866-4869	ſaj	
31-29	4870-4872	na	
31-30	4873-4877	ſuhi	
31-31	4878-4883	ſlami	
31-32	4883-4884	,	
31-33	4885-4887	in	
31-34	4888-4890	de	
31-35	4891-4895	tudi	
31-36	4896-4901	sdrav	
31-37	4902-4909	shivesh	
31-38	4910-4914	dobi	
31-39	4914-4915	,	
31-40	4916-4918	ne	
31-41	4919-4923	kako	
31-42	4924-4929	gnilo	
31-43	4930-4932	ne	
31-44	4933-4942	dosorjeno	
31-45	4943-4948	ſadje	
31-46	4948-4949	,	
31-47	4950-4953	ali	
31-48	4954-4956	pa	
31-49	4957-4959	ne	
31-50	4960-4966	dovolj	
31-51	4967-4974	ſpezhen	
31-52	4975-4979	kruh	
31-53	4979-4980	,	
31-54	4981-4984	ali	
31-55	4985-4987	pa	
31-56	4988-4998	ſmradljivo	
31-57	4999-5007	zhervivo	
31-58	5008-5012	meſo	
31-59	5012-5013	,	
31-60	5014-5016	de	
31-61	5017-5028	poſhkodvajo	
31-62	5029-5037	shelodez	
31-63	5038-5040	in	
31-64	5041-5047	noſijo	
31-65	5048-5054	teshko	
31-66	5055-5060	glavo	
31-67	5060-5061	.	

#Text=K.
32-1	5062-5063	K	
32-2	5063-5064	.	

#Text=Kakoršno vreme pervi dan kane, rado celi mesec ostane. — Od začetka tega mesca se škodljivi hlapovi delajo, ki ljudi in živino nadlegvajo. — Pozneje merzla rosa in slana pada, ki listje orumeni in rastivno moč v korenine nazaj podi. — Po sredi mesca rad dež perhaja, na-to suhi vetrovi in sape puhte, iz česar večkrat neprijeten in gnil zrak vstaja. — Zadnja četert mesca da skazljive megle in deževne dni.— Na s.
33-1	5072-5080	Kakoršno	
33-2	5081-5086	vreme	
33-3	5087-5092	pervi	
33-4	5093-5096	dan	
33-5	5097-5101	kane	
33-6	5101-5102	,	
33-7	5103-5107	rado	
33-8	5108-5112	celi	
33-9	5113-5118	mesec	
33-10	5119-5125	ostane	
33-11	5125-5126	.	
33-12	5127-5128	—	
33-13	5129-5131	Od	
33-14	5132-5139	začetka	
33-15	5140-5144	tega	
33-16	5145-5150	mesca	
33-17	5151-5153	se	
33-18	5154-5163	škodljivi	
33-19	5164-5171	hlapovi	
33-20	5172-5178	delajo	
33-21	5178-5179	,	
33-22	5180-5182	ki	
33-23	5183-5188	ljudi	
33-24	5189-5191	in	
33-25	5192-5198	živino	
33-26	5199-5209	nadlegvajo	
33-27	5209-5210	.	
33-28	5211-5212	—	
33-29	5213-5220	Pozneje	
33-30	5221-5227	merzla	
33-31	5228-5232	rosa	
33-32	5233-5235	in	
33-33	5236-5241	slana	
33-34	5242-5246	pada	
33-35	5246-5247	,	
33-36	5248-5250	ki	
33-37	5251-5257	listje	
33-38	5258-5265	orumeni	
33-39	5266-5268	in	
33-40	5269-5277	rastivno	
33-41	5278-5281	moč	
33-42	5282-5283	v	
33-43	5284-5292	korenine	
33-44	5293-5298	nazaj	
33-45	5299-5303	podi	
33-46	5303-5304	.	
33-47	5305-5306	—	
33-48	5307-5309	Po	
33-49	5310-5315	sredi	
33-50	5316-5321	mesca	
33-51	5322-5325	rad	
33-52	5326-5329	dež	
33-53	5330-5337	perhaja	
33-54	5337-5338	,	
33-55	5339-5344	na-to	
33-56	5345-5349	suhi	
33-57	5350-5357	vetrovi	
33-58	5358-5360	in	
33-59	5361-5365	sape	
33-60	5366-5371	puhte	
33-61	5371-5372	,	
33-62	5373-5375	iz	
33-63	5376-5381	česar	
33-64	5382-5389	večkrat	
33-65	5390-5400	neprijeten	
33-66	5401-5403	in	
33-67	5404-5408	gnil	
33-68	5409-5413	zrak	
33-69	5414-5420	vstaja	
33-70	5420-5421	.	
33-71	5422-5423	—	
33-72	5424-5430	Zadnja	
33-73	5431-5437	četert	
33-74	5438-5443	mesca	
33-75	5444-5446	da	
33-76	5447-5456	skazljive	
33-77	5457-5462	megle	
33-78	5463-5465	in	
33-79	5466-5473	deževne	
33-80	5474-5477	dni	
33-81	5477-5478	.	
33-82	5478-5479	—	
33-83	5480-5482	Na	
33-84	5483-5484	s	
33-85	5484-5485	.	

#Text=Matevža dan vreme vgodno , — ostane tako štiri tedne v prihodno. — Veliko želoda pred s.
34-1	5486-5493	Matevža	
34-2	5494-5497	dan	
34-3	5498-5503	vreme	
34-4	5504-5510	vgodno	
34-5	5511-5512	,	
34-6	5513-5514	—	
34-7	5515-5521	ostane	
34-8	5522-5526	tako	
34-9	5527-5532	štiri	
34-10	5533-5538	tedne	
34-11	5539-5540	v	
34-12	5541-5549	prihodno	
34-13	5549-5550	.	
34-14	5551-5552	—	
34-15	5553-5559	Veliko	
34-16	5560-5566	želoda	
34-17	5567-5571	pred	
34-18	5572-5573	s	
34-19	5573-5574	.	

#Text=Mihelam zreliga, — zgodna zima, na sežnje snega. — Grom in tresk o s.
35-1	5575-5582	Mihelam	
35-2	5583-5590	zreliga	
35-3	5590-5591	,	
35-4	5592-5593	—	
35-5	5594-5600	zgodna	
35-6	5601-5605	zima	
35-7	5605-5606	,	
35-8	5607-5609	na	
35-9	5610-5616	sežnje	
35-10	5617-5622	snega	
35-11	5622-5623	.	
35-12	5624-5625	—	
35-13	5626-5630	Grom	
35-14	5631-5633	in	
35-15	5634-5639	tresk	
35-16	5640-5641	o	
35-17	5642-5643	s	
35-18	5643-5644	.	

#Text=Miheli hude vetrove pomeni. — Jasna noč pred s.
36-1	5645-5651	Miheli	
36-2	5652-5656	hude	
36-3	5657-5664	vetrove	
36-4	5665-5671	pomeni	
36-5	5671-5672	.	
36-6	5673-5674	—	
36-7	5675-5680	Jasna	
36-8	5681-5684	noč	
36-9	5685-5689	pred	
36-10	5690-5691	s	
36-11	5691-5692	.	

#Text=Mihelam; — ojstra, merzla zima. — Če preselovavne ptice pred s.
37-1	5693-5700	Mihelam	
37-2	5700-5701	;	
37-3	5702-5703	—	
37-4	5704-5710	ojstra	
37-5	5710-5711	,	
37-6	5712-5718	merzla	
37-7	5719-5723	zima	
37-8	5723-5724	.	
37-9	5725-5726	—	
37-10	5727-5729	Če	
37-11	5730-5742	preselovavne	
37-12	5743-5748	ptice	
37-13	5749-5753	pred	
37-14	5754-5755	s	
37-15	5755-5756	.	

#Text=Mihelam ne lete, se pred Božičem ni bati zime terde. — Kakoršni Kimovec, tak prihodni Sušec.— Ob malim Šmarni lastovka uide.
38-1	5757-5764	Mihelam	
38-2	5765-5767	ne	
38-3	5768-5772	lete	
38-4	5772-5773	,	
38-5	5774-5776	se	
38-6	5777-5781	pred	
38-7	5782-5789	Božičem	
38-8	5790-5792	ni	
38-9	5793-5797	bati	
38-10	5798-5802	zime	
38-11	5803-5808	terde	
38-12	5808-5809	.	
38-13	5810-5811	—	
38-14	5812-5820	Kakoršni	
38-15	5821-5828	Kimovec	
38-16	5828-5829	,	
38-17	5830-5833	tak	
38-18	5834-5842	prihodni	
38-19	5843-5848	Sušec	
38-20	5848-5849	.	
38-21	5849-5850	—	
38-22	5851-5853	Ob	
38-23	5854-5859	malim	
38-24	5860-5866	Šmarni	
38-25	5867-5875	lastovka	
38-26	5876-5880	uide	
38-27	5880-5881	.	

#Text=bam zoperstavijo, večkrat osode krompirja spomnili!
39-1	5889-5892	bam	
39-2	5893-5905	zoperstavijo	
39-3	5905-5906	,	
39-4	5907-5914	večkrat	
39-5	5915-5920	osode	
39-6	5921-5930	krompirja	
39-7	5931-5939	spomnili	
39-8	5939-5940	!	

#Text=Kako so ga ljudje pri začetku zaničovali!
40-1	5941-5945	Kako	
40-2	5946-5948	so	
40-3	5949-5951	ga	
40-4	5952-5958	ljudje	
40-5	5959-5962	pri	
40-6	5963-5970	začetku	
40-7	5971-5981	zaničovali	
40-8	5981-5982	!	

#Text=še živina ga ni smela jesti, ker so mislili, de je strupen živež in de grinte in gobe človeku in živini prirodi.
41-1	5983-5985	še	
41-2	5986-5992	živina	
41-3	5993-5995	ga	
41-4	5996-5998	ni	
41-5	5999-6004	smela	
41-6	6005-6010	jesti	
41-7	6010-6011	,	
41-8	6012-6015	ker	
41-9	6016-6018	so	
41-10	6019-6026	mislili	
41-11	6026-6027	,	
41-12	6028-6030	de	
41-13	6031-6033	je	
41-14	6034-6041	strupen	
41-15	6042-6047	živež	
41-16	6048-6050	in	
41-17	6051-6053	de	
41-18	6054-6060	grinte	
41-19	6061-6063	in	
41-20	6064-6068	gobe	
41-21	6069-6076	človeku	
41-22	6077-6079	in	
41-23	6080-6086	živini	
41-24	6087-6094	prirodi	
41-25	6094-6095	.	

#Text=Gosposka je mogla kmetovavce z hudim siliti, de so ga saditi začeli!
42-1	6096-6104	Gosposka	
42-2	6105-6107	je	
42-3	6108-6113	mogla	
42-4	6114-6124	kmetovavce	
42-5	6125-6126	z	
42-6	6127-6132	hudim	
42-7	6133-6139	siliti	
42-8	6139-6140	,	
42-9	6141-6143	de	
42-10	6144-6146	so	
42-11	6147-6149	ga	
42-12	6150-6156	saditi	
42-13	6157-6163	začeli	
42-14	6163-6164	!	

#Text=Kakšna dobrota nam je pa zdaj !
43-1	6165-6171	Kakšna	
43-2	6172-6179	dobrota	
43-3	6180-6183	nam	
43-4	6184-6186	je	
43-5	6187-6189	pa	
43-6	6190-6194	zdaj	
43-7	6195-6196	!	

#Text=Hvala Bogu, de ga je vstvaril!
44-1	6197-6202	Hvala	
44-2	6203-6207	Bogu	
44-3	6207-6208	,	
44-4	6209-6211	de	
44-5	6212-6214	ga	
44-6	6215-6217	je	
44-7	6218-6226	vstvaril	
44-8	6226-6227	!	

#Text=hvala Draketu, de ga nam je prinesel!
45-1	6228-6233	hvala	
45-2	6234-6241	Draketu	
45-3	6241-6242	,	
45-4	6243-6245	de	
45-5	6246-6248	ga	
45-6	6249-6252	nam	
45-7	6253-6255	je	
45-8	6256-6264	prinesel	
45-9	6264-6265	!	
