#FORMAT=WebAnno TSV 3.3
#T_SP=custom.Span|label
#T_RL=custom.Relation|label|BT_custom.Span


#Text=Love in insects seeks similar expression to fear, and secretions, it is to be believed, furnish suitable means of intercourse,
#Text=especially in fragrance-loving creatures like butterflies.
1-1	0-4	Love	_	_	_	
1-2	5-7	in	_	_	_	
1-3	8-15	insects	_	_	_	
1-4	16-21	seeks	_	_	_	
1-5	22-29	similar	_	_	_	
1-6	30-40	expression	_	_	_	
1-7	41-43	to	_	_	_	
1-8	44-48	fear	_	_	_	
1-9	48-49	,	_	_	_	
1-10	50-53	and	_	_	_	
1-11	54-64	secretions	_	_	_	
1-12	64-65	,	_	_	_	
1-13	66-68	it	_	_	_	
1-14	69-71	is	_	_	_	
1-15	72-74	to	_	_	_	
1-16	75-77	be	_	_	_	
1-17	78-86	believed	_	_	_	
1-18	86-87	,	_	_	_	
1-19	88-95	furnish	_	_	_	
1-20	96-104	suitable	_	_	_	
1-21	105-110	means	_	_	_	
1-22	111-113	of	_	_	_	
1-23	114-125	intercourse	_	_	_	
1-24	125-126	,	_	_	_	
1-25	127-137	especially	_	_	_	
1-26	138-140	in	_	_	_	
1-27	141-157	fragrance-loving	_	_	_	
1-28	158-167	creatures	_	_	_	
1-29	168-172	like	_	_	_	
1-30	173-184	butterflies	_	_	_	
1-31	184-185	.	_	_	_	

#Text=Quite
#Text=lately Dr.
2-1	186-191	Quite	_	_	_	
2-2	192-198	lately	_	_	_	
2-3	199-201	Dr	_	_	_	
2-4	201-202	.	_	_	_	

#Text=Fritz Muller, who is prosecuting entomological
#Text=research in the virgin forests of Brazil, stated that he was
#Text=brought to consider as sexual organs for the diffusion of odours
#Text=the various pencils, tufts and manes of hair, and the chalky,
#Text=silky, or velvety spots of peculiar scales, as well as the recurved
#Text=margin or other pouches enclosing pale buff or white down,
#Text=which distinguish the wings of many of the brilliant exotic
#Text=male butterflies.
3-1	203-208	Fritz	_	_	_	
3-2	209-215	Muller	_	_	_	
3-3	215-216	,	_	_	_	
3-4	217-220	who	_	_	_	
3-5	221-223	is	_	_	_	
3-6	224-235	prosecuting	_	_	_	
3-7	236-249	entomological	_	_	_	
3-8	250-258	research	_	_	_	
3-9	259-261	in	_	_	_	
3-10	262-265	the	_	_	_	
3-11	266-272	virgin	_	_	_	
3-12	273-280	forests	_	_	_	
3-13	281-283	of	_	_	_	
3-14	284-290	Brazil	_	_	_	
3-15	290-291	,	_	_	_	
3-16	292-298	stated	_	_	_	
3-17	299-303	that	_	_	_	
3-18	304-306	he	_	_	_	
3-19	307-310	was	_	_	_	
3-20	311-318	brought	_	_	_	
3-21	319-321	to	_	_	_	
3-22	322-330	consider	_	_	_	
3-23	331-333	as	_	_	_	
3-24	334-340	sexual	_	_	_	
3-25	341-347	organs	_	_	_	
3-26	348-351	for	_	_	_	
3-27	352-355	the	_	_	_	
3-28	356-365	diffusion	_	_	_	
3-29	366-368	of	_	_	_	
3-30	369-375	odours	Smell\_Word	*|*|*	3-37[2_0]|3-31[1_0]|3-35	
3-31	376-379	the	Smell\_Source[1]	_	_	
3-32	380-387	various	Smell\_Source[1]	_	_	
3-33	388-395	pencils	Smell\_Source[1]	_	_	
3-34	395-396	,	_	_	_	
3-35	397-402	tufts	Smell\_Source	_	_	
3-36	403-406	and	_	_	_	
3-37	407-412	manes	Smell\_Source[2]	_	_	
3-38	413-415	of	Smell\_Source[2]	_	_	
3-39	416-420	hair	Smell\_Source[2]	_	_	
3-40	420-421	,	_	_	_	
3-41	422-425	and	_	_	_	
3-42	426-429	the	_	_	_	
3-43	430-436	chalky	_	_	_	
3-44	436-437	,	_	_	_	
3-45	438-443	silky	_	_	_	
3-46	443-444	,	_	_	_	
3-47	445-447	or	_	_	_	
3-48	448-455	velvety	_	_	_	
3-49	456-461	spots	_	_	_	
3-50	462-464	of	_	_	_	
3-51	465-473	peculiar	_	_	_	
3-52	474-480	scales	_	_	_	
3-53	480-481	,	_	_	_	
3-54	482-484	as	_	_	_	
3-55	485-489	well	_	_	_	
3-56	490-492	as	_	_	_	
3-57	493-496	the	_	_	_	
3-58	497-505	recurved	_	_	_	
3-59	506-512	margin	_	_	_	
3-60	513-515	or	_	_	_	
3-61	516-521	other	_	_	_	
3-62	522-529	pouches	_	_	_	
3-63	530-539	enclosing	_	_	_	
3-64	540-544	pale	_	_	_	
3-65	545-549	buff	_	_	_	
3-66	550-552	or	_	_	_	
3-67	553-558	white	_	_	_	
3-68	559-563	down	_	_	_	
3-69	563-564	,	_	_	_	
3-70	565-570	which	_	_	_	
3-71	571-582	distinguish	_	_	_	
3-72	583-586	the	_	_	_	
3-73	587-592	wings	_	_	_	
3-74	593-595	of	_	_	_	
3-75	596-600	many	_	_	_	
3-76	601-603	of	_	_	_	
3-77	604-607	the	_	_	_	
3-78	608-617	brilliant	_	_	_	
3-79	618-624	exotic	_	_	_	
3-80	625-629	male	_	_	_	
3-81	630-641	butterflies	_	_	_	
3-82	641-642	.	_	_	_	

#Text=And in a general way this assumption is by
#Text=no means improbable ; for although instances occur where these
#Text=insignia appear in the opposite sex in measure, and, as evolutionists would state it, acquired by the males, they have been transmitted in the lapse of time to their consorts, yet otherwise, in a
#Text=majority of cases, they seem truly masculine.
4-1	643-646	And	_	_	_	
4-2	647-649	in	_	_	_	
4-3	650-651	a	_	_	_	
4-4	652-659	general	_	_	_	
4-5	660-663	way	_	_	_	
4-6	664-668	this	_	_	_	
4-7	669-679	assumption	_	_	_	
4-8	680-682	is	_	_	_	
4-9	683-685	by	_	_	_	
4-10	686-688	no	_	_	_	
4-11	689-694	means	_	_	_	
4-12	695-705	improbable	_	_	_	
4-13	706-707	;	_	_	_	
4-14	708-711	for	_	_	_	
4-15	712-720	although	_	_	_	
4-16	721-730	instances	_	_	_	
4-17	731-736	occur	_	_	_	
4-18	737-742	where	_	_	_	
4-19	743-748	these	_	_	_	
4-20	749-757	insignia	_	_	_	
4-21	758-764	appear	_	_	_	
4-22	765-767	in	_	_	_	
4-23	768-771	the	_	_	_	
4-24	772-780	opposite	_	_	_	
4-25	781-784	sex	_	_	_	
4-26	785-787	in	_	_	_	
4-27	788-795	measure	_	_	_	
4-28	795-796	,	_	_	_	
4-29	797-800	and	_	_	_	
4-30	800-801	,	_	_	_	
4-31	802-804	as	_	_	_	
4-32	805-818	evolutionists	_	_	_	
4-33	819-824	would	_	_	_	
4-34	825-830	state	_	_	_	
4-35	831-833	it	_	_	_	
4-36	833-834	,	_	_	_	
4-37	835-843	acquired	_	_	_	
4-38	844-846	by	_	_	_	
4-39	847-850	the	_	_	_	
4-40	851-856	males	_	_	_	
4-41	856-857	,	_	_	_	
4-42	858-862	they	_	_	_	
4-43	863-867	have	_	_	_	
4-44	868-872	been	_	_	_	
4-45	873-884	transmitted	_	_	_	
4-46	885-887	in	_	_	_	
4-47	888-891	the	_	_	_	
4-48	892-897	lapse	_	_	_	
4-49	898-900	of	_	_	_	
4-50	901-905	time	_	_	_	
4-51	906-908	to	_	_	_	
4-52	909-914	their	_	_	_	
4-53	915-923	consorts	_	_	_	
4-54	923-924	,	_	_	_	
4-55	925-928	yet	_	_	_	
4-56	929-938	otherwise	_	_	_	
4-57	938-939	,	_	_	_	
4-58	940-942	in	_	_	_	
4-59	943-944	a	_	_	_	
4-60	945-953	majority	_	_	_	
4-61	954-956	of	_	_	_	
4-62	957-962	cases	_	_	_	
4-63	962-963	,	_	_	_	
4-64	964-968	they	_	_	_	
4-65	969-973	seem	_	_	_	
4-66	974-979	truly	_	_	_	
4-67	980-989	masculine	_	_	_	
4-68	989-990	.	_	_	_	

#Text=In the Papilionidae,
#Text=for instance, the front wings of the males have sometimes an
#Text=oval chalky spot on their under side, opposite to which there is
#Text=a dark brownish spot on the upper side of the hind wings, both
#Text=spots emitting a strong disagreeable odour.
5-1	991-993	In	_	_	_	
5-2	994-997	the	_	_	_	
5-3	998-1010	Papilionidae	_	_	_	
5-4	1010-1011	,	_	_	_	
5-5	1012-1015	for	_	_	_	
5-6	1016-1024	instance	_	_	_	
5-7	1024-1025	,	_	_	_	
5-8	1026-1029	the	_	_	_	
5-9	1030-1035	front	_	_	_	
5-10	1036-1041	wings	_	_	_	
5-11	1042-1044	of	_	_	_	
5-12	1045-1048	the	_	_	_	
5-13	1049-1054	males	_	_	_	
5-14	1055-1059	have	_	_	_	
5-15	1060-1069	sometimes	_	_	_	
5-16	1070-1072	an	Smell\_Source[3]	_	_	
5-17	1073-1077	oval	Smell\_Source[3]	_	_	
5-18	1078-1084	chalky	Smell\_Source[3]	_	_	
5-19	1085-1089	spot	Smell\_Source[3]	_	_	
5-20	1090-1092	on	_	_	_	
5-21	1093-1098	their	_	_	_	
5-22	1099-1104	under	_	_	_	
5-23	1105-1109	side	_	_	_	
5-24	1109-1110	,	_	_	_	
5-25	1111-1119	opposite	_	_	_	
5-26	1120-1122	to	_	_	_	
5-27	1123-1128	which	_	_	_	
5-28	1129-1134	there	_	_	_	
5-29	1135-1137	is	_	_	_	
5-30	1138-1139	a	_	_	_	
5-31	1140-1144	dark	Smell\_Source[4]	_	_	
5-32	1145-1153	brownish	Smell\_Source[4]	_	_	
5-33	1154-1158	spot	Smell\_Source[4]	_	_	
5-34	1159-1161	on	_	_	_	
5-35	1162-1165	the	_	_	_	
5-36	1166-1171	upper	_	_	_	
5-37	1172-1176	side	_	_	_	
5-38	1177-1179	of	_	_	_	
5-39	1180-1183	the	_	_	_	
5-40	1184-1188	hind	_	_	_	
5-41	1189-1194	wings	_	_	_	
5-42	1194-1195	,	_	_	_	
5-43	1196-1200	both	_	_	_	
5-44	1201-1206	spots	_	_	_	
5-45	1207-1215	emitting	_	_	_	
5-46	1216-1217	a	_	_	_	
5-47	1218-1224	strong	Quality	_	_	
5-48	1225-1237	disagreeable	Quality	_	_	
5-49	1238-1243	odour	Smell\_Word	*|*|*|*	5-48|5-47|5-16[3_0]|5-31[4_0]	
5-50	1243-1244	.	_	_	_	

#Text=At other times, the
#Text=scent spot on the fore wings is replaced by a brush of hair, and
#Text=that on the hind wing is chalky and fragrant of musk, as may
#Text=be seen in the common canary-coloured butterflies of the tropics,
#Text=Callidryas.
6-1	1245-1247	At	Time[5]	_	_	
6-2	1248-1253	other	Time[5]	_	_	
6-3	1254-1259	times	Time[5]	_	_	
6-4	1259-1260	,	_	_	_	
6-5	1261-1264	the	_	_	_	
6-6	1265-1270	scent	Smell\_Word	*|*	6-1[5_0]|6-7	
6-7	1271-1275	spot	Smell\_Source	_	_	
6-8	1276-1278	on	_	_	_	
6-9	1279-1282	the	_	_	_	
6-10	1283-1287	fore	_	_	_	
6-11	1288-1293	wings	_	_	_	
6-12	1294-1296	is	_	_	_	
6-13	1297-1305	replaced	_	_	_	
6-14	1306-1308	by	_	_	_	
6-15	1309-1310	a	_	_	_	
6-16	1311-1316	brush	_	_	_	
6-17	1317-1319	of	_	_	_	
6-18	1320-1324	hair	_	_	_	
6-19	1324-1325	,	_	_	_	
6-20	1326-1329	and	_	_	_	
6-21	1330-1334	that	_	_	_	
6-22	1335-1337	on	_	_	_	
6-23	1338-1341	the	_	_	_	
6-24	1342-1346	hind	_	_	_	
6-25	1347-1351	wing	_	_	_	
6-26	1352-1354	is	_	_	_	
6-27	1355-1361	chalky	_	_	_	
6-28	1362-1365	and	_	_	_	
6-29	1366-1374	fragrant	Smell\_Word[6]|Quality[7]	*|*	6-29[7_6]|6-30[8_6]	
6-30	1375-1377	of	Smell\_Source[8]	_	_	
6-31	1378-1382	musk	Smell\_Source[8]	_	_	
6-32	1382-1383	,	_	_	_	
6-33	1384-1386	as	_	_	_	
6-34	1387-1390	may	_	_	_	
6-35	1391-1393	be	_	_	_	
6-36	1394-1398	seen	_	_	_	
6-37	1399-1401	in	_	_	_	
6-38	1402-1405	the	_	_	_	
6-39	1406-1412	common	_	_	_	
6-40	1413-1428	canary-coloured	_	_	_	
6-41	1429-1440	butterflies	_	_	_	
6-42	1441-1443	of	_	_	_	
6-43	1444-1447	the	_	_	_	
6-44	1448-1455	tropics	_	_	_	
6-45	1455-1456	,	_	_	_	
6-46	1457-1467	Callidryas	_	_	_	
6-47	1467-1468	.	_	_	_	

#Text=Here likewise the females show on either side of
#Text=their anal organs a shining spot odoriferous of a volatile acid.
7-1	1469-1473	Here	_	_	_	
7-2	1474-1482	likewise	_	_	_	
7-3	1483-1486	the	_	_	_	
7-4	1487-1494	females	_	_	_	
7-5	1495-1499	show	_	_	_	
7-6	1500-1502	on	_	_	_	
7-7	1503-1509	either	_	_	_	
7-8	1510-1514	side	_	_	_	
7-9	1515-1517	of	_	_	_	
7-10	1518-1523	their	_	_	_	
7-11	1524-1528	anal	_	_	_	
7-12	1529-1535	organs	_	_	_	
7-13	1536-1537	a	_	_	_	
7-14	1538-1545	shining	_	_	_	
7-15	1546-1550	spot	_	_	_	
7-16	1551-1562	odoriferous	Smell\_Word[9]|Quality[10]	*|*	7-16[10_9]|7-17[11_9]	
7-17	1563-1565	of	Smell\_Source[11]	_	_	
7-18	1566-1567	a	Smell\_Source[11]	_	_	
7-19	1568-1576	volatile	Smell\_Source[11]	_	_	
7-20	1577-1581	acid	Smell\_Source[11]	_	_	
7-21	1581-1582	.	_	_	_	

#Text=A third example we may find in the male of our English
#Text=Clouded Yellows, where the chalky spot is seen without the
#Text=brush, the pot of rose-water without the sprinkler.
8-1	1583-1584	A	_	_	_	
8-2	1585-1590	third	_	_	_	
8-3	1591-1598	example	_	_	_	
8-4	1599-1601	we	_	_	_	
8-5	1602-1605	may	_	_	_	
8-6	1606-1610	find	_	_	_	
8-7	1611-1613	in	_	_	_	
8-8	1614-1617	the	_	_	_	
8-9	1618-1622	male	_	_	_	
8-10	1623-1625	of	_	_	_	
8-11	1626-1629	our	_	_	_	
8-12	1630-1637	English	_	_	_	
8-13	1638-1645	Clouded	_	_	_	
8-14	1646-1653	Yellows	_	_	_	
8-15	1653-1654	,	_	_	_	
8-16	1655-1660	where	_	_	_	
8-17	1661-1664	the	_	_	_	
8-18	1665-1671	chalky	_	_	_	
8-19	1672-1676	spot	_	_	_	
8-20	1677-1679	is	_	_	_	
8-21	1680-1684	seen	_	_	_	
8-22	1685-1692	without	_	_	_	
8-23	1693-1696	the	_	_	_	
8-24	1697-1702	brush	_	_	_	
8-25	1702-1703	,	_	_	_	
8-26	1704-1707	the	_	_	_	
8-27	1708-1711	pot	_	_	_	
8-28	1712-1714	of	_	_	_	
8-29	1715-1725	rose-water	_	_	_	
8-30	1726-1733	without	_	_	_	
8-31	1734-1737	the	_	_	_	
8-32	1738-1747	sprinkler	_	_	_	
8-33	1747-1748	.	_	_	_	

#Text=In other
#Text=genera certain “ plumules/ '  or club-shaped scales, fringed with
#Text=fine hair, have been accused of possessing scent properties.
9-1	1749-1751	In	_	_	_	
9-2	1752-1757	other	_	_	_	
9-3	1758-1764	genera	_	_	_	
9-4	1765-1772	certain	_	_	_	
9-5	1773-1774	“	_	_	_	
9-6	1775-1783	plumules	Smell\_Source	_	_	
9-7	1783-1784	/	_	_	_	
9-8	1785-1786	'	_	_	_	
9-9	1788-1790	or	_	_	_	
9-10	1791-1802	club-shaped	Smell\_Source[12]	_	_	
9-11	1803-1809	scales	Smell\_Source[12]	_	_	
9-12	1809-1810	,	_	_	_	
9-13	1811-1818	fringed	_	_	_	
9-14	1819-1823	with	_	_	_	
9-15	1824-1828	fine	_	_	_	
9-16	1829-1833	hair	_	_	_	
9-17	1833-1834	,	_	_	_	
9-18	1835-1839	have	_	_	_	
9-19	1840-1844	been	_	_	_	
9-20	1845-1852	accused	_	_	_	
9-21	1853-1855	of	_	_	_	
9-22	1856-1866	possessing	_	_	_	
9-23	1867-1872	scent	Smell\_Word	*|*	9-6|9-10[12_0]	
9-24	1873-1883	properties	_	_	_	
9-25	1883-1884	.	_	_	_	

#Text=Our
#Text=small White Butterfly, belonging to one of these, has a male,
#Text=according to Kirby, redolent of thyme, and with some of his
#Text=exotic fraternity the scent is described by Dr.
10-1	1885-1888	Our	_	_	_	
10-2	1889-1894	small	_	_	_	
10-3	1895-1900	White	Smell\_Source[13]	_	_	
10-4	1901-1910	Butterfly	Smell\_Source[13]	_	_	
10-5	1910-1911	,	_	_	_	
10-6	1912-1921	belonging	_	_	_	
10-7	1922-1924	to	_	_	_	
10-8	1925-1928	one	_	_	_	
10-9	1929-1931	of	_	_	_	
10-10	1932-1937	these	_	_	_	
10-11	1937-1938	,	_	_	_	
10-12	1939-1942	has	_	_	_	
10-13	1943-1944	a	_	_	_	
10-14	1945-1949	male	_	_	_	
10-15	1949-1950	,	_	_	_	
10-16	1951-1960	according	_	_	_	
10-17	1961-1963	to	_	_	_	
10-18	1964-1969	Kirby	Perceiver	_	_	
10-19	1969-1970	,	_	_	_	
10-20	1971-1979	redolent	Smell\_Word[14]|Quality[15]	*|*|*|*	10-21[16_14]|10-3[13_14]|10-18[0_14]|10-20[15_14]	
10-21	1980-1982	of	Smell\_Source[16]	_	_	
10-22	1983-1988	thyme	Smell\_Source[16]	_	_	
10-23	1988-1989	,	_	_	_	
10-24	1990-1993	and	_	_	_	
10-25	1994-1998	with	_	_	_	
10-26	1999-2003	some	_	_	_	
10-27	2004-2006	of	_	_	_	
10-28	2007-2010	his	_	_	_	
10-29	2011-2017	exotic	_	_	_	
10-30	2018-2028	fraternity	_	_	_	
10-31	2029-2032	the	_	_	_	
10-32	2033-2038	scent	Smell\_Word	*	11-3	
10-33	2039-2041	is	_	_	_	
10-34	2042-2051	described	_	_	_	
10-35	2052-2054	by	_	_	_	
10-36	2055-2057	Dr	Perceiver[17]	_	_	
10-37	2057-2058	.	Perceiver[17]	_	_	

#Text=Muller as
#Text=delicious; but in such cases a caution, as Professor Westwood
#Text=has noticed, is doubtless needful, for may not these bright
#Text=beings that bathe in sunlight and vapoury distillations the livelong day, gather odour as they fly about.
11-1	2059-2065	Muller	Perceiver	Same\_span	10-36[17_0]	
11-2	2066-2068	as	_	_	_	
11-3	2069-2078	delicious	Quality	_	_	
11-4	2078-2079	;	_	_	_	
11-5	2080-2083	but	_	_	_	
11-6	2084-2086	in	_	_	_	
11-7	2087-2091	such	_	_	_	
11-8	2092-2097	cases	_	_	_	
11-9	2098-2099	a	_	_	_	
11-10	2100-2107	caution	_	_	_	
11-11	2107-2108	,	_	_	_	
11-12	2109-2111	as	_	_	_	
11-13	2112-2121	Professor	_	_	_	
11-14	2122-2130	Westwood	_	_	_	
11-15	2131-2134	has	_	_	_	
11-16	2135-2142	noticed	_	_	_	
11-17	2142-2143	,	_	_	_	
11-18	2144-2146	is	_	_	_	
11-19	2147-2156	doubtless	_	_	_	
11-20	2157-2164	needful	_	_	_	
11-21	2164-2165	,	_	_	_	
11-22	2166-2169	for	_	_	_	
11-23	2170-2173	may	_	_	_	
11-24	2174-2177	not	_	_	_	
11-25	2178-2183	these	_	_	_	
11-26	2184-2190	bright	_	_	_	
11-27	2191-2197	beings	_	_	_	
11-28	2198-2202	that	_	_	_	
11-29	2203-2208	bathe	_	_	_	
11-30	2209-2211	in	_	_	_	
11-31	2212-2220	sunlight	_	_	_	
11-32	2221-2224	and	_	_	_	
11-33	2225-2232	vapoury	_	_	_	
11-34	2233-2246	distillations	_	_	_	
11-35	2247-2250	the	_	_	_	
11-36	2251-2259	livelong	_	_	_	
11-37	2260-2263	day	_	_	_	
11-38	2263-2264	,	_	_	_	
11-39	2265-2271	gather	_	_	_	
11-40	2272-2277	odour	_	_	_	
11-41	2278-2280	as	_	_	_	
11-42	2281-2285	they	_	_	_	
11-43	2286-2289	fly	_	_	_	
11-44	2290-2295	about	_	_	_	
11-45	2295-2296	.	_	_	_	

#Text=We have many moths,
#Text=likewise, with raised scales on the wing-surface, but I am not
#Text=aware this is the source of scent attraction.
12-1	2297-2299	We	_	_	_	
12-2	2300-2304	have	_	_	_	
12-3	2305-2309	many	_	_	_	
12-4	2310-2315	moths	_	_	_	
12-5	2315-2316	,	_	_	_	
12-6	2317-2325	likewise	_	_	_	
12-7	2325-2326	,	_	_	_	
12-8	2327-2331	with	_	_	_	
12-9	2332-2338	raised	Smell\_Source[18]	_	_	
12-10	2339-2345	scales	Smell\_Source[18]	_	_	
12-11	2346-2348	on	Smell\_Source[18]	_	_	
12-12	2349-2352	the	Smell\_Source[18]	_	_	
12-13	2353-2365	wing-surface	Smell\_Source[18]	_	_	
12-14	2365-2366	,	_	_	_	
12-15	2367-2370	but	_	_	_	
12-16	2371-2372	I	_	_	_	
12-17	2373-2375	am	_	_	_	
12-18	2376-2379	not	_	_	_	
12-19	2380-2385	aware	_	_	_	
12-20	2386-2390	this	_	_	_	
12-21	2391-2393	is	_	_	_	
12-22	2394-2397	the	_	_	_	
12-23	2398-2404	source	_	_	_	
12-24	2405-2407	of	_	_	_	
12-25	2408-2413	scent	Smell\_Word	*	12-9[18_0]	
12-26	2414-2424	attraction	_	_	_	
12-27	2424-2425	.	_	_	_	

#Text=Lastly, organs of
#Text=perfume are said to exist in the sub-family of the Swallow Tails
#Text=along the anal margin of the hind wings of the males, which is
#Text=then recurved.
13-1	2426-2432	Lastly	_	_	_	
13-2	2432-2433	,	_	_	_	
13-3	2434-2440	organs	Smell\_Source[19]	_	_	
13-4	2441-2443	of	Smell\_Source[19]	_	_	
13-5	2444-2451	perfume	Smell\_Word	*|*	13-3[19_0]|13-17[20_0]	
13-6	2452-2455	are	_	_	_	
13-7	2456-2460	said	_	_	_	
13-8	2461-2463	to	_	_	_	
13-9	2464-2469	exist	_	_	_	
13-10	2470-2472	in	_	_	_	
13-11	2473-2476	the	_	_	_	
13-12	2477-2487	sub-family	_	_	_	
13-13	2488-2490	of	_	_	_	
13-14	2491-2494	the	_	_	_	
13-15	2495-2502	Swallow	_	_	_	
13-16	2503-2508	Tails	_	_	_	
13-17	2509-2514	along	Location[20]	_	_	
13-18	2515-2518	the	Location[20]	_	_	
13-19	2519-2523	anal	Location[20]	_	_	
13-20	2524-2530	margin	Location[20]	_	_	
13-21	2531-2533	of	Location[20]	_	_	
13-22	2534-2537	the	Location[20]	_	_	
13-23	2538-2542	hind	Location[20]	_	_	
13-24	2543-2548	wings	Location[20]	_	_	
13-25	2549-2551	of	Location[20]	_	_	
13-26	2552-2555	the	Location[20]	_	_	
13-27	2556-2561	males	Location[20]	_	_	
13-28	2561-2562	,	_	_	_	
13-29	2563-2568	which	_	_	_	
13-30	2569-2571	is	_	_	_	
13-31	2572-2576	then	_	_	_	
13-32	2577-2585	recurved	_	_	_	
13-33	2585-2586	.	_	_	_	

#Text=They are evinced by a tuft of hair with a
#Text=disagreeable odour.
14-1	2587-2591	They	_	_	_	
14-2	2592-2595	are	_	_	_	
14-3	2596-2603	evinced	_	_	_	
14-4	2604-2606	by	_	_	_	
14-5	2607-2608	a	Smell\_Source[21]	_	_	
14-6	2609-2613	tuft	Smell\_Source[21]	_	_	
14-7	2614-2616	of	Smell\_Source[21]	_	_	
14-8	2617-2621	hair	Smell\_Source[21]	_	_	
14-9	2622-2626	with	_	_	_	
14-10	2627-2628	a	_	_	_	
14-11	2629-2641	disagreeable	Quality	_	_	
14-12	2642-2647	odour	Smell\_Word	*|*	14-11|14-5[21_0]	
14-13	2647-2648	.	_	_	_	

#Text=In the Nymphalidae, or great group of butterflies with rudimentary forelegs, we find some of the common cosmopolitan
#Text=Dana ' inse have dactylate hollow processes at the abdominal
#Text=extremity, which are furnished with hairs, and on protrusion
#Text=emit a disagreeable odour ; and sexual pouches, possibly in
#Text=connection, exist on the first median nervure of the hind wing in a
#Text=few species ; both being seen in the tawny Danais, that extends
#Text=its range to Southern Europe.
15-1	2650-2652	In	_	_	_	
15-2	2653-2656	the	_	_	_	
15-3	2657-2668	Nymphalidae	_	_	_	
15-4	2668-2669	,	_	_	_	
15-5	2670-2672	or	_	_	_	
15-6	2673-2678	great	_	_	_	
15-7	2679-2684	group	_	_	_	
15-8	2685-2687	of	_	_	_	
15-9	2688-2699	butterflies	_	_	_	
15-10	2700-2704	with	_	_	_	
15-11	2705-2716	rudimentary	_	_	_	
15-12	2717-2725	forelegs	_	_	_	
15-13	2725-2726	,	_	_	_	
15-14	2727-2729	we	_	_	_	
15-15	2730-2734	find	_	_	_	
15-16	2735-2739	some	_	_	_	
15-17	2740-2742	of	_	_	_	
15-18	2743-2746	the	_	_	_	
15-19	2747-2753	common	_	_	_	
15-20	2754-2766	cosmopolitan	_	_	_	
15-21	2767-2771	Dana	_	_	_	
15-22	2772-2773	'	_	_	_	
15-23	2774-2778	inse	_	_	_	
15-24	2779-2783	have	_	_	_	
15-25	2784-2793	dactylate	_	_	_	
15-26	2794-2800	hollow	_	_	_	
15-27	2801-2810	processes	_	_	_	
15-28	2811-2813	at	_	_	_	
15-29	2814-2817	the	_	_	_	
15-30	2818-2827	abdominal	_	_	_	
15-31	2828-2837	extremity	_	_	_	
15-32	2837-2838	,	_	_	_	
15-33	2839-2844	which	_	_	_	
15-34	2845-2848	are	_	_	_	
15-35	2849-2858	furnished	_	_	_	
15-36	2859-2863	with	_	_	_	
15-37	2864-2869	hairs	Smell\_Source	_	_	
15-38	2869-2870	,	_	_	_	
15-39	2871-2874	and	_	_	_	
15-40	2875-2877	on	_	_	_	
15-41	2878-2888	protrusion	Smell\_Source	_	_	
15-42	2889-2893	emit	_	_	_	
15-43	2894-2895	a	_	_	_	
15-44	2896-2908	disagreeable	Quality	_	_	
15-45	2909-2914	odour	Smell\_Word	*|*|*	15-44|15-37|15-41	
15-46	2915-2916	;	_	_	_	
15-47	2917-2920	and	_	_	_	
15-48	2921-2927	sexual	_	_	_	
15-49	2928-2935	pouches	_	_	_	
15-50	2935-2936	,	_	_	_	
15-51	2937-2945	possibly	_	_	_	
15-52	2946-2948	in	_	_	_	
15-53	2949-2959	connection	_	_	_	
15-54	2959-2960	,	_	_	_	
15-55	2961-2966	exist	_	_	_	
15-56	2967-2969	on	_	_	_	
15-57	2970-2973	the	_	_	_	
15-58	2974-2979	first	_	_	_	
15-59	2980-2986	median	_	_	_	
15-60	2987-2994	nervure	_	_	_	
15-61	2995-2997	of	_	_	_	
15-62	2998-3001	the	_	_	_	
15-63	3002-3006	hind	_	_	_	
15-64	3007-3011	wing	_	_	_	
15-65	3012-3014	in	_	_	_	
15-66	3015-3016	a	_	_	_	
15-67	3017-3020	few	_	_	_	
15-68	3021-3028	species	_	_	_	
15-69	3029-3030	;	_	_	_	
15-70	3031-3035	both	_	_	_	
15-71	3036-3041	being	_	_	_	
15-72	3042-3046	seen	_	_	_	
15-73	3047-3049	in	_	_	_	
15-74	3050-3053	the	_	_	_	
15-75	3054-3059	tawny	_	_	_	
15-76	3060-3066	Danais	_	_	_	
15-77	3066-3067	,	_	_	_	
15-78	3068-3072	that	_	_	_	
15-79	3073-3080	extends	_	_	_	
15-80	3081-3084	its	_	_	_	
15-81	3085-3090	range	_	_	_	
15-82	3091-3093	to	_	_	_	
15-83	3094-3102	Southern	_	_	_	
15-84	3103-3109	Europe	_	_	_	
15-85	3109-3110	.	_	_	_	

#Text=Others of the Ithonia group
#Text=have a tuft of long hair near the anterior margin of the hind
#Text=wings, sometimes common to the sexes, and flavouring of vanilla,
#Text=while the males have a brown spot covered by the tuft.
16-1	3111-3117	Others	_	_	_	
16-2	3118-3120	of	_	_	_	
16-3	3121-3124	the	_	_	_	
16-4	3125-3132	Ithonia	_	_	_	
16-5	3133-3138	group	_	_	_	
16-6	3139-3143	have	_	_	_	
16-7	3144-3145	a	_	_	_	
16-8	3146-3150	tuft	_	_	_	
16-9	3151-3153	of	_	_	_	
16-10	3154-3158	long	_	_	_	
16-11	3159-3163	hair	_	_	_	
16-12	3164-3168	near	_	_	_	
16-13	3169-3172	the	_	_	_	
16-14	3173-3181	anterior	_	_	_	
16-15	3182-3188	margin	_	_	_	
16-16	3189-3191	of	_	_	_	
16-17	3192-3195	the	_	_	_	
16-18	3196-3200	hind	_	_	_	
16-19	3201-3206	wings	_	_	_	
16-20	3206-3207	,	_	_	_	
16-21	3208-3217	sometimes	_	_	_	
16-22	3218-3224	common	_	_	_	
16-23	3225-3227	to	_	_	_	
16-24	3228-3231	the	_	_	_	
16-25	3232-3237	sexes	_	_	_	
16-26	3237-3238	,	_	_	_	
16-27	3239-3242	and	_	_	_	
16-28	3243-3253	flavouring	_	_	_	
16-29	3254-3256	of	_	_	_	
16-30	3257-3264	vanilla	_	_	_	
16-31	3264-3265	,	_	_	_	
16-32	3266-3271	while	_	_	_	
16-33	3272-3275	the	_	_	_	
16-34	3276-3281	males	_	_	_	
16-35	3282-3286	have	_	_	_	
16-36	3287-3288	a	_	_	_	
16-37	3289-3294	brown	_	_	_	
16-38	3295-3299	spot	_	_	_	
16-39	3300-3307	covered	_	_	_	
16-40	3308-3310	by	_	_	_	
16-41	3311-3314	the	_	_	_	
16-42	3315-3319	tuft	_	_	_	
16-43	3319-3320	.	_	_	_	

#Text=The
#Text=spot and brush of the Yellow Callidryas are reproduced in one of
#Text=the Satyrinse, and in some of the Nymphalinse ; while in the
#Text=male of the blue Ageronia Arethusa a rather strong odour is
#Text=emitted by two large brown spots, situated between the wings,
#Text=which appear absent in others of this musical genus.
17-1	3321-3324	The	_	_	_	
17-2	3325-3329	spot	_	_	_	
17-3	3330-3333	and	_	_	_	
17-4	3334-3339	brush	_	_	_	
17-5	3340-3342	of	_	_	_	
17-6	3343-3346	the	_	_	_	
17-7	3347-3353	Yellow	_	_	_	
17-8	3354-3364	Callidryas	_	_	_	
17-9	3365-3368	are	_	_	_	
17-10	3369-3379	reproduced	_	_	_	
17-11	3380-3382	in	_	_	_	
17-12	3383-3386	one	_	_	_	
17-13	3387-3389	of	_	_	_	
17-14	3390-3393	the	_	_	_	
17-15	3394-3403	Satyrinse	_	_	_	
17-16	3403-3404	,	_	_	_	
17-17	3405-3408	and	_	_	_	
17-18	3409-3411	in	_	_	_	
17-19	3412-3416	some	_	_	_	
17-20	3417-3419	of	_	_	_	
17-21	3420-3423	the	_	_	_	
17-22	3424-3435	Nymphalinse	_	_	_	
17-23	3436-3437	;	_	_	_	
17-24	3438-3443	while	_	_	_	
17-25	3444-3446	in	_	_	_	
17-26	3447-3450	the	_	_	_	
17-27	3451-3455	male	_	_	_	
17-28	3456-3458	of	_	_	_	
17-29	3459-3462	the	_	_	_	
17-30	3463-3467	blue	_	_	_	
17-31	3468-3476	Ageronia	_	_	_	
17-32	3477-3485	Arethusa	_	_	_	
17-33	3486-3487	a	_	_	_	
17-34	3488-3494	rather	_	_	_	
17-35	3495-3501	strong	Quality	_	_	
17-36	3502-3507	odour	Smell\_Word	*	17-35	
17-37	3508-3510	is	_	_	_	
17-38	3511-3518	emitted	_	_	_	
17-39	3519-3521	by	_	_	_	
17-40	3522-3525	two	_	_	_	
17-41	3526-3531	large	_	_	_	
17-42	3532-3537	brown	_	_	_	
17-43	3538-3543	spots	_	_	_	
17-44	3543-3544	,	_	_	_	
17-45	3545-3553	situated	_	_	_	
17-46	3554-3561	between	_	_	_	
17-47	3562-3565	the	_	_	_	
17-48	3566-3571	wings	_	_	_	
17-49	3571-3572	,	_	_	_	
17-50	3573-3578	which	_	_	_	
17-51	3579-3585	appear	_	_	_	
17-52	3586-3592	absent	_	_	_	
17-53	3593-3595	in	_	_	_	
17-54	3596-3602	others	_	_	_	
17-55	3603-3605	of	_	_	_	
17-56	3606-3610	this	_	_	_	
17-57	3611-3618	musical	_	_	_	
17-58	3619-3624	genus	_	_	_	
17-59	3624-3625	.	_	_	_	

#Text=The
#Text=gdorious blue satin Morphos, the pride of Brazilian forest trees,
#Text=have protrusible hemispherical anal appendages, which sometimes are odoriferous of vanilla ; and in the Brassolinse, another
#Text=bulky South American progeny, pencils of erectile hairs or spots
#Text=of scales are present.
18-1	3626-3629	The	_	_	_	
18-2	3630-3638	gdorious	_	_	_	
18-3	3639-3643	blue	_	_	_	
18-4	3644-3649	satin	_	_	_	
18-5	3650-3657	Morphos	_	_	_	
18-6	3657-3658	,	_	_	_	
18-7	3659-3662	the	_	_	_	
18-8	3663-3668	pride	_	_	_	
18-9	3669-3671	of	_	_	_	
18-10	3672-3681	Brazilian	_	_	_	
18-11	3682-3688	forest	_	_	_	
18-12	3689-3694	trees	_	_	_	
18-13	3694-3695	,	_	_	_	
18-14	3696-3700	have	_	_	_	
18-15	3701-3712	protrusible	Odour\_Carrier[22]	_	_	
18-16	3713-3726	hemispherical	Odour\_Carrier[22]	_	_	
18-17	3727-3731	anal	Odour\_Carrier[22]	_	_	
18-18	3732-3742	appendages	Odour\_Carrier[22]	_	_	
18-19	3742-3743	,	_	_	_	
18-20	3744-3749	which	_	_	_	
18-21	3750-3759	sometimes	Time	_	_	
18-22	3760-3763	are	_	_	_	
18-23	3764-3775	odoriferous	Smell\_Word[23]|Quality[24]	*|*|*|*	18-23[24_23]|18-24[25_23]|18-21[0_23]|18-15[22_23]	
18-24	3776-3778	of	Smell\_Source[25]	_	_	
18-25	3779-3786	vanilla	Smell\_Source[25]	_	_	
18-26	3787-3788	;	_	_	_	
18-27	3789-3792	and	_	_	_	
18-28	3793-3795	in	_	_	_	
18-29	3796-3799	the	_	_	_	
18-30	3800-3811	Brassolinse	_	_	_	
18-31	3811-3812	,	_	_	_	
18-32	3813-3820	another	_	_	_	
18-33	3821-3826	bulky	_	_	_	
18-34	3827-3832	South	_	_	_	
18-35	3833-3841	American	_	_	_	
18-36	3842-3849	progeny	_	_	_	
18-37	3849-3850	,	_	_	_	
18-38	3851-3858	pencils	_	_	_	
18-39	3859-3861	of	_	_	_	
18-40	3862-3870	erectile	_	_	_	
18-41	3871-3876	hairs	_	_	_	
18-42	3877-3879	or	_	_	_	
18-43	3880-3885	spots	_	_	_	
18-44	3886-3888	of	_	_	_	
18-45	3889-3895	scales	_	_	_	
18-46	3896-3899	are	_	_	_	
18-47	3900-3907	present	_	_	_	
18-48	3907-3908	.	_	_	_	

#Text=So, too, the peculiar long-winged ITeliconinse of the glades have scent organs in the male, situated
#Text=between the anal valves, and in the female these are placed on
#Text=the dorsal side of the abdominal extremity; but some have also
#Text=a scent-brush, if conclusion may be drawn from a figure in the
#Text=volume on “ Foreign Butterflies,” belonging to the Naturalist ' s
#Text=Library series.
19-1	3909-3911	So	_	_	_	
19-2	3911-3912	,	_	_	_	
19-3	3913-3916	too	_	_	_	
19-4	3916-3917	,	_	_	_	
19-5	3918-3921	the	_	_	_	
19-6	3922-3930	peculiar	_	_	_	
19-7	3931-3942	long-winged	_	_	_	
19-8	3943-3955	ITeliconinse	_	_	_	
19-9	3956-3958	of	_	_	_	
19-10	3959-3962	the	_	_	_	
19-11	3963-3969	glades	_	_	_	
19-12	3970-3974	have	_	_	_	
19-13	3975-3980	scent	Smell\_Word	*|*|*	19-14|19-20[26_0]|19-32[27_0]	
19-14	3981-3987	organs	Smell\_Source	_	_	
19-15	3988-3990	in	_	_	_	
19-16	3991-3994	the	_	_	_	
19-17	3995-3999	male	_	_	_	
19-18	3999-4000	,	_	_	_	
19-19	4001-4009	situated	_	_	_	
19-20	4010-4017	between	Location[26]	_	_	
19-21	4018-4021	the	Location[26]	_	_	
19-22	4022-4026	anal	Location[26]	_	_	
19-23	4027-4033	valves	Location[26]	_	_	
19-24	4033-4034	,	_	_	_	
19-25	4035-4038	and	_	_	_	
19-26	4039-4041	in	_	_	_	
19-27	4042-4045	the	_	_	_	
19-28	4046-4052	female	_	_	_	
19-29	4053-4058	these	_	_	_	
19-30	4059-4062	are	_	_	_	
19-31	4063-4069	placed	_	_	_	
19-32	4070-4072	on	Location[27]	_	_	
19-33	4073-4076	the	Location[27]	_	_	
19-34	4077-4083	dorsal	Location[27]	_	_	
19-35	4084-4088	side	Location[27]	_	_	
19-36	4089-4091	of	Location[27]	_	_	
19-37	4092-4095	the	Location[27]	_	_	
19-38	4096-4105	abdominal	Location[27]	_	_	
19-39	4106-4115	extremity	Location[27]	_	_	
19-40	4115-4116	;	_	_	_	
19-41	4117-4120	but	_	_	_	
19-42	4121-4125	some	_	_	_	
19-43	4126-4130	have	_	_	_	
19-44	4131-4135	also	_	_	_	
19-45	4136-4137	a	_	_	_	
19-46	4138-4149	scent-brush	Smell\_Word	_	_	
19-47	4149-4150	,	_	_	_	
19-48	4151-4153	if	_	_	_	
19-49	4154-4164	conclusion	_	_	_	
19-50	4165-4168	may	_	_	_	
19-51	4169-4171	be	_	_	_	
19-52	4172-4177	drawn	_	_	_	
19-53	4178-4182	from	_	_	_	
19-54	4183-4184	a	_	_	_	
19-55	4185-4191	figure	_	_	_	
19-56	4192-4194	in	_	_	_	
19-57	4195-4198	the	_	_	_	
19-58	4199-4205	volume	_	_	_	
19-59	4206-4208	on	_	_	_	
19-60	4209-4210	“	_	_	_	
19-61	4211-4218	Foreign	_	_	_	
19-62	4219-4230	Butterflies	_	_	_	
19-63	4230-4231	,	_	_	_	
19-64	4231-4232	”	_	_	_	
19-65	4233-4242	belonging	_	_	_	
19-66	4243-4245	to	_	_	_	
19-67	4246-4249	the	_	_	_	
19-68	4250-4260	Naturalist	_	_	_	
19-69	4261-4262	'	_	_	_	
19-70	4263-4264	s	_	_	_	
19-71	4265-4272	Library	_	_	_	
19-72	4273-4279	series	_	_	_	
19-73	4279-4280	.	_	_	_	

#Text=But Didonis Biblis , according to Dr.
20-1	4282-4285	But	_	_	_	
20-2	4286-4293	Didonis	_	_	_	
20-3	4294-4300	Biblis	_	_	_	
20-4	4301-4302	,	_	_	_	
20-5	4303-4312	according	_	_	_	
20-6	4313-4315	to	_	_	_	
20-7	4316-4318	Dr	_	_	_	
20-8	4318-4319	.	_	_	_	

#Text=Muller, is, so far as odours
#Text=are concerned, the most interesting of all these fairy-formed and
#Text=many-coloured things of the tropical bush.
21-1	4320-4326	Muller	_	_	_	
21-2	4326-4327	,	_	_	_	
21-3	4328-4330	is	_	_	_	
21-4	4330-4331	,	_	_	_	
21-5	4332-4334	so	_	_	_	
21-6	4335-4338	far	_	_	_	
21-7	4339-4341	as	_	_	_	
21-8	4342-4348	odours	Smell\_Word	_	_	
21-9	4349-4352	are	_	_	_	
21-10	4353-4362	concerned	_	_	_	
21-11	4362-4363	,	_	_	_	
21-12	4364-4367	the	_	_	_	
21-13	4368-4372	most	_	_	_	
21-14	4373-4384	interesting	_	_	_	
21-15	4385-4387	of	_	_	_	
21-16	4388-4391	all	_	_	_	
21-17	4392-4397	these	_	_	_	
21-18	4398-4410	fairy-formed	_	_	_	
21-19	4411-4414	and	_	_	_	
21-20	4415-4428	many-coloured	_	_	_	
21-21	4429-4435	things	_	_	_	
21-22	4436-4438	of	_	_	_	
21-23	4439-4442	the	_	_	_	
21-24	4443-4451	tropical	_	_	_	
21-25	4452-4456	bush	_	_	_	
21-26	4456-4457	.	_	_	_	

#Text=On seizing one of
#Text=these butterflies of either sex, it pushes from between the fourth
#Text=and fifth segment of the abdomen two hemispherical protuberances producing a disagreeable odour; and the male has a
#Text=second pair between the fifth and sixth segments of the
#Text=abdomen, while a different musk-like odour is produced by a
#Text=black spot beneath the front wings.
22-1	4458-4460	On	_	_	_	
22-2	4461-4468	seizing	_	_	_	
22-3	4469-4472	one	_	_	_	
22-4	4473-4475	of	_	_	_	
22-5	4476-4481	these	_	_	_	
22-6	4482-4493	butterflies	_	_	_	
22-7	4494-4496	of	_	_	_	
22-8	4497-4503	either	_	_	_	
22-9	4504-4507	sex	_	_	_	
22-10	4507-4508	,	_	_	_	
22-11	4509-4511	it	_	_	_	
22-12	4512-4518	pushes	_	_	_	
22-13	4519-4523	from	_	_	_	
22-14	4524-4531	between	_	_	_	
22-15	4532-4535	the	_	_	_	
22-16	4536-4542	fourth	_	_	_	
22-17	4543-4546	and	_	_	_	
22-18	4547-4552	fifth	_	_	_	
22-19	4553-4560	segment	_	_	_	
22-20	4561-4563	of	_	_	_	
22-21	4564-4567	the	_	_	_	
22-22	4568-4575	abdomen	_	_	_	
22-23	4576-4579	two	Smell\_Source[28]	_	_	
22-24	4580-4593	hemispherical	Smell\_Source[28]	_	_	
22-25	4594-4607	protuberances	Smell\_Source[28]	_	_	
22-26	4608-4617	producing	_	_	_	
22-27	4618-4619	a	_	_	_	
22-28	4620-4632	disagreeable	Quality	_	_	
22-29	4633-4638	odour	Smell\_Word	*|*	22-28|22-23[28_0]	
22-30	4638-4639	;	_	_	_	
22-31	4640-4643	and	_	_	_	
22-32	4644-4647	the	_	_	_	
22-33	4648-4652	male	_	_	_	
22-34	4653-4656	has	_	_	_	
22-35	4657-4658	a	_	_	_	
22-36	4659-4665	second	_	_	_	
22-37	4666-4670	pair	_	_	_	
22-38	4671-4678	between	_	_	_	
22-39	4679-4682	the	_	_	_	
22-40	4683-4688	fifth	_	_	_	
22-41	4689-4692	and	_	_	_	
22-42	4693-4698	sixth	_	_	_	
22-43	4699-4707	segments	_	_	_	
22-44	4708-4710	of	_	_	_	
22-45	4711-4714	the	_	_	_	
22-46	4715-4722	abdomen	_	_	_	
22-47	4722-4723	,	_	_	_	
22-48	4724-4729	while	_	_	_	
22-49	4730-4731	a	_	_	_	
22-50	4732-4741	different	_	_	_	
22-51	4742-4751	musk-like	Evoked\_Odorant	_	_	
22-52	4752-4757	odour	Smell\_Word	*|*	22-51|22-55[29_0]	
22-53	4758-4760	is	_	_	_	
22-54	4761-4769	produced	_	_	_	
22-55	4770-4772	by	Smell\_Source[29]	_	_	
22-56	4773-4774	a	Smell\_Source[29]	_	_	
22-57	4775-4780	black	Smell\_Source[29]	_	_	
22-58	4781-4785	spot	Smell\_Source[29]	_	_	
22-59	4786-4793	beneath	Smell\_Source[29]	_	_	
22-60	4794-4797	the	Smell\_Source[29]	_	_	
22-61	4798-4803	front	Smell\_Source[29]	_	_	
22-62	4804-4809	wings	Smell\_Source[29]	_	_	
22-63	4809-4810	.	_	_	_	

#Text=In the tailed Hair Streaks
#Text=the sexual spot that may be seen on the disc of the front wings
#Text=of the female of our green sort, is said to be odorous; and if
#Text=so, this is a singular instance of a scent secretion supplanting
#Text=a fixed wing colour.
23-1	4811-4813	In	_	_	_	
23-2	4814-4817	the	_	_	_	
23-3	4818-4824	tailed	_	_	_	
23-4	4825-4829	Hair	_	_	_	
23-5	4830-4837	Streaks	_	_	_	
23-6	4838-4841	the	_	_	_	
23-7	4842-4848	sexual	_	_	_	
23-8	4849-4853	spot	_	_	_	
23-9	4854-4858	that	_	_	_	
23-10	4859-4862	may	_	_	_	
23-11	4863-4865	be	_	_	_	
23-12	4866-4870	seen	_	_	_	
23-13	4871-4873	on	_	_	_	
23-14	4874-4877	the	Smell\_Source[30]	_	_	
23-15	4878-4882	disc	Smell\_Source[30]	_	_	
23-16	4883-4885	of	Smell\_Source[30]	_	_	
23-17	4886-4889	the	Smell\_Source[30]	_	_	
23-18	4890-4895	front	Smell\_Source[30]	_	_	
23-19	4896-4901	wings	Smell\_Source[30]	_	_	
23-20	4902-4904	of	Smell\_Source[30]	_	_	
23-21	4905-4908	the	Smell\_Source[30]	_	_	
23-22	4909-4915	female	Smell\_Source[30]	_	_	
23-23	4916-4918	of	_	_	_	
23-24	4919-4922	our	_	_	_	
23-25	4923-4928	green	_	_	_	
23-26	4929-4933	sort	_	_	_	
23-27	4933-4934	,	_	_	_	
23-28	4935-4937	is	_	_	_	
23-29	4938-4942	said	_	_	_	
23-30	4943-4945	to	_	_	_	
23-31	4946-4948	be	_	_	_	
23-32	4949-4956	odorous	Smell\_Word[31]|Quality[32]	*|*	23-32[32_31]|23-14[30_31]	
23-33	4956-4957	;	_	_	_	
23-34	4958-4961	and	_	_	_	
23-35	4962-4964	if	_	_	_	
23-36	4965-4967	so	_	_	_	
23-37	4967-4968	,	_	_	_	
23-38	4969-4973	this	_	_	_	
23-39	4974-4976	is	_	_	_	
23-40	4977-4978	a	_	_	_	
23-41	4979-4987	singular	_	_	_	
23-42	4988-4996	instance	_	_	_	
23-43	4997-4999	of	_	_	_	
23-44	5000-5001	a	_	_	_	
23-45	5002-5007	scent	Smell\_Word	*	23-46	
23-46	5008-5017	secretion	Smell\_Source	_	_	
23-47	5018-5029	supplanting	_	_	_	
23-48	5030-5031	a	_	_	_	
23-49	5032-5037	fixed	_	_	_	
23-50	5038-5042	wing	_	_	_	
23-51	5043-5049	colour	_	_	_	
23-52	5049-5050	.	_	_	_	

#Text=The Skipper Butterflies, diurnal over our northern hills and
#Text=woodland, amid the scorching tropical glare are known as
#Text=evening visitors, stealing mysteriously to hang at the garden
#Text=lupins in purple dusk, before a reflex light has awoke a second
#Text=
#Text=and chaotic dawn.
24-1	5052-5055	The	_	_	_	
24-2	5056-5063	Skipper	_	_	_	
24-3	5064-5075	Butterflies	_	_	_	
24-4	5075-5076	,	_	_	_	
24-5	5077-5084	diurnal	_	_	_	
24-6	5085-5089	over	_	_	_	
24-7	5090-5093	our	_	_	_	
24-8	5094-5102	northern	_	_	_	
24-9	5103-5108	hills	_	_	_	
24-10	5109-5112	and	_	_	_	
24-11	5113-5121	woodland	_	_	_	
24-12	5121-5122	,	_	_	_	
24-13	5123-5127	amid	_	_	_	
24-14	5128-5131	the	_	_	_	
24-15	5132-5141	scorching	_	_	_	
24-16	5142-5150	tropical	_	_	_	
24-17	5151-5156	glare	_	_	_	
24-18	5157-5160	are	_	_	_	
24-19	5161-5166	known	_	_	_	
24-20	5167-5169	as	_	_	_	
24-21	5170-5177	evening	_	_	_	
24-22	5178-5186	visitors	_	_	_	
24-23	5186-5187	,	_	_	_	
24-24	5188-5196	stealing	_	_	_	
24-25	5197-5209	mysteriously	_	_	_	
24-26	5210-5212	to	_	_	_	
24-27	5213-5217	hang	_	_	_	
24-28	5218-5220	at	_	_	_	
24-29	5221-5224	the	_	_	_	
24-30	5225-5231	garden	_	_	_	
24-31	5232-5238	lupins	_	_	_	
24-32	5239-5241	in	_	_	_	
24-33	5242-5248	purple	_	_	_	
24-34	5249-5253	dusk	_	_	_	
24-35	5253-5254	,	_	_	_	
24-36	5255-5261	before	_	_	_	
24-37	5262-5263	a	_	_	_	
24-38	5264-5270	reflex	_	_	_	
24-39	5271-5276	light	_	_	_	
24-40	5277-5280	has	_	_	_	
24-41	5281-5286	awoke	_	_	_	
24-42	5287-5288	a	_	_	_	
24-43	5289-5295	second	_	_	_	
24-44	5297-5300	and	_	_	_	
24-45	5301-5308	chaotic	_	_	_	
24-46	5309-5313	dawn	_	_	_	
24-47	5313-5314	.	_	_	_	

#Text=They neither in colour as a rule bear the
#Text=burnish and talismanic impress of the sunlight, or in form do
#Text=they attain the feathery etherealness of the day fliers; their
#Text=antennae and various organs seem fairly heavy and moth-like,
#Text=and moth-like also are the expansile scent pencils of hair that
#Text=garnish the hind tibiae of the legs of many of the males.
25-1	5315-5319	They	_	_	_	
25-2	5320-5327	neither	_	_	_	
25-3	5328-5330	in	_	_	_	
25-4	5331-5337	colour	_	_	_	
25-5	5338-5340	as	_	_	_	
25-6	5341-5342	a	_	_	_	
25-7	5343-5347	rule	_	_	_	
25-8	5348-5352	bear	_	_	_	
25-9	5353-5356	the	_	_	_	
25-10	5357-5364	burnish	_	_	_	
25-11	5365-5368	and	_	_	_	
25-12	5369-5379	talismanic	_	_	_	
25-13	5380-5387	impress	_	_	_	
25-14	5388-5390	of	_	_	_	
25-15	5391-5394	the	_	_	_	
25-16	5395-5403	sunlight	_	_	_	
25-17	5403-5404	,	_	_	_	
25-18	5405-5407	or	_	_	_	
25-19	5408-5410	in	_	_	_	
25-20	5411-5415	form	_	_	_	
25-21	5416-5418	do	_	_	_	
25-22	5419-5423	they	_	_	_	
25-23	5424-5430	attain	_	_	_	
25-24	5431-5434	the	_	_	_	
25-25	5435-5443	feathery	_	_	_	
25-26	5444-5456	etherealness	_	_	_	
25-27	5457-5459	of	_	_	_	
25-28	5460-5463	the	_	_	_	
25-29	5464-5467	day	_	_	_	
25-30	5468-5474	fliers	_	_	_	
25-31	5474-5475	;	_	_	_	
25-32	5476-5481	their	_	_	_	
25-33	5482-5490	antennae	_	_	_	
25-34	5491-5494	and	_	_	_	
25-35	5495-5502	various	_	_	_	
25-36	5503-5509	organs	_	_	_	
25-37	5510-5514	seem	_	_	_	
25-38	5515-5521	fairly	_	_	_	
25-39	5522-5527	heavy	_	_	_	
25-40	5528-5531	and	_	_	_	
25-41	5532-5541	moth-like	_	_	_	
25-42	5541-5542	,	_	_	_	
25-43	5543-5546	and	_	_	_	
25-44	5547-5556	moth-like	_	_	_	
25-45	5557-5561	also	_	_	_	
25-46	5562-5565	are	_	_	_	
25-47	5566-5569	the	_	_	_	
25-48	5570-5579	expansile	_	_	_	
25-49	5580-5585	scent	Smell\_Word	*	25-50[33_0]	
25-50	5586-5593	pencils	Smell\_Source[33]	_	_	
25-51	5594-5596	of	Smell\_Source[33]	_	_	
25-52	5597-5601	hair	Smell\_Source[33]	_	_	
25-53	5602-5606	that	_	_	_	
25-54	5607-5614	garnish	_	_	_	
25-55	5615-5618	the	_	_	_	
25-56	5619-5623	hind	_	_	_	
25-57	5624-5630	tibiae	_	_	_	
25-58	5631-5633	of	_	_	_	
25-59	5634-5637	the	_	_	_	
25-60	5638-5642	legs	_	_	_	
25-61	5643-5645	of	_	_	_	
25-62	5646-5650	many	_	_	_	
25-63	5651-5653	of	_	_	_	
25-64	5654-5657	the	_	_	_	
25-65	5658-5663	males	_	_	_	
25-66	5663-5664	.	_	_	_	

#Text=Passing to the Burnet kind, a like incarnation of the union of
#Text=night and day, the males of exotic Glaucopidae have two long
#Text=retractable filaments, generally beset with hairs, on the ventral
#Text=side of the abdomen, sometimes emitting a strong odour.
26-1	5666-5673	Passing	_	_	_	
26-2	5674-5676	to	_	_	_	
26-3	5677-5680	the	_	_	_	
26-4	5681-5687	Burnet	_	_	_	
26-5	5688-5692	kind	_	_	_	
26-6	5692-5693	,	_	_	_	
26-7	5694-5695	a	_	_	_	
26-8	5696-5700	like	_	_	_	
26-9	5701-5712	incarnation	_	_	_	
26-10	5713-5715	of	_	_	_	
26-11	5716-5719	the	_	_	_	
26-12	5720-5725	union	_	_	_	
26-13	5726-5728	of	_	_	_	
26-14	5729-5734	night	_	_	_	
26-15	5735-5738	and	_	_	_	
26-16	5739-5742	day	_	_	_	
26-17	5742-5743	,	_	_	_	
26-18	5744-5747	the	_	_	_	
26-19	5748-5753	males	_	_	_	
26-20	5754-5756	of	_	_	_	
26-21	5757-5763	exotic	_	_	_	
26-22	5764-5775	Glaucopidae	_	_	_	
26-23	5776-5780	have	_	_	_	
26-24	5781-5784	two	_	_	_	
26-25	5785-5789	long	_	_	_	
26-26	5790-5801	retractable	_	_	_	
26-27	5802-5811	filaments	_	_	_	
26-28	5811-5812	,	_	_	_	
26-29	5813-5822	generally	_	_	_	
26-30	5823-5828	beset	_	_	_	
26-31	5829-5833	with	_	_	_	
26-32	5834-5839	hairs	Smell\_Source	_	_	
26-33	5839-5840	,	_	_	_	
26-34	5841-5843	on	_	_	_	
26-35	5844-5847	the	_	_	_	
26-36	5848-5855	ventral	_	_	_	
26-37	5856-5860	side	_	_	_	
26-38	5861-5863	of	_	_	_	
26-39	5864-5867	the	_	_	_	
26-40	5868-5875	abdomen	_	_	_	
26-41	5875-5876	,	_	_	_	
26-42	5877-5886	sometimes	Time	_	_	
26-43	5887-5895	emitting	_	_	_	
26-44	5896-5897	a	_	_	_	
26-45	5898-5904	strong	Quality	_	_	
26-46	5905-5910	odour	Smell\_Word	*|*|*	26-45|26-42|26-32	
26-47	5910-5911	.	_	_	_	

#Text=Bristling scent pencils, however, are most characteristic of the
#Text=moths, and these usually distinguish the males, although, being
#Text=commonly retained in their pouches, their presence is little suspected until they have been pricked out with a needle-point ;
#Text=but in the twilight Sphinges, especially quick of nerve, they are
#Text=sometimes found present in both sexes, and sharp fear, as we
#Text=touch or grasp the ilower-hoverer reposing in diurnal lethargy,
#Text=will cause their momentary expansion.
27-1	5912-5921	Bristling	_	_	_	
27-2	5922-5927	scent	Smell\_Word	*	27-3	
27-3	5928-5935	pencils	Smell\_Source	_	_	
27-4	5935-5936	,	_	_	_	
27-5	5937-5944	however	_	_	_	
27-6	5944-5945	,	_	_	_	
27-7	5946-5949	are	_	_	_	
27-8	5950-5954	most	_	_	_	
27-9	5955-5969	characteristic	_	_	_	
27-10	5970-5972	of	_	_	_	
27-11	5973-5976	the	_	_	_	
27-12	5977-5982	moths	_	_	_	
27-13	5982-5983	,	_	_	_	
27-14	5984-5987	and	_	_	_	
27-15	5988-5993	these	_	_	_	
27-16	5994-6001	usually	_	_	_	
27-17	6002-6013	distinguish	_	_	_	
27-18	6014-6017	the	_	_	_	
27-19	6018-6023	males	_	_	_	
27-20	6023-6024	,	_	_	_	
27-21	6025-6033	although	_	_	_	
27-22	6033-6034	,	_	_	_	
27-23	6035-6040	being	_	_	_	
27-24	6041-6049	commonly	_	_	_	
27-25	6050-6058	retained	_	_	_	
27-26	6059-6061	in	_	_	_	
27-27	6062-6067	their	_	_	_	
27-28	6068-6075	pouches	_	_	_	
27-29	6075-6076	,	_	_	_	
27-30	6077-6082	their	_	_	_	
27-31	6083-6091	presence	_	_	_	
27-32	6092-6094	is	_	_	_	
27-33	6095-6101	little	_	_	_	
27-34	6102-6111	suspected	_	_	_	
27-35	6112-6117	until	_	_	_	
27-36	6118-6122	they	_	_	_	
27-37	6123-6127	have	_	_	_	
27-38	6128-6132	been	_	_	_	
27-39	6133-6140	pricked	_	_	_	
27-40	6141-6144	out	_	_	_	
27-41	6145-6149	with	_	_	_	
27-42	6150-6151	a	_	_	_	
27-43	6152-6164	needle-point	_	_	_	
27-44	6165-6166	;	_	_	_	
27-45	6167-6170	but	_	_	_	
27-46	6171-6173	in	_	_	_	
27-47	6174-6177	the	_	_	_	
27-48	6178-6186	twilight	_	_	_	
27-49	6187-6195	Sphinges	_	_	_	
27-50	6195-6196	,	_	_	_	
27-51	6197-6207	especially	_	_	_	
27-52	6208-6213	quick	_	_	_	
27-53	6214-6216	of	_	_	_	
27-54	6217-6222	nerve	_	_	_	
27-55	6222-6223	,	_	_	_	
27-56	6224-6228	they	_	_	_	
27-57	6229-6232	are	_	_	_	
27-58	6233-6242	sometimes	_	_	_	
27-59	6243-6248	found	_	_	_	
27-60	6249-6256	present	_	_	_	
27-61	6257-6259	in	_	_	_	
27-62	6260-6264	both	_	_	_	
27-63	6265-6270	sexes	_	_	_	
27-64	6270-6271	,	_	_	_	
27-65	6272-6275	and	_	_	_	
27-66	6276-6281	sharp	_	_	_	
27-67	6282-6286	fear	_	_	_	
27-68	6286-6287	,	_	_	_	
27-69	6288-6290	as	_	_	_	
27-70	6291-6293	we	_	_	_	
27-71	6294-6299	touch	_	_	_	
27-72	6300-6302	or	_	_	_	
27-73	6303-6308	grasp	_	_	_	
27-74	6309-6312	the	_	_	_	
27-75	6313-6327	ilower-hoverer	_	_	_	
27-76	6328-6336	reposing	_	_	_	
27-77	6337-6339	in	_	_	_	
27-78	6340-6347	diurnal	_	_	_	
27-79	6348-6356	lethargy	_	_	_	
27-80	6356-6357	,	_	_	_	
27-81	6358-6362	will	_	_	_	
27-82	6363-6368	cause	_	_	_	
27-83	6369-6374	their	_	_	_	
27-84	6375-6384	momentary	_	_	_	
27-85	6385-6394	expansion	_	_	_	
27-86	6394-6395	.	_	_	_	

#Text=Thus when the male
#Text=Death ' s-Head Moth is on the point of Squeaking in our fingers,
#Text=as its abdomen inflates, a sessile pencil of yellow hair starts from
#Text=a fold between the dorsal and ventral arcs at the base (Plate V.,
#Text=Fig. 7b), expanding to a stellate form with swift whirling
#Text=motion, like a trundled mop (Fig. 7a) ; and immediately there
#Text=arises an oily volatile effluvia, resembling the scent of jessamines,
#Text=but soon becoming nauseous.
28-1	6396-6400	Thus	_	_	_	
28-2	6401-6405	when	_	_	_	
28-3	6406-6409	the	_	_	_	
28-4	6410-6414	male	_	_	_	
28-5	6415-6420	Death	_	_	_	
28-6	6421-6422	'	_	_	_	
28-7	6423-6429	s-Head	_	_	_	
28-8	6430-6434	Moth	_	_	_	
28-9	6435-6437	is	_	_	_	
28-10	6438-6440	on	_	_	_	
28-11	6441-6444	the	_	_	_	
28-12	6445-6450	point	_	_	_	
28-13	6451-6453	of	_	_	_	
28-14	6454-6463	Squeaking	_	_	_	
28-15	6464-6466	in	_	_	_	
28-16	6467-6470	our	_	_	_	
28-17	6471-6478	fingers	_	_	_	
28-18	6478-6479	,	_	_	_	
28-19	6480-6482	as	_	_	_	
28-20	6483-6486	its	_	_	_	
28-21	6487-6494	abdomen	_	_	_	
28-22	6495-6503	inflates	_	_	_	
28-23	6503-6504	,	_	_	_	
28-24	6505-6506	a	_	_	_	
28-25	6507-6514	sessile	_	_	_	
28-26	6515-6521	pencil	_	_	_	
28-27	6522-6524	of	_	_	_	
28-28	6525-6531	yellow	_	_	_	
28-29	6532-6536	hair	_	_	_	
28-30	6537-6543	starts	_	_	_	
28-31	6544-6548	from	_	_	_	
28-32	6549-6550	a	_	_	_	
28-33	6551-6555	fold	_	_	_	
28-34	6556-6563	between	_	_	_	
28-35	6564-6567	the	_	_	_	
28-36	6568-6574	dorsal	_	_	_	
28-37	6575-6578	and	_	_	_	
28-38	6579-6586	ventral	_	_	_	
28-39	6587-6591	arcs	_	_	_	
28-40	6592-6594	at	_	_	_	
28-41	6595-6598	the	_	_	_	
28-42	6599-6603	base	_	_	_	
28-43	6604-6605	(	_	_	_	
28-44	6605-6610	Plate	_	_	_	
28-45	6611-6612	V	_	_	_	
28-46	6612-6613	.	_	_	_	
28-47	6613-6614	,	_	_	_	
28-48	6615-6618	Fig	_	_	_	
28-49	6618-6619	.	_	_	_	
28-50	6620-6622	7b	_	_	_	
28-51	6622-6623	)	_	_	_	
28-52	6623-6624	,	_	_	_	
28-53	6625-6634	expanding	_	_	_	
28-54	6635-6637	to	_	_	_	
28-55	6638-6639	a	_	_	_	
28-56	6640-6648	stellate	_	_	_	
28-57	6649-6653	form	_	_	_	
28-58	6654-6658	with	_	_	_	
28-59	6659-6664	swift	_	_	_	
28-60	6665-6673	whirling	_	_	_	
28-61	6674-6680	motion	_	_	_	
28-62	6680-6681	,	_	_	_	
28-63	6682-6686	like	_	_	_	
28-64	6687-6688	a	_	_	_	
28-65	6689-6697	trundled	_	_	_	
28-66	6698-6701	mop	_	_	_	
28-67	6702-6703	(	_	_	_	
28-68	6703-6706	Fig	_	_	_	
28-69	6706-6707	.	_	_	_	
28-70	6708-6710	7a	_	_	_	
28-71	6710-6711	)	_	_	_	
28-72	6712-6713	;	_	_	_	
28-73	6714-6717	and	_	_	_	
28-74	6718-6729	immediately	_	_	_	
28-75	6730-6735	there	_	_	_	
28-76	6736-6742	arises	_	_	_	
28-77	6743-6745	an	_	_	_	
28-78	6746-6750	oily	Quality	_	_	
28-79	6751-6759	volatile	Quality	_	_	
28-80	6760-6768	effluvia	Smell\_Word	*|*|*|*	28-79|28-78|28-89|28-91	
28-81	6768-6769	,	_	_	_	
28-82	6770-6780	resembling	_	_	_	
28-83	6781-6784	the	_	_	_	
28-84	6785-6790	scent	Smell\_Word	*	28-85[34_0]	
28-85	6791-6793	of	Evoked\_Odorant[34]	_	_	
28-86	6794-6804	jessamines	Evoked\_Odorant[34]	_	_	
28-87	6804-6805	,	_	_	_	
28-88	6806-6809	but	_	_	_	
28-89	6810-6814	soon	Time	_	_	
28-90	6815-6823	becoming	_	_	_	
28-91	6824-6832	nauseous	Quality	_	_	
28-92	6832-6833	.	_	_	_	

#Text=This fluid aroma, secreted near
#Text=the insertion of the “ fans," and traversing by capillary attraction
#Text=to their extremity, stains them bright orange at the glands,
#Text=shaded into yellow at their tip.
29-1	6834-6838	This	_	_	_	
29-2	6839-6844	fluid	Smell\_Source	_	_	
29-3	6845-6850	aroma	Smell\_Word	*	29-2	
29-4	6850-6851	,	_	_	_	
29-5	6852-6860	secreted	_	_	_	
29-6	6861-6865	near	_	_	_	
29-7	6866-6869	the	_	_	_	
29-8	6870-6879	insertion	_	_	_	
29-9	6880-6882	of	_	_	_	
29-10	6883-6886	the	_	_	_	
29-11	6887-6888	“	_	_	_	
29-12	6889-6893	fans	_	_	_	
29-13	6893-6894	,	_	_	_	
29-14	6894-6895	"	_	_	_	
29-15	6896-6899	and	_	_	_	
29-16	6900-6910	traversing	_	_	_	
29-17	6911-6913	by	_	_	_	
29-18	6914-6923	capillary	_	_	_	
29-19	6924-6934	attraction	_	_	_	
29-20	6935-6937	to	_	_	_	
29-21	6938-6943	their	_	_	_	
29-22	6944-6953	extremity	_	_	_	
29-23	6953-6954	,	_	_	_	
29-24	6955-6961	stains	_	_	_	
29-25	6962-6966	them	_	_	_	
29-26	6967-6973	bright	_	_	_	
29-27	6974-6980	orange	_	_	_	
29-28	6981-6983	at	_	_	_	
29-29	6984-6987	the	_	_	_	
29-30	6988-6994	glands	_	_	_	
29-31	6994-6995	,	_	_	_	
29-32	6996-7002	shaded	_	_	_	
29-33	7003-7007	into	_	_	_	
29-34	7008-7014	yellow	_	_	_	
29-35	7015-7017	at	_	_	_	
29-36	7018-7023	their	_	_	_	
29-37	7024-7027	tip	_	_	_	
29-38	7027-7028	.	_	_	_	

#Text=Similar “fans" in the Convolvulus Hawk convey the sensation of amber or musk, and their
#Text=anatomy has been investigated by Prof.
30-1	7029-7036	Similar	_	_	_	
30-2	7037-7038	“	_	_	_	
30-3	7038-7042	fans	_	_	_	
30-4	7042-7043	"	_	_	_	
30-5	7044-7046	in	_	_	_	
30-6	7047-7050	the	_	_	_	
30-7	7051-7062	Convolvulus	_	_	_	
30-8	7063-7067	Hawk	_	_	_	
30-9	7068-7074	convey	_	_	_	
30-10	7075-7078	the	_	_	_	
30-11	7079-7088	sensation	_	_	_	
30-12	7089-7091	of	_	_	_	
30-13	7092-7097	amber	_	_	_	
30-14	7098-7100	or	_	_	_	
30-15	7101-7105	musk	_	_	_	
30-16	7105-7106	,	_	_	_	
30-17	7107-7110	and	_	_	_	
30-18	7111-7116	their	_	_	_	
30-19	7117-7124	anatomy	_	_	_	
30-20	7125-7128	has	_	_	_	
30-21	7129-7133	been	_	_	_	
30-22	7134-7146	investigated	_	_	_	
30-23	7147-7149	by	_	_	_	
30-24	7150-7154	Prof	_	_	_	
30-25	7154-7155	.	_	_	_	

#Text=Targioni, who describes
#Text=the hyperdomal tissue opposite the insertion of the “ fans " as
#Text=composed of hexagonally nucleated pyriform cells, from each
#Text=of which proceeds a tube to the base of the several hairs of the
#Text=fascicle, which are inserted by means of a process; so that the
#Text=unicellular glandules secrete the odoriferous matter, and the
#Text=hairs become their excretory ducts.
31-1	7156-7164	Targioni	_	_	_	
31-2	7164-7165	,	_	_	_	
31-3	7166-7169	who	_	_	_	
31-4	7170-7179	describes	_	_	_	
31-5	7180-7183	the	_	_	_	
31-6	7184-7194	hyperdomal	_	_	_	
31-7	7195-7201	tissue	_	_	_	
31-8	7202-7210	opposite	_	_	_	
31-9	7211-7214	the	_	_	_	
31-10	7215-7224	insertion	_	_	_	
31-11	7225-7227	of	_	_	_	
31-12	7228-7231	the	_	_	_	
31-13	7232-7233	“	_	_	_	
31-14	7234-7238	fans	_	_	_	
31-15	7239-7240	"	_	_	_	
31-16	7241-7243	as	_	_	_	
31-17	7244-7252	composed	_	_	_	
31-18	7253-7255	of	_	_	_	
31-19	7256-7267	hexagonally	_	_	_	
31-20	7268-7277	nucleated	_	_	_	
31-21	7278-7286	pyriform	_	_	_	
31-22	7287-7292	cells	_	_	_	
31-23	7292-7293	,	_	_	_	
31-24	7294-7298	from	_	_	_	
31-25	7299-7303	each	_	_	_	
31-26	7304-7306	of	_	_	_	
31-27	7307-7312	which	_	_	_	
31-28	7313-7321	proceeds	_	_	_	
31-29	7322-7323	a	_	_	_	
31-30	7324-7328	tube	_	_	_	
31-31	7329-7331	to	_	_	_	
31-32	7332-7335	the	_	_	_	
31-33	7336-7340	base	_	_	_	
31-34	7341-7343	of	_	_	_	
31-35	7344-7347	the	_	_	_	
31-36	7348-7355	several	_	_	_	
31-37	7356-7361	hairs	_	_	_	
31-38	7362-7364	of	_	_	_	
31-39	7365-7368	the	_	_	_	
31-40	7369-7377	fascicle	_	_	_	
31-41	7377-7378	,	_	_	_	
31-42	7379-7384	which	_	_	_	
31-43	7385-7388	are	_	_	_	
31-44	7389-7397	inserted	_	_	_	
31-45	7398-7400	by	_	_	_	
31-46	7401-7406	means	_	_	_	
31-47	7407-7409	of	_	_	_	
31-48	7410-7411	a	_	_	_	
31-49	7412-7419	process	_	_	_	
31-50	7419-7420	;	_	_	_	
31-51	7421-7423	so	_	_	_	
31-52	7424-7428	that	_	_	_	
31-53	7429-7432	the	_	_	_	
31-54	7433-7444	unicellular	_	_	_	
31-55	7445-7454	glandules	_	_	_	
31-56	7455-7462	secrete	_	_	_	
31-57	7463-7466	the	_	_	_	
31-58	7467-7478	odoriferous	Smell\_Word[35]|Quality[36]	*|*	31-58[36_35]|31-59[0_35]	
31-59	7479-7485	matter	Smell\_Source	_	_	
31-60	7485-7486	,	_	_	_	
31-61	7487-7490	and	_	_	_	
31-62	7491-7494	the	_	_	_	
31-63	7495-7500	hairs	_	_	_	
31-64	7501-7507	become	_	_	_	
31-65	7508-7513	their	_	_	_	
31-66	7514-7523	excretory	_	_	_	
31-67	7524-7529	ducts	_	_	_	
31-68	7529-7530	.	_	_	_	

#Text=These “fans " are likewise
#Text=said to exist in the male Privet Hawk Moth, and may characterise the genus Sphinx.
32-1	7531-7536	These	_	_	_	
32-2	7537-7538	“	_	_	_	
32-3	7538-7542	fans	_	_	_	
32-4	7543-7544	"	_	_	_	
32-5	7545-7548	are	_	_	_	
32-6	7549-7557	likewise	_	_	_	
32-7	7558-7562	said	_	_	_	
32-8	7563-7565	to	_	_	_	
32-9	7566-7571	exist	_	_	_	
32-10	7572-7574	in	_	_	_	
32-11	7575-7578	the	_	_	_	
32-12	7579-7583	male	_	_	_	
32-13	7584-7590	Privet	_	_	_	
32-14	7591-7595	Hawk	_	_	_	
32-15	7596-7600	Moth	_	_	_	
32-16	7600-7601	,	_	_	_	
32-17	7602-7605	and	_	_	_	
32-18	7606-7609	may	_	_	_	
32-19	7610-7622	characterise	_	_	_	
32-20	7623-7626	the	_	_	_	
32-21	7627-7632	genus	_	_	_	
32-22	7633-7639	Sphinx	_	_	_	
32-23	7639-7640	.	_	_	_	
