#FORMAT=WebAnno TSV 3.3
#T_SP=custom.Span|label
#T_RL=custom.Relation|label|BT_custom.Span


#Text=« A Mars, un parfum de l'euphorbe, d'un arbre noir, appelé bdellium, do l'armoniac, des racines des deux ellébores, de la pierre d'aimant et un peu de souphre ; le tout s'incorpore avec la cervelle d'un corbeau, du sang d'homme et du sang d'un chat noir
1-1	0-1	«	_	_	_	
1-2	2-3	A	_	_	_	
1-3	4-8	Mars	Perceiver	_	_	
1-4	8-9	,	_	_	_	
1-5	10-12	un	_	_	_	
1-6	13-19	parfum	Smell\_Word	*|*|*|*|*|*|*	1-3|1-32[4_0]|1-28[3_0]|1-8|1-11[1_0]|1-18|1-21[2_0]	
1-7	20-22	de	_	_	_	
1-8	23-33	l'euphorbe	Smell\_Source	_	_	
1-9	33-34	,	_	_	_	
1-10	35-39	d'un	_	_	_	
1-11	40-45	arbre	Smell\_Source[1]	_	_	
1-12	46-50	noir	Smell\_Source[1]	_	_	
1-13	50-51	,	Smell\_Source[1]	_	_	
1-14	52-58	appelé	Smell\_Source[1]	_	_	
1-15	59-67	bdellium	Smell\_Source[1]	_	_	
1-16	67-68	,	_	_	_	
1-17	69-71	do	_	_	_	
1-18	72-82	l'armoniac	Smell\_Source	_	_	
1-19	82-83	,	_	_	_	
1-20	84-87	des	_	_	_	
1-21	88-95	racines	Smell\_Source[2]	_	_	
1-22	96-99	des	Smell\_Source[2]	_	_	
1-23	100-104	deux	Smell\_Source[2]	_	_	
1-24	105-114	ellébores	Smell\_Source[2]	_	_	
1-25	114-115	,	_	_	_	
1-26	116-118	de	_	_	_	
1-27	119-121	la	_	_	_	
1-28	122-128	pierre	Smell\_Source[3]	_	_	
1-29	129-137	d'aimant	Smell\_Source[3]	_	_	
1-30	138-140	et	_	_	_	
1-31	141-143	un	_	_	_	
1-32	144-147	peu	Smell\_Source[4]	_	_	
1-33	148-150	de	Smell\_Source[4]	_	_	
1-34	151-158	souphre	Smell\_Source[4]	_	_	
1-35	159-160	;	_	_	_	
1-36	161-163	le	_	_	_	
1-37	164-168	tout	_	_	_	
1-38	169-180	s'incorpore	_	_	_	
1-39	181-185	avec	_	_	_	
1-40	186-188	la	_	_	_	
1-41	189-197	cervelle	_	_	_	
1-42	198-202	d'un	_	_	_	
1-43	203-210	corbeau	_	_	_	
1-44	210-211	,	_	_	_	
1-45	212-214	du	_	_	_	
1-46	215-219	sang	_	_	_	
1-47	220-227	d'homme	_	_	_	
1-48	228-230	et	_	_	_	
1-49	231-233	du	_	_	_	
1-50	234-238	sang	_	_	_	
1-51	239-243	d'un	_	_	_	
1-52	244-248	chat	_	_	_	
1-53	249-253	noir	_	_	_	

#Text=.
2-1	253-254	.	_	_	_	

#Text=« A Vénus on parfume du musc, de l'ambre, du bois d'aloès, des roses rouges et du corail rouge et on achève avec des cervelles de passereaux et du sang de pigeon
3-1	258-259	«	_	_	_	
3-2	260-261	A	_	_	_	
3-3	262-267	Vénus	Perceiver	_	_	
3-4	268-270	on	_	_	_	
3-5	271-278	parfume	Smell\_Word	*|*|*|*|*|*	3-3|3-7|3-10|3-13[5_0]|3-17[6_0]|3-21[7_0]	
3-6	279-281	du	_	_	_	
3-7	282-286	musc	Smell\_Source	_	_	
3-8	286-287	,	_	_	_	
3-9	288-290	de	_	_	_	
3-10	291-298	l'ambre	Smell\_Source	_	_	
3-11	298-299	,	_	_	_	
3-12	300-302	du	_	_	_	
3-13	303-307	bois	Smell\_Source[5]	_	_	
3-14	308-315	d'aloès	Smell\_Source[5]	_	_	
3-15	315-316	,	_	_	_	
3-16	317-320	des	_	_	_	
3-17	321-326	roses	Smell\_Source[6]	_	_	
3-18	327-333	rouges	Smell\_Source[6]	_	_	
3-19	334-336	et	_	_	_	
3-20	337-339	du	_	_	_	
3-21	340-346	corail	Smell\_Source[7]	_	_	
3-22	347-352	rouge	Smell\_Source[7]	_	_	
3-23	353-355	et	_	_	_	
3-24	356-358	on	_	_	_	
3-25	359-365	achève	_	_	_	
3-26	366-370	avec	_	_	_	
3-27	371-374	des	_	_	_	
3-28	375-384	cervelles	_	_	_	
3-29	385-387	de	_	_	_	
3-30	388-398	passereaux	_	_	_	
3-31	399-401	et	_	_	_	
3-32	402-404	du	_	_	_	
3-33	405-409	sang	_	_	_	
3-34	410-412	de	_	_	_	
3-35	413-419	pigeon	_	_	_	

#Text=.
4-1	419-420	.	_	_	_	

#Text=« Les parfums à Mercure se font do mastic, d'encens, avec des girofles, du quinte-feuille, des pierres d'agate ; et tout cela s'incorpore avec de la cervelle de renard ou de beletto et avec du sang do pie
5-1	424-425	«	_	_	_	
5-2	426-429	Les	_	_	_	
5-3	430-437	parfums	Smell\_Word	*|*|*|*|*|*	5-21[8_0]|5-5|5-9|5-11|5-15|5-18	
5-4	438-439	à	_	_	_	
5-5	440-447	Mercure	Perceiver	_	_	
5-6	448-450	se	_	_	_	
5-7	451-455	font	_	_	_	
5-8	456-458	do	_	_	_	
5-9	459-465	mastic	Smell\_Source	_	_	
5-10	465-466	,	_	_	_	
5-11	467-475	d'encens	Smell\_Source	_	_	
5-12	475-476	,	_	_	_	
5-13	477-481	avec	_	_	_	
5-14	482-485	des	_	_	_	
5-15	486-494	girofles	Smell\_Source	_	_	
5-16	494-495	,	_	_	_	
5-17	496-498	du	_	_	_	
5-18	499-513	quinte-feuille	Smell\_Source	_	_	
5-19	513-514	,	_	_	_	
5-20	515-518	des	_	_	_	
5-21	519-526	pierres	Smell\_Source[8]	_	_	
5-22	527-534	d'agate	Smell\_Source[8]	_	_	
5-23	535-536	;	_	_	_	
5-24	537-539	et	_	_	_	
5-25	540-544	tout	_	_	_	
5-26	545-549	cela	_	_	_	
5-27	550-561	s'incorpore	_	_	_	
5-28	562-566	avec	_	_	_	
5-29	567-569	de	_	_	_	
5-30	570-572	la	_	_	_	
5-31	573-581	cervelle	_	_	_	
5-32	582-584	de	_	_	_	
5-33	585-591	renard	_	_	_	
5-34	592-594	ou	_	_	_	
5-35	595-597	de	_	_	_	
5-36	598-605	beletto	_	_	_	
5-37	606-608	et	_	_	_	
5-38	609-613	avec	_	_	_	
5-39	614-616	du	_	_	_	
5-40	617-621	sang	_	_	_	
5-41	622-624	do	_	_	_	
5-42	625-628	pie	_	_	_	

#Text=.
6-1	628-629	.	_	_	_	

#Text=« Il y a, outre cela, du parfum à Saturne de toutes sortes de racines odoriférantes, comme du cost ou coq, et de l'herbe d'encens
7-1	633-634	«	_	_	_	
7-2	635-637	Il	_	_	_	
7-3	638-639	y	_	_	_	
7-4	640-641	a	_	_	_	
7-5	641-642	,	_	_	_	
7-6	643-648	outre	_	_	_	
7-7	649-653	cela	_	_	_	
7-8	653-654	,	_	_	_	
7-9	655-657	du	_	_	_	
7-10	658-664	parfum	Smell\_Word	*|*|*|*|*	7-17|7-12|7-28[9_0]|7-24|7-22	
7-11	665-666	à	_	_	_	
7-12	667-674	Saturne	Perceiver	_	_	
7-13	675-677	de	_	_	_	
7-14	678-684	toutes	_	_	_	
7-15	685-691	sortes	_	_	_	
7-16	692-694	de	_	_	_	
7-17	695-702	racines	Smell\_Source	_	_	
7-18	703-716	odoriférantes	Smell\_Word	*	7-17	
7-19	716-717	,	_	_	_	
7-20	718-723	comme	_	_	_	
7-21	724-726	du	_	_	_	
7-22	727-731	cost	Smell\_Source	_	_	
7-23	732-734	ou	_	_	_	
7-24	735-738	coq	Smell\_Source	_	_	
7-25	738-739	,	_	_	_	
7-26	740-742	et	_	_	_	
7-27	743-745	de	_	_	_	
7-28	746-753	l'herbe	Smell\_Source[9]	_	_	
7-29	754-762	d'encens	Smell\_Source[9]	_	_	

#Text=.
8-1	762-763	.	_	_	_	

#Text=« A Jupiter, tous les fruits odoriférants, comme la noix muscade et les girofles
9-1	767-768	«	_	_	_	
9-2	769-770	A	_	_	_	
9-3	771-778	Jupiter	Perceiver	_	_	
9-4	778-779	,	_	_	_	
9-5	780-784	tous	_	_	_	
9-6	785-788	les	_	_	_	
9-7	789-795	fruits	Smell\_Source	_	_	
9-8	796-808	odoriférants	Smell\_Word	*|*|*|*	9-3|9-12[10_0]|9-7|9-16	
9-9	808-809	,	_	_	_	
9-10	810-815	comme	_	_	_	
9-11	816-818	la	_	_	_	
9-12	819-823	noix	Smell\_Source[10]	_	_	
9-13	824-831	muscade	Smell\_Source[10]	_	_	
9-14	832-834	et	_	_	_	
9-15	835-838	les	_	_	_	
9-16	839-847	girofles	Smell\_Source	_	_	

#Text=.
10-1	847-848	.	_	_	_	

#Text=« A Mars, tous les bois odoriférants de santal, de cyprès, do baume et d'aloès
11-1	852-853	«	_	_	_	
11-2	854-855	A	_	_	_	
11-3	856-860	Mars	Perceiver	_	_	
11-4	860-861	,	_	_	_	
11-5	862-866	tous	_	_	_	
11-6	867-870	les	_	_	_	
11-7	871-875	bois	Smell\_Source	_	_	
11-8	876-888	odoriférants	Smell\_Word	*|*|*|*|*|*	11-10|11-13|11-16|11-18|11-7|11-3	
11-9	889-891	de	_	_	_	
11-10	892-898	santal	Smell\_Source	_	_	
11-11	898-899	,	_	_	_	
11-12	900-902	de	_	_	_	
11-13	903-909	cyprès	Smell\_Source	_	_	
11-14	909-910	,	_	_	_	
11-15	911-913	do	_	_	_	
11-16	914-919	baume	Smell\_Source	_	_	
11-17	920-922	et	_	_	_	
11-18	923-930	d'aloès	Smell\_Source	_	_	

#Text=.
12-1	930-931	.	_	_	_	

#Text=« Au Soleil, toutes sortes de gommes, l'encens, le mastic, le benzoe, le storax, le ladanum, l'ambre et le musc
13-1	935-936	«	_	_	_	
13-2	937-939	Au	_	_	_	
13-3	940-946	Soleil	_	_	_	
13-4	946-947	,	_	_	_	
13-5	948-954	toutes	_	_	_	
13-6	955-961	sortes	_	_	_	
13-7	962-964	de	_	_	_	
13-8	965-971	gommes	_	_	_	
13-9	971-972	,	_	_	_	
13-10	973-981	l'encens	_	_	_	
13-11	981-982	,	_	_	_	
13-12	983-985	le	_	_	_	
13-13	986-992	mastic	_	_	_	
13-14	992-993	,	_	_	_	
13-15	994-996	le	_	_	_	
13-16	997-1003	benzoe	_	_	_	
13-17	1003-1004	,	_	_	_	
13-18	1005-1007	le	_	_	_	
13-19	1008-1014	storax	_	_	_	
13-20	1014-1015	,	_	_	_	
13-21	1016-1018	le	_	_	_	
13-22	1019-1026	ladanum	_	_	_	
13-23	1026-1027	,	_	_	_	
13-24	1028-1035	l'ambre	_	_	_	
13-25	1036-1038	et	_	_	_	
13-26	1039-1041	le	_	_	_	
13-27	1042-1046	musc	_	_	_	

#Text=.
14-1	1046-1047	.	_	_	_	

#Text=« A Vénus, les fleurs, les roses, la violette, le safran et parfums semblables
15-1	1051-1052	«	_	_	_	
15-2	1053-1054	A	_	_	_	
15-3	1055-1060	Vénus	Perceiver	_	_	
15-4	1060-1061	,	_	_	_	
15-5	1062-1065	les	_	_	_	
15-6	1066-1072	fleurs	Smell\_Source	_	_	
15-7	1072-1073	,	_	_	_	
15-8	1074-1077	les	_	_	_	
15-9	1078-1083	roses	Smell\_Source	_	_	
15-10	1083-1084	,	_	_	_	
15-11	1085-1087	la	_	_	_	
15-12	1088-1096	violette	Smell\_Source	_	_	
15-13	1096-1097	,	_	_	_	
15-14	1098-1100	le	_	_	_	
15-15	1101-1107	safran	Smell\_Source	_	_	
15-16	1108-1110	et	_	_	_	
15-17	1111-1118	parfums	Smell\_Word	*|*|*|*|*|*	15-3|15-18|15-15|15-6|15-9|15-12	
15-18	1119-1129	semblables	Quality	_	_	

#Text=.
16-1	1129-1130	.	_	_	_	

#Text=« A Mercure, toutes les écorces do bois et de fruits, comme la vraie cannelle, le bois de casse, du macis, les écorces de citron, les graines de laurier et toutes les graines odoriférantes
17-1	1134-1135	«	_	_	_	
17-2	1136-1137	A	_	_	_	
17-3	1138-1145	Mercure	_	_	_	
17-4	1145-1146	,	_	_	_	
17-5	1147-1153	toutes	_	_	_	
17-6	1154-1157	les	_	_	_	
17-7	1158-1165	écorces	_	_	_	
17-8	1166-1168	do	_	_	_	
17-9	1169-1173	bois	_	_	_	
17-10	1174-1176	et	_	_	_	
17-11	1177-1179	de	_	_	_	
17-12	1180-1186	fruits	_	_	_	
17-13	1186-1187	,	_	_	_	
17-14	1188-1193	comme	_	_	_	
17-15	1194-1196	la	_	_	_	
17-16	1197-1202	vraie	_	_	_	
17-17	1203-1211	cannelle	_	_	_	
17-18	1211-1212	,	_	_	_	
17-19	1213-1215	le	_	_	_	
17-20	1216-1220	bois	_	_	_	
17-21	1221-1223	de	_	_	_	
17-22	1224-1229	casse	_	_	_	
17-23	1229-1230	,	_	_	_	
17-24	1231-1233	du	_	_	_	
17-25	1234-1239	macis	_	_	_	
17-26	1239-1240	,	_	_	_	
17-27	1241-1244	les	_	_	_	
17-28	1245-1252	écorces	_	_	_	
17-29	1253-1255	de	_	_	_	
17-30	1256-1262	citron	_	_	_	
17-31	1262-1263	,	_	_	_	
17-32	1264-1267	les	_	_	_	
17-33	1268-1275	graines	_	_	_	
17-34	1276-1278	de	_	_	_	
17-35	1279-1286	laurier	_	_	_	
17-36	1287-1289	et	_	_	_	
17-37	1290-1296	toutes	_	_	_	
17-38	1297-1300	les	_	_	_	
17-39	1301-1308	graines	_	_	_	
17-40	1309-1322	odoriférantes	_	_	_	

#Text=.
18-1	1322-1323	.	_	_	_	

#Text=« A la Lune, toutes les feuilles des végétaux, comme la feuille d'Inde, et les feuilles de myrthe et de laurier
19-1	1327-1328	«	_	_	_	
19-2	1329-1330	A	_	_	_	
19-3	1331-1333	la	_	_	_	
19-4	1334-1338	Lune	_	_	_	
19-5	1338-1339	,	_	_	_	
19-6	1340-1346	toutes	_	_	_	
19-7	1347-1350	les	_	_	_	
19-8	1351-1359	feuilles	_	_	_	
19-9	1360-1363	des	_	_	_	
19-10	1364-1372	végétaux	_	_	_	
19-11	1372-1373	,	_	_	_	
19-12	1374-1379	comme	_	_	_	
19-13	1380-1382	la	_	_	_	
19-14	1383-1390	feuille	_	_	_	
19-15	1391-1397	d'Inde	_	_	_	
19-16	1397-1398	,	_	_	_	
19-17	1399-1401	et	_	_	_	
19-18	1402-1405	les	_	_	_	
19-19	1406-1414	feuilles	_	_	_	
19-20	1415-1417	de	_	_	_	
19-21	1418-1424	myrthe	_	_	_	
19-22	1425-1427	et	_	_	_	
19-23	1428-1430	de	_	_	_	
19-24	1431-1438	laurier	_	_	_	

#Text=.
20-1	1438-1439	.	_	_	_	

#Text=« Il faut savoir, outre cela, que, suivant les opinions des magiciens en toute bonne oeuvre, comme sont l'amour et la bienveillance, le parfum doit être bon, de bonne odeur et précieux ; et dans une mauvaise opération comme sont la haine, la colère, le malheur et semblables, le parfum doit être impur, de mauvaise odeur et de vil prix
21-1	1443-1444	«	_	_	_	
21-2	1445-1447	Il	_	_	_	
21-3	1448-1452	faut	_	_	_	
21-4	1453-1459	savoir	_	_	_	
21-5	1459-1460	,	_	_	_	
21-6	1461-1466	outre	_	_	_	
21-7	1467-1471	cela	_	_	_	
21-8	1471-1472	,	_	_	_	
21-9	1473-1476	que	_	_	_	
21-10	1476-1477	,	_	_	_	
21-11	1478-1485	suivant	_	_	_	
21-12	1486-1489	les	_	_	_	
21-13	1490-1498	opinions	_	_	_	
21-14	1499-1502	des	_	_	_	
21-15	1503-1512	magiciens	_	_	_	
21-16	1513-1515	en	_	_	_	
21-17	1516-1521	toute	_	_	_	
21-18	1522-1527	bonne	_	_	_	
21-19	1528-1534	oeuvre	_	_	_	
21-20	1534-1535	,	_	_	_	
21-21	1536-1541	comme	_	_	_	
21-22	1542-1546	sont	_	_	_	
21-23	1547-1554	l'amour	_	_	_	
21-24	1555-1557	et	_	_	_	
21-25	1558-1560	la	_	_	_	
21-26	1561-1574	bienveillance	_	_	_	
21-27	1574-1575	,	_	_	_	
21-28	1576-1578	le	_	_	_	
21-29	1579-1585	parfum	_	_	_	
21-30	1586-1590	doit	_	_	_	
21-31	1591-1595	être	_	_	_	
21-32	1596-1599	bon	_	_	_	
21-33	1599-1600	,	_	_	_	
21-34	1601-1603	de	_	_	_	
21-35	1604-1609	bonne	_	_	_	
21-36	1610-1615	odeur	_	_	_	
21-37	1616-1618	et	_	_	_	
21-38	1619-1627	précieux	_	_	_	
21-39	1628-1629	;	_	_	_	
21-40	1630-1632	et	_	_	_	
21-41	1633-1637	dans	_	_	_	
21-42	1638-1641	une	_	_	_	
21-43	1642-1650	mauvaise	_	_	_	
21-44	1651-1660	opération	_	_	_	
21-45	1661-1666	comme	_	_	_	
21-46	1667-1671	sont	_	_	_	
21-47	1672-1674	la	_	_	_	
21-48	1675-1680	haine	_	_	_	
21-49	1680-1681	,	_	_	_	
21-50	1682-1684	la	_	_	_	
21-51	1685-1691	colère	_	_	_	
21-52	1691-1692	,	_	_	_	
21-53	1693-1695	le	_	_	_	
21-54	1696-1703	malheur	_	_	_	
21-55	1704-1706	et	_	_	_	
21-56	1707-1717	semblables	_	_	_	
21-57	1717-1718	,	_	_	_	
21-58	1719-1721	le	_	_	_	
21-59	1722-1728	parfum	_	_	_	
21-60	1729-1733	doit	_	_	_	
21-61	1734-1738	être	_	_	_	
21-62	1739-1744	impur	_	_	_	
21-63	1744-1745	,	_	_	_	
21-64	1746-1748	de	_	_	_	
21-65	1749-1757	mauvaise	_	_	_	
21-66	1758-1763	odeur	_	_	_	
21-67	1764-1766	et	_	_	_	
21-68	1767-1769	de	_	_	_	
21-69	1770-1773	vil	_	_	_	
21-70	1774-1778	prix	_	_	_	

#Text=.
22-1	1778-1779	.	_	_	_	

#Text=« Les douze signes du ZODIAQUE ont aussi leurs parfums, comme : le Bélier a la myrrhe ; le Taureau a le cost ou coq ; les Jumeaux, le mastic; l'Ecrevisse, le camphre ; le Lion, l'encens ; la Vierge, le sandal ; la Balance, le galbanon ; le Scorpion, l'opoponax ; le Sagittaire, le bois d'aloès ; le Capricorne, l'ase ; le Verseau, l'euphorbe ; les Poissons, le thym
23-1	1783-1784	«	_	_	_	
23-2	1785-1788	Les	_	_	_	
23-3	1789-1794	douze	_	_	_	
23-4	1795-1801	signes	_	_	_	
23-5	1802-1804	du	_	_	_	
23-6	1805-1813	ZODIAQUE	_	_	_	
23-7	1814-1817	ont	_	_	_	
23-8	1818-1823	aussi	_	_	_	
23-9	1824-1829	leurs	_	_	_	
23-10	1830-1837	parfums	Smell\_Word	*|*|*|*|*|*|*|*|*|*|*|*|*	23-24|23-26|23-32|23-37|23-42|23-48|23-54|23-59|23-71|23-65[11_0]|23-82|23-76|23-18	
23-11	1837-1838	,	_	_	_	
23-12	1839-1844	comme	_	_	_	
23-13	1845-1846	:	_	_	_	
23-14	1847-1849	le	_	_	_	
23-15	1850-1856	Bélier	_	_	_	
23-16	1857-1858	a	_	_	_	
23-17	1859-1861	la	_	_	_	
23-18	1862-1868	myrrhe	Smell\_Source	_	_	
23-19	1869-1870	;	_	_	_	
23-20	1871-1873	le	_	_	_	
23-21	1874-1881	Taureau	_	_	_	
23-22	1882-1883	a	_	_	_	
23-23	1884-1886	le	_	_	_	
23-24	1887-1891	cost	Smell\_Source	_	_	
23-25	1892-1894	ou	_	_	_	
23-26	1895-1898	coq	Smell\_Source	_	_	
23-27	1899-1900	;	_	_	_	
23-28	1901-1904	les	_	_	_	
23-29	1905-1912	Jumeaux	_	_	_	
23-30	1912-1913	,	_	_	_	
23-31	1914-1916	le	_	_	_	
23-32	1917-1923	mastic	Smell\_Source	_	_	
23-33	1923-1924	;	_	_	_	
23-34	1925-1936	l'Ecrevisse	_	_	_	
23-35	1936-1937	,	_	_	_	
23-36	1938-1940	le	_	_	_	
23-37	1941-1948	camphre	Smell\_Source	_	_	
23-38	1949-1950	;	_	_	_	
23-39	1951-1953	le	_	_	_	
23-40	1954-1958	Lion	_	_	_	
23-41	1958-1959	,	_	_	_	
23-42	1960-1968	l'encens	Smell\_Source	_	_	
23-43	1969-1970	;	_	_	_	
23-44	1971-1973	la	_	_	_	
23-45	1974-1980	Vierge	_	_	_	
23-46	1980-1981	,	_	_	_	
23-47	1982-1984	le	_	_	_	
23-48	1985-1991	sandal	Smell\_Source	_	_	
23-49	1992-1993	;	_	_	_	
23-50	1994-1996	la	_	_	_	
23-51	1997-2004	Balance	_	_	_	
23-52	2004-2005	,	_	_	_	
23-53	2006-2008	le	_	_	_	
23-54	2009-2017	galbanon	Smell\_Source	_	_	
23-55	2018-2019	;	_	_	_	
23-56	2020-2022	le	_	_	_	
23-57	2023-2031	Scorpion	_	_	_	
23-58	2031-2032	,	_	_	_	
23-59	2033-2043	l'opoponax	Smell\_Source	_	_	
23-60	2044-2045	;	_	_	_	
23-61	2046-2048	le	_	_	_	
23-62	2049-2059	Sagittaire	_	_	_	
23-63	2059-2060	,	_	_	_	
23-64	2061-2063	le	_	_	_	
23-65	2064-2068	bois	Smell\_Source[11]	_	_	
23-66	2069-2076	d'aloès	Smell\_Source[11]	_	_	
23-67	2077-2078	;	_	_	_	
23-68	2079-2081	le	_	_	_	
23-69	2082-2092	Capricorne	_	_	_	
23-70	2092-2093	,	_	_	_	
23-71	2094-2099	l'ase	Smell\_Source	_	_	
23-72	2100-2101	;	_	_	_	
23-73	2102-2104	le	_	_	_	
23-74	2105-2112	Verseau	_	_	_	
23-75	2112-2113	,	_	_	_	
23-76	2114-2124	l'euphorbe	Smell\_Source	_	_	
23-77	2125-2126	;	_	_	_	
23-78	2127-2130	les	_	_	_	
23-79	2131-2139	Poissons	_	_	_	
23-80	2139-2140	,	_	_	_	
23-81	2141-2143	le	_	_	_	
23-82	2144-2148	thym	Smell\_Source	_	_	

#Text=.
24-1	2148-2149	.	_	_	_	

#Text=« Hermès décrit le plus grand et le plus fort parfum, composé des drogues cy-après, suivant la force et la valeur des sept Planètes j car il prend :\r
#Text=\r
#Text=« De Saturne, le cost ;\r
#Text=\r
#Text=« De Jupiter, la noix muscade ;\r
#Text=\r
#Text=« De Mars, le bois d'aloès ;\r
#Text=\r
#Text=c Du Soleil, le inathô ;\r
#Text=\r
#Text=« De Vénust le safran ;\r
#Text=\r
#Text=« De Mercure, la vrayc cannelle ;\r
#Text=\r
#Text=« Et do la Lune, la myrrhe.
25-1	2153-2154	«	_	_	_	
25-2	2155-2161	Hermès	Perceiver	_	_	
25-3	2162-2168	décrit	_	_	_	
25-4	2169-2171	le	Quality[12]	_	_	
25-5	2172-2176	plus	Quality[12]	_	_	
25-6	2177-2182	grand	Quality[12]	_	_	
25-7	2183-2185	et	_	_	_	
25-8	2186-2188	le	Quality[13]	_	_	
25-9	2189-2193	plus	Quality[13]	_	_	
25-10	2194-2198	fort	Quality[13]	_	_	
25-11	2199-2205	parfum	Smell\_Word	*|*|*|*|*|*|*|*|*|*|*	25-8[13_0]|25-4[12_0]|25-2|25-15|25-37|25-44[14_0]|25-52[15_0]|25-60|25-83|25-74|25-66	
25-12	2205-2206	,	_	_	_	
25-13	2207-2214	composé	_	_	_	
25-14	2215-2218	des	_	_	_	
25-15	2219-2226	drogues	Smell\_Source	_	_	
25-16	2227-2235	cy-après	_	_	_	
25-17	2235-2236	,	_	_	_	
25-18	2237-2244	suivant	_	_	_	
25-19	2245-2247	la	_	_	_	
25-20	2248-2253	force	_	_	_	
25-21	2254-2256	et	_	_	_	
25-22	2257-2259	la	_	_	_	
25-23	2260-2266	valeur	_	_	_	
25-24	2267-2270	des	_	_	_	
25-25	2271-2275	sept	_	_	_	
25-26	2276-2284	Planètes	_	_	_	
25-27	2285-2286	j	_	_	_	
25-28	2287-2290	car	_	_	_	
25-29	2291-2293	il	_	_	_	
25-30	2294-2299	prend	_	_	_	
25-31	2300-2301	:	_	_	_	
25-32	2305-2306	«	_	_	_	
25-33	2307-2309	De	_	_	_	
25-34	2310-2317	Saturne	_	_	_	
25-35	2317-2318	,	_	_	_	
25-36	2319-2321	le	_	_	_	
25-37	2322-2326	cost	Smell\_Source	_	_	
25-38	2327-2328	;	_	_	_	
25-39	2332-2333	«	_	_	_	
25-40	2334-2336	De	_	_	_	
25-41	2337-2344	Jupiter	_	_	_	
25-42	2344-2345	,	_	_	_	
25-43	2346-2348	la	_	_	_	
25-44	2349-2353	noix	Smell\_Source[14]	_	_	
25-45	2354-2361	muscade	Smell\_Source[14]	_	_	
25-46	2362-2363	;	_	_	_	
25-47	2367-2368	«	_	_	_	
25-48	2369-2371	De	_	_	_	
25-49	2372-2376	Mars	_	_	_	
25-50	2376-2377	,	_	_	_	
25-51	2378-2380	le	_	_	_	
25-52	2381-2385	bois	Smell\_Source[15]	_	_	
25-53	2386-2393	d'aloès	Smell\_Source[15]	_	_	
25-54	2394-2395	;	_	_	_	
25-55	2399-2400	c	_	_	_	
25-56	2401-2403	Du	_	_	_	
25-57	2404-2410	Soleil	_	_	_	
25-58	2410-2411	,	_	_	_	
25-59	2412-2414	le	_	_	_	
25-60	2415-2421	inathô	Smell\_Source	_	_	
25-61	2422-2423	;	_	_	_	
25-62	2427-2428	«	_	_	_	
25-63	2429-2431	De	_	_	_	
25-64	2432-2438	Vénust	_	_	_	
25-65	2439-2441	le	_	_	_	
25-66	2442-2448	safran	Smell\_Source	_	_	
25-67	2449-2450	;	_	_	_	
25-68	2454-2455	«	_	_	_	
25-69	2456-2458	De	_	_	_	
25-70	2459-2466	Mercure	_	_	_	
25-71	2466-2467	,	_	_	_	
25-72	2468-2470	la	_	_	_	
25-73	2471-2476	vrayc	_	_	_	
25-74	2477-2485	cannelle	Smell\_Source	_	_	
25-75	2486-2487	;	_	_	_	
25-76	2491-2492	«	_	_	_	
25-77	2493-2495	Et	_	_	_	
25-78	2496-2498	do	_	_	_	
25-79	2499-2501	la	_	_	_	
25-80	2502-2506	Lune	_	_	_	
25-81	2506-2507	,	_	_	_	
25-82	2508-2510	la	_	_	_	
25-83	2511-2517	myrrhe	Smell\_Source	_	_	
25-84	2517-2518	.	_	_	_	
