#FORMAT=WebAnno TSV 3.3
#T_SP=custom.Span|label
#T_RL=custom.Relation|label|BT_custom.Span


#Text=At the foote of the Mountaine there is a hole, where the vapours with their owne motion, continually cast vp little stones and stinking smelles; but if any man moue these vapours by a staffe, or any thing put into the hole, the more they are stirred, the greater stones they cast vp, yea flames of fire sometimes.
1-1	0-2	At	Location[1]	_	_	
1-2	3-6	the	Location[1]	_	_	
1-3	7-12	foote	Location[1]	_	_	
1-4	13-15	of	Location[1]	_	_	
1-5	16-19	the	Location[1]	_	_	
1-6	20-29	Mountaine	Location[1]	_	_	
1-7	30-35	there	_	_	_	
1-8	36-38	is	_	_	_	
1-9	39-40	a	_	_	_	
1-10	41-45	hole	_	_	_	
1-11	45-46	,	_	_	_	
1-12	47-52	where	_	_	_	
1-13	53-56	the	Odour\_Carrier[2]	_	_	
1-14	57-64	vapours	Odour\_Carrier[2]	_	_	
1-15	65-69	with	_	_	_	
1-16	70-75	their	_	_	_	
1-17	76-80	owne	_	_	_	
1-18	81-87	motion	_	_	_	
1-19	87-88	,	_	_	_	
1-20	89-100	continually	_	_	_	
1-21	101-105	cast	_	_	_	
1-22	106-108	vp	_	_	_	
1-23	109-115	little	_	_	_	
1-24	116-122	stones	_	_	_	
1-25	123-126	and	_	_	_	
1-26	127-135	stinking	Quality	_	_	
1-27	136-143	smelles	Smell\_Word	*|*|*	1-26|1-1[1_0]|1-13[2_0]	
1-28	143-144	;	_	_	_	
1-29	145-148	but	_	_	_	
1-30	149-151	if	_	_	_	
1-31	152-155	any	_	_	_	
1-32	156-159	man	_	_	_	
1-33	160-164	moue	_	_	_	
1-34	165-170	these	_	_	_	
1-35	171-178	vapours	_	_	_	
1-36	179-181	by	_	_	_	
1-37	182-183	a	_	_	_	
1-38	184-190	staffe	_	_	_	
1-39	190-191	,	_	_	_	
1-40	192-194	or	_	_	_	
1-41	195-198	any	_	_	_	
1-42	199-204	thing	_	_	_	
1-43	205-208	put	_	_	_	
1-44	209-213	into	_	_	_	
1-45	214-217	the	_	_	_	
1-46	218-222	hole	_	_	_	
1-47	222-223	,	_	_	_	
1-48	224-227	the	_	_	_	
1-49	228-232	more	_	_	_	
1-50	233-237	they	_	_	_	
1-51	238-241	are	_	_	_	
1-52	242-249	stirred	_	_	_	
1-53	249-250	,	_	_	_	
1-54	251-254	the	_	_	_	
1-55	255-262	greater	_	_	_	
1-56	263-269	stones	_	_	_	
1-57	270-274	they	_	_	_	
1-58	275-279	cast	_	_	_	
1-59	280-282	vp	_	_	_	
1-60	282-283	,	_	_	_	
1-61	284-287	yea	_	_	_	
1-62	288-294	flames	_	_	_	
1-63	295-297	of	_	_	_	
1-64	298-302	fire	_	_	_	
1-65	303-312	sometimes	_	_	_	
1-66	312-313	.	_	_	_	

#Text=There bee some cottages neere this place, where they make Brimstone, and all these parts smell of brimstone, and if the winde blow from hence towards Naples, the stinke thereof may bee smelled thither.
2-1	314-319	There	_	_	_	
2-2	320-323	bee	_	_	_	
2-3	324-328	some	Location[3]	_	_	
2-4	329-337	cottages	Location[3]	_	_	
2-5	338-343	neere	Location[3]	_	_	
2-6	344-348	this	Location[3]	_	_	
2-7	349-354	place	Location[3]	_	_	
2-8	354-355	,	_	_	_	
2-9	356-361	where	_	_	_	
2-10	362-366	they	_	_	_	
2-11	367-371	make	_	_	_	
2-12	372-381	Brimstone	_	_	_	
2-13	381-382	,	_	_	_	
2-14	383-386	and	_	_	_	
2-15	387-390	all	_	_	_	
2-16	391-396	these	_	_	_	
2-17	397-402	parts	_	_	_	
2-18	403-408	smell	Smell\_Word	*|*	2-19[4_0]|2-3[3_0]	
2-19	409-411	of	Smell\_Source[4]	_	_	
2-20	412-421	brimstone	Smell\_Source[4]	_	_	
2-21	421-422	,	_	_	_	
2-22	423-426	and	_	_	_	
2-23	427-429	if	_	_	_	
2-24	430-433	the	Odour\_Carrier[5]	_	_	
2-25	434-439	winde	Odour\_Carrier[5]	_	_	
2-26	440-444	blow	_	_	_	
2-27	445-449	from	Location[6]	_	_	
2-28	450-455	hence	Location[6]	_	_	
2-29	456-463	towards	Location[6]	_	_	
2-30	464-470	Naples	Location[6]	_	_	
2-31	470-471	,	_	_	_	
2-32	472-475	the	Smell\_Source[7]	_	_	
2-33	476-482	stinke	Smell\_Source[7]|Smell\_Word[8]	*|*|*	2-34[9_8]|2-24[5_8]|2-27[6_8]	
2-34	483-490	thereof	Smell\_Source[7]|Smell\_Source[9]	Anaphoric	2-19[4_9]	
2-35	491-494	may	_	_	_	
2-36	495-498	bee	_	_	_	
2-37	499-506	smelled	Smell\_Word	*	2-32[7_0]	
2-38	507-514	thither	_	_	_	
2-39	514-515	.	_	_	_	

#Text=On all sides here be Baths of wholesome waters, which of old were famous.
3-1	516-518	On	_	_	_	
3-2	519-522	all	_	_	_	
3-3	523-528	sides	_	_	_	
3-4	529-533	here	_	_	_	
3-5	534-536	be	_	_	_	
3-6	537-542	Baths	_	_	_	
3-7	543-545	of	_	_	_	
3-8	546-555	wholesome	_	_	_	
3-9	556-562	waters	_	_	_	
3-10	562-563	,	_	_	_	
3-11	564-569	which	_	_	_	
3-12	570-572	of	_	_	_	
3-13	573-576	old	_	_	_	
3-14	577-581	were	_	_	_	
3-15	582-588	famous	_	_	_	
3-16	588-589	.	_	_	_	

#Text=After we had passed huge ruines of old buildings, we came at the foot of a mouaine to the City (p) Pozzoli, of old famous, and called Puteolis, to which all these ruines are said to haue belonged of old, and it had the name of the Latin word Puteus, as also it hath the present name from the Italian tong, of the wels, which are frequent.
4-1	592-597	After	_	_	_	
4-2	598-600	we	_	_	_	
4-3	601-604	had	_	_	_	
4-4	605-611	passed	_	_	_	
4-5	612-616	huge	_	_	_	
4-6	617-623	ruines	_	_	_	
4-7	624-626	of	_	_	_	
4-8	627-630	old	_	_	_	
4-9	631-640	buildings	_	_	_	
4-10	640-641	,	_	_	_	
4-11	642-644	we	_	_	_	
4-12	645-649	came	_	_	_	
4-13	650-652	at	_	_	_	
4-14	653-656	the	_	_	_	
4-15	657-661	foot	_	_	_	
4-16	662-664	of	_	_	_	
4-17	665-666	a	_	_	_	
4-18	667-674	mouaine	_	_	_	
4-19	675-677	to	_	_	_	
4-20	678-681	the	Smell\_Source[10]	_	_	
4-21	682-686	City	Smell\_Source[10]	_	_	
4-22	687-688	(	Smell\_Source[10]	_	_	
4-23	688-689	p	Smell\_Source[10]	_	_	
4-24	689-690	)	Smell\_Source[10]	_	_	
4-25	691-698	Pozzoli	Smell\_Source[10]	_	_	
4-26	698-699	,	Smell\_Source[10]	_	_	
4-27	700-702	of	_	_	_	
4-28	703-706	old	_	_	_	
4-29	707-713	famous	_	_	_	
4-30	713-714	,	_	_	_	
4-31	715-718	and	_	_	_	
4-32	719-725	called	_	_	_	
4-33	726-734	Puteolis	_	_	_	
4-34	734-735	,	_	_	_	
4-35	736-738	to	_	_	_	
4-36	739-744	which	_	_	_	
4-37	745-748	all	_	_	_	
4-38	749-754	these	_	_	_	
4-39	755-761	ruines	_	_	_	
4-40	762-765	are	_	_	_	
4-41	766-770	said	_	_	_	
4-42	771-773	to	_	_	_	
4-43	774-778	haue	_	_	_	
4-44	779-787	belonged	_	_	_	
4-45	788-790	of	_	_	_	
4-46	791-794	old	_	_	_	
4-47	794-795	,	_	_	_	
4-48	796-799	and	_	_	_	
4-49	800-802	it	_	_	_	
4-50	803-806	had	_	_	_	
4-51	807-810	the	_	_	_	
4-52	811-815	name	_	_	_	
4-53	816-818	of	_	_	_	
4-54	819-822	the	_	_	_	
4-55	823-828	Latin	_	_	_	
4-56	829-833	word	_	_	_	
4-57	834-840	Puteus	_	_	_	
4-58	840-841	,	_	_	_	
4-59	842-844	as	_	_	_	
4-60	845-849	also	_	_	_	
4-61	850-852	it	_	_	_	
4-62	853-857	hath	_	_	_	
4-63	858-861	the	_	_	_	
4-64	862-869	present	_	_	_	
4-65	870-874	name	_	_	_	
4-66	875-879	from	_	_	_	
4-67	880-883	the	_	_	_	
4-68	884-891	Italian	_	_	_	
4-69	892-896	tong	_	_	_	
4-70	896-897	,	_	_	_	
4-71	898-900	of	_	_	_	
4-72	901-904	the	_	_	_	
4-73	905-909	wels	_	_	_	
4-74	909-910	,	_	_	_	
4-75	911-916	which	_	_	_	
4-76	917-920	are	_	_	_	
4-77	921-929	frequent	_	_	_	
4-78	929-930	.	_	_	_	

#Text=I say it hath the present name of the Italian word Pozzo, signifying a well, though some will haue it named presently of Puzzo, which signifies a stink, because of the smell of britone in these parts: but the city being most ancient, cannot haue the old name of an Itian word: and it is certaine, that the Roman Princes of old vsed this part for the place of their recreation; for the great sweetnes of the Country, and the plenty of medicinall waters, whereupon they gaue it the first name.
5-1	931-932	I	_	_	_	
5-2	933-936	say	_	_	_	
5-3	937-939	it	_	_	_	
5-4	940-944	hath	_	_	_	
5-5	945-948	the	_	_	_	
5-6	949-956	present	_	_	_	
5-7	957-961	name	_	_	_	
5-8	962-964	of	_	_	_	
5-9	965-968	the	_	_	_	
5-10	969-976	Italian	_	_	_	
5-11	977-981	word	_	_	_	
5-12	982-987	Pozzo	_	_	_	
5-13	987-988	,	_	_	_	
5-14	989-999	signifying	_	_	_	
5-15	1000-1001	a	_	_	_	
5-16	1002-1006	well	_	_	_	
5-17	1006-1007	,	_	_	_	
5-18	1008-1014	though	_	_	_	
5-19	1015-1019	some	_	_	_	
5-20	1020-1024	will	_	_	_	
5-21	1025-1029	haue	_	_	_	
5-22	1030-1032	it	Smell\_Source	Anaphoric	4-20[10_0]	
5-23	1033-1038	named	_	_	_	
5-24	1039-1048	presently	_	_	_	
5-25	1049-1051	of	_	_	_	
5-26	1052-1057	Puzzo	Smell\_Word	_	_	
5-27	1057-1058	,	_	_	_	
5-28	1059-1064	which	_	_	_	
5-29	1065-1074	signifies	_	_	_	
5-30	1075-1076	a	_	_	_	
5-31	1077-1082	stink	Smell\_Word	*	5-22	
5-32	1082-1083	,	_	_	_	
5-33	1084-1091	because	_	_	_	
5-34	1092-1094	of	_	_	_	
5-35	1095-1098	the	_	_	_	
5-36	1099-1104	smell	Smell\_Word	*	5-37[11_0]	
5-37	1105-1107	of	Smell\_Source[11]	_	_	
5-38	1108-1115	britone	Smell\_Source[11]	_	_	
5-39	1116-1118	in	_	_	_	
5-40	1119-1124	these	_	_	_	
5-41	1125-1130	parts	_	_	_	
5-42	1130-1131	:	_	_	_	
5-43	1132-1135	but	_	_	_	
5-44	1136-1139	the	_	_	_	
5-45	1140-1144	city	_	_	_	
5-46	1145-1150	being	_	_	_	
5-47	1151-1155	most	_	_	_	
5-48	1156-1163	ancient	_	_	_	
5-49	1163-1164	,	_	_	_	
5-50	1165-1171	cannot	_	_	_	
5-51	1172-1176	haue	_	_	_	
5-52	1177-1180	the	_	_	_	
5-53	1181-1184	old	_	_	_	
5-54	1185-1189	name	_	_	_	
5-55	1190-1192	of	_	_	_	
5-56	1193-1195	an	_	_	_	
5-57	1196-1201	Itian	_	_	_	
5-58	1202-1206	word	_	_	_	
5-59	1206-1207	:	_	_	_	
5-60	1208-1211	and	_	_	_	
5-61	1212-1214	it	_	_	_	
5-62	1215-1217	is	_	_	_	
5-63	1218-1226	certaine	_	_	_	
5-64	1226-1227	,	_	_	_	
5-65	1228-1232	that	_	_	_	
5-66	1233-1236	the	_	_	_	
5-67	1237-1242	Roman	_	_	_	
5-68	1243-1250	Princes	_	_	_	
5-69	1251-1253	of	_	_	_	
5-70	1254-1257	old	_	_	_	
5-71	1258-1262	vsed	_	_	_	
5-72	1263-1267	this	_	_	_	
5-73	1268-1272	part	_	_	_	
5-74	1273-1276	for	_	_	_	
5-75	1277-1280	the	_	_	_	
5-76	1281-1286	place	_	_	_	
5-77	1287-1289	of	_	_	_	
5-78	1290-1295	their	_	_	_	
5-79	1296-1306	recreation	_	_	_	
5-80	1306-1307	;	_	_	_	
5-81	1308-1311	for	_	_	_	
5-82	1312-1315	the	_	_	_	
5-83	1316-1321	great	_	_	_	
5-84	1322-1330	sweetnes	_	_	_	
5-85	1331-1333	of	_	_	_	
5-86	1334-1337	the	_	_	_	
5-87	1338-1345	Country	_	_	_	
5-88	1345-1346	,	_	_	_	
5-89	1347-1350	and	_	_	_	
5-90	1351-1354	the	_	_	_	
5-91	1355-1361	plenty	_	_	_	
5-92	1362-1364	of	_	_	_	
5-93	1365-1375	medicinall	_	_	_	
5-94	1376-1382	waters	_	_	_	
5-95	1382-1383	,	_	_	_	
5-96	1384-1393	whereupon	_	_	_	
5-97	1394-1398	they	_	_	_	
5-98	1399-1403	gaue	_	_	_	
5-99	1404-1406	it	_	_	_	
5-100	1407-1410	the	_	_	_	
5-101	1411-1416	first	_	_	_	
5-102	1417-1421	name	_	_	_	
5-103	1421-1422	.	_	_	_	

#Text=Others say that it was of old called Diarchiam, but at this day it is called Pozzoli, or Puzzoli.
6-1	1423-1429	Others	_	_	_	
6-2	1430-1433	say	_	_	_	
6-3	1434-1438	that	_	_	_	
6-4	1439-1441	it	_	_	_	
6-5	1442-1445	was	_	_	_	
6-6	1446-1448	of	_	_	_	
6-7	1449-1452	old	_	_	_	
6-8	1453-1459	called	_	_	_	
6-9	1460-1469	Diarchiam	_	_	_	
6-10	1469-1470	,	_	_	_	
6-11	1471-1474	but	_	_	_	
6-12	1475-1477	at	_	_	_	
6-13	1478-1482	this	_	_	_	
6-14	1483-1486	day	_	_	_	
6-15	1487-1489	it	_	_	_	
6-16	1490-1492	is	_	_	_	
6-17	1493-1499	called	_	_	_	
6-18	1500-1507	Pozzoli	_	_	_	
6-19	1507-1508	,	_	_	_	
6-20	1509-1511	or	_	_	_	
6-21	1512-1519	Puzzoli	_	_	_	
6-22	1519-1520	.	_	_	_	

#Text=Here we dined, and were foed to giue our swords to the Host, there being a great penalty set vpon any that carry their Armes.
7-1	1521-1525	Here	_	_	_	
7-2	1526-1528	we	_	_	_	
7-3	1529-1534	dined	_	_	_	
7-4	1534-1535	,	_	_	_	
7-5	1536-1539	and	_	_	_	
7-6	1540-1544	were	_	_	_	
7-7	1545-1549	foed	_	_	_	
7-8	1550-1552	to	_	_	_	
7-9	1553-1557	giue	_	_	_	
7-10	1558-1561	our	_	_	_	
7-11	1562-1568	swords	_	_	_	
7-12	1569-1571	to	_	_	_	
7-13	1572-1575	the	_	_	_	
7-14	1576-1580	Host	_	_	_	
7-15	1580-1581	,	_	_	_	
7-16	1582-1587	there	_	_	_	
7-17	1588-1593	being	_	_	_	
7-18	1594-1595	a	_	_	_	
7-19	1596-1601	great	_	_	_	
7-20	1602-1609	penalty	_	_	_	
7-21	1610-1613	set	_	_	_	
7-22	1614-1618	vpon	_	_	_	
7-23	1619-1622	any	_	_	_	
7-24	1623-1627	that	_	_	_	
7-25	1628-1633	carry	_	_	_	
7-26	1634-1639	their	_	_	_	
7-27	1640-1645	Armes	_	_	_	
7-28	1645-1646	.	_	_	_	

#Text=The City hath nothing worth the seeing, but the old Church, first built to Heathen Idols, and after by Christians dedicated to Saint Proculus, and it hath the names of the workemen that built it grauen vpon it, and there be shewed the bones of a Giant of wonderfull bignes.
8-1	1647-1650	The	_	_	_	
8-2	1651-1655	City	_	_	_	
8-3	1656-1660	hath	_	_	_	
8-4	1661-1668	nothing	_	_	_	
8-5	1669-1674	worth	_	_	_	
8-6	1675-1678	the	_	_	_	
8-7	1679-1685	seeing	_	_	_	
8-8	1685-1686	,	_	_	_	
8-9	1687-1690	but	_	_	_	
8-10	1691-1694	the	_	_	_	
8-11	1695-1698	old	_	_	_	
8-12	1699-1705	Church	_	_	_	
8-13	1705-1706	,	_	_	_	
8-14	1707-1712	first	_	_	_	
8-15	1713-1718	built	_	_	_	
8-16	1719-1721	to	_	_	_	
8-17	1722-1729	Heathen	_	_	_	
8-18	1730-1735	Idols	_	_	_	
8-19	1735-1736	,	_	_	_	
8-20	1737-1740	and	_	_	_	
8-21	1741-1746	after	_	_	_	
8-22	1747-1749	by	_	_	_	
8-23	1750-1760	Christians	_	_	_	
8-24	1761-1770	dedicated	_	_	_	
8-25	1771-1773	to	_	_	_	
8-26	1774-1779	Saint	_	_	_	
8-27	1780-1788	Proculus	_	_	_	
8-28	1788-1789	,	_	_	_	
8-29	1790-1793	and	_	_	_	
8-30	1794-1796	it	_	_	_	
8-31	1797-1801	hath	_	_	_	
8-32	1802-1805	the	_	_	_	
8-33	1806-1811	names	_	_	_	
8-34	1812-1814	of	_	_	_	
8-35	1815-1818	the	_	_	_	
8-36	1819-1827	workemen	_	_	_	
8-37	1828-1832	that	_	_	_	
8-38	1833-1838	built	_	_	_	
8-39	1839-1841	it	_	_	_	
8-40	1842-1848	grauen	_	_	_	
8-41	1849-1853	vpon	_	_	_	
8-42	1854-1856	it	_	_	_	
8-43	1856-1857	,	_	_	_	
8-44	1858-1861	and	_	_	_	
8-45	1862-1867	there	_	_	_	
8-46	1868-1870	be	_	_	_	
8-47	1871-1877	shewed	_	_	_	
8-48	1878-1881	the	_	_	_	
8-49	1882-1887	bones	_	_	_	
8-50	1888-1890	of	_	_	_	
8-51	1891-1892	a	_	_	_	
8-52	1893-1898	Giant	_	_	_	
8-53	1899-1901	of	_	_	_	
8-54	1902-1912	wonderfull	_	_	_	
8-55	1913-1919	bignes	_	_	_	
8-56	1919-1920	.	_	_	_	

#Text=The Hauen of this City was of old very commodious, but by negligence is growne of no vse.
9-1	1921-1924	The	_	_	_	
9-2	1925-1930	Hauen	_	_	_	
9-3	1931-1933	of	_	_	_	
9-4	1934-1938	this	_	_	_	
9-5	1939-1943	City	_	_	_	
9-6	1944-1947	was	_	_	_	
9-7	1948-1950	of	_	_	_	
9-8	1951-1954	old	_	_	_	
9-9	1955-1959	very	_	_	_	
9-10	1960-1970	commodious	_	_	_	
9-11	1970-1971	,	_	_	_	
9-12	1972-1975	but	_	_	_	
9-13	1976-1978	by	_	_	_	
9-14	1979-1989	negligence	_	_	_	
9-15	1990-1992	is	_	_	_	
9-16	1993-1999	growne	_	_	_	
9-17	2000-2002	of	_	_	_	
9-18	2003-2005	no	_	_	_	
9-19	2006-2009	vse	_	_	_	
9-20	2009-2010	.	_	_	_	

#Text=Here the sea entring betweene two Mountaines, was of old called the Creeke of (P) Baie, of that Citie seated on the opposite shore, or the Creeke of Pozzoli, of this Cie.
10-1	2013-2017	Here	_	_	_	
10-2	2018-2021	the	_	_	_	
10-3	2022-2025	sea	_	_	_	
10-4	2026-2033	entring	_	_	_	
10-5	2034-2042	betweene	_	_	_	
10-6	2043-2046	two	_	_	_	
10-7	2047-2057	Mountaines	_	_	_	
10-8	2057-2058	,	_	_	_	
10-9	2059-2062	was	_	_	_	
10-10	2063-2065	of	_	_	_	
10-11	2066-2069	old	_	_	_	
10-12	2070-2076	called	_	_	_	
10-13	2077-2080	the	_	_	_	
10-14	2081-2087	Creeke	_	_	_	
10-15	2088-2090	of	_	_	_	
10-16	2091-2092	(	_	_	_	
10-17	2092-2093	P	_	_	_	
10-18	2093-2094	)	_	_	_	
10-19	2095-2099	Baie	_	_	_	
10-20	2099-2100	,	_	_	_	
10-21	2101-2103	of	_	_	_	
10-22	2104-2108	that	_	_	_	
10-23	2109-2114	Citie	_	_	_	
10-24	2115-2121	seated	_	_	_	
10-25	2122-2124	on	_	_	_	
10-26	2125-2128	the	_	_	_	
10-27	2129-2137	opposite	_	_	_	
10-28	2138-2143	shore	_	_	_	
10-29	2143-2144	,	_	_	_	
10-30	2145-2147	or	_	_	_	
10-31	2148-2151	the	_	_	_	
10-32	2152-2158	Creeke	_	_	_	
10-33	2159-2161	of	_	_	_	
10-34	2162-2169	Pozzoli	_	_	_	
10-35	2169-2170	,	_	_	_	
10-36	2171-2173	of	_	_	_	
10-37	2174-2178	this	_	_	_	
10-38	2179-2182	Cie	_	_	_	
10-39	2182-2183	.	_	_	_	

#Text=Suetonius writes that the Emperour Tiberius consulting about his successor, and inclining more to his true Nephew, Thrasyllus the Mathematitian should answere, that Catus should no more raigne, then he should ride ouer the Creeke of Baie.
11-1	2184-2193	Suetonius	_	_	_	
11-2	2194-2200	writes	_	_	_	
11-3	2201-2205	that	_	_	_	
11-4	2206-2209	the	_	_	_	
11-5	2210-2218	Emperour	_	_	_	
11-6	2219-2227	Tiberius	_	_	_	
11-7	2228-2238	consulting	_	_	_	
11-8	2239-2244	about	_	_	_	
11-9	2245-2248	his	_	_	_	
11-10	2249-2258	successor	_	_	_	
11-11	2258-2259	,	_	_	_	
11-12	2260-2263	and	_	_	_	
11-13	2264-2273	inclining	_	_	_	
11-14	2274-2278	more	_	_	_	
11-15	2279-2281	to	_	_	_	
11-16	2282-2285	his	_	_	_	
11-17	2286-2290	true	_	_	_	
11-18	2291-2297	Nephew	_	_	_	
11-19	2297-2298	,	_	_	_	
11-20	2299-2309	Thrasyllus	_	_	_	
11-21	2310-2313	the	_	_	_	
11-22	2314-2327	Mathematitian	_	_	_	
11-23	2328-2334	should	_	_	_	
11-24	2335-2342	answere	_	_	_	
11-25	2342-2343	,	_	_	_	
11-26	2344-2348	that	_	_	_	
11-27	2349-2354	Catus	_	_	_	
11-28	2355-2361	should	_	_	_	
11-29	2362-2364	no	_	_	_	
11-30	2365-2369	more	_	_	_	
11-31	2370-2376	raigne	_	_	_	
11-32	2376-2377	,	_	_	_	
11-33	2378-2382	then	_	_	_	
11-34	2383-2385	he	_	_	_	
11-35	2386-2392	should	_	_	_	
11-36	2393-2397	ride	_	_	_	
11-37	2398-2402	ouer	_	_	_	
11-38	2403-2406	the	_	_	_	
11-39	2407-2413	Creeke	_	_	_	
11-40	2414-2416	of	_	_	_	
11-41	2417-2421	Baie	_	_	_	
11-42	2421-2422	.	_	_	_	

#Text=Wherefore Caius being Emperour, and hearing of this diuination (not as others say, in emulation of Xees, who made a Bridge ouer Hellespont, nor to the end that with the fame of this great worke, he might terrifie the rebellious Germans and Britans) did build a Bridge ouer this creeke of the sea, being about three miles long, that hee might thereupon passe from Baie to Pozzoli.
12-1	2423-2432	Wherefore	_	_	_	
12-2	2433-2438	Caius	_	_	_	
12-3	2439-2444	being	_	_	_	
12-4	2445-2453	Emperour	_	_	_	
12-5	2453-2454	,	_	_	_	
12-6	2455-2458	and	_	_	_	
12-7	2459-2466	hearing	_	_	_	
12-8	2467-2469	of	_	_	_	
12-9	2470-2474	this	_	_	_	
12-10	2475-2485	diuination	_	_	_	
12-11	2486-2487	(	_	_	_	
12-12	2487-2490	not	_	_	_	
12-13	2491-2493	as	_	_	_	
12-14	2494-2500	others	_	_	_	
12-15	2501-2504	say	_	_	_	
12-16	2504-2505	,	_	_	_	
12-17	2506-2508	in	_	_	_	
12-18	2509-2518	emulation	_	_	_	
12-19	2519-2521	of	_	_	_	
12-20	2522-2526	Xees	_	_	_	
12-21	2526-2527	,	_	_	_	
12-22	2528-2531	who	_	_	_	
12-23	2532-2536	made	_	_	_	
12-24	2537-2538	a	_	_	_	
12-25	2539-2545	Bridge	_	_	_	
12-26	2546-2550	ouer	_	_	_	
12-27	2551-2561	Hellespont	_	_	_	
12-28	2561-2562	,	_	_	_	
12-29	2563-2566	nor	_	_	_	
12-30	2567-2569	to	_	_	_	
12-31	2570-2573	the	_	_	_	
12-32	2574-2577	end	_	_	_	
12-33	2578-2582	that	_	_	_	
12-34	2583-2587	with	_	_	_	
12-35	2588-2591	the	_	_	_	
12-36	2592-2596	fame	_	_	_	
12-37	2597-2599	of	_	_	_	
12-38	2600-2604	this	_	_	_	
12-39	2605-2610	great	_	_	_	
12-40	2611-2616	worke	_	_	_	
12-41	2616-2617	,	_	_	_	
12-42	2618-2620	he	_	_	_	
12-43	2621-2626	might	_	_	_	
12-44	2627-2635	terrifie	_	_	_	
12-45	2636-2639	the	_	_	_	
12-46	2640-2650	rebellious	_	_	_	
12-47	2651-2658	Germans	_	_	_	
12-48	2659-2662	and	_	_	_	
12-49	2663-2670	Britans	_	_	_	
12-50	2670-2671	)	_	_	_	
12-51	2672-2675	did	_	_	_	
12-52	2676-2681	build	_	_	_	
12-53	2682-2683	a	_	_	_	
12-54	2684-2690	Bridge	_	_	_	
12-55	2691-2695	ouer	_	_	_	
12-56	2696-2700	this	_	_	_	
12-57	2701-2707	creeke	_	_	_	
12-58	2708-2710	of	_	_	_	
12-59	2711-2714	the	_	_	_	
12-60	2715-2718	sea	_	_	_	
12-61	2718-2719	,	_	_	_	
12-62	2720-2725	being	_	_	_	
12-63	2726-2731	about	_	_	_	
12-64	2732-2737	three	_	_	_	
12-65	2738-2743	miles	_	_	_	
12-66	2744-2748	long	_	_	_	
12-67	2748-2749	,	_	_	_	
12-68	2750-2754	that	_	_	_	
12-69	2755-2758	hee	_	_	_	
12-70	2759-2764	might	_	_	_	
12-71	2765-2774	thereupon	_	_	_	
12-72	2775-2780	passe	_	_	_	
12-73	2781-2785	from	_	_	_	
12-74	2786-2790	Baie	_	_	_	
12-75	2791-2793	to	_	_	_	
12-76	2794-2801	Pozzoli	_	_	_	
12-77	2801-2802	.	_	_	_	

#Text=Of this Bridge thirteene piles of bricke may bee seene neere the shore at Pozzoli, and as many on the other side neere the shore of Baie, and some of these piles haue yet arches vpon them, but ready to fall.
13-1	2803-2805	Of	_	_	_	
13-2	2806-2810	this	_	_	_	
13-3	2811-2817	Bridge	_	_	_	
13-4	2818-2827	thirteene	_	_	_	
13-5	2828-2833	piles	_	_	_	
13-6	2834-2836	of	_	_	_	
13-7	2837-2843	bricke	_	_	_	
13-8	2844-2847	may	_	_	_	
13-9	2848-2851	bee	_	_	_	
13-10	2852-2857	seene	_	_	_	
13-11	2858-2863	neere	_	_	_	
13-12	2864-2867	the	_	_	_	
13-13	2868-2873	shore	_	_	_	
13-14	2874-2876	at	_	_	_	
13-15	2877-2884	Pozzoli	_	_	_	
13-16	2884-2885	,	_	_	_	
13-17	2886-2889	and	_	_	_	
13-18	2890-2892	as	_	_	_	
13-19	2893-2897	many	_	_	_	
13-20	2898-2900	on	_	_	_	
13-21	2901-2904	the	_	_	_	
13-22	2905-2910	other	_	_	_	
13-23	2911-2915	side	_	_	_	
13-24	2916-2921	neere	_	_	_	
13-25	2922-2925	the	_	_	_	
13-26	2926-2931	shore	_	_	_	
13-27	2932-2934	of	_	_	_	
13-28	2935-2939	Baie	_	_	_	
13-29	2939-2940	,	_	_	_	
13-30	2941-2944	and	_	_	_	
13-31	2945-2949	some	_	_	_	
13-32	2950-2952	of	_	_	_	
13-33	2953-2958	these	_	_	_	
13-34	2959-2964	piles	_	_	_	
13-35	2965-2969	haue	_	_	_	
13-36	2970-2973	yet	_	_	_	
13-37	2974-2980	arches	_	_	_	
13-38	2981-2985	vpon	_	_	_	
13-39	2986-2990	them	_	_	_	
13-40	2990-2991	,	_	_	_	
13-41	2992-2995	but	_	_	_	
13-42	2996-3001	ready	_	_	_	
13-43	3002-3004	to	_	_	_	
13-44	3005-3009	fall	_	_	_	
13-45	3009-3010	.	_	_	_	

#Text=And from these piles the Ier part of the bridge was founded vpon two rankes of shippes fastened with ancors, and couered ouer with a bancke of earth, to make the passage like the way of Appius.
14-1	3011-3014	And	_	_	_	
14-2	3015-3019	from	_	_	_	
14-3	3020-3025	these	_	_	_	
14-4	3026-3031	piles	_	_	_	
14-5	3032-3035	the	_	_	_	
14-6	3036-3039	Ier	_	_	_	
14-7	3040-3044	part	_	_	_	
14-8	3045-3047	of	_	_	_	
14-9	3048-3051	the	_	_	_	
14-10	3052-3058	bridge	_	_	_	
14-11	3059-3062	was	_	_	_	
14-12	3063-3070	founded	_	_	_	
14-13	3071-3075	vpon	_	_	_	
14-14	3076-3079	two	_	_	_	
14-15	3080-3086	rankes	_	_	_	
14-16	3087-3089	of	_	_	_	
14-17	3090-3097	shippes	_	_	_	
14-18	3098-3106	fastened	_	_	_	
14-19	3107-3111	with	_	_	_	
14-20	3112-3118	ancors	_	_	_	
14-21	3118-3119	,	_	_	_	
14-22	3120-3123	and	_	_	_	
14-23	3124-3131	couered	_	_	_	
14-24	3132-3136	ouer	_	_	_	
14-25	3137-3141	with	_	_	_	
14-26	3142-3143	a	_	_	_	
14-27	3144-3150	bancke	_	_	_	
14-28	3151-3153	of	_	_	_	
14-29	3154-3159	earth	_	_	_	
14-30	3159-3160	,	_	_	_	
14-31	3161-3163	to	_	_	_	
14-32	3164-3168	make	_	_	_	
14-33	3169-3172	the	_	_	_	
14-34	3173-3180	passage	_	_	_	
14-35	3181-3185	like	_	_	_	
14-36	3186-3189	the	_	_	_	
14-37	3190-3193	way	_	_	_	
14-38	3194-3196	of	_	_	_	
14-39	3197-3203	Appius	_	_	_	
14-40	3203-3204	.	_	_	_	

#Text=The rest Suetonius addeth in these or the like words.
15-1	3209-3212	The	_	_	_	
15-2	3213-3217	rest	_	_	_	
15-3	3218-3227	Suetonius	_	_	_	
15-4	3228-3234	addeth	_	_	_	
15-5	3235-3237	in	_	_	_	
15-6	3238-3243	these	_	_	_	
15-7	3244-3246	or	_	_	_	
15-8	3247-3250	the	_	_	_	
15-9	3251-3255	like	_	_	_	
15-10	3256-3261	words	_	_	_	
15-11	3261-3262	.	_	_	_	

#Text=Ouer this bridge he went to and fro for two daies; the first day vpon a trapped horse, hauing his head adorned with a Crowne of Oake leaues, and bearing an Hatchet, a Sword, and a Garland, and a robe of cloth of Gold.
16-1	3263-3267	Ouer	_	_	_	
16-2	3268-3272	this	_	_	_	
16-3	3273-3279	bridge	_	_	_	
16-4	3280-3282	he	_	_	_	
16-5	3283-3287	went	_	_	_	
16-6	3288-3290	to	_	_	_	
16-7	3291-3294	and	_	_	_	
16-8	3295-3298	fro	_	_	_	
16-9	3299-3302	for	_	_	_	
16-10	3303-3306	two	_	_	_	
16-11	3307-3312	daies	_	_	_	
16-12	3312-3313	;	_	_	_	
16-13	3314-3317	the	_	_	_	
16-14	3318-3323	first	_	_	_	
16-15	3324-3327	day	_	_	_	
16-16	3328-3332	vpon	_	_	_	
16-17	3333-3334	a	_	_	_	
16-18	3335-3342	trapped	_	_	_	
16-19	3343-3348	horse	_	_	_	
16-20	3348-3349	,	_	_	_	
16-21	3350-3356	hauing	_	_	_	
16-22	3357-3360	his	_	_	_	
16-23	3361-3365	head	_	_	_	
16-24	3366-3373	adorned	_	_	_	
16-25	3374-3378	with	_	_	_	
16-26	3379-3380	a	_	_	_	
16-27	3381-3387	Crowne	_	_	_	
16-28	3388-3390	of	_	_	_	
16-29	3391-3395	Oake	_	_	_	
16-30	3396-3402	leaues	_	_	_	
16-31	3402-3403	,	_	_	_	
16-32	3404-3407	and	_	_	_	
16-33	3408-3415	bearing	_	_	_	
16-34	3416-3418	an	_	_	_	
16-35	3419-3426	Hatchet	_	_	_	
16-36	3426-3427	,	_	_	_	
16-37	3428-3429	a	_	_	_	
16-38	3430-3435	Sword	_	_	_	
16-39	3435-3436	,	_	_	_	
16-40	3437-3440	and	_	_	_	
16-41	3441-3442	a	_	_	_	
16-42	3443-3450	Garland	_	_	_	
16-43	3450-3451	,	_	_	_	
16-44	3452-3455	and	_	_	_	
16-45	3456-3457	a	_	_	_	
16-46	3458-3462	robe	_	_	_	
16-47	3463-3465	of	_	_	_	
16-48	3466-3471	cloth	_	_	_	
16-49	3472-3474	of	_	_	_	
16-50	3475-3479	Gold	_	_	_	
16-51	3479-3480	.	_	_	_	

#Text=The next day in a Coch-mans habit, driuing a Coch drawne by foure famous horses, carrying before him Darius a childe, one of the pledges giuen by the Parthians, his Pretorian Souldiers accompanying him, and his friends following him in a Coach, &c.
17-1	3481-3484	The	_	_	_	
17-2	3485-3489	next	_	_	_	
17-3	3490-3493	day	_	_	_	
17-4	3494-3496	in	_	_	_	
17-5	3497-3498	a	_	_	_	
17-6	3499-3508	Coch-mans	_	_	_	
17-7	3509-3514	habit	_	_	_	
17-8	3514-3515	,	_	_	_	
17-9	3516-3523	driuing	_	_	_	
17-10	3524-3525	a	_	_	_	
17-11	3526-3530	Coch	_	_	_	
17-12	3531-3537	drawne	_	_	_	
17-13	3538-3540	by	_	_	_	
17-14	3541-3546	foure	_	_	_	
17-15	3547-3553	famous	_	_	_	
17-16	3554-3560	horses	_	_	_	
17-17	3560-3561	,	_	_	_	
17-18	3562-3570	carrying	_	_	_	
17-19	3571-3577	before	_	_	_	
17-20	3578-3581	him	_	_	_	
17-21	3582-3588	Darius	_	_	_	
17-22	3589-3590	a	_	_	_	
17-23	3591-3597	childe	_	_	_	
17-24	3597-3598	,	_	_	_	
17-25	3599-3602	one	_	_	_	
17-26	3603-3605	of	_	_	_	
17-27	3606-3609	the	_	_	_	
17-28	3610-3617	pledges	_	_	_	
17-29	3618-3623	giuen	_	_	_	
17-30	3624-3626	by	_	_	_	
17-31	3627-3630	the	_	_	_	
17-32	3631-3640	Parthians	_	_	_	
17-33	3640-3641	,	_	_	_	
17-34	3642-3645	his	_	_	_	
17-35	3646-3655	Pretorian	_	_	_	
17-36	3656-3665	Souldiers	_	_	_	
17-37	3666-3678	accompanying	_	_	_	
17-38	3679-3682	him	_	_	_	
17-39	3682-3683	,	_	_	_	
17-40	3684-3687	and	_	_	_	
17-41	3688-3691	his	_	_	_	
17-42	3692-3699	friends	_	_	_	
17-43	3700-3709	following	_	_	_	
17-44	3710-3713	him	_	_	_	
17-45	3714-3716	in	_	_	_	
17-46	3717-3718	a	_	_	_	
17-47	3719-3724	Coach	_	_	_	
17-48	3724-3725	,	_	_	_	
17-49	3726-3727	&	_	_	_	
17-50	3727-3728	c	_	_	_	
17-51	3728-3729	.	_	_	_	

#Text=He that desires to compreh the magnificence of this work, must first know, that the Mediterranean sea is very calme, hauing little or no ebbing or flong, and that this Creeke is yet more calme, and that this bridge was built in the furthest part of the Creeke, very neere the land.
18-1	3730-3732	He	_	_	_	
18-2	3733-3737	that	_	_	_	
18-3	3738-3745	desires	_	_	_	
18-4	3746-3748	to	_	_	_	
18-5	3749-3756	compreh	_	_	_	
18-6	3757-3760	the	_	_	_	
18-7	3761-3773	magnificence	_	_	_	
18-8	3774-3776	of	_	_	_	
18-9	3777-3781	this	_	_	_	
18-10	3782-3786	work	_	_	_	
18-11	3786-3787	,	_	_	_	
18-12	3788-3792	must	_	_	_	
18-13	3793-3798	first	_	_	_	
18-14	3799-3803	know	_	_	_	
18-15	3803-3804	,	_	_	_	
18-16	3805-3809	that	_	_	_	
18-17	3810-3813	the	_	_	_	
18-18	3814-3827	Mediterranean	_	_	_	
18-19	3828-3831	sea	_	_	_	
18-20	3832-3834	is	_	_	_	
18-21	3835-3839	very	_	_	_	
18-22	3840-3845	calme	_	_	_	
18-23	3845-3846	,	_	_	_	
18-24	3847-3853	hauing	_	_	_	
18-25	3854-3860	little	_	_	_	
18-26	3861-3863	or	_	_	_	
18-27	3864-3866	no	_	_	_	
18-28	3867-3873	ebbing	_	_	_	
18-29	3874-3876	or	_	_	_	
18-30	3877-3882	flong	_	_	_	
18-31	3882-3883	,	_	_	_	
18-32	3884-3887	and	_	_	_	
18-33	3888-3892	that	_	_	_	
18-34	3893-3897	this	_	_	_	
18-35	3898-3904	Creeke	_	_	_	
18-36	3905-3907	is	_	_	_	
18-37	3908-3911	yet	_	_	_	
18-38	3912-3916	more	_	_	_	
18-39	3917-3922	calme	_	_	_	
18-40	3922-3923	,	_	_	_	
18-41	3924-3927	and	_	_	_	
18-42	3928-3932	that	_	_	_	
18-43	3933-3937	this	_	_	_	
18-44	3938-3944	bridge	_	_	_	
18-45	3945-3948	was	_	_	_	
18-46	3949-3954	built	_	_	_	
18-47	3955-3957	in	_	_	_	
18-48	3958-3961	the	_	_	_	
18-49	3962-3970	furthest	_	_	_	
18-50	3971-3975	part	_	_	_	
18-51	3976-3978	of	_	_	_	
18-52	3979-3982	the	_	_	_	
18-53	3983-3989	Creeke	_	_	_	
18-54	3989-3990	,	_	_	_	
18-55	3991-3995	very	_	_	_	
18-56	3996-4001	neere	_	_	_	
18-57	4002-4005	the	_	_	_	
18-58	4006-4010	land	_	_	_	
18-59	4010-4011	.	_	_	_	

#Text=These things considered, (if my iudgement faile not), there is greater cause of wonder at the Bridge built by the Duke of Parma besieging Antwerp, being in like sort built vpon barkes fastened one to the other, and also at the Bridge of London, bearing a great ebbing and flowing of the sea, and built of free stone, vpon so firme a foundation, as it beareth many great and faire houses vpon it: but whatsoeuer the magnificence were, surely the vanitie of this worke was great, to spend so much vpon this Bridge, the way by land being not a mile longer then by the Bridge.
19-1	4012-4017	These	_	_	_	
19-2	4018-4024	things	_	_	_	
19-3	4025-4035	considered	_	_	_	
19-4	4035-4036	,	_	_	_	
19-5	4037-4038	(	_	_	_	
19-6	4038-4040	if	_	_	_	
19-7	4041-4043	my	_	_	_	
19-8	4044-4053	iudgement	_	_	_	
19-9	4054-4059	faile	_	_	_	
19-10	4060-4063	not	_	_	_	
19-11	4063-4064	)	_	_	_	
19-12	4064-4065	,	_	_	_	
19-13	4066-4071	there	_	_	_	
19-14	4072-4074	is	_	_	_	
19-15	4075-4082	greater	_	_	_	
19-16	4083-4088	cause	_	_	_	
19-17	4089-4091	of	_	_	_	
19-18	4092-4098	wonder	_	_	_	
19-19	4099-4101	at	_	_	_	
19-20	4102-4105	the	_	_	_	
19-21	4106-4112	Bridge	_	_	_	
19-22	4113-4118	built	_	_	_	
19-23	4119-4121	by	_	_	_	
19-24	4122-4125	the	_	_	_	
19-25	4126-4130	Duke	_	_	_	
19-26	4131-4133	of	_	_	_	
19-27	4134-4139	Parma	_	_	_	
19-28	4140-4149	besieging	_	_	_	
19-29	4150-4157	Antwerp	_	_	_	
19-30	4157-4158	,	_	_	_	
19-31	4159-4164	being	_	_	_	
19-32	4165-4167	in	_	_	_	
19-33	4168-4172	like	_	_	_	
19-34	4173-4177	sort	_	_	_	
19-35	4178-4183	built	_	_	_	
19-36	4184-4188	vpon	_	_	_	
19-37	4189-4195	barkes	_	_	_	
19-38	4196-4204	fastened	_	_	_	
19-39	4205-4208	one	_	_	_	
19-40	4209-4211	to	_	_	_	
19-41	4212-4215	the	_	_	_	
19-42	4216-4221	other	_	_	_	
19-43	4221-4222	,	_	_	_	
19-44	4223-4226	and	_	_	_	
19-45	4227-4231	also	_	_	_	
19-46	4232-4234	at	_	_	_	
19-47	4235-4238	the	_	_	_	
19-48	4239-4245	Bridge	_	_	_	
19-49	4246-4248	of	_	_	_	
19-50	4249-4255	London	_	_	_	
19-51	4255-4256	,	_	_	_	
19-52	4257-4264	bearing	_	_	_	
19-53	4265-4266	a	_	_	_	
19-54	4267-4272	great	_	_	_	
19-55	4273-4279	ebbing	_	_	_	
19-56	4280-4283	and	_	_	_	
19-57	4284-4291	flowing	_	_	_	
19-58	4292-4294	of	_	_	_	
19-59	4295-4298	the	_	_	_	
19-60	4299-4302	sea	_	_	_	
19-61	4302-4303	,	_	_	_	
19-62	4304-4307	and	_	_	_	
19-63	4308-4313	built	_	_	_	
19-64	4314-4316	of	_	_	_	
19-65	4317-4321	free	_	_	_	
19-66	4322-4327	stone	_	_	_	
19-67	4327-4328	,	_	_	_	
19-68	4329-4333	vpon	_	_	_	
19-69	4334-4336	so	_	_	_	
19-70	4337-4342	firme	_	_	_	
19-71	4343-4344	a	_	_	_	
19-72	4345-4355	foundation	_	_	_	
19-73	4355-4356	,	_	_	_	
19-74	4357-4359	as	_	_	_	
19-75	4360-4362	it	_	_	_	
19-76	4363-4370	beareth	_	_	_	
19-77	4371-4375	many	_	_	_	
19-78	4376-4381	great	_	_	_	
19-79	4382-4385	and	_	_	_	
19-80	4386-4391	faire	_	_	_	
19-81	4392-4398	houses	_	_	_	
19-82	4399-4403	vpon	_	_	_	
19-83	4404-4406	it	_	_	_	
19-84	4406-4407	:	_	_	_	
19-85	4408-4411	but	_	_	_	
19-86	4412-4422	whatsoeuer	_	_	_	
19-87	4423-4426	the	_	_	_	
19-88	4427-4439	magnificence	_	_	_	
19-89	4440-4444	were	_	_	_	
19-90	4444-4445	,	_	_	_	
19-91	4446-4452	surely	_	_	_	
19-92	4453-4456	the	_	_	_	
19-93	4457-4464	vanitie	_	_	_	
19-94	4465-4467	of	_	_	_	
19-95	4468-4472	this	_	_	_	
19-96	4473-4478	worke	_	_	_	
19-97	4479-4482	was	_	_	_	
19-98	4483-4488	great	_	_	_	
19-99	4488-4489	,	_	_	_	
19-100	4490-4492	to	_	_	_	
19-101	4493-4498	spend	_	_	_	
19-102	4499-4501	so	_	_	_	
19-103	4502-4506	much	_	_	_	
19-104	4507-4511	vpon	_	_	_	
19-105	4512-4516	this	_	_	_	
19-106	4517-4523	Bridge	_	_	_	
19-107	4523-4524	,	_	_	_	
19-108	4525-4528	the	_	_	_	
19-109	4529-4532	way	_	_	_	
19-110	4533-4535	by	_	_	_	
19-111	4536-4540	land	_	_	_	
19-112	4541-4546	being	_	_	_	
19-113	4547-4550	not	_	_	_	
19-114	4551-4552	a	_	_	_	
19-115	4553-4557	mile	_	_	_	
19-116	4558-4564	longer	_	_	_	
19-117	4565-4569	then	_	_	_	
19-118	4570-4572	by	_	_	_	
19-119	4573-4576	the	_	_	_	
19-120	4577-4583	Bridge	_	_	_	
19-121	4583-4584	.	_	_	_	

#Text=Giue me leaue to digresse so farre, as to remember, that the Territorie of Fernum is not farre from Pozzols, the wine whereof called Falernum, is so much praised by Horace.
20-1	4585-4589	Giue	_	_	_	
20-2	4590-4592	me	_	_	_	
20-3	4593-4598	leaue	_	_	_	
20-4	4599-4601	to	_	_	_	
20-5	4602-4610	digresse	_	_	_	
20-6	4611-4613	so	_	_	_	
20-7	4614-4619	farre	_	_	_	
20-8	4619-4620	,	_	_	_	
20-9	4621-4623	as	_	_	_	
20-10	4624-4626	to	_	_	_	
20-11	4627-4635	remember	_	_	_	
20-12	4635-4636	,	_	_	_	
20-13	4637-4641	that	_	_	_	
20-14	4642-4645	the	_	_	_	
20-15	4646-4656	Territorie	_	_	_	
20-16	4657-4659	of	_	_	_	
20-17	4660-4666	Fernum	_	_	_	
20-18	4667-4669	is	_	_	_	
20-19	4670-4673	not	_	_	_	
20-20	4674-4679	farre	_	_	_	
20-21	4680-4684	from	_	_	_	
20-22	4685-4692	Pozzols	_	_	_	
20-23	4692-4693	,	_	_	_	
20-24	4694-4697	the	_	_	_	
20-25	4698-4702	wine	_	_	_	
20-26	4703-4710	whereof	_	_	_	
20-27	4711-4717	called	_	_	_	
20-28	4718-4726	Falernum	_	_	_	
20-29	4726-4727	,	_	_	_	
20-30	4728-4730	is	_	_	_	
20-31	4731-4733	so	_	_	_	
20-32	4734-4738	much	_	_	_	
20-33	4739-4746	praised	_	_	_	
20-34	4747-4749	by	_	_	_	
20-35	4750-4756	Horace	_	_	_	
20-36	4756-4757	.	_	_	_	

#Text=After dinner we went from Pozzoii, to view the Antiquities lying vpon this Creeke; and first we came to the Labyrinth, a building vnder ground, which hath the name of the multitude of roomes, with such passages to and fro; as a man may loose himselfe in them; and here wee had not onely neede of the thread of Ariadne, but of light also to conduct vs.
21-1	4758-4763	After	_	_	_	
21-2	4764-4770	dinner	_	_	_	
21-3	4771-4773	we	_	_	_	
21-4	4774-4778	went	_	_	_	
21-5	4779-4783	from	_	_	_	
21-6	4784-4791	Pozzoii	_	_	_	
21-7	4791-4792	,	_	_	_	
21-8	4793-4795	to	_	_	_	
21-9	4796-4800	view	_	_	_	
21-10	4801-4804	the	_	_	_	
21-11	4805-4816	Antiquities	_	_	_	
21-12	4817-4822	lying	_	_	_	
21-13	4823-4827	vpon	_	_	_	
21-14	4828-4832	this	_	_	_	
21-15	4833-4839	Creeke	_	_	_	
21-16	4839-4840	;	_	_	_	
21-17	4841-4844	and	_	_	_	
21-18	4845-4850	first	_	_	_	
21-19	4851-4853	we	_	_	_	
21-20	4854-4858	came	_	_	_	
21-21	4859-4861	to	_	_	_	
21-22	4862-4865	the	_	_	_	
21-23	4866-4875	Labyrinth	_	_	_	
21-24	4875-4876	,	_	_	_	
21-25	4877-4878	a	_	_	_	
21-26	4879-4887	building	_	_	_	
21-27	4888-4893	vnder	_	_	_	
21-28	4894-4900	ground	_	_	_	
21-29	4900-4901	,	_	_	_	
21-30	4902-4907	which	_	_	_	
21-31	4908-4912	hath	_	_	_	
21-32	4913-4916	the	_	_	_	
21-33	4917-4921	name	_	_	_	
21-34	4922-4924	of	_	_	_	
21-35	4925-4928	the	_	_	_	
21-36	4929-4938	multitude	_	_	_	
21-37	4939-4941	of	_	_	_	
21-38	4942-4948	roomes	_	_	_	
21-39	4948-4949	,	_	_	_	
21-40	4950-4954	with	_	_	_	
21-41	4955-4959	such	_	_	_	
21-42	4960-4968	passages	_	_	_	
21-43	4969-4971	to	_	_	_	
21-44	4972-4975	and	_	_	_	
21-45	4976-4979	fro	_	_	_	
21-46	4979-4980	;	_	_	_	
21-47	4981-4983	as	_	_	_	
21-48	4984-4985	a	_	_	_	
21-49	4986-4989	man	_	_	_	
21-50	4990-4993	may	_	_	_	
21-51	4994-4999	loose	_	_	_	
21-52	5000-5008	himselfe	_	_	_	
21-53	5009-5011	in	_	_	_	
21-54	5012-5016	them	_	_	_	
21-55	5016-5017	;	_	_	_	
21-56	5018-5021	and	_	_	_	
21-57	5022-5026	here	_	_	_	
21-58	5027-5030	wee	_	_	_	
21-59	5031-5034	had	_	_	_	
21-60	5035-5038	not	_	_	_	
21-61	5039-5044	onely	_	_	_	
21-62	5045-5050	neede	_	_	_	
21-63	5051-5053	of	_	_	_	
21-64	5054-5057	the	_	_	_	
21-65	5058-5064	thread	_	_	_	
21-66	5065-5067	of	_	_	_	
21-67	5068-5075	Ariadne	_	_	_	
21-68	5075-5076	,	_	_	_	
21-69	5077-5080	but	_	_	_	
21-70	5081-5083	of	_	_	_	
21-71	5084-5089	light	_	_	_	
21-72	5090-5094	also	_	_	_	
21-73	5095-5097	to	_	_	_	
21-74	5098-5105	conduct	_	_	_	
21-75	5106-5108	vs	_	_	_	
21-76	5108-5109	.	_	_	_	

#Text=Leander thinks, that all this building was to keepe fresh water: Then we came to the Amphitheater, being of an Ouall forme, the inner part whereof is 172 foot long, and 88 broad, the building whereof is little ruined: And Suetonius writes, that this was built for the Plaies of Vulcan.
22-1	5110-5117	Leander	_	_	_	
22-2	5118-5124	thinks	_	_	_	
22-3	5124-5125	,	_	_	_	
22-4	5126-5130	that	_	_	_	
22-5	5131-5134	all	_	_	_	
22-6	5135-5139	this	_	_	_	
22-7	5140-5148	building	_	_	_	
22-8	5149-5152	was	_	_	_	
22-9	5153-5155	to	_	_	_	
22-10	5156-5161	keepe	_	_	_	
22-11	5162-5167	fresh	_	_	_	
22-12	5168-5173	water	_	_	_	
22-13	5173-5174	:	_	_	_	
22-14	5175-5179	Then	_	_	_	
22-15	5180-5182	we	_	_	_	
22-16	5183-5187	came	_	_	_	
22-17	5188-5190	to	_	_	_	
22-18	5191-5194	the	_	_	_	
22-19	5195-5207	Amphitheater	_	_	_	
22-20	5207-5208	,	_	_	_	
22-21	5209-5214	being	_	_	_	
22-22	5215-5217	of	_	_	_	
22-23	5218-5220	an	_	_	_	
22-24	5221-5226	Ouall	_	_	_	
22-25	5227-5232	forme	_	_	_	
22-26	5232-5233	,	_	_	_	
22-27	5234-5237	the	_	_	_	
22-28	5238-5243	inner	_	_	_	
22-29	5244-5248	part	_	_	_	
22-30	5249-5256	whereof	_	_	_	
22-31	5257-5259	is	_	_	_	
22-32	5260-5263	172	_	_	_	
22-33	5264-5268	foot	_	_	_	
22-34	5269-5273	long	_	_	_	
22-35	5273-5274	,	_	_	_	
22-36	5275-5278	and	_	_	_	
22-37	5279-5281	88	_	_	_	
22-38	5282-5287	broad	_	_	_	
22-39	5287-5288	,	_	_	_	
22-40	5289-5292	the	_	_	_	
22-41	5293-5301	building	_	_	_	
22-42	5302-5309	whereof	_	_	_	
22-43	5310-5312	is	_	_	_	
22-44	5313-5319	little	_	_	_	
22-45	5320-5326	ruined	_	_	_	
22-46	5326-5327	:	_	_	_	
22-47	5328-5331	And	_	_	_	
22-48	5332-5341	Suetonius	_	_	_	
22-49	5342-5348	writes	_	_	_	
22-50	5348-5349	,	_	_	_	
22-51	5350-5354	that	_	_	_	
22-52	5355-5359	this	_	_	_	
22-53	5360-5363	was	_	_	_	
22-54	5364-5369	built	_	_	_	
22-55	5370-5373	for	_	_	_	
22-56	5374-5377	the	_	_	_	
22-57	5378-5384	Plaies	_	_	_	
22-58	5385-5387	of	_	_	_	
22-59	5388-5394	Vulcan	_	_	_	
22-60	5394-5395	.	_	_	_	

#Text=Not farre thence, neere the shoare, is a fouaine of cleare and sweete water, flowing plentifully out of the sea, so that for a great distance we might with our eies distinguish the same from the sea water, which Leander thinks to haue been brought by pipes vnder the earth, to these houses of the old Rans.
23-1	5396-5399	Not	_	_	_	
23-2	5400-5405	farre	_	_	_	
23-3	5406-5412	thence	_	_	_	
23-4	5412-5413	,	_	_	_	
23-5	5414-5419	neere	_	_	_	
23-6	5420-5423	the	_	_	_	
23-7	5424-5430	shoare	_	_	_	
23-8	5430-5431	,	_	_	_	
23-9	5432-5434	is	_	_	_	
23-10	5435-5436	a	_	_	_	
23-11	5437-5444	fouaine	_	_	_	
23-12	5445-5447	of	_	_	_	
23-13	5448-5454	cleare	_	_	_	
23-14	5455-5458	and	_	_	_	
23-15	5459-5465	sweete	_	_	_	
23-16	5466-5471	water	_	_	_	
23-17	5471-5472	,	_	_	_	
23-18	5473-5480	flowing	_	_	_	
23-19	5481-5492	plentifully	_	_	_	
23-20	5493-5496	out	_	_	_	
23-21	5497-5499	of	_	_	_	
23-22	5500-5503	the	_	_	_	
23-23	5504-5507	sea	_	_	_	
23-24	5507-5508	,	_	_	_	
23-25	5509-5511	so	_	_	_	
23-26	5512-5516	that	_	_	_	
23-27	5517-5520	for	_	_	_	
23-28	5521-5522	a	_	_	_	
23-29	5523-5528	great	_	_	_	
23-30	5529-5537	distance	_	_	_	
23-31	5538-5540	we	_	_	_	
23-32	5541-5546	might	_	_	_	
23-33	5547-5551	with	_	_	_	
23-34	5552-5555	our	_	_	_	
23-35	5556-5560	eies	_	_	_	
23-36	5561-5572	distinguish	_	_	_	
23-37	5573-5576	the	_	_	_	
23-38	5577-5581	same	_	_	_	
23-39	5582-5586	from	_	_	_	
23-40	5587-5590	the	_	_	_	
23-41	5591-5594	sea	_	_	_	
23-42	5595-5600	water	_	_	_	
23-43	5600-5601	,	_	_	_	
23-44	5602-5607	which	_	_	_	
23-45	5608-5615	Leander	_	_	_	
23-46	5616-5622	thinks	_	_	_	
23-47	5623-5625	to	_	_	_	
23-48	5626-5630	haue	_	_	_	
23-49	5631-5635	been	_	_	_	
23-50	5636-5643	brought	_	_	_	
23-51	5644-5646	by	_	_	_	
23-52	5647-5652	pipes	_	_	_	
23-53	5653-5658	vnder	_	_	_	
23-54	5659-5662	the	_	_	_	
23-55	5663-5668	earth	_	_	_	
23-56	5668-5669	,	_	_	_	
23-57	5670-5672	to	_	_	_	
23-58	5673-5678	these	_	_	_	
23-59	5679-5685	houses	_	_	_	
23-60	5686-5688	of	_	_	_	
23-61	5689-5692	the	_	_	_	
23-62	5693-5696	old	_	_	_	
23-63	5697-5701	Rans	_	_	_	
23-64	5701-5702	.	_	_	_	

#Text=Neere this place are the ruines of many buildings, now called Belgeimano, which the Emperour Tiberius is said to haue built, when hereturned with triumph from the German warre.
24-1	5703-5708	Neere	_	_	_	
24-2	5709-5713	this	_	_	_	
24-3	5714-5719	place	_	_	_	
24-4	5720-5723	are	_	_	_	
24-5	5724-5727	the	_	_	_	
24-6	5728-5734	ruines	_	_	_	
24-7	5735-5737	of	_	_	_	
24-8	5738-5742	many	_	_	_	
24-9	5743-5752	buildings	_	_	_	
24-10	5752-5753	,	_	_	_	
24-11	5754-5757	now	_	_	_	
24-12	5758-5764	called	_	_	_	
24-13	5765-5775	Belgeimano	_	_	_	
24-14	5775-5776	,	_	_	_	
24-15	5777-5782	which	_	_	_	
24-16	5783-5786	the	_	_	_	
24-17	5787-5795	Emperour	_	_	_	
24-18	5796-5804	Tiberius	_	_	_	
24-19	5805-5807	is	_	_	_	
24-20	5808-5812	said	_	_	_	
24-21	5813-5815	to	_	_	_	
24-22	5816-5820	haue	_	_	_	
24-23	5821-5826	built	_	_	_	
24-24	5826-5827	,	_	_	_	
24-25	5828-5832	when	_	_	_	
24-26	5833-5843	hereturned	_	_	_	
24-27	5844-5848	with	_	_	_	
24-28	5849-5856	triumph	_	_	_	
24-29	5857-5861	from	_	_	_	
24-30	5862-5865	the	_	_	_	
24-31	5866-5872	German	_	_	_	
24-32	5873-5878	warre	_	_	_	
24-33	5878-5879	.	_	_	_	

#Text=Betweene the rocks that compasse this sea, is the way Attellane, which leades those that passe to Rome, to the way of Appins, and there be many baths, for most of the waters are medicinall.
25-1	5880-5888	Betweene	_	_	_	
25-2	5889-5892	the	_	_	_	
25-3	5893-5898	rocks	_	_	_	
25-4	5899-5903	that	_	_	_	
25-5	5904-5912	compasse	_	_	_	
25-6	5913-5917	this	_	_	_	
25-7	5918-5921	sea	_	_	_	
25-8	5921-5922	,	_	_	_	
25-9	5923-5925	is	_	_	_	
25-10	5926-5929	the	_	_	_	
25-11	5930-5933	way	_	_	_	
25-12	5934-5943	Attellane	_	_	_	
25-13	5943-5944	,	_	_	_	
25-14	5945-5950	which	_	_	_	
25-15	5951-5957	leades	_	_	_	
25-16	5958-5963	those	_	_	_	
25-17	5964-5968	that	_	_	_	
25-18	5969-5974	passe	_	_	_	
25-19	5975-5977	to	_	_	_	
25-20	5978-5982	Rome	_	_	_	
25-21	5982-5983	,	_	_	_	
25-22	5984-5986	to	_	_	_	
25-23	5987-5990	the	_	_	_	
25-24	5991-5994	way	_	_	_	
25-25	5995-5997	of	_	_	_	
25-26	5998-6004	Appins	_	_	_	
25-27	6004-6005	,	_	_	_	
25-28	6006-6009	and	_	_	_	
25-29	6010-6015	there	_	_	_	
25-30	6016-6018	be	_	_	_	
25-31	6019-6023	many	_	_	_	
25-32	6024-6029	baths	_	_	_	
25-33	6029-6030	,	_	_	_	
25-34	6031-6034	for	_	_	_	
25-35	6035-6039	most	_	_	_	
25-36	6040-6042	of	_	_	_	
25-37	6043-6046	the	_	_	_	
25-38	6047-6053	waters	_	_	_	
25-39	6054-6057	are	_	_	_	
25-40	6058-6068	medicinall	_	_	_	
25-41	6068-6069	.	_	_	_	

#Text=Neere the Lake of Auernus vpo?
26-1	6072-6077	Neere	_	_	_	
26-2	6078-6081	the	_	_	_	
26-3	6082-6086	Lake	_	_	_	
26-4	6087-6089	of	_	_	_	
26-5	6090-6097	Auernus	_	_	_	
26-6	6098-6101	vpo	_	_	_	
26-7	6101-6102	?	_	_	_	

#Text=the side towards Pozzoli, lies a Mountaine, (q) which lately broke out of the earth, where of old were the bathes of Tripergola, whence the dwellings in this part, and this place, are called Tripergola, and here of old were many large and stately buildings, but by reason of many Earthquakes, and roberies of Pirats, the houses were long since forsaken, and at last in the yeere 1538 were swallowed vp by the earth.
27-1	6103-6106	the	_	_	_	
27-2	6107-6111	side	_	_	_	
27-3	6112-6119	towards	_	_	_	
27-4	6120-6127	Pozzoli	_	_	_	
27-5	6127-6128	,	_	_	_	
27-6	6129-6133	lies	_	_	_	
27-7	6134-6135	a	_	_	_	
27-8	6136-6145	Mountaine	_	_	_	
27-9	6145-6146	,	_	_	_	
27-10	6147-6148	(	_	_	_	
27-11	6148-6149	q	_	_	_	
27-12	6149-6150	)	_	_	_	
27-13	6151-6156	which	_	_	_	
27-14	6157-6163	lately	_	_	_	
27-15	6164-6169	broke	_	_	_	
27-16	6170-6173	out	_	_	_	
27-17	6174-6176	of	_	_	_	
27-18	6177-6180	the	_	_	_	
27-19	6181-6186	earth	_	_	_	
27-20	6186-6187	,	_	_	_	
27-21	6188-6193	where	_	_	_	
27-22	6194-6196	of	_	_	_	
27-23	6197-6200	old	_	_	_	
27-24	6201-6205	were	_	_	_	
27-25	6206-6209	the	_	_	_	
27-26	6210-6216	bathes	_	_	_	
27-27	6217-6219	of	_	_	_	
27-28	6220-6230	Tripergola	_	_	_	
27-29	6230-6231	,	_	_	_	
27-30	6232-6238	whence	_	_	_	
27-31	6239-6242	the	_	_	_	
27-32	6243-6252	dwellings	_	_	_	
27-33	6253-6255	in	_	_	_	
27-34	6256-6260	this	_	_	_	
27-35	6261-6265	part	_	_	_	
27-36	6265-6266	,	_	_	_	
27-37	6267-6270	and	_	_	_	
27-38	6271-6275	this	_	_	_	
27-39	6276-6281	place	_	_	_	
27-40	6281-6282	,	_	_	_	
27-41	6283-6286	are	_	_	_	
27-42	6287-6293	called	_	_	_	
27-43	6294-6304	Tripergola	_	_	_	
27-44	6304-6305	,	_	_	_	
27-45	6306-6309	and	_	_	_	
27-46	6310-6314	here	_	_	_	
27-47	6315-6317	of	_	_	_	
27-48	6318-6321	old	_	_	_	
27-49	6322-6326	were	_	_	_	
27-50	6327-6331	many	_	_	_	
27-51	6332-6337	large	_	_	_	
27-52	6338-6341	and	_	_	_	
27-53	6342-6349	stately	_	_	_	
27-54	6350-6359	buildings	_	_	_	
27-55	6359-6360	,	_	_	_	
27-56	6361-6364	but	_	_	_	
27-57	6365-6367	by	_	_	_	
27-58	6368-6374	reason	_	_	_	
27-59	6375-6377	of	_	_	_	
27-60	6378-6382	many	_	_	_	
27-61	6383-6394	Earthquakes	_	_	_	
27-62	6394-6395	,	_	_	_	
27-63	6396-6399	and	_	_	_	
27-64	6400-6408	roberies	_	_	_	
27-65	6409-6411	of	_	_	_	
27-66	6412-6418	Pirats	_	_	_	
27-67	6418-6419	,	_	_	_	
27-68	6420-6423	the	_	_	_	
27-69	6424-6430	houses	_	_	_	
27-70	6431-6435	were	_	_	_	
27-71	6436-6440	long	_	_	_	
27-72	6441-6446	since	_	_	_	
27-73	6447-6455	forsaken	_	_	_	
27-74	6455-6456	,	_	_	_	
27-75	6457-6460	and	_	_	_	
27-76	6461-6463	at	_	_	_	
27-77	6464-6468	last	_	_	_	
27-78	6469-6471	in	_	_	_	
27-79	6472-6475	the	_	_	_	
27-80	6476-6481	yeere	_	_	_	
27-81	6482-6486	1538	_	_	_	
27-82	6487-6491	were	_	_	_	
27-83	6492-6501	swallowed	_	_	_	
27-84	6502-6504	vp	_	_	_	
27-85	6505-6507	by	_	_	_	
27-86	6508-6511	the	_	_	_	
27-87	6512-6517	earth	_	_	_	
27-88	6517-6518	.	_	_	_	

#Text=For in that yeere vpon Michaelmas day was a terrible Earthquake in this place, which brake out with fire in great flames, casting vp stones, with a great tempest of winde, and darkenesse of the aire, so as the people thought the worlds end was come.
28-1	6519-6522	For	_	_	_	
28-2	6523-6525	in	_	_	_	
28-3	6526-6530	that	_	_	_	
28-4	6531-6536	yeere	_	_	_	
28-5	6537-6541	vpon	_	_	_	
28-6	6542-6552	Michaelmas	_	_	_	
28-7	6553-6556	day	_	_	_	
28-8	6557-6560	was	_	_	_	
28-9	6561-6562	a	_	_	_	
28-10	6563-6571	terrible	_	_	_	
28-11	6572-6582	Earthquake	_	_	_	
28-12	6583-6585	in	_	_	_	
28-13	6586-6590	this	_	_	_	
28-14	6591-6596	place	_	_	_	
28-15	6596-6597	,	_	_	_	
28-16	6598-6603	which	_	_	_	
28-17	6604-6609	brake	_	_	_	
28-18	6610-6613	out	_	_	_	
28-19	6614-6618	with	_	_	_	
28-20	6619-6623	fire	_	_	_	
28-21	6624-6626	in	_	_	_	
28-22	6627-6632	great	_	_	_	
28-23	6633-6639	flames	_	_	_	
28-24	6639-6640	,	_	_	_	
28-25	6641-6648	casting	_	_	_	
28-26	6649-6651	vp	_	_	_	
28-27	6652-6658	stones	_	_	_	
28-28	6658-6659	,	_	_	_	
28-29	6660-6664	with	_	_	_	
28-30	6665-6666	a	_	_	_	
28-31	6667-6672	great	_	_	_	
28-32	6673-6680	tempest	_	_	_	
28-33	6681-6683	of	_	_	_	
28-34	6684-6689	winde	_	_	_	
28-35	6689-6690	,	_	_	_	
28-36	6691-6694	and	_	_	_	
28-37	6695-6705	darkenesse	_	_	_	
28-38	6706-6708	of	_	_	_	
28-39	6709-6712	the	_	_	_	
28-40	6713-6717	aire	_	_	_	
28-41	6717-6718	,	_	_	_	
28-42	6719-6721	so	_	_	_	
28-43	6722-6724	as	_	_	_	
28-44	6725-6728	the	_	_	_	
28-45	6729-6735	people	_	_	_	
28-46	6736-6743	thought	_	_	_	
28-47	6744-6747	the	_	_	_	
28-48	6748-6754	worlds	_	_	_	
28-49	6755-6758	end	_	_	_	
28-50	6759-6762	was	_	_	_	
28-51	6763-6767	come	_	_	_	
28-52	6767-6768	.	_	_	_	

#Text=And at this time the ashes of this fire were carried by the winde to places twentie miles distant.
29-1	6769-6772	And	_	_	_	
29-2	6773-6775	at	_	_	_	
29-3	6776-6780	this	_	_	_	
29-4	6781-6785	time	_	_	_	
29-5	6786-6789	the	_	_	_	
29-6	6790-6795	ashes	_	_	_	
29-7	6796-6798	of	_	_	_	
29-8	6799-6803	this	_	_	_	
29-9	6804-6808	fire	_	_	_	
29-10	6809-6813	were	_	_	_	
29-11	6814-6821	carried	_	_	_	
29-12	6822-6824	by	_	_	_	
29-13	6825-6828	the	_	_	_	
29-14	6829-6834	winde	_	_	_	
29-15	6835-6837	to	_	_	_	
29-16	6838-6844	places	_	_	_	
29-17	6845-6852	twentie	_	_	_	
29-18	6853-6858	miles	_	_	_	
29-19	6859-6866	distant	_	_	_	
29-20	6866-6867	.	_	_	_	

#Text=At last after seuen daies, this confusion ceased, and then the aforesaid Mouaine breaking out of the bowels of the earth was first seene, being three miles high, and at the bottom foure miles compasse.
30-1	6868-6870	At	_	_	_	
30-2	6871-6875	last	_	_	_	
30-3	6876-6881	after	_	_	_	
30-4	6882-6887	seuen	_	_	_	
30-5	6888-6893	daies	_	_	_	
30-6	6893-6894	,	_	_	_	
30-7	6895-6899	this	_	_	_	
30-8	6900-6909	confusion	_	_	_	
30-9	6910-6916	ceased	_	_	_	
30-10	6916-6917	,	_	_	_	
30-11	6918-6921	and	_	_	_	
30-12	6922-6926	then	_	_	_	
30-13	6927-6930	the	_	_	_	
30-14	6931-6940	aforesaid	_	_	_	
30-15	6941-6948	Mouaine	_	_	_	
30-16	6949-6957	breaking	_	_	_	
30-17	6958-6961	out	_	_	_	
30-18	6962-6964	of	_	_	_	
30-19	6965-6968	the	_	_	_	
30-20	6969-6975	bowels	_	_	_	
30-21	6976-6978	of	_	_	_	
30-22	6979-6982	the	_	_	_	
30-23	6983-6988	earth	_	_	_	
30-24	6989-6992	was	_	_	_	
30-25	6993-6998	first	_	_	_	
30-26	6999-7004	seene	_	_	_	
30-27	7004-7005	,	_	_	_	
30-28	7006-7011	being	_	_	_	
30-29	7012-7017	three	_	_	_	
30-30	7018-7023	miles	_	_	_	
30-31	7024-7028	high	_	_	_	
30-32	7028-7029	,	_	_	_	
30-33	7030-7033	and	_	_	_	
30-34	7034-7036	at	_	_	_	
30-35	7037-7040	the	_	_	_	
30-36	7041-7047	bottom	_	_	_	
30-37	7048-7053	foure	_	_	_	
30-38	7054-7059	miles	_	_	_	
30-39	7060-7068	compasse	_	_	_	
30-40	7068-7069	.	_	_	_	

#Text=Vpon the toppe of this Mountaine is a hole some fistie paces broad, which towards the bottom growes more and more narrow, where it seemeth round, and of little compasse, hauing a cleare water, yet giuing a stink of britone, and this hole is like a Theater made by art.
31-1	7070-7074	Vpon	_	_	_	
31-2	7075-7078	the	_	_	_	
31-3	7079-7084	toppe	_	_	_	
31-4	7085-7087	of	_	_	_	
31-5	7088-7092	this	_	_	_	
31-6	7093-7102	Mountaine	_	_	_	
31-7	7103-7105	is	_	_	_	
31-8	7106-7107	a	Location[12]	_	_	
31-9	7108-7112	hole	Location[12]	_	_	
31-10	7113-7117	some	_	_	_	
31-11	7118-7124	fistie	_	_	_	
31-12	7125-7130	paces	_	_	_	
31-13	7131-7136	broad	_	_	_	
31-14	7136-7137	,	_	_	_	
31-15	7138-7143	which	_	_	_	
31-16	7144-7151	towards	_	_	_	
31-17	7152-7155	the	_	_	_	
31-18	7156-7162	bottom	_	_	_	
31-19	7163-7169	growes	_	_	_	
31-20	7170-7174	more	_	_	_	
31-21	7175-7178	and	_	_	_	
31-22	7179-7183	more	_	_	_	
31-23	7184-7190	narrow	_	_	_	
31-24	7190-7191	,	_	_	_	
31-25	7192-7197	where	_	_	_	
31-26	7198-7200	it	_	_	_	
31-27	7201-7208	seemeth	_	_	_	
31-28	7209-7214	round	_	_	_	
31-29	7214-7215	,	_	_	_	
31-30	7216-7219	and	_	_	_	
31-31	7220-7222	of	_	_	_	
31-32	7223-7229	little	_	_	_	
31-33	7230-7238	compasse	_	_	_	
31-34	7238-7239	,	_	_	_	
31-35	7240-7246	hauing	_	_	_	
31-36	7247-7248	a	_	_	_	
31-37	7249-7255	cleare	_	_	_	
31-38	7256-7261	water	_	_	_	
31-39	7261-7262	,	_	_	_	
31-40	7263-7266	yet	_	_	_	
31-41	7267-7273	giuing	_	_	_	
31-42	7274-7275	a	_	_	_	
31-43	7276-7281	stink	Smell\_Word	*|*	31-44[13_0]|31-8[12_0]	
31-44	7282-7284	of	Smell\_Source[13]	_	_	
31-45	7285-7292	britone	Smell\_Source[13]	_	_	
31-46	7292-7293	,	_	_	_	
31-47	7294-7297	and	_	_	_	
31-48	7298-7302	this	_	_	_	
31-49	7303-7307	hole	_	_	_	
31-50	7308-7310	is	_	_	_	
31-51	7311-7315	like	_	_	_	
31-52	7316-7317	a	_	_	_	
31-53	7318-7325	Theater	_	_	_	
31-54	7326-7330	made	_	_	_	
31-55	7331-7333	by	_	_	_	
31-56	7334-7337	art	_	_	_	
31-57	7337-7338	.	_	_	_	

#Text=In the foresaid fearefull Earthquake, caused by the breaking out of the vapours inclosed vnder the hollow earth, many fous bathes were lost, and no more seene.
32-1	7339-7341	In	_	_	_	
32-2	7342-7345	the	_	_	_	
32-3	7346-7354	foresaid	_	_	_	
32-4	7355-7364	fearefull	_	_	_	
32-5	7365-7375	Earthquake	_	_	_	
32-6	7375-7376	,	_	_	_	
32-7	7377-7383	caused	_	_	_	
32-8	7384-7386	by	_	_	_	
32-9	7387-7390	the	_	_	_	
32-10	7391-7399	breaking	_	_	_	
32-11	7400-7403	out	_	_	_	
32-12	7404-7406	of	_	_	_	
32-13	7407-7410	the	_	_	_	
32-14	7411-7418	vapours	_	_	_	
32-15	7419-7427	inclosed	_	_	_	
32-16	7428-7433	vnder	_	_	_	
32-17	7434-7437	the	_	_	_	
32-18	7438-7444	hollow	_	_	_	
32-19	7445-7450	earth	_	_	_	
32-20	7450-7451	,	_	_	_	
32-21	7452-7456	many	_	_	_	
32-22	7457-7461	fous	_	_	_	
32-23	7462-7468	bathes	_	_	_	
32-24	7469-7473	were	_	_	_	
32-25	7474-7478	lost	_	_	_	
32-26	7478-7479	,	_	_	_	
32-27	7480-7483	and	_	_	_	
32-28	7484-7486	no	_	_	_	
32-29	7487-7491	more	_	_	_	
32-30	7492-7497	seene	_	_	_	
32-31	7497-7498	.	_	_	_	

#Text=Not farre hence is the Mountaine of Christ, so called, because they say, that Christ with the squadrons of the Fathers, passed this way when hee ascended from Hell.
33-1	7499-7502	Not	_	_	_	
33-2	7503-7508	farre	_	_	_	
33-3	7509-7514	hence	_	_	_	
33-4	7515-7517	is	_	_	_	
33-5	7518-7521	the	_	_	_	
33-6	7522-7531	Mountaine	_	_	_	
33-7	7532-7534	of	_	_	_	
33-8	7535-7541	Christ	_	_	_	
33-9	7541-7542	,	_	_	_	
33-10	7543-7545	so	_	_	_	
33-11	7546-7552	called	_	_	_	
33-12	7552-7553	,	_	_	_	
33-13	7554-7561	because	_	_	_	
33-14	7562-7566	they	_	_	_	
33-15	7567-7570	say	_	_	_	
33-16	7570-7571	,	_	_	_	
33-17	7572-7576	that	_	_	_	
33-18	7577-7583	Christ	_	_	_	
33-19	7584-7588	with	_	_	_	
33-20	7589-7592	the	_	_	_	
33-21	7593-7602	squadrons	_	_	_	
33-22	7603-7605	of	_	_	_	
33-23	7606-7609	the	_	_	_	
33-24	7610-7617	Fathers	_	_	_	
33-25	7617-7618	,	_	_	_	
33-26	7619-7625	passed	_	_	_	
33-27	7626-7630	this	_	_	_	
33-28	7631-7634	way	_	_	_	
33-29	7635-7639	when	_	_	_	
33-30	7640-7643	hee	_	_	_	
33-31	7644-7652	ascended	_	_	_	
33-32	7653-7657	from	_	_	_	
33-33	7658-7662	Hell	_	_	_	
33-34	7662-7663	.	_	_	_	

#Text=But the French Gentleman Villamont worthily iudgeth this to be fabulous, and likewise the miracle of the Crucifex here, bearing the markes of Christ, yet doth he giue too much credit to the miracles of Loreto.
34-1	7664-7667	But	_	_	_	
34-2	7668-7671	the	_	_	_	
34-3	7672-7678	French	_	_	_	
34-4	7679-7688	Gentleman	_	_	_	
34-5	7689-7698	Villamont	_	_	_	
34-6	7699-7707	worthily	_	_	_	
34-7	7708-7715	iudgeth	_	_	_	
34-8	7716-7720	this	_	_	_	
34-9	7721-7723	to	_	_	_	
34-10	7724-7726	be	_	_	_	
34-11	7727-7735	fabulous	_	_	_	
34-12	7735-7736	,	_	_	_	
34-13	7737-7740	and	_	_	_	
34-14	7741-7749	likewise	_	_	_	
34-15	7750-7753	the	_	_	_	
34-16	7754-7761	miracle	_	_	_	
34-17	7762-7764	of	_	_	_	
34-18	7765-7768	the	_	_	_	
34-19	7769-7777	Crucifex	_	_	_	
34-20	7778-7782	here	_	_	_	
34-21	7782-7783	,	_	_	_	
34-22	7784-7791	bearing	_	_	_	
34-23	7792-7795	the	_	_	_	
34-24	7796-7802	markes	_	_	_	
34-25	7803-7805	of	_	_	_	
34-26	7806-7812	Christ	_	_	_	
34-27	7812-7813	,	_	_	_	
34-28	7814-7817	yet	_	_	_	
34-29	7818-7822	doth	_	_	_	
34-30	7823-7825	he	_	_	_	
34-31	7826-7830	giue	_	_	_	
34-32	7831-7834	too	_	_	_	
34-33	7835-7839	much	_	_	_	
34-34	7840-7846	credit	_	_	_	
34-35	7847-7849	to	_	_	_	
34-36	7850-7853	the	_	_	_	
34-37	7854-7862	miracles	_	_	_	
34-38	7863-7865	of	_	_	_	
34-39	7866-7872	Loreto	_	_	_	
34-40	7872-7873	.	_	_	_	

#Text=Vpon the shore of the creek of (r) Baie, lies the Lake (as Virgil saith) of the foule stinng Auernus.
35-1	7877-7881	Vpon	_	_	_	
35-2	7882-7885	the	_	_	_	
35-3	7886-7891	shore	_	_	_	
35-4	7892-7894	of	_	_	_	
35-5	7895-7898	the	_	_	_	
35-6	7899-7904	creek	_	_	_	
35-7	7905-7907	of	_	_	_	
35-8	7908-7909	(	_	_	_	
35-9	7909-7910	r	_	_	_	
35-10	7910-7911	)	_	_	_	
35-11	7912-7916	Baie	_	_	_	
35-12	7916-7917	,	_	_	_	
35-13	7918-7922	lies	_	_	_	
35-14	7923-7926	the	_	_	_	
35-15	7927-7931	Lake	_	_	_	
35-16	7932-7933	(	_	_	_	
35-17	7933-7935	as	_	_	_	
35-18	7936-7942	Virgil	_	_	_	
35-19	7943-7948	saith	_	_	_	
35-20	7948-7949	)	_	_	_	
35-21	7950-7952	of	_	_	_	
35-22	7953-7956	the	_	_	_	
35-23	7957-7962	foule	_	_	_	
35-24	7963-7969	stinng	_	_	_	
35-25	7970-7977	Auernus	_	_	_	
35-26	7977-7978	.	_	_	_	

#Text=This Lake is a naturall Hauen, but is not vsed, because the Hauen of Lrinus is betweene it and the sea.
36-1	7979-7983	This	_	_	_	
36-2	7984-7988	Lake	_	_	_	
36-3	7989-7991	is	_	_	_	
36-4	7992-7993	a	_	_	_	
36-5	7994-8002	naturall	_	_	_	
36-6	8003-8008	Hauen	_	_	_	
36-7	8008-8009	,	_	_	_	
36-8	8010-8013	but	_	_	_	
36-9	8014-8016	is	_	_	_	
36-10	8017-8020	not	_	_	_	
36-11	8021-8025	vsed	_	_	_	
36-12	8025-8026	,	_	_	_	
36-13	8027-8034	because	_	_	_	
36-14	8035-8038	the	_	_	_	
36-15	8039-8044	Hauen	_	_	_	
36-16	8045-8047	of	_	_	_	
36-17	8048-8054	Lrinus	_	_	_	
36-18	8055-8057	is	_	_	_	
36-19	8058-8066	betweene	_	_	_	
36-20	8067-8069	it	_	_	_	
36-21	8070-8073	and	_	_	_	
36-22	8074-8077	the	_	_	_	
36-23	8078-8081	sea	_	_	_	
36-24	8081-8082	.	_	_	_	

#Text=It is compassed with high hils on all sides, but onely where the Sea enters on the South-side at a passage fifty paces broad, and the forme of it is round, and the hils that compasse it now seeme pleasant, but of old were all coued with a thicke wood, which shutting vp the aire, and by the shadow drawing many birds to it, was thought to be the cause that these birds stifled with the smell of britone, fell suddenly dead, till the Emperour Augustus caused the wood to be destroied.
37-1	8083-8085	It	_	_	_	
37-2	8086-8088	is	_	_	_	
37-3	8089-8098	compassed	_	_	_	
37-4	8099-8103	with	_	_	_	
37-5	8104-8108	high	_	_	_	
37-6	8109-8113	hils	_	_	_	
37-7	8114-8116	on	_	_	_	
37-8	8117-8120	all	_	_	_	
37-9	8121-8126	sides	_	_	_	
37-10	8126-8127	,	_	_	_	
37-11	8128-8131	but	_	_	_	
37-12	8132-8137	onely	_	_	_	
37-13	8138-8143	where	_	_	_	
37-14	8144-8147	the	_	_	_	
37-15	8148-8151	Sea	_	_	_	
37-16	8152-8158	enters	_	_	_	
37-17	8159-8161	on	_	_	_	
37-18	8162-8165	the	_	_	_	
37-19	8166-8176	South-side	_	_	_	
37-20	8177-8179	at	_	_	_	
37-21	8180-8181	a	_	_	_	
37-22	8182-8189	passage	_	_	_	
37-23	8190-8195	fifty	_	_	_	
37-24	8196-8201	paces	_	_	_	
37-25	8202-8207	broad	_	_	_	
37-26	8207-8208	,	_	_	_	
37-27	8209-8212	and	_	_	_	
37-28	8213-8216	the	_	_	_	
37-29	8217-8222	forme	_	_	_	
37-30	8223-8225	of	_	_	_	
37-31	8226-8228	it	_	_	_	
37-32	8229-8231	is	_	_	_	
37-33	8232-8237	round	_	_	_	
37-34	8237-8238	,	_	_	_	
37-35	8239-8242	and	_	_	_	
37-36	8243-8246	the	_	_	_	
37-37	8247-8251	hils	_	_	_	
37-38	8252-8256	that	_	_	_	
37-39	8257-8265	compasse	_	_	_	
37-40	8266-8268	it	_	_	_	
37-41	8269-8272	now	_	_	_	
37-42	8273-8278	seeme	_	_	_	
37-43	8279-8287	pleasant	_	_	_	
37-44	8287-8288	,	_	_	_	
37-45	8289-8292	but	_	_	_	
37-46	8293-8295	of	_	_	_	
37-47	8296-8299	old	_	_	_	
37-48	8300-8304	were	_	_	_	
37-49	8305-8308	all	_	_	_	
37-50	8309-8314	coued	_	_	_	
37-51	8315-8319	with	_	_	_	
37-52	8320-8321	a	_	_	_	
37-53	8322-8328	thicke	_	_	_	
37-54	8329-8333	wood	_	_	_	
37-55	8333-8334	,	_	_	_	
37-56	8335-8340	which	_	_	_	
37-57	8341-8349	shutting	_	_	_	
37-58	8350-8352	vp	_	_	_	
37-59	8353-8356	the	_	_	_	
37-60	8357-8361	aire	_	_	_	
37-61	8361-8362	,	_	_	_	
37-62	8363-8366	and	_	_	_	
37-63	8367-8369	by	_	_	_	
37-64	8370-8373	the	_	_	_	
37-65	8374-8380	shadow	_	_	_	
37-66	8381-8388	drawing	_	_	_	
37-67	8389-8393	many	_	_	_	
37-68	8394-8399	birds	_	_	_	
37-69	8400-8402	to	_	_	_	
37-70	8403-8405	it	_	_	_	
37-71	8405-8406	,	_	_	_	
37-72	8407-8410	was	_	_	_	
37-73	8411-8418	thought	_	_	_	
37-74	8419-8421	to	_	_	_	
37-75	8422-8424	be	_	_	_	
37-76	8425-8428	the	_	_	_	
37-77	8429-8434	cause	_	_	_	
37-78	8435-8439	that	_	_	_	
37-79	8440-8445	these	Effect[14]	_	_	
37-80	8446-8451	birds	Effect[14]	_	_	
37-81	8452-8459	stifled	_	_	_	
37-82	8460-8464	with	_	_	_	
37-83	8465-8468	the	_	_	_	
37-84	8469-8474	smell	Smell\_Word	*|*	37-85[15_0]|37-88[16_0]	
37-85	8475-8477	of	Smell\_Source[15]	_	_	
37-86	8478-8485	britone	Smell\_Source[15]	_	_	
37-87	8485-8486	,	_	_	_	
37-88	8487-8491	fell	Effect[16]	Same\_span	37-79[14_16]	
37-89	8492-8500	suddenly	Effect[16]	_	_	
37-90	8501-8505	dead	Effect[16]	_	_	
37-91	8505-8506	,	_	_	_	
37-92	8507-8511	till	_	_	_	
37-93	8512-8515	the	_	_	_	
37-94	8516-8524	Emperour	_	_	_	
37-95	8525-8533	Augustus	_	_	_	
37-96	8534-8540	caused	_	_	_	
37-97	8541-8544	the	_	_	_	
37-98	8545-8549	wood	_	_	_	
37-99	8550-8552	to	_	_	_	
37-100	8553-8555	be	_	_	_	
37-101	8556-8565	destroied	_	_	_	
37-102	8565-8566	.	_	_	_	

#Text=And of the birds thus killed, the Lake was called Auernus.
38-1	8567-8570	And	_	_	_	
38-2	8571-8573	of	_	_	_	
38-3	8574-8577	the	_	_	_	
38-4	8578-8583	birds	_	_	_	
38-5	8584-8588	thus	_	_	_	
38-6	8589-8595	killed	_	_	_	
38-7	8595-8596	,	_	_	_	
38-8	8597-8600	the	_	_	_	
38-9	8601-8605	Lake	_	_	_	
38-10	8606-8609	was	_	_	_	
38-11	8610-8616	called	_	_	_	
38-12	8617-8624	Auernus	_	_	_	
38-13	8624-8625	.	_	_	_	

#Text=For this smell of brimstone, and the shadow of the foresaid wood, darkening the Lake, and the blacke colour of the water, and because the sunne is shut out from the Lake by the hils, this Lake was feined by the Poets to be one of the Lakes of hell.
39-1	8626-8629	For	_	_	_	
39-2	8630-8634	this	_	_	_	
39-3	8635-8640	smell	Smell\_Word	*|*	39-4[17_0]|39-41[18_0]	
39-4	8641-8643	of	Smell\_Source[17]	_	_	
39-5	8644-8653	brimstone	Smell\_Source[17]	_	_	
39-6	8653-8654	,	_	_	_	
39-7	8655-8658	and	_	_	_	
39-8	8659-8662	the	_	_	_	
39-9	8663-8669	shadow	_	_	_	
39-10	8670-8672	of	_	_	_	
39-11	8673-8676	the	_	_	_	
39-12	8677-8685	foresaid	_	_	_	
39-13	8686-8690	wood	_	_	_	
39-14	8690-8691	,	_	_	_	
39-15	8692-8701	darkening	_	_	_	
39-16	8702-8705	the	_	_	_	
39-17	8706-8710	Lake	_	_	_	
39-18	8710-8711	,	_	_	_	
39-19	8712-8715	and	_	_	_	
39-20	8716-8719	the	_	_	_	
39-21	8720-8726	blacke	_	_	_	
39-22	8727-8733	colour	_	_	_	
39-23	8734-8736	of	_	_	_	
39-24	8737-8740	the	_	_	_	
39-25	8741-8746	water	_	_	_	
39-26	8746-8747	,	_	_	_	
39-27	8748-8751	and	_	_	_	
39-28	8752-8759	because	_	_	_	
39-29	8760-8763	the	_	_	_	
39-30	8764-8769	sunne	_	_	_	
39-31	8770-8772	is	_	_	_	
39-32	8773-8777	shut	_	_	_	
39-33	8778-8781	out	_	_	_	
39-34	8782-8786	from	_	_	_	
39-35	8787-8790	the	_	_	_	
39-36	8791-8795	Lake	_	_	_	
39-37	8796-8798	by	_	_	_	
39-38	8799-8802	the	_	_	_	
39-39	8803-8807	hils	_	_	_	
39-40	8807-8808	,	_	_	_	
39-41	8809-8813	this	Effect[18]	_	_	
39-42	8814-8818	Lake	Effect[18]	_	_	
39-43	8819-8822	was	Effect[18]	_	_	
39-44	8823-8829	feined	Effect[18]	_	_	
39-45	8830-8832	by	Effect[18]	_	_	
39-46	8833-8836	the	Effect[18]	_	_	
39-47	8837-8842	Poets	Effect[18]	_	_	
39-48	8843-8845	to	Effect[18]	_	_	
39-49	8846-8848	be	Effect[18]	_	_	
39-50	8849-8852	one	Effect[18]	_	_	
39-51	8853-8855	of	Effect[18]	_	_	
39-52	8856-8859	the	Effect[18]	_	_	
39-53	8860-8865	Lakes	Effect[18]	_	_	
39-54	8866-8868	of	Effect[18]	_	_	
39-55	8869-8873	hell	Effect[18]	_	_	
39-56	8873-8874	.	_	_	_	
