#FORMAT=WebAnno TSV 3.3


#Text=CHAP. 12.
1-1	0-4	CHAP	
1-2	4-5	.	
1-3	6-8	12	
1-4	8-9	.	

#Text=IF the putrefaction proceedeth most of the earth or
#Text=vppermost partes of the earth, as from stinking channells, standing
#Text=lakes, priuyes, or other polluted places, as dunghills, vncleane kept houses,
#Text=and such like, then there will be felt many sudden great stinches, and
#Text=vnsauerie smells, such as cannot be distinguished, or discerned,
#Text=what it is, or whereof it commeth, because it is confounded, beeing made of
#Text=diuers stinches: in that yeare there wil be many frogges, toades, venemous
#Text=wormes, fleas, and flyes.
2-1	10-12	IF	
2-2	13-16	the	
2-3	17-29	putrefaction	
2-4	30-40	proceedeth	
2-5	41-45	most	
2-6	46-48	of	
2-7	49-52	the	
2-8	53-58	earth	
2-9	59-61	or	
2-10	62-71	vppermost	
2-11	72-78	partes	
2-12	79-81	of	
2-13	82-85	the	
2-14	86-91	earth	
2-15	91-92	,	
2-16	93-95	as	
2-17	96-100	from	
2-18	101-109	stinking	
2-19	110-119	channells	
2-20	119-120	,	
2-21	121-129	standing	
2-22	130-135	lakes	
2-23	135-136	,	
2-24	137-144	priuyes	
2-25	144-145	,	
2-26	146-148	or	
2-27	149-154	other	
2-28	155-163	polluted	
2-29	164-170	places	
2-30	170-171	,	
2-31	172-174	as	
2-32	175-184	dunghills	
2-33	184-185	,	
2-34	186-194	vncleane	
2-35	195-199	kept	
2-36	200-206	houses	
2-37	206-207	,	
2-38	208-211	and	
2-39	212-216	such	
2-40	217-221	like	
2-41	221-222	,	
2-42	223-227	then	
2-43	228-233	there	
2-44	234-238	will	
2-45	239-241	be	
2-46	242-246	felt	
2-47	247-251	many	
2-48	252-258	sudden	
2-49	259-264	great	
2-50	265-273	stinches	
2-51	273-274	,	
2-52	275-278	and	
2-53	279-288	vnsauerie	
2-54	289-295	smells	
2-55	295-296	,	
2-56	297-301	such	
2-57	302-304	as	
2-58	305-311	cannot	
2-59	312-314	be	
2-60	315-328	distinguished	
2-61	328-329	,	
2-62	330-332	or	
2-63	333-342	discerned	
2-64	342-343	,	
2-65	344-348	what	
2-66	349-351	it	
2-67	352-354	is	
2-68	354-355	,	
2-69	356-358	or	
2-70	359-366	whereof	
2-71	367-369	it	
2-72	370-377	commeth	
2-73	377-378	,	
2-74	379-386	because	
2-75	387-389	it	
2-76	390-392	is	
2-77	393-403	confounded	
2-78	403-404	,	
2-79	405-411	beeing	
2-80	412-416	made	
2-81	417-419	of	
2-82	420-426	diuers	
2-83	427-435	stinches	
2-84	435-436	:	
2-85	437-439	in	
2-86	440-444	that	
2-87	445-450	yeare	
2-88	451-456	there	
2-89	457-460	wil	
2-90	461-463	be	
2-91	464-468	many	
2-92	469-476	frogges	
2-93	476-477	,	
2-94	478-484	toades	
2-95	484-485	,	
2-96	486-494	venemous	
2-97	495-501	wormes	
2-98	501-502	,	
2-99	503-508	fleas	
2-100	508-509	,	
2-101	510-513	and	
2-102	514-519	flyes	
2-103	519-520	.	

#Text=CHAP. 13.
3-1	522-526	CHAP	
3-2	526-527	.	
3-3	528-530	13	
3-4	530-531	.	

#Text=IF the putrefaction proceedeth from within the earth, then
#Text=venemous beasts and wormes will be seene more commonly aboue the earth,
#Text=and will breede vpon the earth, and many of them will die.
4-1	532-534	IF	
4-2	535-538	the	
4-3	539-551	putrefaction	
4-4	552-562	proceedeth	
4-5	563-567	from	
4-6	568-574	within	
4-7	575-578	the	
4-8	579-584	earth	
4-9	584-585	,	
4-10	586-590	then	
4-11	591-599	venemous	
4-12	600-606	beasts	
4-13	607-610	and	
4-14	611-617	wormes	
4-15	618-622	will	
4-16	623-625	be	
4-17	626-631	seene	
4-18	632-636	more	
4-19	637-645	commonly	
4-20	646-651	aboue	
4-21	652-655	the	
4-22	656-661	earth	
4-23	661-662	,	
4-24	663-666	and	
4-25	667-671	will	
4-26	672-678	breede	
4-27	679-683	vpon	
4-28	684-687	the	
4-29	688-693	earth	
4-30	693-694	,	
4-31	695-698	and	
4-32	699-703	many	
4-33	704-706	of	
4-34	707-711	them	
4-35	712-716	will	
4-36	717-720	die	
4-37	720-721	.	

#Text=CHAP. 14.
5-1	723-727	CHAP	
5-2	727-728	.	
5-3	729-731	14	
5-4	731-732	.	

#Text=THe putrefaction or virulent matter of infection now, is from
#Text=celestiall orbes principally, also from corrupt places, partly from
#Text=corrupt humours in man, begotten by the two former, and ill order in feeding
#Text=and sleeping, in idlenes and late walking abroad, and sitting vp.
6-1	733-736	THe	
6-2	737-749	putrefaction	
6-3	750-752	or	
6-4	753-761	virulent	
6-5	762-768	matter	
6-6	769-771	of	
6-7	772-781	infection	
6-8	782-785	now	
6-9	785-786	,	
6-10	787-789	is	
6-11	790-794	from	
6-12	795-805	celestiall	
6-13	806-811	orbes	
6-14	812-823	principally	
6-15	823-824	,	
6-16	825-829	also	
6-17	830-834	from	
6-18	835-842	corrupt	
6-19	843-849	places	
6-20	849-850	,	
6-21	851-857	partly	
6-22	858-862	from	
6-23	863-870	corrupt	
6-24	871-878	humours	
6-25	879-881	in	
6-26	882-885	man	
6-27	885-886	,	
6-28	887-895	begotten	
6-29	896-898	by	
6-30	899-902	the	
6-31	903-906	two	
6-32	907-913	former	
6-33	913-914	,	
6-34	915-918	and	
6-35	919-922	ill	
6-36	923-928	order	
6-37	929-931	in	
6-38	932-939	feeding	
6-39	940-943	and	
6-40	944-952	sleeping	
6-41	952-953	,	
6-42	954-956	in	
6-43	957-964	idlenes	
6-44	965-968	and	
6-45	969-973	late	
6-46	974-981	walking	
6-47	982-988	abroad	
6-48	988-989	,	
6-49	990-993	and	
6-50	994-1001	sitting	
6-51	1002-1004	vp	
6-52	1004-1005	.	

#Text=CHAP. 15.
7-1	1007-1011	CHAP	
7-2	1011-1012	.	
7-3	1013-1015	15	
7-4	1015-1016	.	

#Text=THe infection taken at the nostrills is more daungerous then
#Text=otherwise, because there are two organes or passages that lead to the
#Text=heart, from thence more, then from the mouth.
8-1	1017-1020	THe	
8-2	1021-1030	infection	
8-3	1031-1036	taken	
8-4	1037-1039	at	
8-5	1040-1043	the	
8-6	1044-1053	nostrills	
8-7	1054-1056	is	
8-8	1057-1061	more	
8-9	1062-1072	daungerous	
8-10	1073-1077	then	
8-11	1078-1087	otherwise	
8-12	1087-1088	,	
8-13	1089-1096	because	
8-14	1097-1102	there	
8-15	1103-1106	are	
8-16	1107-1110	two	
8-17	1111-1118	organes	
8-18	1119-1121	or	
8-19	1122-1130	passages	
8-20	1131-1135	that	
8-21	1136-1140	lead	
8-22	1141-1143	to	
8-23	1144-1147	the	
8-24	1148-1153	heart	
8-25	1153-1154	,	
8-26	1155-1159	from	
8-27	1160-1166	thence	
8-28	1167-1171	more	
8-29	1171-1172	,	
8-30	1173-1177	then	
8-31	1178-1182	from	
8-32	1183-1186	the	
8-33	1187-1192	mouth	
8-34	1192-1193	.	

#Text=CHAP. 16.
9-1	1195-1199	CHAP	
9-2	1199-1200	.	
9-3	1201-1203	16	
9-4	1203-1204	.	

#Text=THe putrified aire cannot passe so speedily to mans
#Text=heart, as to diuers other creatures by the instrument of smelling, which
#Text=is couered with a pellicle or filme, which is to be lifted vp before he can
#Text=smell by the ayre or fume: and that pellicle is grosser in man then in
#Text=other creatures: and therefore requireth the hotter or stronger fume to
#Text=mooue it.
10-1	1205-1208	THe	
10-2	1209-1218	putrified	
10-3	1219-1223	aire	
10-4	1224-1230	cannot	
10-5	1231-1236	passe	
10-6	1237-1239	so	
10-7	1240-1248	speedily	
10-8	1249-1251	to	
10-9	1252-1256	mans	
10-10	1257-1262	heart	
10-11	1262-1263	,	
10-12	1264-1266	as	
10-13	1267-1269	to	
10-14	1270-1276	diuers	
10-15	1277-1282	other	
10-16	1283-1292	creatures	
10-17	1293-1295	by	
10-18	1296-1299	the	
10-19	1300-1310	instrument	
10-20	1311-1313	of	
10-21	1314-1322	smelling	
10-22	1322-1323	,	
10-23	1324-1329	which	
10-24	1330-1332	is	
10-25	1333-1340	couered	
10-26	1341-1345	with	
10-27	1346-1347	a	
10-28	1348-1356	pellicle	
10-29	1357-1359	or	
10-30	1360-1365	filme	
10-31	1365-1366	,	
10-32	1367-1372	which	
10-33	1373-1375	is	
10-34	1376-1378	to	
10-35	1379-1381	be	
10-36	1382-1388	lifted	
10-37	1389-1391	vp	
10-38	1392-1398	before	
10-39	1399-1401	he	
10-40	1402-1405	can	
10-41	1406-1411	smell	
10-42	1412-1414	by	
10-43	1415-1418	the	
10-44	1419-1423	ayre	
10-45	1424-1426	or	
10-46	1427-1431	fume	
10-47	1431-1432	:	
10-48	1433-1436	and	
10-49	1437-1441	that	
10-50	1442-1450	pellicle	
10-51	1451-1453	is	
10-52	1454-1461	grosser	
10-53	1462-1464	in	
10-54	1465-1468	man	
10-55	1469-1473	then	
10-56	1474-1476	in	
10-57	1477-1482	other	
10-58	1483-1492	creatures	
10-59	1492-1493	:	
10-60	1494-1497	and	
10-61	1498-1507	therefore	
10-62	1508-1517	requireth	
10-63	1518-1521	the	
10-64	1522-1528	hotter	
10-65	1529-1531	or	
10-66	1532-1540	stronger	
10-67	1541-1545	fume	
10-68	1546-1548	to	
10-69	1549-1554	mooue	
10-70	1555-1557	it	
10-71	1557-1558	.	

#Text=Secondly, the instrument of smelling is placed deeper in the
#Text=head, then in any other creatures.
11-1	1559-1567	Secondly	
11-2	1567-1568	,	
11-3	1569-1572	the	
11-4	1573-1583	instrument	
11-5	1584-1586	of	
11-6	1587-1595	smelling	
11-7	1596-1598	is	
11-8	1599-1605	placed	
11-9	1606-1612	deeper	
11-10	1613-1615	in	
11-11	1616-1619	the	
11-12	1620-1624	head	
11-13	1624-1625	,	
11-14	1626-1630	then	
11-15	1631-1633	in	
11-16	1634-1637	any	
11-17	1638-1643	other	
11-18	1644-1653	creatures	
11-19	1653-1654	.	

#Text=Thirdly, the instrument of smelling is
#Text=nigh the braine in man, which with the moysture doth hinder the naturall
#Text=complexion of the instrument of smelling, which is hot and drie,
#Text=attractiue or drawing vnto it.
12-1	1655-1662	Thirdly	
12-2	1662-1663	,	
12-3	1664-1667	the	
12-4	1668-1678	instrument	
12-5	1679-1681	of	
12-6	1682-1690	smelling	
12-7	1691-1693	is	
12-8	1694-1698	nigh	
12-9	1699-1702	the	
12-10	1703-1709	braine	
12-11	1710-1712	in	
12-12	1713-1716	man	
12-13	1716-1717	,	
12-14	1718-1723	which	
12-15	1724-1728	with	
12-16	1729-1732	the	
12-17	1733-1741	moysture	
12-18	1742-1746	doth	
12-19	1747-1753	hinder	
12-20	1754-1757	the	
12-21	1758-1766	naturall	
12-22	1767-1777	complexion	
12-23	1778-1780	of	
12-24	1781-1784	the	
12-25	1785-1795	instrument	
12-26	1796-1798	of	
12-27	1799-1807	smelling	
12-28	1807-1808	,	
12-29	1809-1814	which	
12-30	1815-1817	is	
12-31	1818-1821	hot	
12-32	1822-1825	and	
12-33	1826-1830	drie	
12-34	1830-1831	,	
12-35	1832-1842	attractiue	
12-36	1843-1845	or	
12-37	1846-1853	drawing	
12-38	1854-1858	vnto	
12-39	1859-1861	it	
12-40	1861-1862	.	

#Text=CHAP. 17.
13-1	1864-1868	CHAP	
13-2	1868-1869	.	
13-3	1870-1872	17	
13-4	1872-1873	.	

#Text=IF the putrefaction in the ayre be more hot then moist, then
#Text=it is more apt to destroy, and to be taken by the nostrills: first,
#Text=because the heat is subtile, and passeth vp speedily to the
#Text=pellicle, and mooueth with the fume or moisture.
14-1	1874-1876	IF	
14-2	1877-1880	the	
14-3	1881-1893	putrefaction	
14-4	1894-1896	in	
14-5	1897-1900	the	
14-6	1901-1905	ayre	
14-7	1906-1908	be	
14-8	1909-1913	more	
14-9	1914-1917	hot	
14-10	1918-1922	then	
14-11	1923-1928	moist	
14-12	1928-1929	,	
14-13	1930-1934	then	
14-14	1935-1937	it	
14-15	1938-1940	is	
14-16	1941-1945	more	
14-17	1946-1949	apt	
14-18	1950-1952	to	
14-19	1953-1960	destroy	
14-20	1960-1961	,	
14-21	1962-1965	and	
14-22	1966-1968	to	
14-23	1969-1971	be	
14-24	1972-1977	taken	
14-25	1978-1980	by	
14-26	1981-1984	the	
14-27	1985-1994	nostrills	
14-28	1994-1995	:	
14-29	1996-2001	first	
14-30	2001-2002	,	
14-31	2003-2010	because	
14-32	2011-2014	the	
14-33	2015-2019	heat	
14-34	2020-2022	is	
14-35	2023-2030	subtile	
14-36	2030-2031	,	
14-37	2032-2035	and	
14-38	2036-2043	passeth	
14-39	2044-2046	vp	
14-40	2047-2055	speedily	
14-41	2056-2058	to	
14-42	2059-2062	the	
14-43	2063-2071	pellicle	
14-44	2071-2072	,	
14-45	2073-2076	and	
14-46	2077-2084	mooueth	
14-47	2085-2089	with	
14-48	2090-2093	the	
14-49	2094-2098	fume	
14-50	2099-2101	or	
14-51	2102-2110	moisture	
14-52	2110-2111	.	

#Text=Secondly, for that the heat
#Text=doth resist the coldnes and moisture of the braine, the which are
#Text=hinderers of smelling.
15-1	2112-2120	Secondly	
15-2	2120-2121	,	
15-3	2122-2125	for	
15-4	2126-2130	that	
15-5	2131-2134	the	
15-6	2135-2139	heat	
15-7	2140-2144	doth	
15-8	2145-2151	resist	
15-9	2152-2155	the	
15-10	2156-2163	coldnes	
15-11	2164-2167	and	
15-12	2168-2176	moisture	
15-13	2177-2179	of	
15-14	2180-2183	the	
15-15	2184-2190	braine	
15-16	2190-2191	,	
15-17	2192-2195	the	
15-18	2196-2201	which	
15-19	2202-2205	are	
15-20	2206-2215	hinderers	
15-21	2216-2218	of	
15-22	2219-2227	smelling	
15-23	2227-2228	.	

#Text=CHAP. 18.
16-1	2230-2234	CHAP	
16-2	2234-2235	.	
16-3	2236-2238	18	
16-4	2238-2239	.	

#Text=The complexion aptest to be infected, is the sanguine,
#Text=first, because the qualities in that complexion are
#Text=like vnto the qualities in the ayre, hot and moist, and therefore doth
#Text=entertaine the ayre the apter.
17-1	2240-2243	The	
17-2	2244-2254	complexion	
17-3	2255-2261	aptest	
17-4	2262-2264	to	
17-5	2265-2267	be	
17-6	2268-2276	infected	
17-7	2276-2277	,	
17-8	2278-2280	is	
17-9	2281-2284	the	
17-10	2285-2293	sanguine	
17-11	2293-2294	,	
17-12	2295-2300	first	
17-13	2300-2301	,	
17-14	2302-2309	because	
17-15	2310-2313	the	
17-16	2314-2323	qualities	
17-17	2324-2326	in	
17-18	2327-2331	that	
17-19	2332-2342	complexion	
17-20	2343-2346	are	
17-21	2347-2351	like	
17-22	2352-2356	vnto	
17-23	2357-2360	the	
17-24	2361-2370	qualities	
17-25	2371-2373	in	
17-26	2374-2377	the	
17-27	2378-2382	ayre	
17-28	2382-2383	,	
17-29	2384-2387	hot	
17-30	2388-2391	and	
17-31	2392-2397	moist	
17-32	2397-2398	,	
17-33	2399-2402	and	
17-34	2403-2412	therefore	
17-35	2413-2417	doth	
17-36	2418-2428	entertaine	
17-37	2429-2432	the	
17-38	2433-2437	ayre	
17-39	2438-2441	the	
17-40	2442-2447	apter	
17-41	2447-2448	.	

#Text=Secondly, because these two qualities in
#Text=this complexion maketh it more conuertible, like the ayre, which will sooner
#Text=be made hotter or moister then any of the other elements.
18-1	2449-2457	Secondly	
18-2	2457-2458	,	
18-3	2459-2466	because	
18-4	2467-2472	these	
18-5	2473-2476	two	
18-6	2477-2486	qualities	
18-7	2487-2489	in	
18-8	2490-2494	this	
18-9	2495-2505	complexion	
18-10	2506-2512	maketh	
18-11	2513-2515	it	
18-12	2516-2520	more	
18-13	2521-2532	conuertible	
18-14	2532-2533	,	
18-15	2534-2538	like	
18-16	2539-2542	the	
18-17	2543-2547	ayre	
18-18	2547-2548	,	
18-19	2549-2554	which	
18-20	2555-2559	will	
18-21	2560-2566	sooner	
18-22	2567-2569	be	
18-23	2570-2574	made	
18-24	2575-2581	hotter	
18-25	2582-2584	or	
18-26	2585-2592	moister	
18-27	2593-2597	then	
18-28	2598-2601	any	
18-29	2602-2604	of	
18-30	2605-2608	the	
18-31	2609-2614	other	
18-32	2615-2623	elements	
18-33	2623-2624	.	

#Text=Thirdly, because
#Text=in this complexion, the passages leading to the humours about the heart,
#Text=and to the vitall spirits in the heart, are more large and spatious then in
#Text=any other.
19-1	2625-2632	Thirdly	
19-2	2632-2633	,	
19-3	2634-2641	because	
19-4	2642-2644	in	
19-5	2645-2649	this	
19-6	2650-2660	complexion	
19-7	2660-2661	,	
19-8	2662-2665	the	
19-9	2666-2674	passages	
19-10	2675-2682	leading	
19-11	2683-2685	to	
19-12	2686-2689	the	
19-13	2690-2697	humours	
19-14	2698-2703	about	
19-15	2704-2707	the	
19-16	2708-2713	heart	
19-17	2713-2714	,	
19-18	2715-2718	and	
19-19	2719-2721	to	
19-20	2722-2725	the	
19-21	2726-2732	vitall	
19-22	2733-2740	spirits	
19-23	2741-2743	in	
19-24	2744-2747	the	
19-25	2748-2753	heart	
19-26	2753-2754	,	
19-27	2755-2758	are	
19-28	2759-2763	more	
19-29	2764-2769	large	
19-30	2770-2773	and	
19-31	2774-2782	spatious	
19-32	2783-2787	then	
19-33	2788-2790	in	
19-34	2791-2794	any	
19-35	2795-2800	other	
19-36	2800-2801	.	

#Text=The reason is, for that blood naturall is not without his
#Text=vapours, which cause motion, and where most motion of blood is, there is
#Text=cause of extention, and the same is in this complexion.
20-1	2802-2805	The	
20-2	2806-2812	reason	
20-3	2813-2815	is	
20-4	2815-2816	,	
20-5	2817-2820	for	
20-6	2821-2825	that	
20-7	2826-2831	blood	
20-8	2832-2840	naturall	
20-9	2841-2843	is	
20-10	2844-2847	not	
20-11	2848-2855	without	
20-12	2856-2859	his	
20-13	2860-2867	vapours	
20-14	2867-2868	,	
20-15	2869-2874	which	
20-16	2875-2880	cause	
20-17	2881-2887	motion	
20-18	2887-2888	,	
20-19	2889-2892	and	
20-20	2893-2898	where	
20-21	2899-2903	most	
20-22	2904-2910	motion	
20-23	2911-2913	of	
20-24	2914-2919	blood	
20-25	2920-2922	is	
20-26	2922-2923	,	
20-27	2924-2929	there	
20-28	2930-2932	is	
20-29	2933-2938	cause	
20-30	2939-2941	of	
20-31	2942-2951	extention	
20-32	2951-2952	,	
20-33	2953-2956	and	
20-34	2957-2960	the	
20-35	2961-2965	same	
20-36	2966-2968	is	
20-37	2969-2971	in	
20-38	2972-2976	this	
20-39	2977-2987	complexion	
20-40	2987-2988	.	

#Text=CHAP. 19.
21-1	2990-2994	CHAP	
21-2	2994-2995	.	
21-3	2996-2998	19	
21-4	2998-2999	.	

#Text=The aptest time for this complexion to entertaine the
#Text=virulent matter into the humours, is in the former spring especially: for
#Text=then blood increaseth, and passeth vp and downe, beeing not thoroughly
#Text=refined, and made the readier by his motion and impuritie to receiue it.
22-1	3000-3003	The	
22-2	3004-3010	aptest	
22-3	3011-3015	time	
22-4	3016-3019	for	
22-5	3020-3024	this	
22-6	3025-3035	complexion	
22-7	3036-3038	to	
22-8	3039-3049	entertaine	
22-9	3050-3053	the	
22-10	3054-3062	virulent	
22-11	3063-3069	matter	
22-12	3070-3074	into	
22-13	3075-3078	the	
22-14	3079-3086	humours	
22-15	3086-3087	,	
22-16	3088-3090	is	
22-17	3091-3093	in	
22-18	3094-3097	the	
22-19	3098-3104	former	
22-20	3105-3111	spring	
22-21	3112-3122	especially	
22-22	3122-3123	:	
22-23	3124-3127	for	
22-24	3128-3132	then	
22-25	3133-3138	blood	
22-26	3139-3149	increaseth	
22-27	3149-3150	,	
22-28	3151-3154	and	
22-29	3155-3162	passeth	
22-30	3163-3165	vp	
22-31	3166-3169	and	
22-32	3170-3175	downe	
22-33	3175-3176	,	
22-34	3177-3183	beeing	
22-35	3184-3187	not	
22-36	3188-3198	thoroughly	
22-37	3199-3206	refined	
22-38	3206-3207	,	
22-39	3208-3211	and	
22-40	3212-3216	made	
22-41	3217-3220	the	
22-42	3221-3228	readier	
22-43	3229-3231	by	
22-44	3232-3235	his	
22-45	3236-3242	motion	
22-46	3243-3246	and	
22-47	3247-3256	impuritie	
22-48	3257-3259	to	
22-49	3260-3267	receiue	
22-50	3268-3270	it	
22-51	3270-3271	.	

#Text=The aptest time for this complexion to entertaine the
#Text=virulent matter into the spirits vitall is sommer, by reason that the
#Text=blood beeing made hot, and the spirits likewise hot, and ayre continually
#Text=heating.
23-1	3273-3276	The	
23-2	3277-3283	aptest	
23-3	3284-3288	time	
23-4	3289-3292	for	
23-5	3293-3297	this	
23-6	3298-3308	complexion	
23-7	3309-3311	to	
23-8	3312-3322	entertaine	
23-9	3323-3326	the	
23-10	3327-3335	virulent	
23-11	3336-3342	matter	
23-12	3343-3347	into	
23-13	3348-3351	the	
23-14	3352-3359	spirits	
23-15	3360-3366	vitall	
23-16	3367-3369	is	
23-17	3370-3376	sommer	
23-18	3376-3377	,	
23-19	3378-3380	by	
23-20	3381-3387	reason	
23-21	3388-3392	that	
23-22	3393-3396	the	
23-23	3397-3402	blood	
23-24	3403-3409	beeing	
23-25	3410-3414	made	
23-26	3415-3418	hot	
23-27	3418-3419	,	
23-28	3420-3423	and	
23-29	3424-3427	the	
23-30	3428-3435	spirits	
23-31	3436-3444	likewise	
23-32	3445-3448	hot	
23-33	3448-3449	,	
23-34	3450-3453	and	
23-35	3454-3458	ayre	
23-36	3459-3470	continually	
23-37	3471-3478	heating	
23-38	3478-3479	.	
