#FORMAT=WebAnno TSV 3.3


#Text=Je ne veux pas vous ôter le plaisir de la surprise; vous en jugerez vous-même.
1-1	1-3	Je	
1-2	4-6	ne	
1-3	7-11	veux	
1-4	12-15	pas	
1-5	16-20	vous	
1-6	21-25	ôter	
1-7	26-28	le	
1-8	29-36	plaisir	
1-9	37-39	de	
1-10	40-42	la	
1-11	43-51	surprise	
1-12	51-52	;	
1-13	53-57	vous	
1-14	58-60	en	
1-15	61-68	jugerez	
1-16	69-78	vous-même	
1-17	78-79	.	

#Text=Je vous ai fait courir à perte d'haleine dans l'intérieur de la ville; vous allez d'un coup-d'œil en embrasser les dehors.
2-1	80-82	Je	
2-2	83-87	vous	
2-3	88-90	ai	
2-4	91-95	fait	
2-5	96-102	courir	
2-6	103-104	à	
2-7	105-110	perte	
2-8	111-120	d'haleine	
2-9	121-125	dans	
2-10	126-137	l'intérieur	
2-11	138-140	de	
2-12	141-143	la	
2-13	144-149	ville	
2-14	149-150	;	
2-15	151-155	vous	
2-16	156-161	allez	
2-17	162-166	d'un	
2-18	167-177	coup-d'œil	
2-19	178-180	en	
2-20	181-190	embrasser	
2-21	191-194	les	
2-22	195-201	dehors	
2-23	201-202	.	

#Text=Au levant est le mont Hymette, que les abeilles enrichissent de leur miel, que le thym remplit de ses parfums.
3-1	204-206	Au	
3-2	207-213	levant	
3-3	214-217	est	
3-4	218-220	le	
3-5	221-225	mont	
3-6	226-233	Hymette	
3-7	233-234	,	
3-8	235-238	que	
3-9	239-242	les	
3-10	243-251	abeilles	
3-11	252-264	enrichissent	
3-12	265-267	de	
3-13	268-272	leur	
3-14	273-277	miel	
3-15	277-278	,	
3-16	279-282	que	
3-17	283-285	le	
3-18	286-290	thym	
3-19	291-298	remplit	
3-20	299-301	de	
3-21	302-305	ses	
3-22	306-313	parfums	
3-23	313-314	.	

#Text=L'Ilissus, qui coule à ses pieds, serpente autour de nos murailles.
4-1	315-324	L'Ilissus	
4-2	324-325	,	
4-3	326-329	qui	
4-4	330-335	coule	
4-5	336-337	à	
4-6	338-341	ses	
4-7	342-347	pieds	
4-8	347-348	,	
4-9	349-357	serpente	
4-10	358-364	autour	
4-11	365-367	de	
4-12	368-371	nos	
4-13	372-381	murailles	
4-14	381-382	.	

#Text=Au dessus vous voyez les gymnases du Cynosarge et du lycée.
5-1	383-385	Au	
5-2	386-392	dessus	
5-3	393-397	vous	
5-4	398-403	voyez	
5-5	404-407	les	
5-6	408-416	gymnases	
5-7	417-419	du	
5-8	420-429	Cynosarge	
5-9	430-432	et	
5-10	433-435	du	
5-11	436-441	lycée	
5-12	441-442	.	

#Text=Au nord-ouest vous découvrez l'académie; et un peu plus loin, une colline nommée Colone, où Sophocle a établi la scène de l'Oedipe qui porte le même nom.
6-1	443-445	Au	
6-2	446-456	nord-ouest	
6-3	457-461	vous	
6-4	462-471	découvrez	
6-5	472-482	l'académie	
6-6	482-483	;	
6-7	484-486	et	
6-8	487-489	un	
6-9	490-493	peu	
6-10	494-498	plus	
6-11	499-503	loin	
6-12	503-504	,	
6-13	505-508	une	
6-14	509-516	colline	
6-15	517-523	nommée	
6-16	524-530	Colone	
6-17	530-531	,	
6-18	532-534	où	
6-19	535-543	Sophocle	
6-20	544-545	a	
6-21	546-552	établi	
6-22	553-555	la	
6-23	556-561	scène	
6-24	562-564	de	
6-25	565-573	l'Oedipe	
6-26	574-577	qui	
6-27	578-583	porte	
6-28	584-586	le	
6-29	587-591	même	
6-30	592-595	nom	
6-31	595-596	.	

#Text=Le Céphise, après avoir enrichi cette contrée du tribut de ses eaux, vient les mêler avec celles de l'Ilissus.
7-1	597-599	Le	
7-2	600-607	Céphise	
7-3	607-608	,	
7-4	609-614	après	
7-5	615-620	avoir	
7-6	621-628	enrichi	
7-7	629-634	cette	
7-8	635-642	contrée	
7-9	643-645	du	
7-10	646-652	tribut	
7-11	653-655	de	
7-12	656-659	ses	
7-13	660-664	eaux	
7-14	664-665	,	
7-15	666-671	vient	
7-16	672-675	les	
7-17	676-681	mêler	
7-18	682-686	avec	
7-19	687-693	celles	
7-20	694-696	de	
7-21	697-706	l'Ilissus	
7-22	706-707	.	

#Text=Les unes et les autres tarissent quelquefois dans les grandes chaleurs.
8-1	708-711	Les	
8-2	712-716	unes	
8-3	717-719	et	
8-4	720-723	les	
8-5	724-730	autres	
8-6	731-740	tarissent	
8-7	741-752	quelquefois	
8-8	753-757	dans	
8-9	758-761	les	
8-10	762-769	grandes	
8-11	770-778	chaleurs	
8-12	778-779	.	

#Text=La vue est embellie par les joliesmaisons de campagne qui s'offrent à nous de tous côtés.
9-1	780-782	La	
9-2	783-786	vue	
9-3	787-790	est	
9-4	791-799	embellie	
9-5	800-803	par	
9-6	804-807	les	
9-7	808-821	joliesmaisons	
9-8	822-824	de	
9-9	825-833	campagne	
9-10	834-837	qui	
9-11	838-847	s'offrent	
9-12	848-849	à	
9-13	850-854	nous	
9-14	855-857	de	
9-15	858-862	tous	
9-16	863-868	côtés	
9-17	868-869	.	

#Text=Je finis en vous rappelant ce que dit Lysippe dans une de ses comédies: " qui ne désir pas de voir Athènes, est stupide; qui la voit sans s'y plaire, est plus stupide encore; mais le comble de la stupidité, est de la voir, de s'y plaire et de la quitter. "
10-1	870-872	Je	
10-2	873-878	finis	
10-3	879-881	en	
10-4	882-886	vous	
10-5	887-896	rappelant	
10-6	897-899	ce	
10-7	900-903	que	
10-8	904-907	dit	
10-9	908-915	Lysippe	
10-10	916-920	dans	
10-11	921-924	une	
10-12	925-927	de	
10-13	928-931	ses	
10-14	932-940	comédies	
10-15	940-941	:	
10-16	942-943	"	
10-17	944-947	qui	
10-18	948-950	ne	
10-19	951-956	désir	
10-20	957-960	pas	
10-21	961-963	de	
10-22	964-968	voir	
10-23	969-976	Athènes	
10-24	976-977	,	
10-25	978-981	est	
10-26	982-989	stupide	
10-27	989-990	;	
10-28	991-994	qui	
10-29	995-997	la	
10-30	998-1002	voit	
10-31	1003-1007	sans	
10-32	1008-1011	s'y	
10-33	1012-1018	plaire	
10-34	1018-1019	,	
10-35	1020-1023	est	
10-36	1024-1028	plus	
10-37	1029-1036	stupide	
10-38	1037-1043	encore	
10-39	1043-1044	;	
10-40	1045-1049	mais	
10-41	1050-1052	le	
10-42	1053-1059	comble	
10-43	1060-1062	de	
10-44	1063-1065	la	
10-45	1066-1075	stupidité	
10-46	1075-1076	,	
10-47	1077-1080	est	
10-48	1081-1083	de	
10-49	1084-1086	la	
10-50	1087-1091	voir	
10-51	1091-1092	,	
10-52	1093-1095	de	
10-53	1096-1099	s'y	
10-54	1100-1106	plaire	
10-55	1107-1109	et	
10-56	1110-1112	de	
10-57	1113-1115	la	
10-58	1116-1123	quitter	
10-59	1123-1124	.	
10-60	1125-1126	"	
