#FORMAT=WebAnno TSV 3.3
#T_SP=custom.Span|label
#T_RL=custom.Relation|label|BT_custom.Span


#Text=My attention was first directed to the subject of odours, as connected with colour, during- my attendance at the anatomical rooms in the winter session 1830-1831.
1-1	0-2	My	_	_	_	
1-2	3-12	attention	_	_	_	
1-3	13-16	was	_	_	_	
1-4	17-22	first	_	_	_	
1-5	23-31	directed	_	_	_	
1-6	32-34	to	_	_	_	
1-7	35-38	the	_	_	_	
1-8	39-46	subject	_	_	_	
1-9	47-49	of	_	_	_	
1-10	50-56	odours	Smell\_Word	*|*|*	1-21[2_0]|1-25[3_0]|1-17[1_0]	
1-11	56-57	,	_	_	_	
1-12	58-60	as	_	_	_	
1-13	61-70	connected	_	_	_	
1-14	71-75	with	_	_	_	
1-15	76-82	colour	_	_	_	
1-16	82-83	,	_	_	_	
1-17	84-90	during	Circumstances[1]	_	_	
1-18	90-91	-	Circumstances[1]	_	_	
1-19	92-94	my	Circumstances[1]	_	_	
1-20	95-105	attendance	Circumstances[1]	_	_	
1-21	106-108	at	Location[2]	_	_	
1-22	109-112	the	Location[2]	_	_	
1-23	113-123	anatomical	Location[2]	_	_	
1-24	124-129	rooms	Location[2]	_	_	
1-25	130-132	in	Time[3]	_	_	
1-26	133-136	the	Time[3]	_	_	
1-27	137-143	winter	Time[3]	_	_	
1-28	144-151	session	Time[3]	_	_	
1-29	152-156	1830	Time[3]	_	_	
1-30	156-157	-	Time[3]	_	_	
1-31	157-161	1831	Time[3]	_	_	
1-32	161-162	.	_	_	_	

#Text=During the earlier part of that winter I generally wore a light olive-coloured dress; but happening one day to attend the rooms in black clothes, I was not a little struck by the almost intolerable smell they had acquired.
2-1	163-169	During	_	_	_	
2-2	170-173	the	_	_	_	
2-3	174-181	earlier	_	_	_	
2-4	182-186	part	_	_	_	
2-5	187-189	of	_	_	_	
2-6	190-194	that	_	_	_	
2-7	195-201	winter	_	_	_	
2-8	202-203	I	_	_	_	
2-9	204-213	generally	_	_	_	
2-10	214-218	wore	_	_	_	
2-11	219-220	a	_	_	_	
2-12	221-226	light	_	_	_	
2-13	227-241	olive-coloured	_	_	_	
2-14	242-247	dress	_	_	_	
2-15	247-248	;	_	_	_	
2-16	249-252	but	_	_	_	
2-17	253-262	happening	_	_	_	
2-18	263-266	one	_	_	_	
2-19	267-270	day	_	_	_	
2-20	271-273	to	_	_	_	
2-21	274-280	attend	_	_	_	
2-22	281-284	the	_	_	_	
2-23	285-290	rooms	_	_	_	
2-24	291-293	in	_	_	_	
2-25	294-299	black	Odour\_Carrier[4]	Anaphoric|Anaphoric|Anaphoric	2-39[0_4]|5-31[0_4]|5-36[0_4]	
2-26	300-307	clothes	Odour\_Carrier[4]	_	_	
2-27	307-308	,	_	_	_	
2-28	309-310	I	Perceiver	_	_	
2-29	311-314	was	_	_	_	
2-30	315-318	not	_	_	_	
2-31	319-320	a	_	_	_	
2-32	321-327	little	_	_	_	
2-33	328-334	struck	_	_	_	
2-34	335-337	by	_	_	_	
2-35	338-341	the	_	_	_	
2-36	342-348	almost	Quality[5]	_	_	
2-37	349-360	intolerable	Quality[5]	_	_	
2-38	361-366	smell	Smell\_Word	*|*|*	2-25[4_0]|2-28|2-36[5_0]	
2-39	367-371	they	Odour\_Carrier	_	_	
2-40	372-375	had	_	_	_	
2-41	376-384	acquired	_	_	_	
2-42	384-385	.	_	_	_	

#Text=The smell was so very strong as to be remarked even by the family at home, and it was recognised on the same piece of dress for several days.
3-1	386-389	The	_	_	_	
3-2	390-395	smell	Smell\_Word	*|*|*|*	3-5[6_0]|3-22[8_0]|3-7[7_0]|3-28[9_0]	
3-3	396-399	was	_	_	_	
3-4	400-402	so	_	_	_	
3-5	403-407	very	Quality[6]	_	_	
3-6	408-414	strong	Quality[6]	_	_	
3-7	415-417	as	Effect[7]	_	_	
3-8	418-420	to	Effect[7]	_	_	
3-9	421-423	be	Effect[7]	_	_	
3-10	424-432	remarked	Effect[7]	_	_	
3-11	433-437	even	Effect[7]	_	_	
3-12	438-440	by	Effect[7]	_	_	
3-13	441-444	the	Effect[7]	_	_	
3-14	445-451	family	Effect[7]	_	_	
3-15	452-454	at	Effect[7]	_	_	
3-16	455-459	home	Effect[7]	_	_	
3-17	459-460	,	_	_	_	
3-18	461-464	and	_	_	_	
3-19	465-467	it	_	_	_	
3-20	468-471	was	_	_	_	
3-21	472-482	recognised	_	_	_	
3-22	483-485	on	Odour\_Carrier[8]	_	_	
3-23	486-489	the	Odour\_Carrier[8]	_	_	
3-24	490-494	same	Odour\_Carrier[8]	_	_	
3-25	495-500	piece	Odour\_Carrier[8]	_	_	
3-26	501-503	of	Odour\_Carrier[8]	_	_	
3-27	504-509	dress	Odour\_Carrier[8]	_	_	
3-28	510-513	for	Time[9]	_	_	
3-29	514-521	several	Time[9]	_	_	
3-30	522-526	days	Time[9]	_	_	
3-31	526-527	.	_	_	_	

#Text=No odour to the same extent had been remarked in the lighter-coloured clothes.
4-1	528-530	No	_	_	_	
4-2	531-536	odour	Smell\_Word	*|*	4-10[11_0]|4-3[10_0]	
4-3	537-539	to	Quality[10]	_	_	
4-4	540-543	the	Quality[10]	_	_	
4-5	544-548	same	Quality[10]	_	_	
4-6	549-555	extent	Quality[10]	_	_	
4-7	556-559	had	_	_	_	
4-8	560-564	been	_	_	_	
4-9	565-573	remarked	_	_	_	
4-10	574-576	in	Odour\_Carrier[11]	Anaphoric	5-5[0_11]	
4-11	577-580	the	Odour\_Carrier[11]	_	_	
4-12	581-597	lighter-coloured	Odour\_Carrier[11]	_	_	
4-13	598-605	clothes	Odour\_Carrier[11]	_	_	
4-14	605-606	.	_	_	_	

#Text=The fetid smell which they more or less acquired in the atmosphere of the rooms was comparatively trifling, and slight exposure to the air alone was necessary to deprive them of the odour which they had thus contracted.
5-1	607-610	The	_	_	_	
5-2	611-616	fetid	Quality	_	_	
5-3	617-622	smell	Smell\_Word	*|*|*	5-2|5-11[12_0]|5-17[13_0]	
5-4	623-628	which	_	_	_	
5-5	629-633	they	Odour\_Carrier	_	_	
5-6	634-638	more	_	_	_	
5-7	639-641	or	_	_	_	
5-8	642-646	less	_	_	_	
5-9	647-655	acquired	_	_	_	
5-10	656-658	in	_	_	_	
5-11	659-662	the	Circumstances[12]	_	_	
5-12	663-673	atmosphere	Circumstances[12]	_	_	
5-13	674-676	of	Circumstances[12]	_	_	
5-14	677-680	the	Circumstances[12]	_	_	
5-15	681-686	rooms	Circumstances[12]	_	_	
5-16	687-690	was	_	_	_	
5-17	691-704	comparatively	Quality[13]	_	_	
5-18	705-713	trifling	Quality[13]	_	_	
5-19	713-714	,	_	_	_	
5-20	715-718	and	_	_	_	
5-21	719-725	slight	_	_	_	
5-22	726-734	exposure	_	_	_	
5-23	735-737	to	_	_	_	
5-24	738-741	the	_	_	_	
5-25	742-745	air	_	_	_	
5-26	746-751	alone	_	_	_	
5-27	752-755	was	_	_	_	
5-28	756-765	necessary	_	_	_	
5-29	766-768	to	_	_	_	
5-30	769-776	deprive	_	_	_	
5-31	777-781	them	Odour\_Carrier	_	_	
5-32	782-784	of	_	_	_	
5-33	785-788	the	_	_	_	
5-34	789-794	odour	Smell\_Word	*|*	5-31|5-36	
5-35	795-800	which	_	_	_	
5-36	801-805	they	Odour\_Carrier	_	_	
5-37	806-809	had	_	_	_	
5-38	810-814	thus	_	_	_	
5-39	815-825	contracted	_	_	_	
5-40	825-826	.	_	_	_	

#Text=This circumstance led me to begin a series of experiments, to ascertain, if possible, why different cloths of nearly the same texture, but not of the same colour, should attract odours in proportions so very different.
6-1	827-831	This	_	_	_	
6-2	832-844	circumstance	_	_	_	
6-3	845-848	led	_	_	_	
6-4	849-851	me	_	_	_	
6-5	852-854	to	_	_	_	
6-6	855-860	begin	_	_	_	
6-7	861-862	a	_	_	_	
6-8	863-869	series	_	_	_	
6-9	870-872	of	_	_	_	
6-10	873-884	experiments	_	_	_	
6-11	884-885	,	_	_	_	
6-12	886-888	to	_	_	_	
6-13	889-898	ascertain	_	_	_	
6-14	898-899	,	_	_	_	
6-15	900-902	if	_	_	_	
6-16	903-911	possible	_	_	_	
6-17	911-912	,	_	_	_	
6-18	913-916	why	_	_	_	
6-19	917-926	different	Odour\_Carrier[14]	_	_	
6-20	927-933	cloths	Odour\_Carrier[14]	_	_	
6-21	934-936	of	Odour\_Carrier[14]	_	_	
6-22	937-943	nearly	Odour\_Carrier[14]	_	_	
6-23	944-947	the	Odour\_Carrier[14]	_	_	
6-24	948-952	same	Odour\_Carrier[14]	_	_	
6-25	953-960	texture	Odour\_Carrier[14]	_	_	
6-26	960-961	,	Odour\_Carrier[14]	_	_	
6-27	962-965	but	Odour\_Carrier[14]	_	_	
6-28	966-969	not	Odour\_Carrier[14]	_	_	
6-29	970-972	of	Odour\_Carrier[14]	_	_	
6-30	973-976	the	Odour\_Carrier[14]	_	_	
6-31	977-981	same	Odour\_Carrier[14]	_	_	
6-32	982-988	colour	Odour\_Carrier[14]	_	_	
6-33	988-989	,	_	_	_	
6-34	990-996	should	_	_	_	
6-35	997-1004	attract	_	_	_	
6-36	1005-1011	odours	Smell\_Word	*	6-19[14_0]	
6-37	1012-1014	in	_	_	_	
6-38	1015-1026	proportions	_	_	_	
6-39	1027-1029	so	_	_	_	
6-40	1030-1034	very	_	_	_	
6-41	1035-1044	different	_	_	_	
6-42	1044-1045	.	_	_	_	

#Text=The result was, as I had ventured to conjecture, that the colour of bodies, independent of the nature of the substance, modifies in a striking manner the capability of surfaces for imbibing and giving out odours.\r
#Text=1.
7-1	1046-1049	The	_	_	_	
7-2	1050-1056	result	_	_	_	
7-3	1057-1060	was	_	_	_	
7-4	1060-1061	,	_	_	_	
7-5	1062-1064	as	_	_	_	
7-6	1065-1066	I	_	_	_	
7-7	1067-1070	had	_	_	_	
7-8	1071-1079	ventured	_	_	_	
7-9	1080-1082	to	_	_	_	
7-10	1083-1093	conjecture	_	_	_	
7-11	1093-1094	,	_	_	_	
7-12	1095-1099	that	_	_	_	
7-13	1100-1103	the	_	_	_	
7-14	1104-1110	colour	_	_	_	
7-15	1111-1113	of	_	_	_	
7-16	1114-1120	bodies	_	_	_	
7-17	1120-1121	,	_	_	_	
7-18	1122-1133	independent	_	_	_	
7-19	1134-1136	of	_	_	_	
7-20	1137-1140	the	_	_	_	
7-21	1141-1147	nature	_	_	_	
7-22	1148-1150	of	_	_	_	
7-23	1151-1154	the	_	_	_	
7-24	1155-1164	substance	_	_	_	
7-25	1164-1165	,	_	_	_	
7-26	1166-1174	modifies	_	_	_	
7-27	1175-1177	in	_	_	_	
7-28	1178-1179	a	_	_	_	
7-29	1180-1188	striking	_	_	_	
7-30	1189-1195	manner	_	_	_	
7-31	1196-1199	the	_	_	_	
7-32	1200-1210	capability	_	_	_	
7-33	1211-1213	of	Odour\_Carrier[15]	_	_	
7-34	1214-1222	surfaces	Odour\_Carrier[15]	_	_	
7-35	1223-1226	for	_	_	_	
7-36	1227-1235	imbibing	_	_	_	
7-37	1236-1239	and	_	_	_	
7-38	1240-1246	giving	_	_	_	
7-39	1247-1250	out	_	_	_	
7-40	1251-1257	odours	Smell\_Word	*	7-33[15_0]	
7-41	1257-1258	.	_	_	_	
7-42	1260-1261	1	_	_	_	
7-43	1261-1262	.	_	_	_	

#Text=I inclosed black and white wool, ten grains of each, in a vessel with a small piece of camphor, and kept it carefully secluded from the light.
8-1	1263-1264	I	_	_	_	
8-2	1265-1273	inclosed	_	_	_	
8-3	1274-1279	black	_	_	_	
8-4	1280-1283	and	_	_	_	
8-5	1284-1289	white	_	_	_	
8-6	1290-1294	wool	_	_	_	
8-7	1294-1295	,	_	_	_	
8-8	1296-1299	ten	_	_	_	
8-9	1300-1306	grains	_	_	_	
8-10	1307-1309	of	_	_	_	
8-11	1310-1314	each	_	_	_	
8-12	1314-1315	,	_	_	_	
8-13	1316-1318	in	_	_	_	
8-14	1319-1320	a	_	_	_	
8-15	1321-1327	vessel	_	_	_	
8-16	1328-1332	with	_	_	_	
8-17	1333-1334	a	_	_	_	
8-18	1335-1340	small	_	_	_	
8-19	1341-1346	piece	_	_	_	
8-20	1347-1349	of	_	_	_	
8-21	1350-1357	camphor	_	_	_	
8-22	1357-1358	,	_	_	_	
8-23	1359-1362	and	_	_	_	
8-24	1363-1367	kept	_	_	_	
8-25	1368-1370	it	_	_	_	
8-26	1371-1380	carefully	_	_	_	
8-27	1381-1389	secluded	_	_	_	
8-28	1390-1394	from	_	_	_	
8-29	1395-1398	the	_	_	_	
8-30	1399-1404	light	_	_	_	
8-31	1404-1405	.	_	_	_	

#Text=When examined six hours afterwards, it was at once evident to the sense of smell that the black wool had attracted more of the odorous particles than the white wool, though neither had gained any appreciable weight.\r
#Text=2.
9-1	1406-1410	When	_	_	_	
9-2	1411-1419	examined	_	_	_	
9-3	1420-1423	six	Time[16]	_	_	
9-4	1424-1429	hours	Time[16]	_	_	
9-5	1430-1440	afterwards	Time[16]	_	_	
9-6	1440-1441	,	_	_	_	
9-7	1442-1444	it	_	_	_	
9-8	1445-1448	was	_	_	_	
9-9	1449-1451	at	_	_	_	
9-10	1452-1456	once	_	_	_	
9-11	1457-1464	evident	_	_	_	
9-12	1465-1467	to	_	_	_	
9-13	1468-1471	the	_	_	_	
9-14	1472-1477	sense	_	_	_	
9-15	1478-1480	of	_	_	_	
9-16	1481-1486	smell	Smell\_Word	*	9-3[16_0]	
9-17	1487-1491	that	_	_	_	
9-18	1492-1495	the	Odour\_Carrier[17]	_	_	
9-19	1496-1501	black	Odour\_Carrier[17]	_	_	
9-20	1502-1506	wool	Odour\_Carrier[17]	_	_	
9-21	1507-1510	had	_	_	_	
9-22	1511-1520	attracted	_	_	_	
9-23	1521-1525	more	_	_	_	
9-24	1526-1528	of	_	_	_	
9-25	1529-1532	the	_	_	_	
9-26	1533-1540	odorous	Smell\_Word[18]|Quality[19]	*|*|*|*	9-27[0_18]|9-18[17_18]|9-26[19_18]|9-29[20_18]	
9-27	1541-1550	particles	Smell\_Source	_	_	
9-28	1551-1555	than	_	_	_	
9-29	1556-1559	the	Odour\_Carrier[20]	_	_	
9-30	1560-1565	white	Odour\_Carrier[20]	_	_	
9-31	1566-1570	wool	Odour\_Carrier[20]	_	_	
9-32	1570-1571	,	_	_	_	
9-33	1572-1578	though	_	_	_	
9-34	1579-1586	neither	_	_	_	
9-35	1587-1590	had	_	_	_	
9-36	1591-1597	gained	_	_	_	
9-37	1598-1601	any	_	_	_	
9-38	1602-1613	appreciable	_	_	_	
9-39	1614-1620	weight	_	_	_	
9-40	1620-1621	.	_	_	_	
9-41	1623-1624	2	_	_	_	
9-42	1624-1625	.	_	_	_	

#Text=I took equal weights of black and white wool, and put them in a small drawer along with a piece of assafcetida; in twenty-four hours the black wool had contracted a strong odour of the gum, while in the white wool, the smell was scarcely perceptible.\r
#Text=3.
10-1	1626-1627	I	_	_	_	
10-2	1628-1632	took	_	_	_	
10-3	1633-1638	equal	_	_	_	
10-4	1639-1646	weights	_	_	_	
10-5	1647-1649	of	_	_	_	
10-6	1650-1655	black	_	_	_	
10-7	1656-1659	and	_	_	_	
10-8	1660-1665	white	_	_	_	
10-9	1666-1670	wool	_	_	_	
10-10	1670-1671	,	_	_	_	
10-11	1672-1675	and	_	_	_	
10-12	1676-1679	put	_	_	_	
10-13	1680-1684	them	_	_	_	
10-14	1685-1687	in	_	_	_	
10-15	1688-1689	a	_	_	_	
10-16	1690-1695	small	_	_	_	
10-17	1696-1702	drawer	_	_	_	
10-18	1703-1708	along	_	_	_	
10-19	1709-1713	with	_	_	_	
10-20	1714-1715	a	Smell\_Source[21]	_	_	
10-21	1716-1721	piece	Smell\_Source[21]	_	_	
10-22	1722-1724	of	Smell\_Source[21]	_	_	
10-23	1725-1736	assafcetida	Smell\_Source[21]	_	_	
10-24	1736-1737	;	_	_	_	
10-25	1738-1740	in	Time[22]	_	_	
10-26	1741-1752	twenty-four	Time[22]	_	_	
10-27	1753-1758	hours	Time[22]	_	_	
10-28	1759-1762	the	Odour\_Carrier[23]	_	_	
10-29	1763-1768	black	Odour\_Carrier[23]	_	_	
10-30	1769-1773	wool	Odour\_Carrier[23]	_	_	
10-31	1774-1777	had	_	_	_	
10-32	1778-1788	contracted	_	_	_	
10-33	1789-1790	a	_	_	_	
10-34	1791-1797	strong	Quality	_	_	
10-35	1798-1803	odour	Smell\_Word	*|*|*|*|*	10-36[24_0]|10-28[23_0]|10-34|10-20[21_0]|10-25[22_0]	
10-36	1804-1806	of	Evoked\_Odorant[24]	_	_	
10-37	1807-1810	the	Evoked\_Odorant[24]	_	_	
10-38	1811-1814	gum	Evoked\_Odorant[24]	_	_	
10-39	1814-1815	,	_	_	_	
10-40	1816-1821	while	_	_	_	
10-41	1822-1824	in	Odour\_Carrier[25]	_	_	
10-42	1825-1828	the	Odour\_Carrier[25]	_	_	
10-43	1829-1834	white	Odour\_Carrier[25]	_	_	
10-44	1835-1839	wool	Odour\_Carrier[25]	_	_	
10-45	1839-1840	,	_	_	_	
10-46	1841-1844	the	_	_	_	
10-47	1845-1850	smell	Smell\_Word	*|*	10-41[25_0]|10-49[26_0]	
10-48	1851-1854	was	_	_	_	
10-49	1855-1863	scarcely	Quality[26]	_	_	
10-50	1864-1875	perceptible	Quality[26]	_	_	
10-51	1875-1876	.	_	_	_	
10-52	1878-1879	3	_	_	_	
10-53	1879-1880	.	_	_	_	

#Text=To try the effect of odours upon a vegetable substance, I took equal quantities of black and white cotton wool, and inclosed them with assafoetida.
11-1	1881-1883	To	_	_	_	
11-2	1884-1887	try	_	_	_	
11-3	1888-1891	the	_	_	_	
11-4	1892-1898	effect	_	_	_	
11-5	1899-1901	of	_	_	_	
11-6	1902-1908	odours	Smell\_Word	*	11-7[27_0]	
11-7	1909-1913	upon	Odour\_Carrier[27]	_	_	
11-8	1914-1915	a	Odour\_Carrier[27]	_	_	
11-9	1916-1925	vegetable	Odour\_Carrier[27]	_	_	
11-10	1926-1935	substance	Odour\_Carrier[27]	_	_	
11-11	1935-1936	,	_	_	_	
11-12	1937-1938	I	_	_	_	
11-13	1939-1943	took	_	_	_	
11-14	1944-1949	equal	_	_	_	
11-15	1950-1960	quantities	_	_	_	
11-16	1961-1963	of	_	_	_	
11-17	1964-1969	black	_	_	_	
11-18	1970-1973	and	_	_	_	
11-19	1974-1979	white	_	_	_	
11-20	1980-1986	cotton	_	_	_	
11-21	1987-1991	wool	_	_	_	
11-22	1991-1992	,	_	_	_	
11-23	1993-1996	and	_	_	_	
11-24	1997-2005	inclosed	_	_	_	
11-25	2006-2010	them	_	_	_	
11-26	2011-2015	with	_	_	_	
11-27	2016-2027	assafoetida	_	_	_	
11-28	2027-2028	.	_	_	_	

#Text=Two similar quantities were at the same time exposed to the emanations of camphor in another drawer.
12-1	2029-2032	Two	_	_	_	
12-2	2033-2040	similar	_	_	_	
12-3	2041-2051	quantities	_	_	_	
12-4	2052-2056	were	_	_	_	
12-5	2057-2059	at	_	_	_	
12-6	2060-2063	the	_	_	_	
12-7	2064-2068	same	_	_	_	
12-8	2069-2073	time	_	_	_	
12-9	2074-2081	exposed	_	_	_	
12-10	2082-2084	to	_	_	_	
12-11	2085-2088	the	_	_	_	
12-12	2089-2099	emanations	Smell\_Word	*	12-13[28_0]	
12-13	2100-2102	of	Smell\_Source[28]	_	_	
12-14	2103-2110	camphor	Smell\_Source[28]	_	_	
12-15	2111-2113	in	_	_	_	
12-16	2114-2121	another	_	_	_	
12-17	2122-2128	drawer	_	_	_	
12-18	2128-2129	.	_	_	_	

#Text=In both the black-coloured cotton had attracted the\r
#Text=greatest quantity of odorous particles, as palpably evidenced by the smell.
13-1	2130-2132	In	_	_	_	
13-2	2133-2137	both	_	_	_	
13-3	2138-2141	the	Odour\_Carrier[29]	_	_	
13-4	2142-2156	black-coloured	Odour\_Carrier[29]	_	_	
13-5	2157-2163	cotton	Odour\_Carrier[29]	_	_	
13-6	2164-2167	had	_	_	_	
13-7	2168-2177	attracted	_	_	_	
13-8	2178-2181	the	Quality[30]	_	_	
13-9	2183-2191	greatest	Quality[30]	_	_	
13-10	2192-2200	quantity	Quality[30]	_	_	
13-11	2201-2203	of	_	_	_	
13-12	2204-2211	odorous	Smell\_Word[31]|Quality[32]	*|*|*|*	13-3[29_31]|13-13[0_31]|13-8[30_31]|13-12[32_31]	
13-13	2212-2221	particles	Smell\_Source	_	_	
13-14	2221-2222	,	_	_	_	
13-15	2223-2225	as	_	_	_	
13-16	2226-2234	palpably	_	_	_	
13-17	2235-2244	evidenced	_	_	_	
13-18	2245-2247	by	_	_	_	
13-19	2248-2251	the	_	_	_	
13-20	2252-2257	smell	Smell\_Word	_	_	
13-21	2257-2258	.	_	_	_	

#Text=These experiments were made in the month of April 1831 ; but it was not till August following that I had an opportunity of extending the investigation to other colours.\r
#Text=4.
14-1	2259-2264	These	_	_	_	
14-2	2265-2276	experiments	_	_	_	
14-3	2277-2281	were	_	_	_	
14-4	2282-2286	made	_	_	_	
14-5	2287-2289	in	_	_	_	
14-6	2290-2293	the	_	_	_	
14-7	2294-2299	month	_	_	_	
14-8	2300-2302	of	_	_	_	
14-9	2303-2308	April	_	_	_	
14-10	2309-2313	1831	_	_	_	
14-11	2314-2315	;	_	_	_	
14-12	2316-2319	but	_	_	_	
14-13	2320-2322	it	_	_	_	
14-14	2323-2326	was	_	_	_	
14-15	2327-2330	not	_	_	_	
14-16	2331-2335	till	_	_	_	
14-17	2336-2342	August	_	_	_	
14-18	2343-2352	following	_	_	_	
14-19	2353-2357	that	_	_	_	
14-20	2358-2359	I	_	_	_	
14-21	2360-2363	had	_	_	_	
14-22	2364-2366	an	_	_	_	
14-23	2367-2378	opportunity	_	_	_	
14-24	2379-2381	of	_	_	_	
14-25	2382-2391	extending	_	_	_	
14-26	2392-2395	the	_	_	_	
14-27	2396-2409	investigation	_	_	_	
14-28	2410-2412	to	_	_	_	
14-29	2413-2418	other	_	_	_	
14-30	2419-2426	colours	_	_	_	
14-31	2426-2427	.	_	_	_	
14-32	2429-2430	4	_	_	_	
14-33	2430-2431	.	_	_	_	

#Text=I inclosed equal weights of black, red, and white wool, in a drawer with assafcetida; and similar quantities of these coloured wools in another drawer with camphor.
15-1	2432-2433	I	_	_	_	
15-2	2434-2442	inclosed	_	_	_	
15-3	2443-2448	equal	_	_	_	
15-4	2449-2456	weights	_	_	_	
15-5	2457-2459	of	_	_	_	
15-6	2460-2465	black	_	_	_	
15-7	2465-2466	,	_	_	_	
15-8	2467-2470	red	_	_	_	
15-9	2470-2471	,	_	_	_	
15-10	2472-2475	and	_	_	_	
15-11	2476-2481	white	_	_	_	
15-12	2482-2486	wool	_	_	_	
15-13	2486-2487	,	_	_	_	
15-14	2488-2490	in	_	_	_	
15-15	2491-2492	a	_	_	_	
15-16	2493-2499	drawer	_	_	_	
15-17	2500-2504	with	_	_	_	
15-18	2505-2516	assafcetida	_	_	_	
15-19	2516-2517	;	_	_	_	
15-20	2518-2521	and	_	_	_	
15-21	2522-2529	similar	_	_	_	
15-22	2530-2540	quantities	_	_	_	
15-23	2541-2543	of	_	_	_	
15-24	2544-2549	these	_	_	_	
15-25	2550-2558	coloured	_	_	_	
15-26	2559-2564	wools	_	_	_	
15-27	2565-2567	in	_	_	_	
15-28	2568-2575	another	_	_	_	
15-29	2576-2582	drawer	_	_	_	
15-30	2583-2587	with	_	_	_	
15-31	2588-2595	camphor	_	_	_	
15-32	2595-2596	.	_	_	_	

#Text=The result was as before.
16-1	2597-2600	The	_	_	_	
16-2	2601-2607	result	_	_	_	
16-3	2608-2611	was	_	_	_	
16-4	2612-2614	as	_	_	_	
16-5	2615-2621	before	_	_	_	
16-6	2621-2622	.	_	_	_	

#Text=The black in both experiments had attracted by far the greatest quantity of odorous particles, as evidenced to smell; the red next followed in point of intensity of smell; and the white, so far as could be judged, had attracted least of the odour.\r
#Text=5.
17-1	2623-2626	The	Odour\_Carrier[33]	_	_	
17-2	2627-2632	black	Odour\_Carrier[33]	_	_	
17-3	2633-2635	in	Circumstances[34]	_	_	
17-4	2636-2640	both	Circumstances[34]	_	_	
17-5	2641-2652	experiments	Circumstances[34]	_	_	
17-6	2653-2656	had	_	_	_	
17-7	2657-2666	attracted	_	_	_	
17-8	2667-2669	by	_	_	_	
17-9	2670-2673	far	_	_	_	
17-10	2674-2677	the	Quality[35]	_	_	
17-11	2678-2686	greatest	Quality[35]	_	_	
17-12	2687-2695	quantity	Quality[35]	_	_	
17-13	2696-2698	of	_	_	_	
17-14	2699-2706	odorous	Smell\_Word	*|*|*|*	17-15|17-3[34_0]|17-1[33_0]|17-10[35_0]	
17-15	2707-2716	particles	Smell\_Source	_	_	
17-16	2716-2717	,	_	_	_	
17-17	2718-2720	as	_	_	_	
17-18	2721-2730	evidenced	_	_	_	
17-19	2731-2733	to	_	_	_	
17-20	2734-2739	smell	Smell\_Word	_	_	
17-21	2739-2740	;	_	_	_	
17-22	2741-2744	the	Odour\_Carrier[36]	_	_	
17-23	2745-2748	red	Odour\_Carrier[36]	_	_	
17-24	2749-2753	next	_	_	_	
17-25	2754-2762	followed	_	_	_	
17-26	2763-2765	in	_	_	_	
17-27	2766-2771	point	_	_	_	
17-28	2772-2774	of	_	_	_	
17-29	2775-2784	intensity	Quality[37]	_	_	
17-30	2785-2787	of	Quality[37]	_	_	
17-31	2788-2793	smell	Smell\_Word	*|*	17-22[36_0]|17-29[37_0]	
17-32	2793-2794	;	_	_	_	
17-33	2795-2798	and	_	_	_	
17-34	2799-2802	the	Odour\_Carrier[38]	_	_	
17-35	2803-2808	white	Odour\_Carrier[38]	_	_	
17-36	2808-2809	,	_	_	_	
17-37	2810-2812	so	_	_	_	
17-38	2813-2816	far	_	_	_	
17-39	2817-2819	as	_	_	_	
17-40	2820-2825	could	_	_	_	
17-41	2826-2828	be	_	_	_	
17-42	2829-2835	judged	_	_	_	
17-43	2835-2836	,	_	_	_	
17-44	2837-2840	had	_	_	_	
17-45	2841-2850	attracted	_	_	_	
17-46	2851-2856	least	Quality[39]	_	_	
17-47	2857-2859	of	Quality[39]	_	_	
17-48	2860-2863	the	Smell\_Word[40]	*|*	17-34[38_40]|17-46[39_40]	
17-49	2864-2869	odour	Smell\_Word[40]	_	_	
17-50	2869-2870	.	_	_	_	
17-51	2872-2873	5	_	_	_	
17-52	2873-2874	.	_	_	_	

#Text=The same experiments were tried on cotton of similar colours, and with the same results.
18-1	2875-2878	The	_	_	_	
18-2	2879-2883	same	_	_	_	
18-3	2884-2895	experiments	_	_	_	
18-4	2896-2900	were	_	_	_	
18-5	2901-2906	tried	_	_	_	
18-6	2907-2909	on	_	_	_	
18-7	2910-2916	cotton	_	_	_	
18-8	2917-2919	of	_	_	_	
18-9	2920-2927	similar	_	_	_	
18-10	2928-2935	colours	_	_	_	
18-11	2935-2936	,	_	_	_	
18-12	2937-2940	and	_	_	_	
18-13	2941-2945	with	_	_	_	
18-14	2946-2949	the	_	_	_	
18-15	2950-2954	same	_	_	_	
18-16	2955-2962	results	_	_	_	
18-17	2962-2963	.	_	_	_	

#Text=Circumstances prevented me from resuming these investigations till the summer of 1832, when I repeated the experiments with a greater variety of coloured substances, in wool, cotton, and silk, and satisfied not only myself but many of my friends, that odour was attracted nearly in the same ratio as caloric, by coloured substances.
19-1	2964-2977	Circumstances	_	_	_	
19-2	2978-2987	prevented	_	_	_	
19-3	2988-2990	me	_	_	_	
19-4	2991-2995	from	_	_	_	
19-5	2996-3004	resuming	_	_	_	
19-6	3005-3010	these	_	_	_	
19-7	3011-3025	investigations	_	_	_	
19-8	3026-3030	till	_	_	_	
19-9	3031-3034	the	_	_	_	
19-10	3035-3041	summer	_	_	_	
19-11	3042-3044	of	_	_	_	
19-12	3045-3049	1832	_	_	_	
19-13	3049-3050	,	_	_	_	
19-14	3051-3055	when	_	_	_	
19-15	3056-3057	I	_	_	_	
19-16	3058-3066	repeated	_	_	_	
19-17	3067-3070	the	_	_	_	
19-18	3071-3082	experiments	_	_	_	
19-19	3083-3087	with	_	_	_	
19-20	3088-3089	a	_	_	_	
19-21	3090-3097	greater	_	_	_	
19-22	3098-3105	variety	_	_	_	
19-23	3106-3108	of	_	_	_	
19-24	3109-3117	coloured	_	_	_	
19-25	3118-3128	substances	_	_	_	
19-26	3128-3129	,	_	_	_	
19-27	3130-3132	in	_	_	_	
19-28	3133-3137	wool	_	_	_	
19-29	3137-3138	,	_	_	_	
19-30	3139-3145	cotton	_	_	_	
19-31	3145-3146	,	_	_	_	
19-32	3147-3150	and	_	_	_	
19-33	3151-3155	silk	_	_	_	
19-34	3155-3156	,	_	_	_	
19-35	3157-3160	and	_	_	_	
19-36	3161-3170	satisfied	_	_	_	
19-37	3171-3174	not	_	_	_	
19-38	3175-3179	only	_	_	_	
19-39	3180-3186	myself	Perceiver	_	_	
19-40	3187-3190	but	_	_	_	
19-41	3191-3195	many	Perceiver[41]	_	_	
19-42	3196-3198	of	Perceiver[41]	_	_	
19-43	3199-3201	my	Perceiver[41]	_	_	
19-44	3202-3209	friends	Perceiver[41]	_	_	
19-45	3209-3210	,	_	_	_	
19-46	3211-3215	that	_	_	_	
19-47	3216-3221	odour	Smell\_Word	*|*|*	19-39|19-41[41_0]|19-58[42_0]	
19-48	3222-3225	was	_	_	_	
19-49	3226-3235	attracted	_	_	_	
19-50	3236-3242	nearly	_	_	_	
19-51	3243-3245	in	_	_	_	
19-52	3246-3249	the	_	_	_	
19-53	3250-3254	same	_	_	_	
19-54	3255-3260	ratio	_	_	_	
19-55	3261-3263	as	_	_	_	
19-56	3264-3271	caloric	_	_	_	
19-57	3271-3272	,	_	_	_	
19-58	3273-3275	by	Odour\_Carrier[42]	_	_	
19-59	3276-3284	coloured	Odour\_Carrier[42]	_	_	
19-60	3285-3295	substances	Odour\_Carrier[42]	_	_	
19-61	3295-3296	.	_	_	_	

#Text=The experiments were conducted in the same manner as the preceding.\r
#Text=6.
20-1	3297-3300	The	_	_	_	
20-2	3301-3312	experiments	_	_	_	
20-3	3313-3317	were	_	_	_	
20-4	3318-3327	conducted	_	_	_	
20-5	3328-3330	in	_	_	_	
20-6	3331-3334	the	_	_	_	
20-7	3335-3339	same	_	_	_	
20-8	3340-3346	manner	_	_	_	
20-9	3347-3349	as	_	_	_	
20-10	3350-3353	the	_	_	_	
20-11	3354-3363	preceding	_	_	_	
20-12	3363-3364	.	_	_	_	
20-13	3366-3367	6	_	_	_	
20-14	3367-3368	.	_	_	_	

#Text=I inclosed six different-coloured wools, an equal weight of each, viz. black, blue, green, red, yellow, and white, with assafoetida.
21-1	3369-3370	I	_	_	_	
21-2	3371-3379	inclosed	_	_	_	
21-3	3380-3383	six	Odour\_Carrier[43]	Anaphoric	22-1[0_43]	
21-4	3384-3402	different-coloured	Odour\_Carrier[43]	_	_	
21-5	3403-3408	wools	Odour\_Carrier[43]	_	_	
21-6	3408-3409	,	_	_	_	
21-7	3410-3412	an	_	_	_	
21-8	3413-3418	equal	_	_	_	
21-9	3419-3425	weight	_	_	_	
21-10	3426-3428	of	_	_	_	
21-11	3429-3433	each	_	_	_	
21-12	3433-3434	,	_	_	_	
21-13	3435-3438	viz	_	_	_	
21-14	3438-3439	.	_	_	_	
21-15	3440-3445	black	_	_	_	
21-16	3445-3446	,	_	_	_	
21-17	3447-3451	blue	_	_	_	
21-18	3451-3452	,	_	_	_	
21-19	3453-3458	green	_	_	_	
21-20	3458-3459	,	_	_	_	
21-21	3460-3463	red	_	_	_	
21-22	3463-3464	,	_	_	_	
21-23	3465-3471	yellow	_	_	_	
21-24	3471-3472	,	_	_	_	
21-25	3473-3476	and	_	_	_	
21-26	3477-3482	white	_	_	_	
21-27	3482-3483	,	_	_	_	
21-28	3484-3488	with	_	_	_	
21-29	3489-3500	assafoetida	_	_	_	
21-30	3500-3501	.	_	_	_	

#Text=They were ranged circularly round the odorous body, without touching it or one another, and were then covered over and excluded from the light.
22-1	3502-3506	They	Odour\_Carrier	_	_	
22-2	3507-3511	were	_	_	_	
22-3	3512-3518	ranged	_	_	_	
22-4	3519-3529	circularly	_	_	_	
22-5	3530-3535	round	_	_	_	
22-6	3536-3539	the	_	_	_	
22-7	3540-3547	odorous	Smell\_Word[44]|Quality[45]	*|*|*	22-8[0_44]|22-7[45_44]|22-1[0_44]	
22-8	3548-3552	body	Smell\_Source	_	_	
22-9	3552-3553	,	_	_	_	
22-10	3554-3561	without	_	_	_	
22-11	3562-3570	touching	_	_	_	
22-12	3571-3573	it	_	_	_	
22-13	3574-3576	or	_	_	_	
22-14	3577-3580	one	_	_	_	
22-15	3581-3588	another	_	_	_	
22-16	3588-3589	,	_	_	_	
22-17	3590-3593	and	_	_	_	
22-18	3594-3598	were	_	_	_	
22-19	3599-3603	then	_	_	_	
22-20	3604-3611	covered	_	_	_	
22-21	3612-3616	over	_	_	_	
22-22	3617-3620	and	_	_	_	
22-23	3621-3629	excluded	_	_	_	
22-24	3630-3634	from	_	_	_	
22-25	3635-3638	the	_	_	_	
22-26	3639-3644	light	_	_	_	
22-27	3644-3645	.	_	_	_	

#Text=At the end of twenty- four hours they were examined.
23-1	3646-3648	At	Time[46]	_	_	
23-2	3649-3652	the	Time[46]	_	_	
23-3	3653-3656	end	Time[46]	_	_	
23-4	3657-3659	of	Time[46]	_	_	
23-5	3660-3666	twenty	Time[46]	_	_	
23-6	3666-3667	-	Time[46]	_	_	
23-7	3668-3672	four	Time[46]	_	_	
23-8	3673-3678	hours	Time[46]	_	_	
23-9	3679-3683	they	_	_	_	
23-10	3684-3688	were	_	_	_	
23-11	3689-3697	examined	_	_	_	
23-12	3697-3698	.	_	_	_	

#Text=The black was found to have much the strongest smell of assafoetida; the blue the next; after that the red, and then the green; the yellow had but little smell, and the wrhite scarcely any.\r
#Text=7.
24-1	3699-3702	The	Odour\_Carrier[47]	_	_	
24-2	3703-3708	black	Odour\_Carrier[47]	_	_	
24-3	3709-3712	was	_	_	_	
24-4	3713-3718	found	_	_	_	
24-5	3719-3721	to	_	_	_	
24-6	3722-3726	have	_	_	_	
24-7	3727-3731	much	_	_	_	
24-8	3732-3735	the	Quality[48]	_	_	
24-9	3736-3745	strongest	Quality[48]	_	_	
24-10	3746-3751	smell	Smell\_Word	*|*|*|*|*|*|*	24-8[48_0]|24-1[47_0]|24-11[49_0]|24-14[50_0]|24-26[52_0]|24-21[51_0]|23-1[46_0]	
24-11	3752-3754	of	Smell\_Source[49]	_	_	
24-12	3755-3766	assafoetida	Smell\_Source[49]	_	_	
24-13	3766-3767	;	_	_	_	
24-14	3768-3771	the	Odour\_Carrier[50]	_	_	
24-15	3772-3776	blue	Odour\_Carrier[50]	_	_	
24-16	3777-3780	the	_	_	_	
24-17	3781-3785	next	_	_	_	
24-18	3785-3786	;	_	_	_	
24-19	3787-3792	after	_	_	_	
24-20	3793-3797	that	_	_	_	
24-21	3798-3801	the	Odour\_Carrier[51]	_	_	
24-22	3802-3805	red	Odour\_Carrier[51]	_	_	
24-23	3805-3806	,	_	_	_	
24-24	3807-3810	and	_	_	_	
24-25	3811-3815	then	_	_	_	
24-26	3816-3819	the	Odour\_Carrier[52]	_	_	
24-27	3820-3825	green	Odour\_Carrier[52]	_	_	
24-28	3825-3826	;	_	_	_	
24-29	3827-3830	the	Odour\_Carrier[53]	_	_	
24-30	3831-3837	yellow	Odour\_Carrier[53]	_	_	
24-31	3838-3841	had	_	_	_	
24-32	3842-3845	but	_	_	_	
24-33	3846-3852	little	Quality	_	_	
24-34	3853-3858	smell	Smell\_Word	*|*|*	24-33|24-29[53_0]|24-37[54_0]	
24-35	3858-3859	,	_	_	_	
24-36	3860-3863	and	_	_	_	
24-37	3864-3867	the	Odour\_Carrier[54]	_	_	
24-38	3868-3874	wrhite	Odour\_Carrier[54]	_	_	
24-39	3875-3883	scarcely	_	_	_	
24-40	3884-3887	any	_	_	_	
24-41	3887-3888	.	_	_	_	
24-42	3890-3891	7	_	_	_	
24-43	3891-3892	.	_	_	_	

#Text=A similar experiment, using camphor instead of assafoetida, afforded precisely the same results.\r
#Text=8.
25-1	3893-3894	A	_	_	_	
25-2	3895-3902	similar	_	_	_	
25-3	3903-3913	experiment	_	_	_	
25-4	3913-3914	,	_	_	_	
25-5	3915-3920	using	_	_	_	
25-6	3921-3928	camphor	_	_	_	
25-7	3929-3936	instead	_	_	_	
25-8	3937-3939	of	_	_	_	
25-9	3940-3951	assafoetida	_	_	_	
25-10	3951-3952	,	_	_	_	
25-11	3953-3961	afforded	_	_	_	
25-12	3962-3971	precisely	_	_	_	
25-13	3972-3975	the	_	_	_	
25-14	3976-3980	same	_	_	_	
25-15	3981-3988	results	_	_	_	
25-16	3988-3989	.	_	_	_	
25-17	3991-3992	8	_	_	_	
25-18	3992-3993	.	_	_	_	

#Text=Various coloured cottons were treated in the same manner.
26-1	3994-4001	Various	Odour\_Carrier[55]	Anaphoric	27-1[56_55]	
26-2	4002-4010	coloured	Odour\_Carrier[55]	_	_	
26-3	4011-4018	cottons	Odour\_Carrier[55]	_	_	
26-4	4019-4023	were	_	_	_	
26-5	4024-4031	treated	_	_	_	
26-6	4032-4034	in	_	_	_	
26-7	4035-4038	the	_	_	_	
26-8	4039-4043	same	_	_	_	
26-9	4044-4050	manner	_	_	_	
26-10	4050-4051	.	_	_	_	

#Text=In all these the smell was invariably found to be of corresponding intensity, according to the colour, as in the wools.\r
#Text=9.
27-1	4052-4054	In	Odour\_Carrier[56]	_	_	
27-2	4055-4058	all	Odour\_Carrier[56]	_	_	
27-3	4059-4064	these	Odour\_Carrier[56]	_	_	
27-4	4065-4068	the	_	_	_	
27-5	4069-4074	smell	Smell\_Word	*|*	27-1[56_0]|27-11[57_0]	
27-6	4075-4078	was	_	_	_	
27-7	4079-4089	invariably	_	_	_	
27-8	4090-4095	found	_	_	_	
27-9	4096-4098	to	_	_	_	
27-10	4099-4101	be	_	_	_	
27-11	4102-4104	of	Quality[57]	_	_	
27-12	4105-4118	corresponding	Quality[57]	_	_	
27-13	4119-4128	intensity	Quality[57]	_	_	
27-14	4128-4129	,	_	_	_	
27-15	4130-4139	according	_	_	_	
27-16	4140-4142	to	_	_	_	
27-17	4143-4146	the	_	_	_	
27-18	4147-4153	colour	_	_	_	
27-19	4153-4154	,	_	_	_	
27-20	4155-4157	as	_	_	_	
27-21	4158-4160	in	_	_	_	
27-22	4161-4164	the	_	_	_	
27-23	4165-4170	wools	_	_	_	
27-24	4170-4171	.	_	_	_	
27-25	4173-4174	9	_	_	_	
27-26	4174-4175	.	_	_	_	

#Text=Silks of different colours gave the same results.\r
#Text=10.
28-1	4176-4181	Silks	_	_	_	
28-2	4182-4184	of	_	_	_	
28-3	4185-4194	different	_	_	_	
28-4	4195-4202	colours	_	_	_	
28-5	4203-4207	gave	_	_	_	
28-6	4208-4211	the	_	_	_	
28-7	4212-4216	same	_	_	_	
28-8	4217-4224	results	_	_	_	
28-9	4224-4225	.	_	_	_	
28-10	4227-4229	10	_	_	_	
28-11	4229-4230	.	_	_	_	

#Text=I next endeavoured to ascertain the comparative power of vegetable and animal substances, so far as regards their influence over odours.
29-1	4231-4232	I	_	_	_	
29-2	4233-4237	next	_	_	_	
29-3	4238-4249	endeavoured	_	_	_	
29-4	4250-4252	to	_	_	_	
29-5	4253-4262	ascertain	_	_	_	
29-6	4263-4266	the	_	_	_	
29-7	4267-4278	comparative	_	_	_	
29-8	4279-4284	power	_	_	_	
29-9	4285-4287	of	_	_	_	
29-10	4288-4297	vegetable	Odour\_Carrier[58]	_	_	
29-11	4298-4301	and	Odour\_Carrier[58]	_	_	
29-12	4302-4308	animal	Odour\_Carrier[58]	_	_	
29-13	4309-4319	substances	Odour\_Carrier[58]	_	_	
29-14	4319-4320	,	_	_	_	
29-15	4321-4323	so	_	_	_	
29-16	4324-4327	far	_	_	_	
29-17	4328-4330	as	_	_	_	
29-18	4331-4338	regards	_	_	_	
29-19	4339-4344	their	_	_	_	
29-20	4345-4354	influence	_	_	_	
29-21	4355-4359	over	_	_	_	
29-22	4360-4366	odours	Smell\_Word	*	29-10[58_0]	
29-23	4366-4367	.	_	_	_	

#Text=This was a much more delicate point to ascertain with sufficient accuracy, and free from fallacy, as it was difficult to obtain wool of the same degree of fineness as cotton, the substances I generally preferred for these experiments.
30-1	4368-4372	This	_	_	_	
30-2	4373-4376	was	_	_	_	
30-3	4377-4378	a	_	_	_	
30-4	4379-4383	much	_	_	_	
30-5	4384-4388	more	_	_	_	
30-6	4389-4397	delicate	_	_	_	
30-7	4398-4403	point	_	_	_	
30-8	4404-4406	to	_	_	_	
30-9	4407-4416	ascertain	_	_	_	
30-10	4417-4421	with	_	_	_	
30-11	4422-4432	sufficient	_	_	_	
30-12	4433-4441	accuracy	_	_	_	
30-13	4441-4442	,	_	_	_	
30-14	4443-4446	and	_	_	_	
30-15	4447-4451	free	_	_	_	
30-16	4452-4456	from	_	_	_	
30-17	4457-4464	fallacy	_	_	_	
30-18	4464-4465	,	_	_	_	
30-19	4466-4468	as	_	_	_	
30-20	4469-4471	it	_	_	_	
30-21	4472-4475	was	_	_	_	
30-22	4476-4485	difficult	_	_	_	
30-23	4486-4488	to	_	_	_	
30-24	4489-4495	obtain	_	_	_	
30-25	4496-4500	wool	_	_	_	
30-26	4501-4503	of	_	_	_	
30-27	4504-4507	the	_	_	_	
30-28	4508-4512	same	_	_	_	
30-29	4513-4519	degree	_	_	_	
30-30	4520-4522	of	_	_	_	
30-31	4523-4531	fineness	_	_	_	
30-32	4532-4534	as	_	_	_	
30-33	4535-4541	cotton	_	_	_	
30-34	4541-4542	,	_	_	_	
30-35	4543-4546	the	_	_	_	
30-36	4547-4557	substances	_	_	_	
30-37	4558-4559	I	_	_	_	
30-38	4560-4569	generally	_	_	_	
30-39	4570-4579	preferred	_	_	_	
30-40	4580-4583	for	_	_	_	
30-41	4584-4589	these	_	_	_	
30-42	4590-4601	experiments	_	_	_	
30-43	4601-4602	.	_	_	_	

#Text=I first inclosed equal weights of black and white wool, and black and white cotton, with camphor.
31-1	4603-4604	I	_	_	_	
31-2	4605-4610	first	_	_	_	
31-3	4611-4619	inclosed	_	_	_	
31-4	4620-4625	equal	_	_	_	
31-5	4626-4633	weights	_	_	_	
31-6	4634-4636	of	_	_	_	
31-7	4637-4642	black	_	_	_	
31-8	4643-4646	and	_	_	_	
31-9	4647-4652	white	_	_	_	
31-10	4653-4657	wool	_	_	_	
31-11	4657-4658	,	_	_	_	
31-12	4659-4662	and	_	_	_	
31-13	4663-4668	black	_	_	_	
31-14	4669-4672	and	_	_	_	
31-15	4673-4678	white	_	_	_	
31-16	4679-4685	cotton	_	_	_	
31-17	4685-4686	,	_	_	_	
31-18	4687-4691	with	_	_	_	
31-19	4692-4699	camphor	Smell\_Source	_	_	
31-20	4699-4700	.	_	_	_	

#Text=After twenty-four hours, the black wool had acquired a stronger smell than the cotton of similar colour; the white wool had also taken up more of the odorous particles than the white cotton, though the odour in both was very feeble.\r
#Text=11.
32-1	4701-4706	After	_	_	_	
32-2	4707-4718	twenty-four	_	_	_	
32-3	4719-4724	hours	_	_	_	
32-4	4724-4725	,	_	_	_	
32-5	4726-4729	the	Odour\_Carrier[59]	_	_	
32-6	4730-4735	black	Odour\_Carrier[59]	_	_	
32-7	4736-4740	wool	Odour\_Carrier[59]	_	_	
32-8	4741-4744	had	_	_	_	
32-9	4745-4753	acquired	_	_	_	
32-10	4754-4755	a	Quality[60]	_	_	
32-11	4756-4764	stronger	Quality[60]	_	_	
32-12	4765-4770	smell	Smell\_Word	*|*|*|*	32-10[60_0]|32-5[59_0]|31-19|32-14[61_0]	
32-13	4771-4775	than	_	_	_	
32-14	4776-4779	the	Odour\_Carrier[61]	_	_	
32-15	4780-4786	cotton	Odour\_Carrier[61]	_	_	
32-16	4787-4789	of	Odour\_Carrier[61]	_	_	
32-17	4790-4797	similar	Odour\_Carrier[61]	_	_	
32-18	4798-4804	colour	Odour\_Carrier[61]	_	_	
32-19	4804-4805	;	_	_	_	
32-20	4806-4809	the	Odour\_Carrier[62]	Anaphoric	32-40[64_62]	
32-21	4810-4815	white	Odour\_Carrier[62]	_	_	
32-22	4816-4820	wool	Odour\_Carrier[62]	_	_	
32-23	4821-4824	had	_	_	_	
32-24	4825-4829	also	_	_	_	
32-25	4830-4835	taken	_	_	_	
32-26	4836-4838	up	_	_	_	
32-27	4839-4843	more	_	_	_	
32-28	4844-4846	of	_	_	_	
32-29	4847-4850	the	_	_	_	
32-30	4851-4858	odorous	Smell\_Word	*|*|*	32-31|32-20[62_0]|32-33[63_0]	
32-31	4859-4868	particles	Smell\_Source	_	_	
32-32	4869-4873	than	_	_	_	
32-33	4874-4877	the	Odour\_Carrier[63]	Anaphoric	32-40[64_63]	
32-34	4878-4883	white	Odour\_Carrier[63]	_	_	
32-35	4884-4890	cotton	Odour\_Carrier[63]	_	_	
32-36	4890-4891	,	_	_	_	
32-37	4892-4898	though	_	_	_	
32-38	4899-4902	the	_	_	_	
32-39	4903-4908	odour	Smell\_Word	*|*	32-40[64_0]|32-43[65_0]	
32-40	4909-4911	in	Odour\_Carrier[64]	_	_	
32-41	4912-4916	both	Odour\_Carrier[64]	_	_	
32-42	4917-4920	was	_	_	_	
32-43	4921-4925	very	Quality[65]	_	_	
32-44	4926-4932	feeble	Quality[65]	_	_	
32-45	4932-4933	.	_	_	_	
32-46	4935-4937	11	_	_	_	
32-47	4937-4938	.	_	_	_	

#Text=When assafoetida was used in a similar experiment, the odour was much more distinguishable, and it could at once be distinguished by smell, that the wool had taken up much more of the odour than the cotton.
33-1	4939-4943	When	Circumstances[66]	_	_	
33-2	4944-4955	assafoetida	Circumstances[66]|Smell\_Source[67]	_	_	
33-3	4956-4959	was	Circumstances[66]	_	_	
33-4	4960-4964	used	Circumstances[66]	_	_	
33-5	4965-4967	in	Circumstances[66]	_	_	
33-6	4968-4969	a	Circumstances[66]	_	_	
33-7	4970-4977	similar	Circumstances[66]	_	_	
33-8	4978-4988	experiment	Circumstances[66]	_	_	
33-9	4988-4989	,	_	_	_	
33-10	4990-4993	the	_	_	_	
33-11	4994-4999	odour	Smell\_Word	*|*|*|*	33-2[67_0]|33-13[68_0]|33-1[66_0]|33-18[69_0]	
33-12	5000-5003	was	_	_	_	
33-13	5004-5008	much	Quality[68]	_	_	
33-14	5009-5013	more	Quality[68]	_	_	
33-15	5014-5029	distinguishable	Quality[68]	_	_	
33-16	5029-5030	,	_	_	_	
33-17	5031-5034	and	_	_	_	
33-18	5035-5037	it	Effect[69]	_	_	
33-19	5038-5043	could	Effect[69]	_	_	
33-20	5044-5046	at	Effect[69]	_	_	
33-21	5047-5051	once	Effect[69]	_	_	
33-22	5052-5054	be	Effect[69]	_	_	
33-23	5055-5068	distinguished	Effect[69]	_	_	
33-24	5069-5071	by	_	_	_	
33-25	5072-5077	smell	Smell\_Word	_	_	
33-26	5077-5078	,	_	_	_	
33-27	5079-5083	that	_	_	_	
33-28	5084-5087	the	Odour\_Carrier[70]	_	_	
33-29	5088-5092	wool	Odour\_Carrier[70]	_	_	
33-30	5093-5096	had	_	_	_	
33-31	5097-5102	taken	_	_	_	
33-32	5103-5105	up	_	_	_	
33-33	5106-5110	much	_	_	_	
33-34	5111-5115	more	_	_	_	
33-35	5116-5118	of	_	_	_	
33-36	5119-5122	the	_	_	_	
33-37	5123-5128	odour	Smell\_Word	*|*	33-28[70_0]|33-39[71_0]	
33-38	5129-5133	than	_	_	_	
33-39	5134-5137	the	Odour\_Carrier[71]	_	_	
33-40	5138-5144	cotton	Odour\_Carrier[71]	_	_	
33-41	5144-5145	.	_	_	_	

#Text=Indeed, from many experiments I have made to ascertain this fact, wool appears to have a peculiar attraction for fetid odours.
34-1	5146-5152	Indeed	_	_	_	
34-2	5152-5153	,	_	_	_	
34-3	5154-5158	from	_	_	_	
34-4	5159-5163	many	_	_	_	
34-5	5164-5175	experiments	_	_	_	
34-6	5176-5177	I	_	_	_	
34-7	5178-5182	have	_	_	_	
34-8	5183-5187	made	_	_	_	
34-9	5188-5190	to	_	_	_	
34-10	5191-5200	ascertain	_	_	_	
34-11	5201-5205	this	_	_	_	
34-12	5206-5210	fact	_	_	_	
34-13	5210-5211	,	_	_	_	
34-14	5212-5216	wool	Odour\_Carrier	_	_	
34-15	5217-5224	appears	_	_	_	
34-16	5225-5227	to	_	_	_	
34-17	5228-5232	have	_	_	_	
34-18	5233-5234	a	_	_	_	
34-19	5235-5243	peculiar	_	_	_	
34-20	5244-5254	attraction	_	_	_	
34-21	5255-5258	for	_	_	_	
34-22	5259-5264	fetid	Quality	_	_	
34-23	5265-5271	odours	Smell\_Word	*|*	34-22|34-14	
34-24	5271-5272	.	_	_	_	

#Text=For instance, if, after having allowed wool to lie in contact with camphor for some time, it be afterwards placed, even for a very few hours, near a minute portion of sulphuret of barium (which, it is well known, exhales copiously the fetid odour of sulphuretted hydrogen,) it quickly loses the camphorous smell, and acquires and even retains in considerable intensity the fetid smell of the sulphuret.
35-1	5273-5276	For	_	_	_	
35-2	5277-5285	instance	_	_	_	
35-3	5285-5286	,	_	_	_	
35-4	5287-5289	if	_	_	_	
35-5	5289-5290	,	_	_	_	
35-6	5291-5296	after	_	_	_	
35-7	5297-5303	having	_	_	_	
35-8	5304-5311	allowed	_	_	_	
35-9	5312-5316	wool	Odour\_Carrier	_	_	
35-10	5317-5319	to	_	_	_	
35-11	5320-5323	lie	_	_	_	
35-12	5324-5326	in	_	_	_	
35-13	5327-5334	contact	_	_	_	
35-14	5335-5339	with	_	_	_	
35-15	5340-5347	camphor	_	_	_	
35-16	5348-5351	for	_	_	_	
35-17	5352-5356	some	_	_	_	
35-18	5357-5361	time	_	_	_	
35-19	5361-5362	,	_	_	_	
35-20	5363-5365	it	_	_	_	
35-21	5366-5368	be	_	_	_	
35-22	5369-5379	afterwards	_	_	_	
35-23	5380-5386	placed	_	_	_	
35-24	5386-5387	,	_	_	_	
35-25	5388-5392	even	_	_	_	
35-26	5393-5396	for	_	_	_	
35-27	5397-5398	a	_	_	_	
35-28	5399-5403	very	_	_	_	
35-29	5404-5407	few	_	_	_	
35-30	5408-5413	hours	_	_	_	
35-31	5413-5414	,	_	_	_	
35-32	5415-5419	near	_	_	_	
35-33	5420-5421	a	_	_	_	
35-34	5422-5428	minute	_	_	_	
35-35	5429-5436	portion	_	_	_	
35-36	5437-5439	of	_	_	_	
35-37	5440-5449	sulphuret	Odour\_Carrier[72]	_	_	
35-38	5450-5452	of	Odour\_Carrier[72]	_	_	
35-39	5453-5459	barium	Odour\_Carrier[72]	_	_	
35-40	5460-5461	(	_	_	_	
35-41	5461-5466	which	_	_	_	
35-42	5466-5467	,	_	_	_	
35-43	5468-5470	it	_	_	_	
35-44	5471-5473	is	_	_	_	
35-45	5474-5478	well	_	_	_	
35-46	5479-5484	known	_	_	_	
35-47	5484-5485	,	_	_	_	
35-48	5486-5493	exhales	_	_	_	
35-49	5494-5503	copiously	_	_	_	
35-50	5504-5507	the	_	_	_	
35-51	5508-5513	fetid	Quality	_	_	
35-52	5514-5519	odour	Smell\_Word	*|*|*|*	35-51|35-37[72_0]|35-53[73_0]|35-9	
35-53	5520-5522	of	Smell\_Source[73]	_	_	
35-54	5523-5535	sulphuretted	Smell\_Source[73]	_	_	
35-55	5536-5544	hydrogen	Smell\_Source[73]	_	_	
35-56	5544-5545	,	_	_	_	
35-57	5545-5546	)	_	_	_	
35-58	5547-5549	it	_	_	_	
35-59	5550-5557	quickly	_	_	_	
35-60	5558-5563	loses	_	_	_	
35-61	5564-5567	the	_	_	_	
35-62	5568-5578	camphorous	Quality	_	_	
35-63	5579-5584	smell	Smell\_Word	*	35-62	
35-64	5584-5585	,	_	_	_	
35-65	5586-5589	and	_	_	_	
35-66	5590-5598	acquires	_	_	_	
35-67	5599-5602	and	_	_	_	
35-68	5603-5607	even	_	_	_	
35-69	5608-5615	retains	_	_	_	
35-70	5616-5618	in	_	_	_	
35-71	5619-5631	considerable	_	_	_	
35-72	5632-5641	intensity	_	_	_	
35-73	5642-5645	the	_	_	_	
35-74	5646-5651	fetid	Quality	_	_	
35-75	5652-5657	smell	Smell\_Word	*|*	35-74|35-76[74_0]	
35-76	5658-5660	of	Smell\_Source[74]	_	_	
35-77	5661-5664	the	Smell\_Source[74]	_	_	
35-78	5665-5674	sulphuret	Smell\_Source[74]	_	_	
35-79	5674-5675	.	_	_	_	

#Text=It is proper to mention, that in most of these experiments I did not trust to my own olfactory organs alone.
36-1	5677-5679	It	_	_	_	
36-2	5680-5682	is	_	_	_	
36-3	5683-5689	proper	_	_	_	
36-4	5690-5692	to	_	_	_	
36-5	5693-5700	mention	_	_	_	
36-6	5700-5701	,	_	_	_	
36-7	5702-5706	that	_	_	_	
36-8	5707-5709	in	_	_	_	
36-9	5710-5714	most	_	_	_	
36-10	5715-5717	of	_	_	_	
36-11	5718-5723	these	_	_	_	
36-12	5724-5735	experiments	_	_	_	
36-13	5736-5737	I	_	_	_	
36-14	5738-5741	did	_	_	_	
36-15	5742-5745	not	_	_	_	
36-16	5746-5751	trust	_	_	_	
36-17	5752-5754	to	_	_	_	
36-18	5755-5757	my	_	_	_	
36-19	5758-5761	own	_	_	_	
36-20	5762-5771	olfactory	_	_	_	
36-21	5772-5778	organs	_	_	_	
36-22	5779-5784	alone	_	_	_	
36-23	5784-5785	.	_	_	_	

#Text=All the members of the family, and several of my friends, have lent their aid to distinguish between the different intensities of the odour which each substance had attracted; and though only a few experiments are here detailed, similar ones have been many times performed, with various other odorous substances.
37-1	5786-5789	All	Perceiver[75]	_	_	
37-2	5790-5793	the	Perceiver[75]	_	_	
37-3	5794-5801	members	Perceiver[75]	_	_	
37-4	5802-5804	of	Perceiver[75]	_	_	
37-5	5805-5808	the	Perceiver[75]	_	_	
37-6	5809-5815	family	Perceiver[75]	_	_	
37-7	5815-5816	,	_	_	_	
37-8	5817-5820	and	_	_	_	
37-9	5821-5828	several	Perceiver[76]	_	_	
37-10	5829-5831	of	Perceiver[76]	_	_	
37-11	5832-5834	my	Perceiver[76]	_	_	
37-12	5835-5842	friends	Perceiver[76]	_	_	
37-13	5842-5843	,	_	_	_	
37-14	5844-5848	have	_	_	_	
37-15	5849-5853	lent	_	_	_	
37-16	5854-5859	their	_	_	_	
37-17	5860-5863	aid	_	_	_	
37-18	5864-5866	to	_	_	_	
37-19	5867-5878	distinguish	_	_	_	
37-20	5879-5886	between	_	_	_	
37-21	5887-5890	the	_	_	_	
37-22	5891-5900	different	Quality[77]	_	_	
37-23	5901-5912	intensities	Quality[77]	_	_	
37-24	5913-5915	of	_	_	_	
37-25	5916-5919	the	_	_	_	
37-26	5920-5925	odour	Smell\_Word	*|*|*|*	37-28[78_0]|37-1[75_0]|37-9[76_0]|37-22[77_0]	
37-27	5926-5931	which	_	_	_	
37-28	5932-5936	each	Odour\_Carrier[78]	_	_	
37-29	5937-5946	substance	Odour\_Carrier[78]	_	_	
37-30	5947-5950	had	_	_	_	
37-31	5951-5960	attracted	_	_	_	
37-32	5960-5961	;	_	_	_	
37-33	5962-5965	and	_	_	_	
37-34	5966-5972	though	_	_	_	
37-35	5973-5977	only	_	_	_	
37-36	5978-5979	a	_	_	_	
37-37	5980-5983	few	_	_	_	
37-38	5984-5995	experiments	_	_	_	
37-39	5996-5999	are	_	_	_	
37-40	6000-6004	here	_	_	_	
37-41	6005-6013	detailed	_	_	_	
37-42	6013-6014	,	_	_	_	
37-43	6015-6022	similar	_	_	_	
37-44	6023-6027	ones	_	_	_	
37-45	6028-6032	have	_	_	_	
37-46	6033-6037	been	_	_	_	
37-47	6038-6042	many	_	_	_	
37-48	6043-6048	times	_	_	_	
37-49	6049-6058	performed	_	_	_	
37-50	6058-6059	,	_	_	_	
37-51	6060-6064	with	_	_	_	
37-52	6065-6072	various	_	_	_	
37-53	6073-6078	other	_	_	_	
37-54	6079-6086	odorous	Smell\_Word[79]|Quality[80]	*|*	37-55[0_79]|37-54[80_79]	
37-55	6087-6097	substances	Odour\_Carrier	_	_	
37-56	6097-6098	.	_	_	_	

#Text=The whole of these in their general results seemed to establish the fact, that the colour of substances exerted a peculiar influence over the absorption of odours.
38-1	6099-6102	The	_	_	_	
38-2	6103-6108	whole	_	_	_	
38-3	6109-6111	of	_	_	_	
38-4	6112-6117	these	_	_	_	
38-5	6118-6120	in	_	_	_	
38-6	6121-6126	their	_	_	_	
38-7	6127-6134	general	_	_	_	
38-8	6135-6142	results	_	_	_	
38-9	6143-6149	seemed	_	_	_	
38-10	6150-6152	to	_	_	_	
38-11	6153-6162	establish	_	_	_	
38-12	6163-6166	the	_	_	_	
38-13	6167-6171	fact	_	_	_	
38-14	6171-6172	,	_	_	_	
38-15	6173-6177	that	_	_	_	
38-16	6178-6181	the	Odour\_Carrier[81]	_	_	
38-17	6182-6188	colour	Odour\_Carrier[81]	_	_	
38-18	6189-6191	of	Odour\_Carrier[81]	_	_	
38-19	6192-6202	substances	Odour\_Carrier[81]	_	_	
38-20	6203-6210	exerted	_	_	_	
38-21	6211-6212	a	_	_	_	
38-22	6213-6221	peculiar	_	_	_	
38-23	6222-6231	influence	_	_	_	
38-24	6232-6236	over	_	_	_	
38-25	6237-6240	the	_	_	_	
38-26	6241-6251	absorption	_	_	_	
38-27	6252-6254	of	_	_	_	
38-28	6255-6261	odours	Smell\_Word	*	38-16[81_0]	
38-29	6261-6262	.	_	_	_	

#Text=In all these experiments, however, reliance had to be placed upon one sense alone, viz. that of smell, as none of the substances employed had gained any appreciable weight.
39-1	6264-6266	In	Circumstances[82]	_	_	
39-2	6267-6270	all	Circumstances[82]	_	_	
39-3	6271-6276	these	Circumstances[82]	_	_	
39-4	6277-6288	experiments	Circumstances[82]	_	_	
39-5	6288-6289	,	_	_	_	
39-6	6290-6297	however	_	_	_	
39-7	6297-6298	,	_	_	_	
39-8	6299-6307	reliance	_	_	_	
39-9	6308-6311	had	_	_	_	
39-10	6312-6314	to	_	_	_	
39-11	6315-6317	be	_	_	_	
39-12	6318-6324	placed	_	_	_	
39-13	6325-6329	upon	_	_	_	
39-14	6330-6333	one	_	_	_	
39-15	6334-6339	sense	_	_	_	
39-16	6340-6345	alone	_	_	_	
39-17	6345-6346	,	_	_	_	
39-18	6347-6350	viz	_	_	_	
39-19	6350-6351	.	_	_	_	
39-20	6352-6356	that	_	_	_	
39-21	6357-6359	of	_	_	_	
39-22	6360-6365	smell	Smell\_Word	*|*	39-27[83_0]|39-1[82_0]	
39-23	6365-6366	,	_	_	_	
39-24	6367-6369	as	_	_	_	
39-25	6370-6374	none	_	_	_	
39-26	6375-6377	of	_	_	_	
39-27	6378-6381	the	Odour\_Carrier[83]	_	_	
39-28	6382-6392	substances	Odour\_Carrier[83]	_	_	
39-29	6393-6401	employed	_	_	_	
39-30	6402-6405	had	_	_	_	
39-31	6406-6412	gained	_	_	_	
39-32	6413-6416	any	_	_	_	
39-33	6417-6428	appreciable	_	_	_	
39-34	6429-6435	weight	_	_	_	
39-35	6435-6436	.	_	_	_	

#Text=I was therefore desirous, that, if possible, at least one experiment should be devised, which would show, by the evidence of actual increase of weight, that one colour invariably attracted more of any odorous substance than another; and upon considering the various odorous substances which could be easily volatilized without change, and whose odour was inseparable from the substance, I fixed upon camphor as the one best suited to my purpose.
40-1	6437-6438	I	_	_	_	
40-2	6439-6442	was	_	_	_	
40-3	6443-6452	therefore	_	_	_	
40-4	6453-6461	desirous	_	_	_	
40-5	6461-6462	,	_	_	_	
40-6	6463-6467	that	_	_	_	
40-7	6467-6468	,	_	_	_	
40-8	6469-6471	if	_	_	_	
40-9	6472-6480	possible	_	_	_	
40-10	6480-6481	,	_	_	_	
40-11	6482-6484	at	_	_	_	
40-12	6485-6490	least	_	_	_	
40-13	6491-6494	one	_	_	_	
40-14	6495-6505	experiment	_	_	_	
40-15	6506-6512	should	_	_	_	
40-16	6513-6515	be	_	_	_	
40-17	6516-6523	devised	_	_	_	
40-18	6523-6524	,	_	_	_	
40-19	6525-6530	which	_	_	_	
40-20	6531-6536	would	_	_	_	
40-21	6537-6541	show	_	_	_	
40-22	6541-6542	,	_	_	_	
40-23	6543-6545	by	_	_	_	
40-24	6546-6549	the	_	_	_	
40-25	6550-6558	evidence	_	_	_	
40-26	6559-6561	of	_	_	_	
40-27	6562-6568	actual	_	_	_	
40-28	6569-6577	increase	_	_	_	
40-29	6578-6580	of	_	_	_	
40-30	6581-6587	weight	_	_	_	
40-31	6587-6588	,	_	_	_	
40-32	6589-6593	that	_	_	_	
40-33	6594-6597	one	Odour\_Carrier[84]	_	_	
40-34	6598-6604	colour	Odour\_Carrier[84]	_	_	
40-35	6605-6615	invariably	_	_	_	
40-36	6616-6625	attracted	_	_	_	
40-37	6626-6630	more	_	_	_	
40-38	6631-6633	of	_	_	_	
40-39	6634-6637	any	_	_	_	
40-40	6638-6645	odorous	Smell\_Word[85]|Quality[86]	*|*|*	40-40[86_85]|40-41[0_85]|40-33[84_85]	
40-41	6646-6655	substance	Smell\_Source	_	_	
40-42	6656-6660	than	_	_	_	
40-43	6661-6668	another	_	_	_	
40-44	6668-6669	;	_	_	_	
40-45	6670-6673	and	_	_	_	
40-46	6674-6678	upon	_	_	_	
40-47	6679-6690	considering	_	_	_	
40-48	6691-6694	the	_	_	_	
40-49	6695-6702	various	_	_	_	
40-50	6703-6710	odorous	Smell\_Word[87]|Quality[88]	*|*	40-51[0_87]|40-50[88_87]	
40-51	6711-6721	substances	Smell\_Source	Anaphoric	40-61	
40-52	6722-6727	which	_	_	_	
40-53	6728-6733	could	_	_	_	
40-54	6734-6736	be	_	_	_	
40-55	6737-6743	easily	_	_	_	
40-56	6744-6755	volatilized	_	_	_	
40-57	6756-6763	without	_	_	_	
40-58	6764-6770	change	_	_	_	
40-59	6770-6771	,	_	_	_	
40-60	6772-6775	and	_	_	_	
40-61	6776-6781	whose	Smell\_Source	_	_	
40-62	6782-6787	odour	Smell\_Word	*|*	40-61|40-64[89_0]	
40-63	6788-6791	was	_	_	_	
40-64	6792-6803	inseparable	Quality[89]	_	_	
40-65	6804-6808	from	Quality[89]	_	_	
40-66	6809-6812	the	Quality[89]	_	_	
40-67	6813-6822	substance	Quality[89]	_	_	
40-68	6822-6823	,	_	_	_	
40-69	6824-6825	I	_	_	_	
40-70	6826-6831	fixed	_	_	_	
40-71	6832-6836	upon	_	_	_	
40-72	6837-6844	camphor	_	_	_	
40-73	6845-6847	as	_	_	_	
40-74	6848-6851	the	_	_	_	
40-75	6852-6855	one	_	_	_	
40-76	6856-6860	best	_	_	_	
40-77	6861-6867	suited	_	_	_	
40-78	6868-6870	to	_	_	_	
40-79	6871-6873	my	_	_	_	
40-80	6874-6881	purpose	_	_	_	
40-81	6881-6882	.	_	_	_	

#Text=In an experiment of this nature, it was necessary that the camphor should be volatilized or converted into vapour, and that the coloured substances should be so placed as to come in contact with the camphor while in that state.
41-1	6883-6885	In	_	_	_	
41-2	6886-6888	an	_	_	_	
41-3	6889-6899	experiment	_	_	_	
41-4	6900-6902	of	_	_	_	
41-5	6903-6907	this	_	_	_	
41-6	6908-6914	nature	_	_	_	
41-7	6914-6915	,	_	_	_	
41-8	6916-6918	it	_	_	_	
41-9	6919-6922	was	_	_	_	
41-10	6923-6932	necessary	_	_	_	
41-11	6933-6937	that	_	_	_	
41-12	6938-6941	the	_	_	_	
41-13	6942-6949	camphor	_	_	_	
41-14	6950-6956	should	_	_	_	
41-15	6957-6959	be	_	_	_	
41-16	6960-6971	volatilized	_	_	_	
41-17	6972-6974	or	_	_	_	
41-18	6975-6984	converted	_	_	_	
41-19	6985-6989	into	_	_	_	
41-20	6990-6996	vapour	_	_	_	
41-21	6996-6997	,	_	_	_	
41-22	6998-7001	and	_	_	_	
41-23	7002-7006	that	_	_	_	
41-24	7007-7010	the	_	_	_	
41-25	7011-7019	coloured	_	_	_	
41-26	7020-7030	substances	_	_	_	
41-27	7031-7037	should	_	_	_	
41-28	7038-7040	be	_	_	_	
41-29	7041-7043	so	_	_	_	
41-30	7044-7050	placed	_	_	_	
41-31	7051-7053	as	_	_	_	
41-32	7054-7056	to	_	_	_	
41-33	7057-7061	come	_	_	_	
41-34	7062-7064	in	_	_	_	
41-35	7065-7072	contact	_	_	_	
41-36	7073-7077	with	_	_	_	
41-37	7078-7081	the	_	_	_	
41-38	7082-7089	camphor	_	_	_	
41-39	7090-7095	while	_	_	_	
41-40	7096-7098	in	_	_	_	
41-41	7099-7103	that	_	_	_	
41-42	7104-7109	state	_	_	_	
41-43	7109-7110	.	_	_	_	
