#FORMAT=WebAnno TSV 3.3
#T_SP=custom.Span|label
#T_RL=custom.Relation|label|BT_custom.Span


#Text=MÉLISSE, plante aromatique, d'une odeur forte, pénétrante & qui a rapport à l'odeur du Citron.
1-1	0-7	MÉLISSE	Smell\_Source	_	_	
1-2	7-8	,	_	_	_	
1-3	9-15	plante	_	_	_	
1-4	16-26	aromatique	Quality	_	_	
1-5	26-27	,	_	_	_	
1-6	28-33	d'une	_	_	_	
1-7	34-39	odeur	Smell\_Word	*|*|*|*|*	1-1|1-8|1-10|1-18|1-4	
1-8	40-45	forte	Quality	_	_	
1-9	45-46	,	_	_	_	
1-10	47-57	pénétrante	Quality	_	_	
1-11	58-59	&	_	_	_	
1-12	60-63	qui	_	_	_	
1-13	64-65	a	_	_	_	
1-14	66-73	rapport	_	_	_	
1-15	74-75	à	_	_	_	
1-16	76-83	l'odeur	_	_	_	
1-17	84-86	du	_	_	_	
1-18	87-93	Citron	Evoked\_Odorant	_	_	
1-19	93-94	.	_	_	_	

#Text=Voyez Part.
2-1	95-100	Voyez	_	_	_	
2-2	101-105	Part	_	_	_	
2-3	105-106	.	_	_	_	

#Text=IV. art.
3-1	107-109	IV	_	_	_	
3-2	109-110	.	_	_	_	
3-3	111-114	art	_	_	_	
3-4	114-115	.	_	_	_	

#Text=IX. pag. 285.
4-1	116-118	IX	_	_	_	
4-2	118-119	.	_	_	_	
4-3	120-123	pag	_	_	_	
4-4	123-124	.	_	_	_	
4-5	125-128	285	_	_	_	
4-6	128-129	.	_	_	_	

#Text=MEUM, racine aromatique d'une plante ombellifere, assez semblable à l'Aneth, d'où vient qu'on l'appelle Anethum tortuosum.
5-1	133-137	MEUM	Smell\_Source	Anaphoric	6-4	
5-2	137-138	,	_	_	_	
5-3	139-145	racine	_	_	_	
5-4	146-156	aromatique	Smell\_Word	*	5-1	
5-5	157-162	d'une	_	_	_	
5-6	163-169	plante	_	_	_	
5-7	170-181	ombellifere	_	_	_	
5-8	181-182	,	_	_	_	
5-9	183-188	assez	_	_	_	
5-10	189-198	semblable	_	_	_	
5-11	199-200	à	_	_	_	
5-12	201-208	l'Aneth	_	_	_	
5-13	208-209	,	_	_	_	
5-14	210-214	d'où	_	_	_	
5-15	215-220	vient	_	_	_	
5-16	221-226	qu'on	_	_	_	
5-17	227-236	l'appelle	_	_	_	
5-18	237-244	Anethum	_	_	_	
5-19	245-254	tortuosum	_	_	_	
5-20	254-255	.	_	_	_	

#Text=Le haut des racines est entoure de longs filamensen forme de barbe ; ses racines sont longues , & pénétrent assez avant dans la terre, divisées pour l'ordinaire en trois ou quatre branches ; elles sont brunes en dehors & blanches en dedans, d'un goût âcre & piquant, mais d'une odeur pénétrante & aromatique.
6-1	256-258	Le	_	_	_	
6-2	259-263	haut	_	_	_	
6-3	264-267	des	_	_	_	
6-4	268-275	racines	Smell\_Source	Anaphoric	6-36	
6-5	276-279	est	_	_	_	
6-6	280-287	entoure	_	_	_	
6-7	288-290	de	_	_	_	
6-8	291-296	longs	_	_	_	
6-9	297-307	filamensen	_	_	_	
6-10	308-313	forme	_	_	_	
6-11	314-316	de	_	_	_	
6-12	317-322	barbe	_	_	_	
6-13	323-324	;	_	_	_	
6-14	325-328	ses	_	_	_	
6-15	329-336	racines	_	_	_	
6-16	337-341	sont	_	_	_	
6-17	342-349	longues	_	_	_	
6-18	350-351	,	_	_	_	
6-19	352-353	&	_	_	_	
6-20	354-363	pénétrent	_	_	_	
6-21	364-369	assez	_	_	_	
6-22	370-375	avant	_	_	_	
6-23	376-380	dans	_	_	_	
6-24	381-383	la	_	_	_	
6-25	384-389	terre	_	_	_	
6-26	389-390	,	_	_	_	
6-27	391-399	divisées	_	_	_	
6-28	400-404	pour	_	_	_	
6-29	405-416	l'ordinaire	_	_	_	
6-30	417-419	en	_	_	_	
6-31	420-425	trois	_	_	_	
6-32	426-428	ou	_	_	_	
6-33	429-435	quatre	_	_	_	
6-34	436-444	branches	_	_	_	
6-35	445-446	;	_	_	_	
6-36	447-452	elles	Smell\_Source	_	_	
6-37	453-457	sont	_	_	_	
6-38	458-464	brunes	_	_	_	
6-39	465-467	en	_	_	_	
6-40	468-474	dehors	_	_	_	
6-41	475-476	&	_	_	_	
6-42	477-485	blanches	_	_	_	
6-43	486-488	en	_	_	_	
6-44	489-495	dedans	_	_	_	
6-45	495-496	,	_	_	_	
6-46	497-501	d'un	_	_	_	
6-47	502-506	goût	_	_	_	
6-48	507-511	âcre	_	_	_	
6-49	512-513	&	_	_	_	
6-50	514-521	piquant	_	_	_	
6-51	521-522	,	_	_	_	
6-52	523-527	mais	_	_	_	
6-53	528-533	d'une	_	_	_	
6-54	534-539	odeur	Smell\_Word	*|*|*	6-57|6-55|6-36	
6-55	540-550	pénétrante	Quality	_	_	
6-56	551-552	&	_	_	_	
6-57	553-563	aromatique	Quality	_	_	
6-58	563-564	.	_	_	_	

#Text=Elle est fort commune dans les Alpes, où les paysans s'en servent avec succès contre les ardeurs de la fiévre.
7-1	565-569	Elle	_	_	_	
7-2	570-573	est	_	_	_	
7-3	574-578	fort	_	_	_	
7-4	579-586	commune	_	_	_	
7-5	587-591	dans	_	_	_	
7-6	592-595	les	_	_	_	
7-7	596-601	Alpes	_	_	_	
7-8	601-602	,	_	_	_	
7-9	603-605	où	_	_	_	
7-10	606-609	les	_	_	_	
7-11	610-617	paysans	_	_	_	
7-12	618-622	s'en	_	_	_	
7-13	623-630	servent	_	_	_	
7-14	631-635	avec	_	_	_	
7-15	636-642	succès	_	_	_	
7-16	643-649	contre	_	_	_	
7-17	650-653	les	_	_	_	
7-18	654-661	ardeurs	_	_	_	
7-19	662-664	de	_	_	_	
7-20	665-667	la	_	_	_	
7-21	668-674	fiévre	_	_	_	
7-22	674-675	.	_	_	_	

#Text=MYRRHE, gomme résine odorante qui découle d'un grand arbre très-commun en Arabie & en Ethiopie, mais sur-tout dans le pays des Troglodytes, peuple d'Afrique d'où nous vient la meilleure Myrrhe.
8-1	679-685	MYRRHE	Smell\_Source	_	_	
8-2	685-686	,	_	_	_	
8-3	687-692	gomme	_	_	_	
8-4	693-699	résine	_	_	_	
8-5	700-708	odorante	Smell\_Word	*	8-1	
8-6	709-712	qui	_	_	_	
8-7	713-720	découle	_	_	_	
8-8	721-725	d'un	_	_	_	
8-9	726-731	grand	_	_	_	
8-10	732-737	arbre	_	_	_	
8-11	738-749	très-commun	_	_	_	
8-12	750-752	en	_	_	_	
8-13	753-759	Arabie	_	_	_	
8-14	760-761	&	_	_	_	
8-15	762-764	en	_	_	_	
8-16	765-773	Ethiopie	_	_	_	
8-17	773-774	,	_	_	_	
8-18	775-779	mais	_	_	_	
8-19	780-788	sur-tout	_	_	_	
8-20	789-793	dans	_	_	_	
8-21	794-796	le	_	_	_	
8-22	797-801	pays	_	_	_	
8-23	802-805	des	_	_	_	
8-24	806-817	Troglodytes	_	_	_	
8-25	817-818	,	_	_	_	
8-26	819-825	peuple	_	_	_	
8-27	826-835	d'Afrique	_	_	_	
8-28	836-840	d'où	_	_	_	
8-29	841-845	nous	_	_	_	
8-30	846-851	vient	_	_	_	
8-31	852-854	la	_	_	_	
8-32	855-864	meilleure	_	_	_	
8-33	865-871	Myrrhe	_	_	_	
8-34	871-872	.	_	_	_	

#Text=La liquide est préférable à la séche, mais elle est extrêmement rare.
9-1	873-875	La	_	_	_	
9-2	876-883	liquide	_	_	_	
9-3	884-887	est	_	_	_	
9-4	888-898	préférable	_	_	_	
9-5	899-900	à	_	_	_	
9-6	901-903	la	_	_	_	
9-7	904-909	séche	_	_	_	
9-8	909-910	,	_	_	_	
9-9	911-915	mais	_	_	_	
9-10	916-920	elle	_	_	_	
9-11	921-924	est	_	_	_	
9-12	925-936	extrêmement	_	_	_	
9-13	937-941	rare	_	_	_	
9-14	941-942	.	_	_	_	

#Text=La séche plus commune, pour être bonne, doit être verdâtre, tirant sur le rouge, grasse, odorante, nette, transparente ; celle qui est fort pesante & couleur de poix ne vaut rien.
10-1	943-945	La	_	_	_	
10-2	946-951	séche	Circumstances	_	_	
10-3	952-956	plus	_	_	_	
10-4	957-964	commune	_	_	_	
10-5	964-965	,	_	_	_	
10-6	966-970	pour	_	_	_	
10-7	971-975	être	_	_	_	
10-8	976-981	bonne	_	_	_	
10-9	981-982	,	_	_	_	
10-10	983-987	doit	_	_	_	
10-11	988-992	être	_	_	_	
10-12	993-1001	verdâtre	_	_	_	
10-13	1001-1002	,	_	_	_	
10-14	1003-1009	tirant	_	_	_	
10-15	1010-1013	sur	_	_	_	
10-16	1014-1016	le	_	_	_	
10-17	1017-1022	rouge	_	_	_	
10-18	1022-1023	,	_	_	_	
10-19	1024-1030	grasse	_	_	_	
10-20	1030-1031	,	_	_	_	
10-21	1032-1040	odorante	Smell\_Word	*|*	8-1|10-2	
10-22	1040-1041	,	_	_	_	
10-23	1042-1047	nette	_	_	_	
10-24	1047-1048	,	_	_	_	
10-25	1049-1061	transparente	_	_	_	
10-26	1062-1063	;	_	_	_	
10-27	1064-1069	celle	_	_	_	
10-28	1070-1073	qui	_	_	_	
10-29	1074-1077	est	_	_	_	
10-30	1078-1082	fort	_	_	_	
10-31	1083-1090	pesante	_	_	_	
10-32	1091-1092	&	_	_	_	
10-33	1093-1100	couleur	_	_	_	
10-34	1101-1103	de	_	_	_	
10-35	1104-1108	poix	_	_	_	
10-36	1109-1111	ne	_	_	_	
10-37	1112-1116	vaut	_	_	_	
10-38	1117-1121	rien	_	_	_	
10-39	1121-1122	.	_	_	_	
