#FORMAT=WebAnno TSV 3.3
#T_SP=custom.Span|label
#T_RL=custom.Relation|label|BT_custom.Span


#Text=CHAPITRE XXII.
1-1	0-8	CHAPITRE	_	_	_	
1-2	9-13	XXII	_	_	_	
1-3	13-14	.	_	_	_	

#Text=Des odeurs.
2-1	15-18	Des	_	_	_	
2-2	19-25	odeurs	Smell\_Word	_	_	
2-3	25-26	.	_	_	_	

#Text=APRES auoir monstré que les elemens ont des ombres simples, extremes & opposées l'vne à l'autre, il faut aussi voir s'ils ont des odeurs, contre l'opinion des Peripateticièns, qui ne peuuent souffrir qu'aucun element pur & simple puisse auoir aucunes odeurs, non plus que des tueurs , desquelles nous ferons mention au chapitre suivuant.
3-1	28-33	APRES	_	_	_	
3-2	34-39	auoir	_	_	_	
3-3	40-47	monstré	_	_	_	
3-4	48-51	que	_	_	_	
3-5	52-55	les	Smell\_Source[1]	_	_	
3-6	56-63	elemens	Smell\_Source[1]	_	_	
3-7	64-67	ont	_	_	_	
3-8	68-71	des	_	_	_	
3-9	72-78	ombres	_	_	_	
3-10	79-86	simples	_	_	_	
3-11	86-87	,	_	_	_	
3-12	88-96	extremes	_	_	_	
3-13	97-98	&	_	_	_	
3-14	99-107	opposées	_	_	_	
3-15	108-113	l'vne	_	_	_	
3-16	114-115	à	_	_	_	
3-17	116-123	l'autre	_	_	_	
3-18	123-124	,	_	_	_	
3-19	125-127	il	_	_	_	
3-20	128-132	faut	_	_	_	
3-21	133-138	aussi	_	_	_	
3-22	139-143	voir	_	_	_	
3-23	144-149	s'ils	_	_	_	
3-24	150-153	ont	_	_	_	
3-25	154-157	des	_	_	_	
3-26	158-164	odeurs	Smell\_Word	*	3-5[1_0]	
3-27	164-165	,	_	_	_	
3-28	166-172	contre	_	_	_	
3-29	173-182	l'opinion	_	_	_	
3-30	183-186	des	_	_	_	
3-31	187-202	Peripateticièns	Perceiver	_	_	
3-32	202-203	,	_	_	_	
3-33	204-207	qui	_	_	_	
3-34	208-210	ne	_	_	_	
3-35	211-218	peuuent	_	_	_	
3-36	219-227	souffrir	_	_	_	
3-37	228-236	qu'aucun	Smell\_Source[2]	_	_	
3-38	237-244	element	Smell\_Source[2]	_	_	
3-39	245-248	pur	Smell\_Source[2]	_	_	
3-40	249-250	&	Smell\_Source[2]	_	_	
3-41	251-257	simple	Smell\_Source[2]	_	_	
3-42	258-264	puisse	_	_	_	
3-43	265-270	auoir	_	_	_	
3-44	271-278	aucunes	_	_	_	
3-45	279-285	odeurs	Smell\_Word	*|*	3-31|3-37[2_0]	
3-46	285-286	,	_	_	_	
3-47	287-290	non	_	_	_	
3-48	291-295	plus	_	_	_	
3-49	296-299	que	_	_	_	
3-50	300-303	des	_	_	_	
3-51	304-310	tueurs	_	_	_	
3-52	311-312	,	_	_	_	
3-53	313-323	desquelles	_	_	_	
3-54	324-328	nous	_	_	_	
3-55	329-335	ferons	_	_	_	
3-56	336-343	mention	_	_	_	
3-57	344-346	au	_	_	_	
3-58	347-355	chapitre	_	_	_	
3-59	356-364	suivuant	_	_	_	
3-60	364-365	.	_	_	_	

#Text=Les Chymistes vulgaires après leur maistre Paracelse assurent que toutes les odeurs procedent du souffre ou huile : A laquelle opinion nous ne pouuons coûta, fait souscrire, dautant qu'elles ne differeroient que du plus ou du moins , & seroient toutes reduites sous vne mesme espèce, ce qui est manifestement faux: Car il n'y a celuy, quel qu'il foit, s'il n'est entièrement punais ou qu'il n'aye perdu tout à fait le sens de l'odorat, qui n'auouë ingenue' ment qu'il y a plusieurs & diuerses odeurs, lesquelles toutes sois peuuent estre comprises sous deux especes subalternes contraires , qui sont l'agréable & la des-agreable , ou si vous voulez, la douce recreant l'odorat, & l'ingrate ou fascheuse ; sous lesquelles sont contenues vnes multitude de diuerfes eipeces , que personne jusques icy n'a encores osé specifier , tant pour le nombre quasi infiny qui s'y rencontre, que pour autant que toutes celles qui font agréables & recreent l'odorat . produisent leurs effets auec tant de doucour qu'elles rauitlenttellement: la personne , qu'elle ne peut gueres bien dift, in,,uerla,diuersité' d'icelles: loint qu'il
#Text=y a plusieurs 'animaux qui ont l'odorat beaucoup meilleur que l'homme lesquels en recognoissent mieux les differences, quoy qu'auec vne cognoissànce plus sensuelle, comme il appert aux chiens, lesquels par le simple odorat recognoissent aisément le chemin que leurs maistres ont tenu , quoy que plusieurs autres hommes y ayent pasle apres luy ; Et partant il cfti quasi impossible de donner des noms aux diuerses especes des odeurs bonnes & agréables: Autant en peut-on dire des mauuaises y désagréables , qui offensent tellement l'odorat qu'on les fuit d'abord, en telle sorte qu'on les peut encore moins recognoistre pour en faire quelque distinétion autre que de puantes & desagreables , iusques-là qu'elles no sont pas seulement desplaisantes à l'odorat , mais aussi il y en a de telles qu'elles offensent le cerueau , en sorte qu'elles sont capables de tuer l'homme auec plusieurs autres animaux : Et mesme cette diuersité est si grande lamatiere, qu'elles leur causent diuers symptomes & accidens, & aux autres non: Car les vnes se plaisent aux bonnes, les autres aux mauuaises odeurs & non seulement les femmes en font de grandes différences tant des bonnes que desmauuaises j &c en sentent diuers effets, mais aussi plusieurs hommes, comme pour exemple les vnsse plaisent à l'odeur des roses, des pommes & autres, & plusieurs les ont en horreur* aussi bien qu'entre les femmes, sans qu'on puisse exactement recognoistre les diuerses elpeces des odeurs, pour leur donner des noms fortables à leur diuersité ou contrariété.
4-1	366-369	Les	_	_	_	
4-2	370-379	Chymistes	Perceiver[3]	_	_	
4-3	380-389	vulgaires	Perceiver[3]	_	_	
4-4	390-395	après	_	_	_	
4-5	396-400	leur	_	_	_	
4-6	401-408	maistre	_	_	_	
4-7	409-418	Paracelse	_	_	_	
4-8	419-427	assurent	_	_	_	
4-9	428-431	que	_	_	_	
4-10	432-438	toutes	_	_	_	
4-11	439-442	les	_	_	_	
4-12	443-449	odeurs	Smell\_Word	*|*|*	4-2[3_0]|4-15|4-17	
4-13	450-459	procedent	_	_	_	
4-14	460-462	du	_	_	_	
4-15	463-470	souffre	Smell\_Source	_	_	
4-16	471-473	ou	_	_	_	
4-17	474-479	huile	Smell\_Source	_	_	
4-18	480-481	:	_	_	_	
4-19	482-483	A	_	_	_	
4-20	484-492	laquelle	_	_	_	
4-21	493-500	opinion	_	_	_	
4-22	501-505	nous	_	_	_	
4-23	506-508	ne	_	_	_	
4-24	509-516	pouuons	_	_	_	
4-25	517-522	coûta	_	_	_	
4-26	522-523	,	_	_	_	
4-27	524-528	fait	_	_	_	
4-28	529-538	souscrire	_	_	_	
4-29	538-539	,	_	_	_	
4-30	540-547	dautant	_	_	_	
4-31	548-556	qu'elles	_	_	_	
4-32	557-559	ne	_	_	_	
4-33	560-573	differeroient	_	_	_	
4-34	574-577	que	_	_	_	
4-35	578-580	du	_	_	_	
4-36	581-585	plus	_	_	_	
4-37	586-588	ou	_	_	_	
4-38	589-591	du	_	_	_	
4-39	592-597	moins	_	_	_	
4-40	598-599	,	_	_	_	
4-41	600-601	&	_	_	_	
4-42	602-610	seroient	_	_	_	
4-43	611-617	toutes	_	_	_	
4-44	618-626	reduites	_	_	_	
4-45	627-631	sous	_	_	_	
4-46	632-635	vne	_	_	_	
4-47	636-641	mesme	_	_	_	
4-48	642-648	espèce	_	_	_	
4-49	648-649	,	_	_	_	
4-50	650-652	ce	_	_	_	
4-51	653-656	qui	_	_	_	
4-52	657-660	est	_	_	_	
4-53	661-674	manifestement	_	_	_	
4-54	675-679	faux	_	_	_	
4-55	679-680	:	_	_	_	
4-56	681-684	Car	_	_	_	
4-57	685-687	il	_	_	_	
4-58	688-691	n'y	_	_	_	
4-59	692-693	a	_	_	_	
4-60	694-699	celuy	Perceiver	_	_	
4-61	699-700	,	_	_	_	
4-62	701-705	quel	_	_	_	
4-63	706-711	qu'il	_	_	_	
4-64	712-716	foit	_	_	_	
4-65	716-717	,	_	_	_	
4-66	718-722	s'il	_	_	_	
4-67	723-728	n'est	_	_	_	
4-68	729-740	entièrement	_	_	_	
4-69	741-747	punais	_	_	_	
4-70	748-750	ou	_	_	_	
4-71	751-756	qu'il	_	_	_	
4-72	757-762	n'aye	_	_	_	
4-73	763-768	perdu	_	_	_	
4-74	769-773	tout	_	_	_	
4-75	774-775	à	_	_	_	
4-76	776-780	fait	_	_	_	
4-77	781-783	le	_	_	_	
4-78	784-788	sens	_	_	_	
4-79	789-791	de	_	_	_	
4-80	792-800	l'odorat	Smell\_Word	_	_	
4-81	800-801	,	_	_	_	
4-82	802-805	qui	_	_	_	
4-83	806-813	n'auouë	_	_	_	
4-84	814-821	ingenue	_	_	_	
4-85	821-822	'	_	_	_	
4-86	823-827	ment	_	_	_	
4-87	828-833	qu'il	_	_	_	
4-88	834-835	y	_	_	_	
4-89	836-837	a	_	_	_	
4-90	838-847	plusieurs	Quality	_	_	
4-91	848-849	&	_	_	_	
4-92	850-858	diuerses	Quality	_	_	
4-93	859-865	odeurs	Smell\_Word	*|*|*|*|*|*|*|*	4-60|4-92|4-90|4-109|4-112|4-120|4-125|4-127	
4-94	865-866	,	_	_	_	
4-95	867-877	lesquelles	_	_	_	
4-96	878-884	toutes	_	_	_	
4-97	885-889	sois	_	_	_	
4-98	890-897	peuuent	_	_	_	
4-99	898-903	estre	_	_	_	
4-100	904-913	comprises	_	_	_	
4-101	914-918	sous	_	_	_	
4-102	919-923	deux	_	_	_	
4-103	924-931	especes	_	_	_	
4-104	932-943	subalternes	_	_	_	
4-105	944-954	contraires	_	_	_	
4-106	955-956	,	_	_	_	
4-107	957-960	qui	_	_	_	
4-108	961-965	sont	_	_	_	
4-109	966-976	l'agréable	Quality	_	_	
4-110	977-978	&	_	_	_	
4-111	979-981	la	_	_	_	
4-112	982-994	des-agreable	Quality	_	_	
4-113	995-996	,	_	_	_	
4-114	997-999	ou	_	_	_	
4-115	1000-1002	si	_	_	_	
4-116	1003-1007	vous	_	_	_	
4-117	1008-1014	voulez	_	_	_	
4-118	1014-1015	,	_	_	_	
4-119	1016-1018	la	_	_	_	
4-120	1019-1024	douce	Quality	_	_	
4-121	1025-1033	recreant	_	_	_	
4-122	1034-1042	l'odorat	Smell\_Word	_	_	
4-123	1042-1043	,	_	_	_	
4-124	1044-1045	&	_	_	_	
4-125	1046-1055	l'ingrate	Quality	_	_	
4-126	1056-1058	ou	_	_	_	
4-127	1059-1068	fascheuse	Quality	_	_	
4-128	1069-1070	;	_	_	_	
4-129	1071-1075	sous	_	_	_	
4-130	1076-1086	lesquelles	_	_	_	
4-131	1087-1091	sont	_	_	_	
4-132	1092-1101	contenues	_	_	_	
4-133	1102-1106	vnes	_	_	_	
4-134	1107-1116	multitude	_	_	_	
4-135	1117-1119	de	_	_	_	
4-136	1120-1128	diuerfes	_	_	_	
4-137	1129-1136	eipeces	_	_	_	
4-138	1137-1138	,	_	_	_	
4-139	1139-1142	que	_	_	_	
4-140	1143-1151	personne	_	_	_	
4-141	1152-1159	jusques	_	_	_	
4-142	1160-1163	icy	_	_	_	
4-143	1164-1167	n'a	_	_	_	
4-144	1168-1175	encores	_	_	_	
4-145	1176-1179	osé	_	_	_	
4-146	1180-1189	specifier	_	_	_	
4-147	1190-1191	,	_	_	_	
4-148	1192-1196	tant	_	_	_	
4-149	1197-1201	pour	_	_	_	
4-150	1202-1204	le	_	_	_	
4-151	1205-1211	nombre	_	_	_	
4-152	1212-1217	quasi	_	_	_	
4-153	1218-1224	infiny	_	_	_	
4-154	1225-1228	qui	_	_	_	
4-155	1229-1232	s'y	_	_	_	
4-156	1233-1242	rencontre	_	_	_	
4-157	1242-1243	,	_	_	_	
4-158	1244-1247	que	_	_	_	
4-159	1248-1252	pour	_	_	_	
4-160	1253-1259	autant	_	_	_	
4-161	1260-1263	que	_	_	_	
4-162	1264-1270	toutes	_	_	_	
4-163	1271-1277	celles	_	_	_	
4-164	1278-1281	qui	_	_	_	
4-165	1282-1286	font	_	_	_	
4-166	1287-1296	agréables	_	_	_	
4-167	1297-1298	&	_	_	_	
4-168	1299-1307	recreent	_	_	_	
4-169	1308-1316	l'odorat	Smell\_Word	_	_	
4-170	1317-1318	.	_	_	_	
4-171	1319-1329	produisent	_	_	_	
4-172	1330-1335	leurs	_	_	_	
4-173	1336-1342	effets	_	_	_	
4-174	1343-1347	auec	_	_	_	
4-175	1348-1352	tant	_	_	_	
4-176	1353-1355	de	_	_	_	
4-177	1356-1363	doucour	_	_	_	
4-178	1364-1372	qu'elles	_	_	_	
4-179	1373-1391	rauitlenttellement	_	_	_	
4-180	1391-1392	:	_	_	_	
4-181	1393-1395	la	_	_	_	
4-182	1396-1404	personne	_	_	_	
4-183	1405-1406	,	_	_	_	
4-184	1407-1414	qu'elle	_	_	_	
4-185	1415-1417	ne	_	_	_	
4-186	1418-1422	peut	_	_	_	
4-187	1423-1429	gueres	_	_	_	
4-188	1430-1434	bien	_	_	_	
4-189	1435-1439	dift	_	_	_	
4-190	1439-1440	,	_	_	_	
4-191	1441-1443	in	_	_	_	
4-192	1443-1444	,	_	_	_	
4-193	1444-1445	,	_	_	_	
4-194	1445-1450	uerla	_	_	_	
4-195	1450-1451	,	_	_	_	
4-196	1451-1460	diuersité	_	_	_	
4-197	1460-1461	'	_	_	_	
4-198	1462-1471	d'icelles	_	_	_	
4-199	1471-1472	:	_	_	_	
4-200	1473-1478	loint	_	_	_	
4-201	1479-1484	qu'il	_	_	_	
4-202	1485-1486	y	_	_	_	
4-203	1487-1488	a	_	_	_	
4-204	1489-1498	plusieurs	_	_	_	
4-205	1499-1500	'	_	_	_	
4-206	1500-1507	animaux	Perceiver	_	_	
4-207	1508-1511	qui	_	_	_	
4-208	1512-1515	ont	_	_	_	
4-209	1516-1524	l'odorat	Smell\_Word	*|*	4-206|4-216[4_0]	
4-210	1525-1533	beaucoup	_	_	_	
4-211	1534-1542	meilleur	_	_	_	
4-212	1543-1546	que	_	_	_	
4-213	1547-1554	l'homme	_	_	_	
4-214	1555-1563	lesquels	_	_	_	
4-215	1564-1566	en	_	_	_	
4-216	1567-1580	recognoissent	Effect[4]	_	_	
4-217	1581-1586	mieux	Effect[4]	_	_	
4-218	1587-1590	les	Effect[4]	_	_	
4-219	1591-1602	differences	Effect[4]	_	_	
4-220	1602-1603	,	_	_	_	
4-221	1604-1608	quoy	_	_	_	
4-222	1609-1616	qu'auec	_	_	_	
4-223	1617-1620	vne	_	_	_	
4-224	1621-1633	cognoissànce	_	_	_	
4-225	1634-1638	plus	_	_	_	
4-226	1639-1648	sensuelle	_	_	_	
4-227	1648-1649	,	_	_	_	
4-228	1650-1655	comme	_	_	_	
4-229	1656-1658	il	_	_	_	
4-230	1659-1665	appert	_	_	_	
4-231	1666-1669	aux	_	_	_	
4-232	1670-1676	chiens	Perceiver	_	_	
4-233	1676-1677	,	_	_	_	
4-234	1678-1686	lesquels	_	_	_	
4-235	1687-1690	par	_	_	_	
4-236	1691-1693	le	_	_	_	
4-237	1694-1700	simple	_	_	_	
4-238	1701-1707	odorat	Smell\_Word	*|*	4-242|4-232	
4-239	1708-1721	recognoissent	_	_	_	
4-240	1722-1730	aisément	_	_	_	
4-241	1731-1733	le	_	_	_	
4-242	1734-1740	chemin	Smell\_Source	_	_	
4-243	1741-1744	que	_	_	_	
4-244	1745-1750	leurs	_	_	_	
4-245	1751-1759	maistres	_	_	_	
4-246	1760-1763	ont	_	_	_	
4-247	1764-1768	tenu	_	_	_	
4-248	1769-1770	,	_	_	_	
4-249	1771-1775	quoy	_	_	_	
4-250	1776-1779	que	_	_	_	
4-251	1780-1789	plusieurs	_	_	_	
4-252	1790-1796	autres	_	_	_	
4-253	1797-1803	hommes	_	_	_	
4-254	1804-1805	y	_	_	_	
4-255	1806-1811	ayent	_	_	_	
4-256	1812-1817	pasle	_	_	_	
4-257	1818-1823	apres	_	_	_	
4-258	1824-1827	luy	_	_	_	
4-259	1828-1829	;	_	_	_	
4-260	1830-1832	Et	_	_	_	
4-261	1833-1840	partant	_	_	_	
4-262	1841-1843	il	_	_	_	
4-263	1844-1848	cfti	_	_	_	
4-264	1849-1854	quasi	_	_	_	
4-265	1855-1865	impossible	_	_	_	
4-266	1866-1868	de	_	_	_	
4-267	1869-1875	donner	_	_	_	
4-268	1876-1879	des	_	_	_	
4-269	1880-1884	noms	_	_	_	
4-270	1885-1888	aux	_	_	_	
4-271	1889-1897	diuerses	_	_	_	
4-272	1898-1905	especes	_	_	_	
4-273	1906-1909	des	_	_	_	
4-274	1910-1916	odeurs	Smell\_Word	*|*|Anaphoric	4-277|4-275|4-283	
4-275	1917-1923	bonnes	Quality	_	_	
4-276	1924-1925	&	_	_	_	
4-277	1926-1935	agréables	Quality	_	_	
4-278	1935-1936	:	_	_	_	
4-279	1937-1943	Autant	_	_	_	
4-280	1944-1946	en	_	_	_	
4-281	1947-1954	peut-on	_	_	_	
4-282	1955-1959	dire	_	_	_	
4-283	1960-1963	des	Smell\_Word	*|*|*|*|*|*	4-286|4-284|4-293[5_0]|4-316|4-314|4-319	
4-284	1964-1973	mauuaises	Quality	_	_	
4-285	1974-1975	y	_	_	_	
4-286	1976-1988	désagréables	Quality	_	_	
4-287	1989-1990	,	_	_	_	
4-288	1991-1994	qui	_	_	_	
4-289	1995-2004	offensent	_	_	_	
4-290	2005-2014	tellement	_	_	_	
4-291	2015-2023	l'odorat	Smell\_Word	_	_	
4-292	2024-2029	qu'on	_	_	_	
4-293	2030-2033	les	Effect[5]	_	_	
4-294	2034-2038	fuit	Effect[5]	_	_	
4-295	2039-2046	d'abord	Effect[5]	_	_	
4-296	2046-2047	,	_	_	_	
4-297	2048-2050	en	_	_	_	
4-298	2051-2056	telle	_	_	_	
4-299	2057-2062	sorte	_	_	_	
4-300	2063-2068	qu'on	_	_	_	
4-301	2069-2072	les	_	_	_	
4-302	2073-2077	peut	_	_	_	
4-303	2078-2084	encore	_	_	_	
4-304	2085-2090	moins	_	_	_	
4-305	2091-2103	recognoistre	_	_	_	
4-306	2104-2108	pour	_	_	_	
4-307	2109-2111	en	_	_	_	
4-308	2112-2117	faire	_	_	_	
4-309	2118-2125	quelque	_	_	_	
4-310	2126-2137	distinétion	_	_	_	
4-311	2138-2143	autre	_	_	_	
4-312	2144-2147	que	_	_	_	
4-313	2148-2150	de	_	_	_	
4-314	2151-2158	puantes	Quality	_	_	
4-315	2159-2160	&	_	_	_	
4-316	2161-2173	desagreables	Quality	_	_	
4-317	2174-2175	,	_	_	_	
4-318	2176-2186	iusques-là	_	_	_	
4-319	2187-2195	qu'elles	Smell\_Word	*|*|*	4-324|4-347[7_0]|4-337[6_0]	
4-320	2196-2198	no	_	_	_	
4-321	2199-2203	sont	_	_	_	
4-322	2204-2207	pas	_	_	_	
4-323	2208-2217	seulement	_	_	_	
4-324	2218-2231	desplaisantes	Quality	_	_	
4-325	2232-2233	à	_	_	_	
4-326	2234-2242	l'odorat	Smell\_Word	_	_	
4-327	2243-2244	,	_	_	_	
4-328	2245-2249	mais	_	_	_	
4-329	2250-2255	aussi	_	_	_	
4-330	2256-2258	il	_	_	_	
4-331	2259-2260	y	_	_	_	
4-332	2261-2263	en	_	_	_	
4-333	2264-2265	a	_	_	_	
4-334	2266-2268	de	_	_	_	
4-335	2269-2275	telles	_	_	_	
4-336	2276-2284	qu'elles	_	_	_	
4-337	2285-2294	offensent	Effect[6]	_	_	
4-338	2295-2297	le	Effect[6]	_	_	
4-339	2298-2305	cerueau	Effect[6]	_	_	
4-340	2306-2307	,	_	_	_	
4-341	2308-2310	en	_	_	_	
4-342	2311-2316	sorte	_	_	_	
4-343	2317-2325	qu'elles	_	_	_	
4-344	2326-2330	sont	_	_	_	
4-345	2331-2339	capables	_	_	_	
4-346	2340-2342	de	_	_	_	
4-347	2343-2347	tuer	Effect[7]	_	_	
4-348	2348-2355	l'homme	Effect[7]	_	_	
4-349	2356-2360	auec	Effect[7]	_	_	
4-350	2361-2370	plusieurs	Effect[7]	_	_	
4-351	2371-2377	autres	Effect[7]	_	_	
4-352	2378-2385	animaux	Effect[7]	_	_	
4-353	2386-2387	:	_	_	_	
4-354	2388-2390	Et	_	_	_	
4-355	2391-2396	mesme	_	_	_	
4-356	2397-2402	cette	_	_	_	
4-357	2403-2412	diuersité	_	_	_	
4-358	2413-2416	est	_	_	_	
4-359	2417-2419	si	_	_	_	
4-360	2420-2426	grande	_	_	_	
4-361	2427-2436	lamatiere	_	_	_	
4-362	2436-2437	,	_	_	_	
4-363	2438-2446	qu'elles	_	_	_	
4-364	2447-2451	leur	_	_	_	
4-365	2452-2459	causent	_	_	_	
4-366	2460-2466	diuers	_	_	_	
4-367	2467-2476	symptomes	_	_	_	
4-368	2477-2478	&	_	_	_	
4-369	2479-2487	accidens	_	_	_	
4-370	2487-2488	,	_	_	_	
4-371	2489-2490	&	_	_	_	
4-372	2491-2494	aux	_	_	_	
4-373	2495-2501	autres	_	_	_	
4-374	2502-2505	non	_	_	_	
4-375	2505-2506	:	_	_	_	
4-376	2507-2510	Car	_	_	_	
4-377	2511-2514	les	_	_	_	
4-378	2515-2519	vnes	_	_	_	
4-379	2520-2522	se	_	_	_	
4-380	2523-2531	plaisent	_	_	_	
4-381	2532-2535	aux	_	_	_	
4-382	2536-2542	bonnes	_	_	_	
4-383	2542-2543	,	_	_	_	
4-384	2544-2547	les	_	_	_	
4-385	2548-2554	autres	_	_	_	
4-386	2555-2558	aux	_	_	_	
4-387	2559-2568	mauuaises	Quality	_	_	
4-388	2569-2575	odeurs	Smell\_Word	*	4-387	
4-389	2576-2577	&	_	_	_	
4-390	2578-2581	non	_	_	_	
4-391	2582-2591	seulement	_	_	_	
4-392	2592-2595	les	Perceiver[8]	_	_	
4-393	2596-2602	femmes	Perceiver[8]	_	_	
4-394	2603-2605	en	_	_	_	
4-395	2606-2610	font	_	_	_	
4-396	2611-2613	de	_	_	_	
4-397	2614-2621	grandes	_	_	_	
4-398	2622-2633	différences	_	_	_	
4-399	2634-2638	tant	_	_	_	
4-400	2639-2642	des	_	_	_	
4-401	2643-2649	bonnes	_	_	_	
4-402	2650-2653	que	_	_	_	
4-403	2654-2666	desmauuaises	_	_	_	
4-404	2667-2668	j	_	_	_	
4-405	2669-2670	&	_	_	_	
4-406	2670-2671	c	_	_	_	
4-407	2672-2674	en	_	_	_	
4-408	2675-2682	sentent	_	_	_	
4-409	2683-2689	diuers	_	_	_	
4-410	2690-2696	effets	_	_	_	
4-411	2696-2697	,	_	_	_	
4-412	2698-2702	mais	_	_	_	
4-413	2703-2708	aussi	_	_	_	
4-414	2709-2718	plusieurs	Perceiver[9]	_	_	
4-415	2719-2725	hommes	Perceiver[9]	_	_	
4-416	2725-2726	,	_	_	_	
4-417	2727-2732	comme	_	_	_	
4-418	2733-2737	pour	_	_	_	
4-419	2738-2745	exemple	_	_	_	
4-420	2746-2749	les	_	_	_	
4-421	2750-2755	vnsse	_	_	_	
4-422	2756-2764	plaisent	_	_	_	
4-423	2765-2766	à	_	_	_	
4-424	2767-2774	l'odeur	Smell\_Word	*|*|*|*	4-426|4-429|4-414[9_0]|4-392[8_0]	
4-425	2775-2778	des	_	_	_	
4-426	2779-2784	roses	Smell\_Source	_	_	
4-427	2784-2785	,	_	_	_	
4-428	2786-2789	des	_	_	_	
4-429	2790-2796	pommes	Smell\_Source	_	_	
4-430	2797-2798	&	_	_	_	
4-431	2799-2805	autres	_	_	_	
4-432	2805-2806	,	_	_	_	
4-433	2807-2808	&	_	_	_	
4-434	2809-2818	plusieurs	_	_	_	
4-435	2819-2822	les	_	_	_	
4-436	2823-2826	ont	_	_	_	
4-437	2827-2829	en	_	_	_	
4-438	2830-2837	horreur	_	_	_	
4-439	2837-2838	*	_	_	_	
4-440	2839-2844	aussi	_	_	_	
4-441	2845-2849	bien	_	_	_	
4-442	2850-2858	qu'entre	_	_	_	
4-443	2859-2862	les	_	_	_	
4-444	2863-2869	femmes	_	_	_	
4-445	2869-2870	,	_	_	_	
4-446	2871-2875	sans	_	_	_	
4-447	2876-2881	qu'on	_	_	_	
4-448	2882-2888	puisse	_	_	_	
4-449	2889-2899	exactement	_	_	_	
4-450	2900-2912	recognoistre	_	_	_	
4-451	2913-2916	les	_	_	_	
4-452	2917-2925	diuerses	_	_	_	
4-453	2926-2933	elpeces	_	_	_	
4-454	2934-2937	des	_	_	_	
4-455	2938-2944	odeurs	_	_	_	
4-456	2944-2945	,	_	_	_	
4-457	2946-2950	pour	_	_	_	
4-458	2951-2955	leur	_	_	_	
4-459	2956-2962	donner	_	_	_	
4-460	2963-2966	des	_	_	_	
4-461	2967-2971	noms	_	_	_	
4-462	2972-2981	fortables	_	_	_	
4-463	2982-2983	à	_	_	_	
4-464	2984-2988	leur	_	_	_	
4-465	2989-2998	diuersité	_	_	_	
4-466	2999-3001	ou	_	_	_	
4-467	3002-3013	contrariété	_	_	_	
4-468	3013-3014	.	_	_	_	

#Text=Cela estant ainsi, il faut croire que cette grande diuerfité & contrariété d'odeurs , ne peut prendre son origine d'vn principe pur & fimple : Autrement, comme nous auons dit cy-deslus , il ne differeroit que du plus de du moins , et ne s'y rencontreroit iamais d'autre diuerfité, moins encore de concrarieté*
#Text=Mais auant que d'en traitter, il faut premièrement sçauoir que c'est qu'odeur simple , & qui ne depend du meslange de plusieurs elemens.
5-1	3015-3019	Cela	_	_	_	
5-2	3020-3026	estant	_	_	_	
5-3	3027-3032	ainsi	_	_	_	
5-4	3032-3033	,	_	_	_	
5-5	3034-3036	il	_	_	_	
5-6	3037-3041	faut	_	_	_	
5-7	3042-3048	croire	_	_	_	
5-8	3049-3052	que	_	_	_	
5-9	3053-3058	cette	_	_	_	
5-10	3059-3065	grande	_	_	_	
5-11	3066-3075	diuerfité	_	_	_	
5-12	3076-3077	&	_	_	_	
5-13	3078-3089	contrariété	_	_	_	
5-14	3090-3098	d'odeurs	Smell\_Word	_	_	
5-15	3099-3100	,	_	_	_	
5-16	3101-3103	ne	_	_	_	
5-17	3104-3108	peut	_	_	_	
5-18	3109-3116	prendre	_	_	_	
5-19	3117-3120	son	_	_	_	
5-20	3121-3128	origine	_	_	_	
5-21	3129-3133	d'vn	_	_	_	
5-22	3134-3142	principe	_	_	_	
5-23	3143-3146	pur	_	_	_	
5-24	3147-3148	&	_	_	_	
5-25	3149-3155	fimple	_	_	_	
5-26	3156-3157	:	_	_	_	
5-27	3158-3167	Autrement	_	_	_	
5-28	3167-3168	,	_	_	_	
5-29	3169-3174	comme	_	_	_	
5-30	3175-3179	nous	_	_	_	
5-31	3180-3185	auons	_	_	_	
5-32	3186-3189	dit	_	_	_	
5-33	3190-3199	cy-deslus	_	_	_	
5-34	3200-3201	,	_	_	_	
5-35	3202-3204	il	_	_	_	
5-36	3205-3207	ne	_	_	_	
5-37	3208-3219	differeroit	_	_	_	
5-38	3220-3223	que	_	_	_	
5-39	3224-3226	du	_	_	_	
5-40	3227-3231	plus	_	_	_	
5-41	3232-3234	de	_	_	_	
5-42	3235-3237	du	_	_	_	
5-43	3238-3243	moins	_	_	_	
5-44	3244-3245	,	_	_	_	
5-45	3246-3248	et	_	_	_	
5-46	3249-3251	ne	_	_	_	
5-47	3252-3255	s'y	_	_	_	
5-48	3256-3269	rencontreroit	_	_	_	
5-49	3270-3276	iamais	_	_	_	
5-50	3277-3284	d'autre	_	_	_	
5-51	3285-3294	diuerfité	_	_	_	
5-52	3294-3295	,	_	_	_	
5-53	3296-3301	moins	_	_	_	
5-54	3302-3308	encore	_	_	_	
5-55	3309-3311	de	_	_	_	
5-56	3312-3323	concrarieté	_	_	_	
5-57	3323-3324	*	_	_	_	
5-58	3325-3329	Mais	_	_	_	
5-59	3330-3335	auant	_	_	_	
5-60	3336-3339	que	_	_	_	
5-61	3340-3344	d'en	_	_	_	
5-62	3345-3353	traitter	_	_	_	
5-63	3353-3354	,	_	_	_	
5-64	3355-3357	il	_	_	_	
5-65	3358-3362	faut	_	_	_	
5-66	3363-3375	premièrement	_	_	_	
5-67	3376-3383	sçauoir	_	_	_	
5-68	3384-3387	que	_	_	_	
5-69	3388-3393	c'est	_	_	_	
5-70	3394-3402	qu'odeur	Smell\_Word	*	5-71	
5-71	3403-3409	simple	Quality	_	_	
5-72	3410-3411	,	_	_	_	
5-73	3412-3413	&	_	_	_	
5-74	3414-3417	qui	_	_	_	
5-75	3418-3420	ne	_	_	_	
5-76	3421-3427	depend	_	_	_	
5-77	3428-3430	du	_	_	_	
5-78	3431-3439	meslange	_	_	_	
5-79	3440-3442	de	_	_	_	
5-80	3443-3452	plusieurs	_	_	_	
5-81	3453-3460	elemens	_	_	_	
5-82	3460-3461	.	_	_	_	

#Text=Nous disons que c'est vne qualité olfactile agréable ou désagréable qui procède d'vn élément , suiuant la nature de son espece : Car pour les odeurs composées, nous en parlerons en chaque traitté des especes subalternes des mineraux.
6-1	3462-3466	Nous	Perceiver	_	_	
6-2	3467-3473	disons	_	_	_	
6-3	3474-3477	que	_	_	_	
6-4	3478-3483	c'est	_	_	_	
6-5	3484-3487	vne	_	_	_	
6-6	3488-3495	qualité	_	_	_	
6-7	3496-3505	olfactile	Smell\_Word	*|*|*|*	6-8|6-10|6-1|6-14	
6-8	3506-3514	agréable	Quality	_	_	
6-9	3515-3517	ou	_	_	_	
6-10	3518-3529	désagréable	Quality	_	_	
6-11	3530-3533	qui	_	_	_	
6-12	3534-3541	procède	_	_	_	
6-13	3542-3546	d'vn	_	_	_	
6-14	3547-3554	élément	Smell\_Source	_	_	
6-15	3555-3556	,	_	_	_	
6-16	3557-3564	suiuant	_	_	_	
6-17	3565-3567	la	_	_	_	
6-18	3568-3574	nature	_	_	_	
6-19	3575-3577	de	_	_	_	
6-20	3578-3581	son	_	_	_	
6-21	3582-3588	espece	_	_	_	
6-22	3589-3590	:	_	_	_	
6-23	3591-3594	Car	_	_	_	
6-24	3595-3599	pour	_	_	_	
6-25	3600-3603	les	_	_	_	
6-26	3604-3610	odeurs	Smell\_Word	*|*	6-27|6-29	
6-27	3611-3620	composées	Quality	_	_	
6-28	3620-3621	,	_	_	_	
6-29	3622-3626	nous	Perceiver	_	_	
6-30	3627-3629	en	_	_	_	
6-31	3630-3639	parlerons	_	_	_	
6-32	3640-3642	en	_	_	_	
6-33	3643-3649	chaque	_	_	_	
6-34	3650-3657	traitté	_	_	_	
6-35	3658-3661	des	_	_	_	
6-36	3662-3669	especes	_	_	_	
6-37	3670-3681	subalternes	_	_	_	
6-38	3682-3685	des	_	_	_	
6-39	3686-3694	mineraux	_	_	_	
6-40	3694-3695	.	_	_	_	

#Text=Quelques Alchymistes nous respondront qu'il y a des souffres ou huiles agreables, & des huiles desplaifantes ou des-agreables.
7-1	3696-3704	Quelques	_	_	_	
7-2	3705-3716	Alchymistes	_	_	_	
7-3	3717-3721	nous	_	_	_	
7-4	3722-3733	respondront	_	_	_	
7-5	3734-3739	qu'il	_	_	_	
7-6	3740-3741	y	_	_	_	
7-7	3742-3743	a	_	_	_	
7-8	3744-3747	des	_	_	_	
7-9	3748-3756	souffres	_	_	_	
7-10	3757-3759	ou	_	_	_	
7-11	3760-3766	huiles	_	_	_	
7-12	3767-3776	agreables	_	_	_	
7-13	3776-3777	,	_	_	_	
7-14	3778-3779	&	_	_	_	
7-15	3780-3783	des	_	_	_	
7-16	3784-3790	huiles	_	_	_	
7-17	3791-3804	desplaifantes	_	_	_	
7-18	3805-3807	ou	_	_	_	
7-19	3808-3821	des-agreables	_	_	_	
7-20	3821-3822	.	_	_	_	

#Text=Les autres nous diront que l'odeur agreable des souffres ou huiles, prouient des huiles etherées, & la des-agreable des souffres crasses, espois & terrestres.
8-1	3823-3826	Les	_	_	_	
8-2	3827-3833	autres	Perceiver	_	_	
8-3	3834-3838	nous	_	_	_	
8-4	3839-3845	diront	_	_	_	
8-5	3846-3849	que	_	_	_	
8-6	3850-3857	l'odeur	Smell\_Word	*|*|*|Anaphoric	8-2|8-7|8-15[10_0]|8-19	
8-7	3858-3866	agreable	Quality	_	_	
8-8	3867-3870	des	_	_	_	
8-9	3871-3879	souffres	_	_	_	
8-10	3880-3882	ou	_	_	_	
8-11	3883-3889	huiles	_	_	_	
8-12	3889-3890	,	_	_	_	
8-13	3891-3899	prouient	_	_	_	
8-14	3900-3903	des	_	_	_	
8-15	3904-3910	huiles	Smell\_Source[10]	_	_	
8-16	3911-3919	etherées	Smell\_Source[10]	_	_	
8-17	3919-3920	,	_	_	_	
8-18	3921-3922	&	_	_	_	
8-19	3923-3925	la	Smell\_Word	*|*|*	8-2|8-22[11_0]|8-20	
8-20	3926-3938	des-agreable	Quality	_	_	
8-21	3939-3942	des	_	_	_	
8-22	3943-3951	souffres	Smell\_Source[11]	_	_	
8-23	3952-3959	crasses	Smell\_Source[11]	_	_	
8-24	3959-3960	,	_	_	_	
8-25	3961-3967	espois	_	_	_	
8-26	3968-3969	&	_	_	_	
8-27	3970-3980	terrestres	_	_	_	
8-28	3980-3981	.	_	_	_	

#Text=Aux premiers nous pouuons obiefter qu'ils ne disent rien de nouueau, mais que ces huile s onfouffrts agreablesfont simples ou composez.
9-1	3982-3985	Aux	_	_	_	
9-2	3986-3994	premiers	_	_	_	
9-3	3995-3999	nous	_	_	_	
9-4	4000-4007	pouuons	_	_	_	
9-5	4008-4016	obiefter	_	_	_	
9-6	4017-4023	qu'ils	_	_	_	
9-7	4024-4026	ne	_	_	_	
9-8	4027-4033	disent	_	_	_	
9-9	4034-4038	rien	_	_	_	
9-10	4039-4041	de	_	_	_	
9-11	4042-4049	nouueau	_	_	_	
9-12	4049-4050	,	_	_	_	
9-13	4051-4055	mais	_	_	_	
9-14	4056-4059	que	_	_	_	
9-15	4060-4063	ces	_	_	_	
9-16	4064-4069	huile	_	_	_	
9-17	4070-4071	s	_	_	_	
9-18	4072-4082	onfouffrts	_	_	_	
9-19	4083-4096	agreablesfont	_	_	_	
9-20	4097-4104	simples	_	_	_	
9-21	4105-4107	ou	_	_	_	
9-22	4108-4116	composez	_	_	_	
9-23	4116-4117	.	_	_	_	

#Text=Si impies, toutes les odeurs agreables doiuent estré de mesme nature: Et partant il n'y aura qu'vne simple odeur qui soit agreable.
10-1	4118-4120	Si	_	_	_	
10-2	4121-4127	impies	_	_	_	
10-3	4127-4128	,	_	_	_	
10-4	4129-4135	toutes	_	_	_	
10-5	4136-4139	les	_	_	_	
10-6	4140-4146	odeurs	Smell\_Word	*	10-7	
10-7	4147-4156	agreables	Quality	_	_	
10-8	4157-4164	doiuent	_	_	_	
10-9	4165-4170	estré	_	_	_	
10-10	4171-4173	de	_	_	_	
10-11	4174-4179	mesme	_	_	_	
10-12	4180-4186	nature	_	_	_	
10-13	4186-4187	:	_	_	_	
10-14	4188-4190	Et	_	_	_	
10-15	4191-4198	partant	_	_	_	
10-16	4199-4201	il	_	_	_	
10-17	4202-4205	n'y	_	_	_	
10-18	4206-4210	aura	_	_	_	
10-19	4211-4217	qu'vne	_	_	_	
10-20	4218-4224	simple	Quality	_	_	
10-21	4225-4230	odeur	Smell\_Word	*|*	10-20|10-24	
10-22	4231-4234	qui	_	_	_	
10-23	4235-4239	soit	_	_	_	
10-24	4240-4248	agreable	Quality	_	_	
10-25	4248-4249	.	_	_	_	

#Text=Si composées, elles auront cette composition du diuers meslànge qu'elles auront concracté de deux ou de plusieurs principes & elemens: Et icy nous cherchons la racine des odeurs contenues aux elemens purs & simples.
11-1	4250-4252	Si	_	_	_	
11-2	4253-4262	composées	_	_	_	
11-3	4262-4263	,	_	_	_	
11-4	4264-4269	elles	_	_	_	
11-5	4270-4276	auront	_	_	_	
11-6	4277-4282	cette	_	_	_	
11-7	4283-4294	composition	_	_	_	
11-8	4295-4297	du	_	_	_	
11-9	4298-4304	diuers	_	_	_	
11-10	4305-4313	meslànge	_	_	_	
11-11	4314-4322	qu'elles	_	_	_	
11-12	4323-4329	auront	_	_	_	
11-13	4330-4339	concracté	_	_	_	
11-14	4340-4342	de	_	_	_	
11-15	4343-4347	deux	_	_	_	
11-16	4348-4350	ou	_	_	_	
11-17	4351-4353	de	_	_	_	
11-18	4354-4363	plusieurs	_	_	_	
11-19	4364-4373	principes	_	_	_	
11-20	4374-4375	&	_	_	_	
11-21	4376-4383	elemens	_	_	_	
11-22	4383-4384	:	_	_	_	
11-23	4385-4387	Et	_	_	_	
11-24	4388-4391	icy	_	_	_	
11-25	4392-4396	nous	_	_	_	
11-26	4397-4406	cherchons	_	_	_	
11-27	4407-4409	la	_	_	_	
11-28	4410-4416	racine	_	_	_	
11-29	4417-4420	des	_	_	_	
11-30	4421-4427	odeurs	Smell\_Word	*	11-33[12_0]	
11-31	4428-4437	contenues	_	_	_	
11-32	4438-4441	aux	_	_	_	
11-33	4442-4449	elemens	Smell\_Source[12]	_	_	
11-34	4450-4454	purs	Smell\_Source[12]	_	_	
11-35	4455-4456	&	Smell\_Source[12]	_	_	
11-36	4457-4464	simples	Smell\_Source[12]	_	_	
11-37	4464-4465	.	_	_	_	

#Text=Aux seconds nous disons que cette odeur agreable qu'ils constituent aux huiles etherées procédé'donc 'd'vn seul élément, comme il est * rrcs..veritable , et que l'odeur ingrate prouient de quelque autre principe, qui peut bien auoit plus de corps, & partant plus de craffitie ou espaisseur, mais non pas de terrestreité qui donneroit plustost de la rarité, veu que lacraffitie ne depend pas de la terre, ains du sel ou de l'esprit acide, crassè & espais : 1 oint que si le principe des odeurs mauuaises auoit de la. térrestreïté,il faudroit de necessité,ouquêlaterre fust le principe pur & simple des odeurs def-agreables, ou bien qu'il y eust quelque autre principe meslé auec elle.
12-1	4466-4469	Aux	_	_	_	
12-2	4470-4477	seconds	_	_	_	
12-3	4478-4482	nous	_	_	_	
12-4	4483-4489	disons	_	_	_	
12-5	4490-4493	que	_	_	_	
12-6	4494-4499	cette	_	_	_	
12-7	4500-4505	odeur	Smell\_Word	*	12-8	
12-8	4506-4514	agreable	Quality	_	_	
12-9	4515-4521	qu'ils	_	_	_	
12-10	4522-4533	constituent	_	_	_	
12-11	4534-4537	aux	_	_	_	
12-12	4538-4544	huiles	_	_	_	
12-13	4545-4553	etherées	_	_	_	
12-14	4554-4566	procédé'donc	_	_	_	
12-15	4567-4568	'	_	_	_	
12-16	4568-4572	d'vn	_	_	_	
12-17	4573-4577	seul	_	_	_	
12-18	4578-4585	élément	_	_	_	
12-19	4585-4586	,	_	_	_	
12-20	4587-4592	comme	_	_	_	
12-21	4593-4595	il	_	_	_	
12-22	4596-4599	est	_	_	_	
12-23	4600-4601	*	_	_	_	
12-24	4602-4606	rrcs	_	_	_	
12-25	4606-4607	.	_	_	_	
12-26	4607-4608	.	_	_	_	
12-27	4608-4617	veritable	_	_	_	
12-28	4618-4619	,	_	_	_	
12-29	4620-4622	et	_	_	_	
12-30	4623-4626	que	_	_	_	
12-31	4627-4634	l'odeur	Smell\_Word	*	12-32	
12-32	4635-4642	ingrate	Quality	_	_	
12-33	4643-4651	prouient	_	_	_	
12-34	4652-4654	de	_	_	_	
12-35	4655-4662	quelque	_	_	_	
12-36	4663-4668	autre	_	_	_	
12-37	4669-4677	principe	_	_	_	
12-38	4677-4678	,	_	_	_	
12-39	4679-4682	qui	_	_	_	
12-40	4683-4687	peut	_	_	_	
12-41	4688-4692	bien	_	_	_	
12-42	4693-4698	auoit	_	_	_	
12-43	4699-4703	plus	_	_	_	
12-44	4704-4706	de	_	_	_	
12-45	4707-4712	corps	_	_	_	
12-46	4712-4713	,	_	_	_	
12-47	4714-4715	&	_	_	_	
12-48	4716-4723	partant	_	_	_	
12-49	4724-4728	plus	_	_	_	
12-50	4729-4731	de	_	_	_	
12-51	4732-4741	craffitie	_	_	_	
12-52	4742-4744	ou	_	_	_	
12-53	4745-4755	espaisseur	_	_	_	
12-54	4755-4756	,	_	_	_	
12-55	4757-4761	mais	_	_	_	
12-56	4762-4765	non	_	_	_	
12-57	4766-4769	pas	_	_	_	
12-58	4770-4772	de	_	_	_	
12-59	4773-4785	terrestreité	_	_	_	
12-60	4786-4789	qui	_	_	_	
12-61	4790-4799	donneroit	_	_	_	
12-62	4800-4808	plustost	_	_	_	
12-63	4809-4811	de	_	_	_	
12-64	4812-4814	la	_	_	_	
12-65	4815-4821	rarité	_	_	_	
12-66	4821-4822	,	_	_	_	
12-67	4823-4826	veu	_	_	_	
12-68	4827-4830	que	_	_	_	
12-69	4831-4842	lacraffitie	_	_	_	
12-70	4843-4845	ne	_	_	_	
12-71	4846-4852	depend	_	_	_	
12-72	4853-4856	pas	_	_	_	
12-73	4857-4859	de	_	_	_	
12-74	4860-4862	la	_	_	_	
12-75	4863-4868	terre	_	_	_	
12-76	4868-4869	,	_	_	_	
12-77	4870-4874	ains	_	_	_	
12-78	4875-4877	du	_	_	_	
12-79	4878-4881	sel	_	_	_	
12-80	4882-4884	ou	_	_	_	
12-81	4885-4887	de	_	_	_	
12-82	4888-4896	l'esprit	_	_	_	
12-83	4897-4902	acide	_	_	_	
12-84	4902-4903	,	_	_	_	
12-85	4904-4910	crassè	_	_	_	
12-86	4911-4912	&	_	_	_	
12-87	4913-4919	espais	_	_	_	
12-88	4920-4921	:	_	_	_	
12-89	4922-4923	1	_	_	_	
12-90	4924-4928	oint	_	_	_	
12-91	4929-4932	que	_	_	_	
12-92	4933-4935	si	_	_	_	
12-93	4936-4938	le	_	_	_	
12-94	4939-4947	principe	_	_	_	
12-95	4948-4951	des	_	_	_	
12-96	4952-4958	odeurs	Smell\_Word	*	12-97	
12-97	4959-4968	mauuaises	Quality	_	_	
12-98	4969-4974	auoit	_	_	_	
12-99	4975-4977	de	_	_	_	
12-100	4978-4980	la	_	_	_	
12-101	4980-4981	.	_	_	_	
12-102	4982-4994	térrestreïté	_	_	_	
12-103	4994-4995	,	_	_	_	
12-104	4995-4997	il	_	_	_	
12-105	4998-5006	faudroit	_	_	_	
12-106	5007-5009	de	_	_	_	
12-107	5010-5019	necessité	_	_	_	
12-108	5019-5020	,	_	_	_	
12-109	5020-5032	ouquêlaterre	_	_	_	
12-110	5033-5037	fust	_	_	_	
12-111	5038-5040	le	_	_	_	
12-112	5041-5049	principe	_	_	_	
12-113	5050-5053	pur	_	_	_	
12-114	5054-5055	&	_	_	_	
12-115	5056-5062	simple	_	_	_	
12-116	5063-5066	des	_	_	_	
12-117	5067-5073	odeurs	Smell\_Word	*	12-118	
12-118	5074-5087	def-agreables	Quality	_	_	
12-119	5087-5088	,	_	_	_	
12-120	5089-5091	ou	_	_	_	
12-121	5092-5096	bien	_	_	_	
12-122	5097-5102	qu'il	_	_	_	
12-123	5103-5104	y	_	_	_	
12-124	5105-5109	eust	_	_	_	
12-125	5110-5117	quelque	_	_	_	
12-126	5118-5123	autre	_	_	_	
12-127	5124-5132	principe	_	_	_	
12-128	5133-5138	meslé	_	_	_	
12-129	5139-5143	auec	_	_	_	
12-130	5144-5148	elle	_	_	_	
12-131	5148-5149	.	_	_	_	

#Text=Or est-il que le premier est faux, parce que la terre purement élémentaire est fixe, & n'a aucune odeur, dautant que l'odeur doit dire volatilt; pour estre portée à nostre odorat: & le second aussi, à cause que ce si meslange de terre & d'autre substance leroit compote contre la nature du principe ou element, & contre nostre intention, qui recherchons les odeurs simples aux simples elemens , auant que de venir aux composées.
13-1	5150-5152	Or	_	_	_	
13-2	5153-5159	est-il	_	_	_	
13-3	5160-5163	que	_	_	_	
13-4	5164-5166	le	_	_	_	
13-5	5167-5174	premier	_	_	_	
13-6	5175-5178	est	_	_	_	
13-7	5179-5183	faux	_	_	_	
13-8	5183-5184	,	_	_	_	
13-9	5185-5190	parce	_	_	_	
13-10	5191-5194	que	_	_	_	
13-11	5195-5197	la	_	_	_	
13-12	5198-5203	terre	Smell\_Source	_	_	
13-13	5204-5212	purement	_	_	_	
13-14	5213-5224	élémentaire	_	_	_	
13-15	5225-5228	est	_	_	_	
13-16	5229-5233	fixe	_	_	_	
13-17	5233-5234	,	_	_	_	
13-18	5235-5236	&	_	_	_	
13-19	5237-5240	n'a	_	_	_	
13-20	5241-5247	aucune	Quality	_	_	
13-21	5248-5253	odeur	Smell\_Word	*|*	13-20|13-12	
13-22	5253-5254	,	_	_	_	
13-23	5255-5262	dautant	_	_	_	
13-24	5263-5266	que	_	_	_	
13-25	5267-5274	l'odeur	Smell\_Word	*|*	13-28|13-12	
13-26	5275-5279	doit	_	_	_	
13-27	5280-5284	dire	_	_	_	
13-28	5285-5293	volatilt	Quality	_	_	
13-29	5293-5294	;	_	_	_	
13-30	5295-5299	pour	_	_	_	
13-31	5300-5305	estre	_	_	_	
13-32	5306-5312	portée	_	_	_	
13-33	5313-5314	à	_	_	_	
13-34	5315-5321	nostre	_	_	_	
13-35	5322-5328	odorat	Smell\_Word	_	_	
13-36	5328-5329	:	_	_	_	
13-37	5330-5331	&	_	_	_	
13-38	5332-5334	le	_	_	_	
13-39	5335-5341	second	_	_	_	
13-40	5342-5347	aussi	_	_	_	
13-41	5347-5348	,	_	_	_	
13-42	5349-5350	à	_	_	_	
13-43	5351-5356	cause	_	_	_	
13-44	5357-5360	que	_	_	_	
13-45	5361-5363	ce	_	_	_	
13-46	5364-5366	si	_	_	_	
13-47	5367-5375	meslange	_	_	_	
13-48	5376-5378	de	_	_	_	
13-49	5379-5384	terre	_	_	_	
13-50	5385-5386	&	_	_	_	
13-51	5387-5394	d'autre	_	_	_	
13-52	5395-5404	substance	_	_	_	
13-53	5405-5411	leroit	_	_	_	
13-54	5412-5419	compote	_	_	_	
13-55	5420-5426	contre	_	_	_	
13-56	5427-5429	la	_	_	_	
13-57	5430-5436	nature	_	_	_	
13-58	5437-5439	du	_	_	_	
13-59	5440-5448	principe	_	_	_	
13-60	5449-5451	ou	_	_	_	
13-61	5452-5459	element	_	_	_	
13-62	5459-5460	,	_	_	_	
13-63	5461-5462	&	_	_	_	
13-64	5463-5469	contre	_	_	_	
13-65	5470-5476	nostre	_	_	_	
13-66	5477-5486	intention	_	_	_	
13-67	5486-5487	,	_	_	_	
13-68	5488-5491	qui	_	_	_	
13-69	5492-5503	recherchons	_	_	_	
13-70	5504-5507	les	_	_	_	
13-71	5508-5514	odeurs	Smell\_Word	*|*	13-72|13-74[13_0]	
13-72	5515-5522	simples	Quality	_	_	
13-73	5523-5526	aux	_	_	_	
13-74	5527-5534	simples	Smell\_Source[13]	_	_	
13-75	5535-5542	elemens	Smell\_Source[13]	_	_	
13-76	5543-5544	,	_	_	_	
13-77	5545-5550	auant	_	_	_	
13-78	5551-5554	que	_	_	_	
13-79	5555-5557	de	_	_	_	
13-80	5558-5563	venir	_	_	_	
13-81	5564-5567	aux	_	_	_	
13-82	5568-5577	composées	_	_	_	
13-83	5577-5578	.	_	_	_	

#Text=Quelques autres plus raffinez diront que les odeurs agreables dependent du principe pur & simple de l'huile, mais que la def-agreablc prouient d'vn souffre compos; Nous respondons qu'il est bien vray que l'odeur agreable pure & simple depend du seul principe de T'huile elementaire , mais nous nions que la premiere odeur simple ingrate procede en son origine de la mixtion : autrement il n'y auroit & ne pourroit iamaisy auoir autre odeur que l'agreable , si tous les autres principes & elemens n'auoient aucune odeur: ou bien il faudoit qu'il y eust deux huiler ou souffres principes ,vn agreable 8c l'autre desagreable, puis que la pluspart aflseurent auec leur maistre Paracelse que route odeur vient du souffre ou huile principe : car d'vne odeur agreable pure & simple, meslée auec plusieurs autres principes sans odeur , il ne peut resulter des odeurs diuerses, moins encores des contraires: ce n'est pas que nous voulions nier que la diuersïté des odeurs agreables puisse dependre de la mixtion des diuerses odeurs, & que l'odeur ingràte & desagreable composée ne puisse procéder du meslange tant de l'agreable que de la forte & ingrate odeur, laquelle est contenuë en l'esprit ou clement acide, comme il appert manifestement quand on l'eschauffe, ou qu'on le veut volatilizer: car alors la vapeur est fort désagréable & penetrante, voire tres-dangereuse : Aussi faut-il que toutes les odeurs tant bonnes que mauuaises soient constituées en des substances volatiles ou volatilisées.
14-1	5579-5587	Quelques	_	_	_	
14-2	5588-5594	autres	_	_	_	
14-3	5595-5599	plus	_	_	_	
14-4	5600-5608	raffinez	_	_	_	
14-5	5609-5615	diront	_	_	_	
14-6	5616-5619	que	_	_	_	
14-7	5620-5623	les	_	_	_	
14-8	5624-5630	odeurs	Smell\_Word	*|*	14-12[14_0]|14-9	
14-9	5631-5640	agreables	Quality	_	_	
14-10	5641-5650	dependent	_	_	_	
14-11	5651-5653	du	_	_	_	
14-12	5654-5662	principe	Smell\_Source[14]	_	_	
14-13	5663-5666	pur	Smell\_Source[14]	_	_	
14-14	5667-5668	&	Smell\_Source[14]	_	_	
14-15	5669-5675	simple	Smell\_Source[14]	_	_	
14-16	5676-5678	de	Smell\_Source[14]	_	_	
14-17	5679-5686	l'huile	Smell\_Source[14]	_	_	
14-18	5686-5687	,	_	_	_	
14-19	5688-5692	mais	_	_	_	
14-20	5693-5696	que	_	_	_	
14-21	5697-5699	la	_	_	_	
14-22	5700-5712	def-agreablc	_	_	_	
14-23	5713-5721	prouient	_	_	_	
14-24	5722-5726	d'vn	_	_	_	
14-25	5727-5734	souffre	_	_	_	
14-26	5735-5741	compos	_	_	_	
14-27	5741-5742	;	_	_	_	
14-28	5743-5747	Nous	_	_	_	
14-29	5748-5758	respondons	_	_	_	
14-30	5759-5764	qu'il	_	_	_	
14-31	5765-5768	est	_	_	_	
14-32	5769-5773	bien	_	_	_	
14-33	5774-5778	vray	_	_	_	
14-34	5779-5782	que	_	_	_	
14-35	5783-5790	l'odeur	Smell\_Word	*|*	14-36|14-43[15_0]	
14-36	5791-5799	agreable	Quality	_	_	
14-37	5800-5804	pure	_	_	_	
14-38	5805-5806	&	_	_	_	
14-39	5807-5813	simple	_	_	_	
14-40	5814-5820	depend	_	_	_	
14-41	5821-5823	du	_	_	_	
14-42	5824-5828	seul	_	_	_	
14-43	5829-5837	principe	*[15]	_	_	
14-44	5838-5840	de	*[15]	_	_	
14-45	5841-5848	T'huile	*[15]	_	_	
14-46	5849-5860	elementaire	_	_	_	
14-47	5861-5862	,	_	_	_	
14-48	5863-5867	mais	_	_	_	
14-49	5868-5872	nous	_	_	_	
14-50	5873-5878	nions	_	_	_	
14-51	5879-5882	que	_	_	_	
14-52	5883-5885	la	_	_	_	
14-53	5886-5894	premiere	_	_	_	
14-54	5895-5900	odeur	Smell\_Word	*|*|*	14-63|14-55|14-56	
14-55	5901-5907	simple	Quality	_	_	
14-56	5908-5915	ingrate	Quality	_	_	
14-57	5916-5923	procede	_	_	_	
14-58	5924-5926	en	_	_	_	
14-59	5927-5930	son	_	_	_	
14-60	5931-5938	origine	_	_	_	
14-61	5939-5941	de	_	_	_	
14-62	5942-5944	la	_	_	_	
14-63	5945-5952	mixtion	Smell\_Source	_	_	
14-64	5953-5954	:	_	_	_	
14-65	5955-5964	autrement	_	_	_	
14-66	5965-5967	il	_	_	_	
14-67	5968-5971	n'y	_	_	_	
14-68	5972-5978	auroit	_	_	_	
14-69	5979-5980	&	_	_	_	
14-70	5981-5983	ne	_	_	_	
14-71	5984-5992	pourroit	_	_	_	
14-72	5993-6000	iamaisy	_	_	_	
14-73	6001-6006	auoir	_	_	_	
14-74	6007-6012	autre	_	_	_	
14-75	6013-6018	odeur	Smell\_Word	_	_	
14-76	6019-6022	que	_	_	_	
14-77	6023-6033	l'agreable	_	_	_	
14-78	6034-6035	,	_	_	_	
14-79	6036-6038	si	_	_	_	
14-80	6039-6043	tous	_	_	_	
14-81	6044-6047	les	_	_	_	
14-82	6048-6054	autres	_	_	_	
14-83	6055-6064	principes	Smell\_Source	_	_	
14-84	6065-6066	&	_	_	_	
14-85	6067-6074	elemens	Smell\_Source	_	_	
14-86	6075-6084	n'auoient	_	_	_	
14-87	6085-6091	aucune	Quality	_	_	
14-88	6092-6097	odeur	Smell\_Word	*|*|*	14-87|14-85|14-83	
14-89	6097-6098	:	_	_	_	
14-90	6099-6101	ou	_	_	_	
14-91	6102-6106	bien	_	_	_	
14-92	6107-6109	il	_	_	_	
14-93	6110-6117	faudoit	_	_	_	
14-94	6118-6123	qu'il	_	_	_	
14-95	6124-6125	y	_	_	_	
14-96	6126-6130	eust	_	_	_	
14-97	6131-6135	deux	_	_	_	
14-98	6136-6142	huiler	_	_	_	
14-99	6143-6145	ou	_	_	_	
14-100	6146-6154	souffres	_	_	_	
14-101	6155-6164	principes	_	_	_	
14-102	6165-6166	,	_	_	_	
14-103	6166-6168	vn	_	_	_	
14-104	6169-6177	agreable	_	_	_	
14-105	6178-6180	8c	_	_	_	
14-106	6181-6188	l'autre	_	_	_	
14-107	6189-6200	desagreable	_	_	_	
14-108	6200-6201	,	_	_	_	
14-109	6202-6206	puis	_	_	_	
14-110	6207-6210	que	_	_	_	
14-111	6211-6213	la	_	_	_	
14-112	6214-6222	pluspart	_	_	_	
14-113	6223-6233	aflseurent	_	_	_	
14-114	6234-6238	auec	_	_	_	
14-115	6239-6243	leur	_	_	_	
14-116	6244-6251	maistre	_	_	_	
14-117	6252-6261	Paracelse	_	_	_	
14-118	6262-6265	que	_	_	_	
14-119	6266-6271	route	_	_	_	
14-120	6272-6277	odeur	Smell\_Word	*	14-123	
14-121	6278-6283	vient	_	_	_	
14-122	6284-6286	du	_	_	_	
14-123	6287-6294	souffre	Smell\_Source	_	_	
14-124	6295-6297	ou	_	_	_	
14-125	6298-6303	huile	_	_	_	
14-126	6304-6312	principe	_	_	_	
14-127	6313-6314	:	_	_	_	
14-128	6315-6318	car	_	_	_	
14-129	6319-6324	d'vne	_	_	_	
14-130	6325-6330	odeur	Smell\_Word	*	14-131	
14-131	6331-6339	agreable	Quality	_	_	
14-132	6340-6344	pure	_	_	_	
14-133	6345-6346	&	_	_	_	
14-134	6347-6353	simple	_	_	_	
14-135	6353-6354	,	_	_	_	
14-136	6355-6361	meslée	_	_	_	
14-137	6362-6366	auec	_	_	_	
14-138	6367-6376	plusieurs	_	_	_	
14-139	6377-6383	autres	_	_	_	
14-140	6384-6393	principes	_	_	_	
14-141	6394-6398	sans	_	_	_	
14-142	6399-6404	odeur	_	_	_	
14-143	6405-6406	,	_	_	_	
14-144	6407-6409	il	_	_	_	
14-145	6410-6412	ne	_	_	_	
14-146	6413-6417	peut	_	_	_	
14-147	6418-6426	resulter	_	_	_	
14-148	6427-6430	des	_	_	_	
14-149	6431-6437	odeurs	Smell\_Word	*	14-150	
14-150	6438-6446	diuerses	Quality	_	_	
14-151	6446-6447	,	_	_	_	
14-152	6448-6453	moins	_	_	_	
14-153	6454-6461	encores	_	_	_	
14-154	6462-6465	des	_	_	_	
14-155	6466-6476	contraires	_	_	_	
14-156	6476-6477	:	_	_	_	
14-157	6478-6480	ce	_	_	_	
14-158	6481-6486	n'est	_	_	_	
14-159	6487-6490	pas	_	_	_	
14-160	6491-6494	que	_	_	_	
14-161	6495-6499	nous	_	_	_	
14-162	6500-6508	voulions	_	_	_	
14-163	6509-6513	nier	_	_	_	
14-164	6514-6517	que	_	_	_	
14-165	6518-6520	la	_	_	_	
14-166	6521-6530	diuersïté	_	_	_	
14-167	6531-6534	des	_	_	_	
14-168	6535-6541	odeurs	Smell\_Word	*	14-169	
14-169	6542-6551	agreables	Quality	_	_	
14-170	6552-6558	puisse	_	_	_	
14-171	6559-6567	dependre	_	_	_	
14-172	6568-6570	de	_	_	_	
14-173	6571-6573	la	_	_	_	
14-174	6574-6581	mixtion	_	_	_	
14-175	6582-6585	des	_	_	_	
14-176	6586-6594	diuerses	Quality	_	_	
14-177	6595-6601	odeurs	Smell\_Word	*	14-176	
14-178	6601-6602	,	_	_	_	
14-179	6603-6604	&	_	_	_	
14-180	6605-6608	que	_	_	_	
14-181	6609-6616	l'odeur	Smell\_Word	*|*|*|*	14-185|14-184|14-182|14-190	
14-182	6617-6624	ingràte	Quality	_	_	
14-183	6625-6626	&	_	_	_	
14-184	6627-6638	desagreable	Quality	_	_	
14-185	6639-6647	composée	Quality	_	_	
14-186	6648-6650	ne	_	_	_	
14-187	6651-6657	puisse	_	_	_	
14-188	6658-6666	procéder	_	_	_	
14-189	6667-6669	du	_	_	_	
14-190	6670-6678	meslange	Smell\_Source	_	_	
14-191	6679-6683	tant	_	_	_	
14-192	6684-6686	de	_	_	_	
14-193	6687-6697	l'agreable	_	_	_	
14-194	6698-6701	que	_	_	_	
14-195	6702-6704	de	_	_	_	
14-196	6705-6707	la	_	_	_	
14-197	6708-6713	forte	Quality	_	_	
14-198	6714-6715	&	_	_	_	
14-199	6716-6723	ingrate	Quality	_	_	
14-200	6724-6729	odeur	Smell\_Word	*|*|*	14-206[16_0]|14-199|14-197	
14-201	6729-6730	,	_	_	_	
14-202	6731-6739	laquelle	_	_	_	
14-203	6740-6743	est	_	_	_	
14-204	6744-6752	contenuë	_	_	_	
14-205	6753-6755	en	_	_	_	
14-206	6756-6764	l'esprit	Smell\_Source[16]	_	_	
14-207	6765-6767	ou	Smell\_Source[16]	_	_	
14-208	6768-6775	clement	Smell\_Source[16]	_	_	
14-209	6776-6781	acide	Smell\_Source[16]	_	_	
14-210	6781-6782	,	_	_	_	
14-211	6783-6788	comme	_	_	_	
14-212	6789-6791	il	_	_	_	
14-213	6792-6798	appert	_	_	_	
14-214	6799-6812	manifestement	_	_	_	
14-215	6813-6818	quand	_	_	_	
14-216	6819-6821	on	_	_	_	
14-217	6822-6833	l'eschauffe	_	_	_	
14-218	6833-6834	,	_	_	_	
14-219	6835-6837	ou	_	_	_	
14-220	6838-6843	qu'on	_	_	_	
14-221	6844-6846	le	_	_	_	
14-222	6847-6851	veut	_	_	_	
14-223	6852-6863	volatilizer	_	_	_	
14-224	6863-6864	:	_	_	_	
14-225	6865-6868	car	_	_	_	
14-226	6869-6874	alors	_	_	_	
14-227	6875-6877	la	_	_	_	
14-228	6878-6884	vapeur	_	_	_	
14-229	6885-6888	est	_	_	_	
14-230	6889-6893	fort	_	_	_	
14-231	6894-6905	désagréable	_	_	_	
14-232	6906-6907	&	_	_	_	
14-233	6908-6918	penetrante	_	_	_	
14-234	6918-6919	,	_	_	_	
14-235	6920-6925	voire	_	_	_	
14-236	6926-6941	tres-dangereuse	_	_	_	
14-237	6942-6943	:	_	_	_	
14-238	6944-6949	Aussi	_	_	_	
14-239	6950-6957	faut-il	_	_	_	
14-240	6958-6961	que	_	_	_	
14-241	6962-6968	toutes	_	_	_	
14-242	6969-6972	les	_	_	_	
14-243	6973-6979	odeurs	Smell\_Word	*|*|*	14-252[17_0]|14-247|14-245	
14-244	6980-6984	tant	_	_	_	
14-245	6985-6991	bonnes	Quality	_	_	
14-246	6992-6995	que	_	_	_	
14-247	6996-7005	mauuaises	Quality	_	_	
14-248	7006-7012	soient	_	_	_	
14-249	7013-7024	constituées	_	_	_	
14-250	7025-7027	en	_	_	_	
14-251	7028-7031	des	_	_	_	
14-252	7032-7042	substances	Smell\_Source[17]	_	_	
14-253	7043-7052	volatiles	Smell\_Source[17]	_	_	
14-254	7053-7055	ou	Smell\_Source[17]	_	_	
14-255	7056-7068	volatilisées	Smell\_Source[17]	_	_	
14-256	7068-7069	.	_	_	_	

#Text=Icy quelque jeune Chymiste nous respondra que cette odeur ingrate depend d'vn souffte contenu en cet esprit, & que par diuerses rectifications, il se separe d'auec luy, & laisse cet esprit sans odeur.
15-1	7070-7073	Icy	_	_	_	
15-2	7074-7081	quelque	_	_	_	
15-3	7082-7087	jeune	Perceiver[18]	_	_	
15-4	7088-7096	Chymiste	Perceiver[18]	_	_	
15-5	7097-7101	nous	_	_	_	
15-6	7102-7111	respondra	_	_	_	
15-7	7112-7115	que	_	_	_	
15-8	7116-7121	cette	_	_	_	
15-9	7122-7127	odeur	Smell\_Word	*|*|*|*	15-3[18_0]|15-10|15-13|15-17	
15-10	7128-7135	ingrate	Quality	_	_	
15-11	7136-7142	depend	_	_	_	
15-12	7143-7147	d'vn	_	_	_	
15-13	7148-7155	souffte	Smell\_Source	_	_	
15-14	7156-7163	contenu	_	_	_	
15-15	7164-7166	en	_	_	_	
15-16	7167-7170	cet	_	_	_	
15-17	7171-7177	esprit	Odour\_Carrier	_	_	
15-18	7177-7178	,	_	_	_	
15-19	7179-7180	&	_	_	_	
15-20	7181-7184	que	_	_	_	
15-21	7185-7188	par	_	_	_	
15-22	7189-7197	diuerses	_	_	_	
15-23	7198-7212	rectifications	_	_	_	
15-24	7212-7213	,	_	_	_	
15-25	7214-7216	il	_	_	_	
15-26	7217-7219	se	_	_	_	
15-27	7220-7226	separe	_	_	_	
15-28	7227-7233	d'auec	_	_	_	
15-29	7234-7237	luy	_	_	_	
15-30	7237-7238	,	_	_	_	
15-31	7239-7240	&	_	_	_	
15-32	7241-7247	laisse	_	_	_	
15-33	7248-7251	cet	_	_	_	
15-34	7252-7258	esprit	Smell\_Source	_	_	
15-35	7259-7263	sans	Quality	_	_	
15-36	7264-7269	odeur	Smell\_Word	*|*	15-34|15-35	
15-37	7269-7270	.	_	_	_	

#Text=Auquel il est aisé de respondre qu'il n'a pas bien examiné cette separation, car bien qu'en premiere instance il se separe quelque odeur en la rectification de l'esprit, que pourtant ce souffre fœfide & ingrat , qui sort le premier comme plus volatil, est neantmoins encore composé : mais qu'estant exactement reduit en sa pureté élémentaire, il depose cette puanteur ingrate en se feparant d'auec les autres, & que l'esprit pur & elementaire conserue tousiours san odeur forte & ingrate, qu'il fait paroistre quand il est tant soit peu elfchauffé, ou qu'on le volatilise.
16-1	7271-7277	Auquel	_	_	_	
16-2	7278-7280	il	_	_	_	
16-3	7281-7284	est	_	_	_	
16-4	7285-7289	aisé	_	_	_	
16-5	7290-7292	de	_	_	_	
16-6	7293-7302	respondre	_	_	_	
16-7	7303-7308	qu'il	_	_	_	
16-8	7309-7312	n'a	_	_	_	
16-9	7313-7316	pas	_	_	_	
16-10	7317-7321	bien	_	_	_	
16-11	7322-7329	examiné	_	_	_	
16-12	7330-7335	cette	_	_	_	
16-13	7336-7346	separation	_	_	_	
16-14	7346-7347	,	_	_	_	
16-15	7348-7351	car	_	_	_	
16-16	7352-7356	bien	_	_	_	
16-17	7357-7362	qu'en	_	_	_	
16-18	7363-7371	premiere	_	_	_	
16-19	7372-7380	instance	_	_	_	
16-20	7381-7383	il	_	_	_	
16-21	7384-7386	se	_	_	_	
16-22	7387-7393	separe	_	_	_	
16-23	7394-7401	quelque	_	_	_	
16-24	7402-7407	odeur	Smell\_Word	_	_	
16-25	7408-7410	en	_	_	_	
16-26	7411-7413	la	_	_	_	
16-27	7414-7427	rectification	_	_	_	
16-28	7428-7430	de	_	_	_	
16-29	7431-7439	l'esprit	Odour\_Carrier	Anaphoric	16-61	
16-30	7439-7440	,	_	_	_	
16-31	7441-7444	que	_	_	_	
16-32	7445-7453	pourtant	_	_	_	
16-33	7454-7456	ce	_	_	_	
16-34	7457-7464	souffre	Smell\_Source	_	_	
16-35	7465-7471	fœfide	Smell\_Word[19]|Quality[20]	*|*|*|*	16-35[20_19]|16-34[0_19]|16-37[0_19]|16-29[0_19]	
16-36	7472-7473	&	_	_	_	
16-37	7474-7480	ingrat	Quality	_	_	
16-38	7481-7482	,	_	_	_	
16-39	7483-7486	qui	_	_	_	
16-40	7487-7491	sort	_	_	_	
16-41	7492-7494	le	_	_	_	
16-42	7495-7502	premier	_	_	_	
16-43	7503-7508	comme	_	_	_	
16-44	7509-7513	plus	_	_	_	
16-45	7514-7521	volatil	_	_	_	
16-46	7521-7522	,	_	_	_	
16-47	7523-7526	est	_	_	_	
16-48	7527-7537	neantmoins	_	_	_	
16-49	7538-7544	encore	_	_	_	
16-50	7545-7552	composé	_	_	_	
16-51	7553-7554	:	_	_	_	
16-52	7555-7559	mais	_	_	_	
16-53	7560-7569	qu'estant	_	_	_	
16-54	7570-7580	exactement	_	_	_	
16-55	7581-7587	reduit	_	_	_	
16-56	7588-7590	en	_	_	_	
16-57	7591-7593	sa	_	_	_	
16-58	7594-7600	pureté	_	_	_	
16-59	7601-7612	élémentaire	_	_	_	
16-60	7612-7613	,	_	_	_	
16-61	7614-7616	il	Smell\_Source	_	_	
16-62	7617-7623	depose	_	_	_	
16-63	7624-7629	cette	_	_	_	
16-64	7630-7638	puanteur	Smell\_Word	*|*	16-65|16-61	
16-65	7639-7646	ingrate	Quality	_	_	
16-66	7647-7649	en	_	_	_	
16-67	7650-7652	se	_	_	_	
16-68	7653-7661	feparant	_	_	_	
16-69	7662-7668	d'auec	_	_	_	
16-70	7669-7672	les	_	_	_	
16-71	7673-7679	autres	_	_	_	
16-72	7679-7680	,	_	_	_	
16-73	7681-7682	&	_	_	_	
16-74	7683-7686	que	_	_	_	
16-75	7687-7695	l'esprit	Smell\_Source	_	_	
16-76	7696-7699	pur	_	_	_	
16-77	7700-7701	&	_	_	_	
16-78	7702-7713	elementaire	_	_	_	
16-79	7714-7722	conserue	_	_	_	
16-80	7723-7732	tousiours	Time	_	_	
16-81	7733-7736	san	Quality[21]	_	_	
16-82	7737-7742	odeur	Quality[21]|Smell\_Word[22]	*|*|*	16-80[0_22]|16-75[0_22]|16-81[21_22]	
16-83	7743-7748	forte	Quality[21]	_	_	
16-84	7749-7750	&	Quality[21]	_	_	
16-85	7751-7758	ingrate	Quality[21]	_	_	
16-86	7758-7759	,	_	_	_	
16-87	7760-7765	qu'il	_	_	_	
16-88	7766-7770	fait	_	_	_	
16-89	7771-7780	paroistre	_	_	_	
16-90	7781-7786	quand	_	_	_	
16-91	7787-7789	il	_	_	_	
16-92	7790-7793	est	_	_	_	
16-93	7794-7798	tant	_	_	_	
16-94	7799-7803	soit	_	_	_	
16-95	7804-7807	peu	_	_	_	
16-96	7808-7818	elfchauffé	_	_	_	
16-97	7818-7819	,	_	_	_	
16-98	7820-7822	ou	_	_	_	
16-99	7823-7828	qu'on	_	_	_	
16-100	7829-7831	le	_	_	_	
16-101	7832-7842	volatilise	_	_	_	
16-102	7842-7843	.	_	_	_	

#Text=On nous opposera que le principe élémentaire de l'huile n'a besoin d'être elchaufFé par vne chaleur externe, pour produire les effects de sa bonne odeur, non plus qu'vne quantité de mixtes agreables en odeur
#Text=A cela nous respondons que l'huile élémentaire est tellement volatile, qu'elle s'efleue peu à peu par le moyen de l'air eschauffé, mais que l'esprit estant beaucoup moins volatil, ne peut s'efeuer que difficilement sans chaleur plus grande que celle de l'air, & par consequent leur opposition est nulle.
17-1	7844-7846	On	_	_	_	
17-2	7847-7851	nous	_	_	_	
17-3	7852-7860	opposera	_	_	_	
17-4	7861-7864	que	_	_	_	
17-5	7865-7867	le	_	_	_	
17-6	7868-7876	principe	_	_	_	
17-7	7877-7888	élémentaire	_	_	_	
17-8	7889-7891	de	_	_	_	
17-9	7892-7899	l'huile	_	_	_	
17-10	7900-7903	n'a	_	_	_	
17-11	7904-7910	besoin	_	_	_	
17-12	7911-7917	d'être	_	_	_	
17-13	7918-7927	elchaufFé	_	_	_	
17-14	7928-7931	par	_	_	_	
17-15	7932-7935	vne	_	_	_	
17-16	7936-7943	chaleur	_	_	_	
17-17	7944-7951	externe	_	_	_	
17-18	7951-7952	,	_	_	_	
17-19	7953-7957	pour	_	_	_	
17-20	7958-7966	produire	_	_	_	
17-21	7967-7970	les	_	_	_	
17-22	7971-7978	effects	_	_	_	
17-23	7979-7981	de	_	_	_	
17-24	7982-7984	sa	_	_	_	
17-25	7985-7990	bonne	Quality	_	_	
17-26	7991-7996	odeur	Smell\_Word	*	17-25	
17-27	7996-7997	,	_	_	_	
17-28	7998-8001	non	_	_	_	
17-29	8002-8006	plus	_	_	_	
17-30	8007-8013	qu'vne	_	_	_	
17-31	8014-8022	quantité	_	_	_	
17-32	8023-8025	de	_	_	_	
17-33	8026-8032	mixtes	_	_	_	
17-34	8033-8042	agreables	_	_	_	
17-35	8043-8045	en	_	_	_	
17-36	8046-8051	odeur	Smell\_Word	_	_	
17-37	8052-8053	A	_	_	_	
17-38	8054-8058	cela	_	_	_	
17-39	8059-8063	nous	_	_	_	
17-40	8064-8074	respondons	_	_	_	
17-41	8075-8078	que	_	_	_	
17-42	8079-8086	l'huile	_	_	_	
17-43	8087-8098	élémentaire	_	_	_	
17-44	8099-8102	est	_	_	_	
17-45	8103-8112	tellement	_	_	_	
17-46	8113-8121	volatile	_	_	_	
17-47	8121-8122	,	_	_	_	
17-48	8123-8130	qu'elle	_	_	_	
17-49	8131-8139	s'efleue	_	_	_	
17-50	8140-8143	peu	_	_	_	
17-51	8144-8145	à	_	_	_	
17-52	8146-8149	peu	_	_	_	
17-53	8150-8153	par	_	_	_	
17-54	8154-8156	le	_	_	_	
17-55	8157-8162	moyen	_	_	_	
17-56	8163-8165	de	_	_	_	
17-57	8166-8171	l'air	_	_	_	
17-58	8172-8181	eschauffé	_	_	_	
17-59	8181-8182	,	_	_	_	
17-60	8183-8187	mais	_	_	_	
17-61	8188-8191	que	_	_	_	
17-62	8192-8200	l'esprit	_	_	_	
17-63	8201-8207	estant	_	_	_	
17-64	8208-8216	beaucoup	_	_	_	
17-65	8217-8222	moins	_	_	_	
17-66	8223-8230	volatil	_	_	_	
17-67	8230-8231	,	_	_	_	
17-68	8232-8234	ne	_	_	_	
17-69	8235-8239	peut	_	_	_	
17-70	8240-8248	s'efeuer	_	_	_	
17-71	8249-8252	que	_	_	_	
17-72	8253-8266	difficilement	_	_	_	
17-73	8267-8271	sans	_	_	_	
17-74	8272-8279	chaleur	_	_	_	
17-75	8280-8284	plus	_	_	_	
17-76	8285-8291	grande	_	_	_	
17-77	8292-8295	que	_	_	_	
17-78	8296-8301	celle	_	_	_	
17-79	8302-8304	de	_	_	_	
17-80	8305-8310	l'air	_	_	_	
17-81	8310-8311	,	_	_	_	
17-82	8312-8313	&	_	_	_	
17-83	8314-8317	par	_	_	_	
17-84	8318-8328	consequent	_	_	_	
17-85	8329-8333	leur	_	_	_	
17-86	8334-8344	opposition	_	_	_	
17-87	8345-8348	est	_	_	_	
17-88	8349-8354	nulle	_	_	_	
17-89	8354-8355	.	_	_	_	

#Text=Notez cependant que quand ie dis par la chaleur de l'air, j'entends les vapeurs & exhalailons qui sont parmy l'air, lequel est toujours froid, & ne peut estre eschauffé.
18-1	8356-8361	Notez	_	_	_	
18-2	8362-8371	cependant	_	_	_	
18-3	8372-8375	que	_	_	_	
18-4	8376-8381	quand	_	_	_	
18-5	8382-8384	ie	_	_	_	
18-6	8385-8388	dis	_	_	_	
18-7	8389-8392	par	_	_	_	
18-8	8393-8395	la	_	_	_	
18-9	8396-8403	chaleur	_	_	_	
18-10	8404-8406	de	_	_	_	
18-11	8407-8412	l'air	_	_	_	
18-12	8412-8413	,	_	_	_	
18-13	8414-8423	j'entends	_	_	_	
18-14	8424-8427	les	_	_	_	
18-15	8428-8435	vapeurs	_	_	_	
18-16	8436-8437	&	_	_	_	
18-17	8438-8449	exhalailons	_	_	_	
18-18	8450-8453	qui	_	_	_	
18-19	8454-8458	sont	_	_	_	
18-20	8459-8464	parmy	_	_	_	
18-21	8465-8470	l'air	_	_	_	
18-22	8470-8471	,	_	_	_	
18-23	8472-8478	lequel	_	_	_	
18-24	8479-8482	est	_	_	_	
18-25	8483-8491	toujours	_	_	_	
18-26	8492-8497	froid	_	_	_	
18-27	8497-8498	,	_	_	_	
18-28	8499-8500	&	_	_	_	
18-29	8501-8503	ne	_	_	_	
18-30	8504-8508	peut	_	_	_	
18-31	8509-8514	estre	_	_	_	
18-32	8515-8524	eschauffé	_	_	_	
18-33	8524-8525	.	_	_	_	

#Text=Quand aux odeurs agreables des mixtes, qui n'ont aucun besoin de chaleur exrerne, pour se faire sentir , nous dirons que cela prouient du meslange des elemens, auquel l'huile ou le souffre élémentaire surabonde , & par ainsi estant tres-volatil en se separant continuellement pell j à peu, voire sans chaleur externe autre que celle des vapeurs & exhalaisons contenues en l'air; il paruient iusques à l'odorat.
19-1	8526-8531	Quand	_	_	_	
19-2	8532-8535	aux	_	_	_	
19-3	8536-8542	odeurs	Smell\_Word	*|*	19-27[23_0]|19-4	
19-4	8543-8552	agreables	Quality	_	_	
19-5	8553-8556	des	_	_	_	
19-6	8557-8563	mixtes	_	_	_	
19-7	8563-8564	,	_	_	_	
19-8	8565-8568	qui	_	_	_	
19-9	8569-8574	n'ont	_	_	_	
19-10	8575-8580	aucun	_	_	_	
19-11	8581-8587	besoin	_	_	_	
19-12	8588-8590	de	_	_	_	
19-13	8591-8598	chaleur	_	_	_	
19-14	8599-8606	exrerne	_	_	_	
19-15	8606-8607	,	_	_	_	
19-16	8608-8612	pour	_	_	_	
19-17	8613-8615	se	_	_	_	
19-18	8616-8621	faire	_	_	_	
19-19	8622-8628	sentir	_	_	_	
19-20	8629-8630	,	_	_	_	
19-21	8631-8635	nous	_	_	_	
19-22	8636-8642	dirons	_	_	_	
19-23	8643-8646	que	_	_	_	
19-24	8647-8651	cela	_	_	_	
19-25	8652-8660	prouient	_	_	_	
19-26	8661-8663	du	_	_	_	
19-27	8664-8672	meslange	Smell\_Source[23]	_	_	
19-28	8673-8676	des	Smell\_Source[23]	_	_	
19-29	8677-8684	elemens	Smell\_Source[23]	_	_	
19-30	8684-8685	,	_	_	_	
19-31	8686-8692	auquel	_	_	_	
19-32	8693-8700	l'huile	_	_	_	
19-33	8701-8703	ou	_	_	_	
19-34	8704-8706	le	_	_	_	
19-35	8707-8714	souffre	_	_	_	
19-36	8715-8726	élémentaire	_	_	_	
19-37	8727-8736	surabonde	_	_	_	
19-38	8737-8738	,	_	_	_	
19-39	8739-8740	&	_	_	_	
19-40	8741-8744	par	_	_	_	
19-41	8745-8750	ainsi	_	_	_	
19-42	8751-8757	estant	_	_	_	
19-43	8758-8770	tres-volatil	_	_	_	
19-44	8771-8773	en	_	_	_	
19-45	8774-8776	se	_	_	_	
19-46	8777-8785	separant	_	_	_	
19-47	8786-8801	continuellement	_	_	_	
19-48	8802-8806	pell	_	_	_	
19-49	8807-8808	j	_	_	_	
19-50	8809-8810	à	_	_	_	
19-51	8811-8814	peu	_	_	_	
19-52	8814-8815	,	_	_	_	
19-53	8816-8821	voire	_	_	_	
19-54	8822-8826	sans	_	_	_	
19-55	8827-8834	chaleur	_	_	_	
19-56	8835-8842	externe	_	_	_	
19-57	8843-8848	autre	_	_	_	
19-58	8849-8852	que	_	_	_	
19-59	8853-8858	celle	_	_	_	
19-60	8859-8862	des	_	_	_	
19-61	8863-8870	vapeurs	_	_	_	
19-62	8871-8872	&	_	_	_	
19-63	8873-8884	exhalaisons	_	_	_	
19-64	8885-8894	contenues	_	_	_	
19-65	8895-8897	en	_	_	_	
19-66	8898-8903	l'air	_	_	_	
19-67	8903-8904	;	_	_	_	
19-68	8905-8907	il	_	_	_	
19-69	8908-8916	paruient	_	_	_	
19-70	8917-8924	iusques	_	_	_	
19-71	8925-8926	à	_	_	_	
19-72	8927-8935	l'odorat	Smell\_Word	_	_	
19-73	8935-8936	.	_	_	_	

#Text=On en peut autant dire des odeurs ingrates du mixte, qui paruiennent iusques à nostre odorat; à cause que l'huile estant volatile , comme nous auons dit, & mal meflangée & proportionnée en se separant, elle emporte auec soy vne partie de l'esprit , qui nous cause cette ingratitude & puanteur à l'odorat.
20-1	8937-8939	On	_	_	_	
20-2	8940-8942	en	_	_	_	
20-3	8943-8947	peut	_	_	_	
20-4	8948-8954	autant	_	_	_	
20-5	8955-8959	dire	_	_	_	
20-6	8960-8963	des	_	_	_	
20-7	8964-8970	odeurs	Smell\_Word	_	_	
20-8	8971-8979	ingrates	_	_	_	
20-9	8980-8982	du	_	_	_	
20-10	8983-8988	mixte	_	_	_	
20-11	8988-8989	,	_	_	_	
20-12	8990-8993	qui	_	_	_	
20-13	8994-9005	paruiennent	_	_	_	
20-14	9006-9013	iusques	_	_	_	
20-15	9014-9015	à	_	_	_	
20-16	9016-9022	nostre	_	_	_	
20-17	9023-9029	odorat	Smell\_Word	_	_	
20-18	9029-9030	;	_	_	_	
20-19	9031-9032	à	_	_	_	
20-20	9033-9038	cause	_	_	_	
20-21	9039-9042	que	_	_	_	
20-22	9043-9050	l'huile	_	_	_	
20-23	9051-9057	estant	_	_	_	
20-24	9058-9066	volatile	_	_	_	
20-25	9067-9068	,	_	_	_	
20-26	9069-9074	comme	_	_	_	
20-27	9075-9079	nous	_	_	_	
20-28	9080-9085	auons	_	_	_	
20-29	9086-9089	dit	_	_	_	
20-30	9089-9090	,	_	_	_	
20-31	9091-9092	&	_	_	_	
20-32	9093-9096	mal	_	_	_	
20-33	9097-9106	meflangée	_	_	_	
20-34	9107-9108	&	_	_	_	
20-35	9109-9122	proportionnée	_	_	_	
20-36	9123-9125	en	_	_	_	
20-37	9126-9128	se	_	_	_	
20-38	9129-9137	separant	_	_	_	
20-39	9137-9138	,	_	_	_	
20-40	9139-9143	elle	Smell\_Source	_	_	
20-41	9144-9151	emporte	_	_	_	
20-42	9152-9156	auec	_	_	_	
20-43	9157-9160	soy	_	_	_	
20-44	9161-9164	vne	_	_	_	
20-45	9165-9171	partie	_	_	_	
20-46	9172-9174	de	_	_	_	
20-47	9175-9183	l'esprit	_	_	_	
20-48	9184-9185	,	_	_	_	
20-49	9186-9189	qui	_	_	_	
20-50	9190-9194	nous	_	_	_	
20-51	9195-9200	cause	_	_	_	
20-52	9201-9206	cette	_	_	_	
20-53	9207-9218	ingratitude	Quality	_	_	
20-54	9219-9220	&	_	_	_	
20-55	9221-9229	puanteur	Quality	_	_	
20-56	9230-9231	à	_	_	_	
20-57	9232-9240	l'odorat	Smell\_Word	*|*|*	20-55|20-53|20-40	
20-58	9240-9241	.	_	_	_	

#Text=Quant au principe & element de l'eau, nous pouuons assurer ( comme il est trop sensible ) qu'il est sans odeur bonne ou mauvaise.
21-1	9242-9247	Quant	_	_	_	
21-2	9248-9250	au	_	_	_	
21-3	9251-9259	principe	_	_	_	
21-4	9260-9261	&	_	_	_	
21-5	9262-9269	element	_	_	_	
21-6	9270-9272	de	_	_	_	
21-7	9273-9278	l'eau	Smell\_Source	_	_	
21-8	9278-9279	,	_	_	_	
21-9	9280-9284	nous	Perceiver	_	_	
21-10	9285-9292	pouuons	_	_	_	
21-11	9293-9300	assurer	_	_	_	
21-12	9301-9302	(	_	_	_	
21-13	9303-9308	comme	_	_	_	
21-14	9309-9311	il	_	_	_	
21-15	9312-9315	est	_	_	_	
21-16	9316-9320	trop	_	_	_	
21-17	9321-9329	sensible	_	_	_	
21-18	9330-9331	)	_	_	_	
21-19	9332-9337	qu'il	_	_	_	
21-20	9338-9341	est	_	_	_	
21-21	9342-9346	sans	Quality	_	_	
21-22	9347-9352	odeur	Smell\_Word	*|*|*	21-7|21-21|21-9	
21-23	9353-9358	bonne	_	_	_	
21-24	9359-9361	ou	_	_	_	
21-25	9362-9370	mauvaise	_	_	_	
21-26	9370-9371	.	_	_	_	

#Text=Pour le sel elementaire, il ne peut non plus estre de bonne ou mauuaife odeur, parce qu'il est fixe, & partant il ne peut-estre efleué ny porté à nostre odorat, pour sentir bon ou mauuais, non plus que la terre, pour autant qu'ils sont permanens au feu sans aucune volatilization, si ce n'est par le meslange des autres bien ou mal odorans , sçauoir est l'huile ou l'esprit : Mais alors cette odeur prouienc de la diuerse mixtion des volatils auec les fixes, qui leur donnent des qualitez par cette vnion dvn d'vncomposé, qu'ils n'auoient en leur nature simple, ce qui est aisé à voir, parce que si on efleue & volatilize vn sel fixe élémentaire auec vn esprit, alors toute cette efleuation & volatilization aura vne odeur forte & ingrate : Puis si on y melle vne huile elementaire auec deue proportion , alors ce qui en resultera acquèrra vne odeur plus ou moins agreable ou des-agreable, saiuant que la mixtion aura plus ou moins d'huile ou d'esprit, ou ' qu'elle sera mieux ou plus mal faite ou meflangée ou mieux ou plus mal digerée.
22-1	9372-9376	Pour	_	_	_	
22-2	9377-9379	le	_	_	_	
22-3	9380-9383	sel	Smell\_Source	_	_	
22-4	9384-9395	elementaire	_	_	_	
22-5	9395-9396	,	_	_	_	
22-6	9397-9399	il	_	_	_	
22-7	9400-9402	ne	_	_	_	
22-8	9403-9407	peut	_	_	_	
22-9	9408-9411	non	_	_	_	
22-10	9412-9416	plus	_	_	_	
22-11	9417-9422	estre	_	_	_	
22-12	9423-9425	de	_	_	_	
22-13	9426-9431	bonne	Quality[24]	_	_	
22-14	9432-9434	ou	Quality[24]	_	_	
22-15	9435-9443	mauuaife	Quality[24]	_	_	
22-16	9444-9449	odeur	Smell\_Word	*|*	22-3|22-13[24_0]	
22-17	9449-9450	,	_	_	_	
22-18	9451-9456	parce	_	_	_	
22-19	9457-9462	qu'il	_	_	_	
22-20	9463-9466	est	_	_	_	
22-21	9467-9471	fixe	_	_	_	
22-22	9471-9472	,	_	_	_	
22-23	9473-9474	&	_	_	_	
22-24	9475-9482	partant	_	_	_	
22-25	9483-9485	il	_	_	_	
22-26	9486-9488	ne	_	_	_	
22-27	9489-9499	peut-estre	_	_	_	
22-28	9500-9506	efleué	_	_	_	
22-29	9507-9509	ny	_	_	_	
22-30	9510-9515	porté	_	_	_	
22-31	9516-9517	à	_	_	_	
22-32	9518-9524	nostre	Perceiver	_	_	
22-33	9525-9531	odorat	Smell\_Word	*|*|*	22-32|22-37[25_0]|22-45	
22-34	9531-9532	,	_	_	_	
22-35	9533-9537	pour	_	_	_	
22-36	9538-9544	sentir	_	_	_	
22-37	9545-9548	bon	Quality[25]	_	_	
22-38	9549-9551	ou	Quality[25]	_	_	
22-39	9552-9559	mauuais	Quality[25]	_	_	
22-40	9559-9560	,	_	_	_	
22-41	9561-9564	non	_	_	_	
22-42	9565-9569	plus	_	_	_	
22-43	9570-9573	que	_	_	_	
22-44	9574-9576	la	_	_	_	
22-45	9577-9582	terre	Smell\_Source	_	_	
22-46	9582-9583	,	_	_	_	
22-47	9584-9588	pour	_	_	_	
22-48	9589-9595	autant	_	_	_	
22-49	9596-9602	qu'ils	_	_	_	
22-50	9603-9607	sont	_	_	_	
22-51	9608-9617	permanens	_	_	_	
22-52	9618-9620	au	_	_	_	
22-53	9621-9624	feu	_	_	_	
22-54	9625-9629	sans	_	_	_	
22-55	9630-9636	aucune	_	_	_	
22-56	9637-9651	volatilization	_	_	_	
22-57	9651-9652	,	_	_	_	
22-58	9653-9655	si	_	_	_	
22-59	9656-9658	ce	_	_	_	
22-60	9659-9664	n'est	_	_	_	
22-61	9665-9668	par	_	_	_	
22-62	9669-9671	le	_	_	_	
22-63	9672-9680	meslange	_	_	_	
22-64	9681-9684	des	_	_	_	
22-65	9685-9691	autres	_	_	_	
22-66	9692-9696	bien	_	_	_	
22-67	9697-9699	ou	_	_	_	
22-68	9700-9703	mal	Smell\_Source[26]|Quality[27]	_	_	
22-69	9704-9711	odorans	Smell\_Source[26]|Smell\_Word[28]	*	22-68[27_28]	
22-70	9712-9713	,	_	_	_	
22-71	9714-9721	sçauoir	_	_	_	
22-72	9722-9725	est	_	_	_	
22-73	9726-9733	l'huile	_	_	_	
22-74	9734-9736	ou	_	_	_	
22-75	9737-9745	l'esprit	_	_	_	
22-76	9746-9747	:	_	_	_	
22-77	9748-9752	Mais	_	_	_	
22-78	9753-9758	alors	_	_	_	
22-79	9759-9764	cette	_	_	_	
22-80	9765-9770	odeur	Smell\_Word	*	22-85[29_0]	
22-81	9771-9779	prouienc	_	_	_	
22-82	9780-9782	de	_	_	_	
22-83	9783-9785	la	_	_	_	
22-84	9786-9793	diuerse	_	_	_	
22-85	9794-9801	mixtion	Smell\_Source[29]	_	_	
22-86	9802-9805	des	Smell\_Source[29]	_	_	
22-87	9806-9814	volatils	Smell\_Source[29]	_	_	
22-88	9815-9819	auec	Smell\_Source[29]	_	_	
22-89	9820-9823	les	Smell\_Source[29]	_	_	
22-90	9824-9829	fixes	Smell\_Source[29]	_	_	
22-91	9829-9830	,	_	_	_	
22-92	9831-9834	qui	_	_	_	
22-93	9835-9839	leur	_	_	_	
22-94	9840-9847	donnent	_	_	_	
22-95	9848-9851	des	_	_	_	
22-96	9852-9860	qualitez	_	_	_	
22-97	9861-9864	par	_	_	_	
22-98	9865-9870	cette	_	_	_	
22-99	9871-9876	vnion	_	_	_	
22-100	9877-9880	dvn	_	_	_	
22-101	9881-9892	d'vncomposé	_	_	_	
22-102	9892-9893	,	_	_	_	
22-103	9894-9900	qu'ils	_	_	_	
22-104	9901-9910	n'auoient	_	_	_	
22-105	9911-9913	en	_	_	_	
22-106	9914-9918	leur	_	_	_	
22-107	9919-9925	nature	_	_	_	
22-108	9926-9932	simple	_	_	_	
22-109	9932-9933	,	_	_	_	
22-110	9934-9936	ce	_	_	_	
22-111	9937-9940	qui	_	_	_	
22-112	9941-9944	est	_	_	_	
22-113	9945-9949	aisé	_	_	_	
22-114	9950-9951	à	_	_	_	
22-115	9952-9956	voir	_	_	_	
22-116	9956-9957	,	_	_	_	
22-117	9958-9963	parce	_	_	_	
22-118	9964-9967	que	_	_	_	
22-119	9968-9970	si	Circumstances[30]	_	_	
22-120	9971-9973	on	Circumstances[30]	_	_	
22-121	9974-9980	efleue	Circumstances[30]	_	_	
22-122	9981-9982	&	Circumstances[30]	_	_	
22-123	9983-9993	volatilize	Circumstances[30]	_	_	
22-124	9994-9996	vn	_	_	_	
22-125	9997-10000	sel	Smell\_Source	Anaphoric	22-148[32_0]	
22-126	10001-10005	fixe	_	_	_	
22-127	10006-10017	élémentaire	_	_	_	
22-128	10018-10022	auec	_	_	_	
22-129	10023-10025	vn	_	_	_	
22-130	10026-10032	esprit	Smell\_Source	_	_	
22-131	10032-10033	,	_	_	_	
22-132	10034-10039	alors	_	_	_	
22-133	10040-10045	toute	_	_	_	
22-134	10046-10051	cette	_	_	_	
22-135	10052-10062	efleuation	_	_	_	
22-136	10063-10064	&	_	_	_	
22-137	10065-10079	volatilization	_	_	_	
22-138	10080-10084	aura	_	_	_	
22-139	10085-10088	vne	_	_	_	
22-140	10089-10094	odeur	Smell\_Word	*|*|*|*|*	22-143|22-141|22-119[30_0]|22-125|22-130	
22-141	10095-10100	forte	Quality	_	_	
22-142	10101-10102	&	_	_	_	
22-143	10103-10110	ingrate	Quality	_	_	
22-144	10111-10112	:	_	_	_	
22-145	10113-10117	Puis	_	_	_	
22-146	10118-10120	si	Circumstances[31]	_	_	
22-147	10121-10123	on	Circumstances[31]	_	_	
22-148	10124-10125	y	Circumstances[31]|Smell\_Source[32]	_	_	
22-149	10126-10131	melle	Circumstances[31]	_	_	
22-150	10132-10135	vne	Circumstances[31]	_	_	
22-151	10136-10141	huile	Circumstances[31]|Smell\_Source[33]	_	_	
22-152	10142-10153	elementaire	Circumstances[31]|Smell\_Source[33]	_	_	
22-153	10154-10158	auec	Circumstances[31]	_	_	
22-154	10159-10163	deue	Circumstances[31]	_	_	
22-155	10164-10174	proportion	Circumstances[31]	_	_	
22-156	10175-10176	,	_	_	_	
22-157	10177-10182	alors	_	_	_	
22-158	10183-10185	ce	_	_	_	
22-159	10186-10189	qui	_	_	_	
22-160	10190-10192	en	_	_	_	
22-161	10193-10202	resultera	_	_	_	
22-162	10203-10211	acquèrra	_	_	_	
22-163	10212-10215	vne	_	_	_	
22-164	10216-10221	odeur	Smell\_Word	*|*|*|*	22-148[32_0]|22-151[33_0]|22-146[31_0]|22-165[34_0]	
22-165	10222-10226	plus	Quality[34]	_	_	
22-166	10227-10229	ou	Quality[34]	_	_	
22-167	10230-10235	moins	Quality[34]	_	_	
22-168	10236-10244	agreable	Quality[34]	_	_	
22-169	10245-10247	ou	Quality[34]	_	_	
22-170	10248-10260	des-agreable	Quality[34]	_	_	
22-171	10260-10261	,	_	_	_	
22-172	10262-10269	saiuant	_	_	_	
22-173	10270-10273	que	_	_	_	
22-174	10274-10276	la	_	_	_	
22-175	10277-10284	mixtion	_	_	_	
22-176	10285-10289	aura	_	_	_	
22-177	10290-10294	plus	_	_	_	
22-178	10295-10297	ou	_	_	_	
22-179	10298-10303	moins	_	_	_	
22-180	10304-10311	d'huile	_	_	_	
22-181	10312-10314	ou	_	_	_	
22-182	10315-10323	d'esprit	_	_	_	
22-183	10323-10324	,	_	_	_	
22-184	10325-10327	ou	_	_	_	
22-185	10328-10329	'	_	_	_	
22-186	10330-10337	qu'elle	_	_	_	
22-187	10338-10342	sera	_	_	_	
22-188	10343-10348	mieux	_	_	_	
22-189	10349-10351	ou	_	_	_	
22-190	10352-10356	plus	_	_	_	
22-191	10357-10360	mal	_	_	_	
22-192	10361-10366	faite	_	_	_	
22-193	10367-10369	ou	_	_	_	
22-194	10370-10379	meflangée	_	_	_	
22-195	10380-10382	ou	_	_	_	
22-196	10383-10388	mieux	_	_	_	
22-197	10389-10391	ou	_	_	_	
22-198	10392-10396	plus	_	_	_	
22-199	10397-10400	mal	_	_	_	
22-200	10401-10408	digerée	_	_	_	
22-201	10408-10409	.	_	_	_	

#Text=Partant nous concluons que tout ainsi que les couleurs procedent de deux principes fixes , sel & terre, aussi que les odeurs prennent leur origine de deux principes volatils , huile & esprit: puis se communiquant en la composition auec les autres elemens causent diuerfes couleurs & odeurs aux mixtes, fuiuant la plus gratté de ou moindre quantité, & le parfait ou imparfait meslange & digests on, comme nous demonstrerons quelque iour plus amplement en nos traittez des erreurs vulgaires de la Médecine.
23-1	10410-10417	Partant	_	_	_	
23-2	10418-10422	nous	_	_	_	
23-3	10423-10432	concluons	_	_	_	
23-4	10433-10436	que	_	_	_	
23-5	10437-10441	tout	_	_	_	
23-6	10442-10447	ainsi	_	_	_	
23-7	10448-10451	que	_	_	_	
23-8	10452-10455	les	_	_	_	
23-9	10456-10464	couleurs	_	_	_	
23-10	10465-10474	procedent	_	_	_	
23-11	10475-10477	de	_	_	_	
23-12	10478-10482	deux	_	_	_	
23-13	10483-10492	principes	_	_	_	
23-14	10493-10498	fixes	_	_	_	
23-15	10499-10500	,	_	_	_	
23-16	10501-10504	sel	_	_	_	
23-17	10505-10506	&	_	_	_	
23-18	10507-10512	terre	_	_	_	
23-19	10512-10513	,	_	_	_	
23-20	10514-10519	aussi	_	_	_	
23-21	10520-10523	que	_	_	_	
23-22	10524-10527	les	_	_	_	
23-23	10528-10534	odeurs	Smell\_Word	*|*	23-32|23-34	
23-24	10535-10543	prennent	_	_	_	
23-25	10544-10548	leur	_	_	_	
23-26	10549-10556	origine	_	_	_	
23-27	10557-10559	de	_	_	_	
23-28	10560-10564	deux	_	_	_	
23-29	10565-10574	principes	_	_	_	
23-30	10575-10583	volatils	_	_	_	
23-31	10584-10585	,	_	_	_	
23-32	10586-10591	huile	Smell\_Source	_	_	
23-33	10592-10593	&	_	_	_	
23-34	10594-10600	esprit	Smell\_Source	_	_	
23-35	10600-10601	:	_	_	_	
23-36	10602-10606	puis	_	_	_	
23-37	10607-10609	se	_	_	_	
23-38	10610-10622	communiquant	_	_	_	
23-39	10623-10625	en	_	_	_	
23-40	10626-10628	la	_	_	_	
23-41	10629-10640	composition	_	_	_	
23-42	10641-10645	auec	_	_	_	
23-43	10646-10649	les	_	_	_	
23-44	10650-10656	autres	_	_	_	
23-45	10657-10664	elemens	_	_	_	
23-46	10665-10672	causent	_	_	_	
23-47	10673-10681	diuerfes	_	_	_	
23-48	10682-10690	couleurs	_	_	_	
23-49	10691-10692	&	_	_	_	
23-50	10693-10699	odeurs	Smell\_Word	_	_	
23-51	10700-10703	aux	_	_	_	
23-52	10704-10710	mixtes	_	_	_	
23-53	10710-10711	,	_	_	_	
23-54	10712-10719	fuiuant	_	_	_	
23-55	10720-10722	la	_	_	_	
23-56	10723-10727	plus	_	_	_	
23-57	10728-10734	gratté	_	_	_	
23-58	10735-10737	de	_	_	_	
23-59	10738-10740	ou	_	_	_	
23-60	10741-10748	moindre	_	_	_	
23-61	10749-10757	quantité	_	_	_	
23-62	10757-10758	,	_	_	_	
23-63	10759-10760	&	_	_	_	
23-64	10761-10763	le	_	_	_	
23-65	10764-10771	parfait	_	_	_	
23-66	10772-10774	ou	_	_	_	
23-67	10775-10784	imparfait	_	_	_	
23-68	10785-10793	meslange	_	_	_	
23-69	10794-10795	&	_	_	_	
23-70	10796-10803	digests	_	_	_	
23-71	10804-10806	on	_	_	_	
23-72	10806-10807	,	_	_	_	
23-73	10808-10813	comme	_	_	_	
23-74	10814-10818	nous	_	_	_	
23-75	10819-10832	demonstrerons	_	_	_	
23-76	10833-10840	quelque	_	_	_	
23-77	10841-10845	iour	_	_	_	
23-78	10846-10850	plus	_	_	_	
23-79	10851-10860	amplement	_	_	_	
23-80	10861-10863	en	_	_	_	
23-81	10864-10867	nos	_	_	_	
23-82	10868-10876	traittez	_	_	_	
23-83	10877-10880	des	_	_	_	
23-84	10881-10888	erreurs	_	_	_	
23-85	10889-10898	vulgaires	_	_	_	
23-86	10899-10901	de	_	_	_	
23-87	10902-10904	la	_	_	_	
23-88	10905-10913	Médecine	_	_	_	
23-89	10913-10914	.	_	_	_	
