#FORMAT=WebAnno TSV 3.3


#Text=In tale considerazione vi siete voluto rendere ancora nel Mondo benemerito dell’antichità, coll’ottenere dalla Reale Munificenza, che questi stessi Monumenti a spese del Regio Erario fossero gelosamente conservati, e, per quanto è possibile, ancor ristorati, acciocchè non finisse di perdere col tempo la Sicilia il grande ornamento di tante celebri memorie, e nel Regno di Ferdinando III. trovassero i posteri il termine della loro rovina, e il principio della loro conservazione, e ristoro: onde e Noi, e i Viaggiatori eternamente potessimo ammirare insieme collo splendido genio di questo Re Filosofo la magnificenza de’ Greci, la vaghezza de’ Romani in farne acquisto, e compiangere gli avanzi dell’ira de’ Cartaginesi.
1-1	0-2	In	
1-2	3-7	tale	
1-3	8-22	considerazione	
1-4	23-25	vi	
1-5	26-31	siete	
1-6	32-38	voluto	
1-7	39-46	rendere	
1-8	47-53	ancora	
1-9	54-57	nel	
1-10	58-63	Mondo	
1-11	64-74	benemerito	
1-12	75-79	dell	
1-13	79-80	’	
1-14	80-89	antichità	
1-15	89-90	,	
1-16	91-95	coll	
1-17	95-96	’	
1-18	96-104	ottenere	
1-19	105-110	dalla	
1-20	111-116	Reale	
1-21	117-128	Munificenza	
1-22	128-129	,	
1-23	130-133	che	
1-24	134-140	questi	
1-25	141-147	stessi	
1-26	148-157	Monumenti	
1-27	158-159	a	
1-28	160-165	spese	
1-29	166-169	del	
1-30	170-175	Regio	
1-31	176-182	Erario	
1-32	183-190	fossero	
1-33	191-202	gelosamente	
1-34	203-213	conservati	
1-35	213-214	,	
1-36	215-216	e	
1-37	216-217	,	
1-38	218-221	per	
1-39	222-228	quanto	
1-40	229-230	è	
1-41	231-240	possibile	
1-42	240-241	,	
1-43	242-247	ancor	
1-44	248-257	ristorati	
1-45	257-258	,	
1-46	259-268	acciocchè	
1-47	269-272	non	
1-48	273-280	finisse	
1-49	281-283	di	
1-50	284-291	perdere	
1-51	292-295	col	
1-52	296-301	tempo	
1-53	302-304	la	
1-54	305-312	Sicilia	
1-55	313-315	il	
1-56	316-322	grande	
1-57	323-332	ornamento	
1-58	333-335	di	
1-59	336-341	tante	
1-60	342-349	celebri	
1-61	350-357	memorie	
1-62	357-358	,	
1-63	359-360	e	
1-64	361-364	nel	
1-65	365-370	Regno	
1-66	371-373	di	
1-67	374-384	Ferdinando	
1-68	385-388	III	
1-69	388-389	.	
1-70	390-400	trovassero	
1-71	401-402	i	
1-72	403-410	posteri	
1-73	411-413	il	
1-74	414-421	termine	
1-75	422-427	della	
1-76	428-432	loro	
1-77	433-439	rovina	
1-78	439-440	,	
1-79	441-442	e	
1-80	443-445	il	
1-81	446-455	principio	
1-82	456-461	della	
1-83	462-466	loro	
1-84	467-480	conservazione	
1-85	480-481	,	
1-86	482-483	e	
1-87	484-491	ristoro	
1-88	491-492	:	
1-89	493-497	onde	
1-90	498-499	e	
1-91	500-503	Noi	
1-92	503-504	,	
1-93	505-506	e	
1-94	507-508	i	
1-95	509-520	Viaggiatori	
1-96	521-532	eternamente	
1-97	533-542	potessimo	
1-98	543-551	ammirare	
1-99	552-559	insieme	
1-100	560-565	collo	
1-101	566-575	splendido	
1-102	576-581	genio	
1-103	582-584	di	
1-104	585-591	questo	
1-105	592-594	Re	
1-106	595-603	Filosofo	
1-107	604-606	la	
1-108	607-619	magnificenza	
1-109	620-622	de	
1-110	622-623	’	
1-111	624-629	Greci	
1-112	629-630	,	
1-113	631-633	la	
1-114	634-642	vaghezza	
1-115	643-645	de	
1-116	645-646	’	
1-117	647-653	Romani	
1-118	654-656	in	
1-119	657-662	farne	
1-120	663-671	acquisto	
1-121	671-672	,	
1-122	673-674	e	
1-123	675-686	compiangere	
1-124	687-690	gli	
1-125	691-697	avanzi	
1-126	698-702	dell	
1-127	702-703	’	
1-128	703-706	ira	
1-129	707-709	de	
1-130	709-710	’	
1-131	711-722	Cartaginesi	
1-132	722-723	.	

#Text=Conseguenza pertanto delle vostre cure certamente può dirsi la presente opera mia, che dovrà servir di guida ai Viaggiatori dalle vostre disposizioni animati ad intraprendere il giro della Sicilia, per ammirare i di lei antichi, e veramente grandiosi Monumenti, e regolatamente poter trovare tutto ciò, che la lunga età, la barbarie, e l’ignoranza hanno lasciato di antico, e che è potuto cadere sotto la mia cognizione.
2-1	724-735	Conseguenza	
2-2	736-744	pertanto	
2-3	745-750	delle	
2-4	751-757	vostre	
2-5	758-762	cure	
2-6	763-773	certamente	
2-7	774-777	può	
2-8	778-783	dirsi	
2-9	784-786	la	
2-10	787-795	presente	
2-11	796-801	opera	
2-12	802-805	mia	
2-13	805-806	,	
2-14	807-810	che	
2-15	811-816	dovrà	
2-16	817-823	servir	
2-17	824-826	di	
2-18	827-832	guida	
2-19	833-835	ai	
2-20	836-847	Viaggiatori	
2-21	848-853	dalle	
2-22	854-860	vostre	
2-23	861-873	disposizioni	
2-24	874-881	animati	
2-25	882-884	ad	
2-26	885-898	intraprendere	
2-27	899-901	il	
2-28	902-906	giro	
2-29	907-912	della	
2-30	913-920	Sicilia	
2-31	920-921	,	
2-32	922-925	per	
2-33	926-934	ammirare	
2-34	935-936	i	
2-35	937-939	di	
2-36	940-943	lei	
2-37	944-951	antichi	
2-38	951-952	,	
2-39	953-954	e	
2-40	955-964	veramente	
2-41	965-974	grandiosi	
2-42	975-984	Monumenti	
2-43	984-985	,	
2-44	986-987	e	
2-45	988-1001	regolatamente	
2-46	1002-1007	poter	
2-47	1008-1015	trovare	
2-48	1016-1021	tutto	
2-49	1022-1025	ciò	
2-50	1025-1026	,	
2-51	1027-1030	che	
2-52	1031-1033	la	
2-53	1034-1039	lunga	
2-54	1040-1043	età	
2-55	1043-1044	,	
2-56	1045-1047	la	
2-57	1048-1056	barbarie	
2-58	1056-1057	,	
2-59	1058-1059	e	
2-60	1060-1061	l	
2-61	1061-1062	’	
2-62	1062-1071	ignoranza	
2-63	1072-1077	hanno	
2-64	1078-1086	lasciato	
2-65	1087-1089	di	
2-66	1090-1096	antico	
2-67	1096-1097	,	
2-68	1098-1099	e	
2-69	1100-1103	che	
2-70	1104-1105	è	
2-71	1106-1112	potuto	
2-72	1113-1119	cadere	
2-73	1120-1125	sotto	
2-74	1126-1128	la	
2-75	1129-1132	mia	
2-76	1133-1143	cognizione	
2-77	1143-1144	.	

#Text=L’idea della vostra grande impresa ha cominciato di già a partorire il suo effetto, molti essendo i Monumenti spettanti a Catania già da me ristorati, e disotterrati, come destinato alla esecuzione di quella grand’opera dalla Real Clemenza per le Provincie de’ due Valli, Demane, e Noto; e molti altri nel Valle di Mazzara dal Principe di Torremuzza, che alla medesima cura per quella Provincia è prescelto.
3-1	1145-1146	L	
3-2	1146-1147	’	
3-3	1147-1151	idea	
3-4	1152-1157	della	
3-5	1158-1164	vostra	
3-6	1165-1171	grande	
3-7	1172-1179	impresa	
3-8	1180-1182	ha	
3-9	1183-1193	cominciato	
3-10	1194-1196	di	
3-11	1197-1200	già	
3-12	1201-1202	a	
3-13	1203-1212	partorire	
3-14	1213-1215	il	
3-15	1216-1219	suo	
3-16	1220-1227	effetto	
3-17	1227-1228	,	
3-18	1229-1234	molti	
3-19	1235-1242	essendo	
3-20	1243-1244	i	
3-21	1245-1254	Monumenti	
3-22	1255-1264	spettanti	
3-23	1265-1266	a	
3-24	1267-1274	Catania	
3-25	1275-1278	già	
3-26	1279-1281	da	
3-27	1282-1284	me	
3-28	1285-1294	ristorati	
3-29	1294-1295	,	
3-30	1296-1297	e	
3-31	1298-1310	disotterrati	
3-32	1310-1311	,	
3-33	1312-1316	come	
3-34	1317-1326	destinato	
3-35	1327-1331	alla	
3-36	1332-1342	esecuzione	
3-37	1343-1345	di	
3-38	1346-1352	quella	
3-39	1353-1358	grand	
3-40	1358-1359	’	
3-41	1359-1364	opera	
3-42	1365-1370	dalla	
3-43	1371-1375	Real	
3-44	1376-1384	Clemenza	
3-45	1385-1388	per	
3-46	1389-1391	le	
3-47	1392-1401	Provincie	
3-48	1402-1404	de	
3-49	1404-1405	’	
3-50	1406-1409	due	
3-51	1410-1415	Valli	
3-52	1415-1416	,	
3-53	1417-1423	Demane	
3-54	1423-1424	,	
3-55	1425-1426	e	
3-56	1427-1431	Noto	
3-57	1431-1432	;	
3-58	1433-1434	e	
3-59	1435-1440	molti	
3-60	1441-1446	altri	
3-61	1447-1450	nel	
3-62	1451-1456	Valle	
3-63	1457-1459	di	
3-64	1460-1467	Mazzara	
3-65	1468-1471	dal	
3-66	1472-1480	Principe	
3-67	1481-1483	di	
3-68	1484-1494	Torremuzza	
3-69	1494-1495	,	
3-70	1496-1499	che	
3-71	1500-1504	alla	
3-72	1505-1513	medesima	
3-73	1514-1518	cura	
3-74	1519-1522	per	
3-75	1523-1529	quella	
3-76	1530-1539	Provincia	
3-77	1540-1541	è	
3-78	1542-1551	prescelto	
3-79	1551-1552	.	

#Text=Vedete dunque, se rettamente penso, dedicando all’Eccellenza Vostra questa fatica, che altra ragione non riconosce, se non le vostre mire, e che altro non ho con essa preteso, che secondare le grandiose vostre idee.
4-1	1553-1559	Vedete	
4-2	1560-1566	dunque	
4-3	1566-1567	,	
4-4	1568-1570	se	
4-5	1571-1581	rettamente	
4-6	1582-1587	penso	
4-7	1587-1588	,	
4-8	1589-1598	dedicando	
4-9	1599-1602	all	
4-10	1602-1603	’	
4-11	1603-1613	Eccellenza	
4-12	1614-1620	Vostra	
4-13	1621-1627	questa	
4-14	1628-1634	fatica	
4-15	1634-1635	,	
4-16	1636-1639	che	
4-17	1640-1645	altra	
4-18	1646-1653	ragione	
4-19	1654-1657	non	
4-20	1658-1667	riconosce	
4-21	1667-1668	,	
4-22	1669-1671	se	
4-23	1672-1675	non	
4-24	1676-1678	le	
4-25	1679-1685	vostre	
4-26	1686-1690	mire	
4-27	1690-1691	,	
4-28	1692-1693	e	
4-29	1694-1697	che	
4-30	1698-1703	altro	
4-31	1704-1707	non	
4-32	1708-1710	ho	
4-33	1711-1714	con	
4-34	1715-1719	essa	
4-35	1720-1727	preteso	
4-36	1727-1728	,	
4-37	1729-1732	che	
4-38	1733-1742	secondare	
4-39	1743-1745	le	
4-40	1746-1755	grandiose	
4-41	1756-1762	vostre	
4-42	1763-1767	idee	
4-43	1767-1768	.	

#Text=Accettate dunque sotto la vostra protezione questo più tosto della vostra, che parto della mia mente, e riconoscete in essa una parte di quell’ossequio, che per l’Eccellenza Vostra conservo, e che perpetuamente mi farà essere uno degli adoratori della vostra virtù.
5-1	1769-1778	Accettate	
5-2	1779-1785	dunque	
5-3	1786-1791	sotto	
5-4	1792-1794	la	
5-5	1795-1801	vostra	
5-6	1802-1812	protezione	
5-7	1813-1819	questo	
5-8	1820-1823	più	
5-9	1824-1829	tosto	
5-10	1830-1835	della	
5-11	1836-1842	vostra	
5-12	1842-1843	,	
5-13	1844-1847	che	
5-14	1848-1853	parto	
5-15	1854-1859	della	
5-16	1860-1863	mia	
5-17	1864-1869	mente	
5-18	1869-1870	,	
5-19	1871-1872	e	
5-20	1873-1884	riconoscete	
5-21	1885-1887	in	
5-22	1888-1892	essa	
5-23	1893-1896	una	
5-24	1897-1902	parte	
5-25	1903-1905	di	
5-26	1906-1911	quell	
5-27	1911-1912	’	
5-28	1912-1920	ossequio	
5-29	1920-1921	,	
5-30	1922-1925	che	
5-31	1926-1929	per	
5-32	1930-1931	l	
5-33	1931-1932	’	
5-34	1932-1942	Eccellenza	
5-35	1943-1949	Vostra	
5-36	1950-1958	conservo	
5-37	1958-1959	,	
5-38	1960-1961	e	
5-39	1962-1965	che	
5-40	1966-1979	perpetuamente	
5-41	1980-1982	mi	
5-42	1983-1987	farà	
5-43	1988-1994	essere	
5-44	1995-1998	uno	
5-45	1999-2004	degli	
5-46	2005-2014	adoratori	
5-47	2015-2020	della	
5-48	2021-2027	vostra	
5-49	2028-2033	virtù	
5-50	2033-2034	.	

#Text=Ben avventurata è da reputarsi oggi l’Europa tutta, poichè ella è governata da tanti Principi, che a gara sembrano intenti a rendere felici i loro dominj; e perciò l’età nostra si può sopra ogni altra gloriare, e beata chiamare.
6-1	2035-2038	Ben	
6-2	2039-2050	avventurata	
6-3	2051-2052	è	
6-4	2053-2055	da	
6-5	2056-2065	reputarsi	
6-6	2066-2070	oggi	
6-7	2071-2072	l	
6-8	2072-2073	’	
6-9	2073-2079	Europa	
6-10	2080-2085	tutta	
6-11	2085-2086	,	
6-12	2087-2093	poichè	
6-13	2094-2098	ella	
6-14	2099-2100	è	
6-15	2101-2110	governata	
6-16	2111-2113	da	
6-17	2114-2119	tanti	
6-18	2120-2128	Principi	
6-19	2128-2129	,	
6-20	2130-2133	che	
6-21	2134-2135	a	
6-22	2136-2140	gara	
6-23	2141-2149	sembrano	
6-24	2150-2157	intenti	
6-25	2158-2159	a	
6-26	2160-2167	rendere	
6-27	2168-2174	felici	
6-28	2175-2176	i	
6-29	2177-2181	loro	
6-30	2182-2188	dominj	
6-31	2188-2189	;	
6-32	2190-2191	e	
6-33	2192-2198	perciò	
6-34	2199-2200	l	
6-35	2200-2201	’	
6-36	2201-2204	età	
6-37	2205-2211	nostra	
6-38	2212-2214	si	
6-39	2215-2218	può	
6-40	2219-2224	sopra	
6-41	2225-2229	ogni	
6-42	2230-2235	altra	
6-43	2236-2244	gloriare	
6-44	2244-2245	,	
6-45	2246-2247	e	
6-46	2248-2253	beata	
6-47	2254-2262	chiamare	
6-48	2262-2263	.	

#Text=Si è finalmente conosciuto, che non la sola estensione di vasto imperio rende potente, e rispettabile un Principe; ma che la più salda base di sua potenza si è l’amore de’ Sudditi guidati da savie leggi, il giogo delle quali rende esso lieve, e soave colla retta amministrazione della Giustizia.
7-1	2264-2266	Si	
7-2	2267-2268	è	
7-3	2269-2279	finalmente	
7-4	2280-2290	conosciuto	
7-5	2290-2291	,	
7-6	2292-2295	che	
7-7	2296-2299	non	
7-8	2300-2302	la	
7-9	2303-2307	sola	
7-10	2308-2318	estensione	
7-11	2319-2321	di	
7-12	2322-2327	vasto	
7-13	2328-2335	imperio	
7-14	2336-2341	rende	
7-15	2342-2349	potente	
7-16	2349-2350	,	
7-17	2351-2352	e	
7-18	2353-2365	rispettabile	
7-19	2366-2368	un	
7-20	2369-2377	Principe	
7-21	2377-2378	;	
7-22	2379-2381	ma	
7-23	2382-2385	che	
7-24	2386-2388	la	
7-25	2389-2392	più	
7-26	2393-2398	salda	
7-27	2399-2403	base	
7-28	2404-2406	di	
7-29	2407-2410	sua	
7-30	2411-2418	potenza	
7-31	2419-2421	si	
7-32	2422-2423	è	
7-33	2424-2425	l	
7-34	2425-2426	’	
7-35	2426-2431	amore	
7-36	2432-2434	de	
7-37	2434-2435	’	
7-38	2436-2443	Sudditi	
7-39	2444-2451	guidati	
7-40	2452-2454	da	
7-41	2455-2460	savie	
7-42	2461-2466	leggi	
7-43	2466-2467	,	
7-44	2468-2470	il	
7-45	2471-2476	giogo	
7-46	2477-2482	delle	
7-47	2483-2488	quali	
7-48	2489-2494	rende	
7-49	2495-2499	esso	
7-50	2500-2505	lieve	
7-51	2505-2506	,	
7-52	2507-2508	e	
7-53	2509-2514	soave	
7-54	2515-2520	colla	
7-55	2521-2526	retta	
7-56	2527-2542	amministrazione	
7-57	2543-2548	della	
7-58	2549-2558	Giustizia	
7-59	2558-2559	.	

#Text=La protezione del loro commercio, che ricchi, ed opulenti gli rende, non fa parer loro dispiacevoli quei pesi necessarj allo Stato, il valore de’ quali in mano del comun Padre si deposita, e, per quanto comporta il Regio decoro, in loro favore per tanti indiretti canali si trasfonde.
8-1	2560-2562	La	
8-2	2563-2573	protezione	
8-3	2574-2577	del	
8-4	2578-2582	loro	
8-5	2583-2592	commercio	
8-6	2592-2593	,	
8-7	2594-2597	che	
8-8	2598-2604	ricchi	
8-9	2604-2605	,	
8-10	2606-2608	ed	
8-11	2609-2617	opulenti	
8-12	2618-2621	gli	
8-13	2622-2627	rende	
8-14	2627-2628	,	
8-15	2629-2632	non	
8-16	2633-2635	fa	
8-17	2636-2641	parer	
8-18	2642-2646	loro	
8-19	2647-2659	dispiacevoli	
8-20	2660-2664	quei	
8-21	2665-2669	pesi	
8-22	2670-2679	necessarj	
8-23	2680-2684	allo	
8-24	2685-2690	Stato	
8-25	2690-2691	,	
8-26	2692-2694	il	
8-27	2695-2701	valore	
8-28	2702-2704	de	
8-29	2704-2705	’	
8-30	2706-2711	quali	
8-31	2712-2714	in	
8-32	2715-2719	mano	
8-33	2720-2723	del	
8-34	2724-2729	comun	
8-35	2730-2735	Padre	
8-36	2736-2738	si	
8-37	2739-2747	deposita	
8-38	2747-2748	,	
8-39	2749-2750	e	
8-40	2750-2751	,	
8-41	2752-2755	per	
8-42	2756-2762	quanto	
8-43	2763-2771	comporta	
8-44	2772-2774	il	
8-45	2775-2780	Regio	
8-46	2781-2787	decoro	
8-47	2787-2788	,	
8-48	2789-2791	in	
8-49	2792-2796	loro	
8-50	2797-2803	favore	
8-51	2804-2807	per	
8-52	2808-2813	tanti	
8-53	2814-2823	indiretti	
8-54	2824-2830	canali	
8-55	2831-2833	si	
8-56	2834-2843	trasfonde	
8-57	2843-2844	.	

#Text=Quindi coltivate, e protette si veggono le arti, cresciute le manifatture, steso il commercio, aumentata l’agricoltura fonte della umana ricchezza.
9-1	2845-2851	Quindi	
9-2	2852-2861	coltivate	
9-3	2861-2862	,	
9-4	2863-2864	e	
9-5	2865-2873	protette	
9-6	2874-2876	si	
9-7	2877-2884	veggono	
9-8	2885-2887	le	
9-9	2888-2892	arti	
9-10	2892-2893	,	
9-11	2894-2903	cresciute	
9-12	2904-2906	le	
9-13	2907-2918	manifatture	
9-14	2918-2919	,	
9-15	2920-2925	steso	
9-16	2926-2928	il	
9-17	2929-2938	commercio	
9-18	2938-2939	,	
9-19	2940-2949	aumentata	
9-20	2950-2951	l	
9-21	2951-2952	’	
9-22	2952-2963	agricoltura	
9-23	2964-2969	fonte	
9-24	2970-2975	della	
9-25	2976-2981	umana	
9-26	2982-2991	ricchezza	
9-27	2991-2992	.	

#Text=Quale amore non isveglia ne’ sudditi un Principe, il quale quasi scordandosi della Regia eminenza, affabile si rende, ed umano, e nel suddito non considera altro, che il suo simile?
10-1	2993-2998	Quale	
10-2	2999-3004	amore	
10-3	3005-3008	non	
10-4	3009-3017	isveglia	
10-5	3018-3020	ne	
10-6	3020-3021	’	
10-7	3022-3029	sudditi	
10-8	3030-3032	un	
10-9	3033-3041	Principe	
10-10	3041-3042	,	
10-11	3043-3045	il	
10-12	3046-3051	quale	
10-13	3052-3057	quasi	
10-14	3058-3069	scordandosi	
10-15	3070-3075	della	
10-16	3076-3081	Regia	
10-17	3082-3090	eminenza	
10-18	3090-3091	,	
10-19	3092-3100	affabile	
10-20	3101-3103	si	
10-21	3104-3109	rende	
10-22	3109-3110	,	
10-23	3111-3113	ed	
10-24	3114-3119	umano	
10-25	3119-3120	,	
10-26	3121-3122	e	
10-27	3123-3126	nel	
10-28	3127-3134	suddito	
10-29	3135-3138	non	
10-30	3139-3148	considera	
10-31	3149-3154	altro	
10-32	3154-3155	,	
10-33	3156-3159	che	
10-34	3160-3162	il	
10-35	3163-3166	suo	
10-36	3167-3173	simile	
10-37	3173-3174	?	

#Text=Perciò si veggono con molto favore introdotte nella Regia le Muse, quasi come per mano condotte da’ saggj illuminati Ministri: l’ozio perseguitato con dolci, e savj modi; promossa in universale l’educazione della Gioventù, per renderla giovevole allo Stato, e per esercitarla nelle arti, e nelle manifatture: con premj, e con privilegi animata l’Agraria alla coltura; resi utili immensi paludosi terreni.
11-1	3175-3181	Perciò	
11-2	3182-3184	si	
11-3	3185-3192	veggono	
11-4	3193-3196	con	
11-5	3197-3202	molto	
11-6	3203-3209	favore	
11-7	3210-3220	introdotte	
11-8	3221-3226	nella	
11-9	3227-3232	Regia	
11-10	3233-3235	le	
11-11	3236-3240	Muse	
11-12	3240-3241	,	
11-13	3242-3247	quasi	
11-14	3248-3252	come	
11-15	3253-3256	per	
11-16	3257-3261	mano	
11-17	3262-3270	condotte	
11-18	3271-3273	da	
11-19	3273-3274	’	
11-20	3275-3280	saggj	
11-21	3281-3291	illuminati	
11-22	3292-3300	Ministri	
11-23	3300-3301	:	
11-24	3302-3303	l	
11-25	3303-3304	’	
11-26	3304-3308	ozio	
11-27	3309-3321	perseguitato	
11-28	3322-3325	con	
11-29	3326-3331	dolci	
11-30	3331-3332	,	
11-31	3333-3334	e	
11-32	3335-3339	savj	
11-33	3340-3344	modi	
11-34	3344-3345	;	
11-35	3346-3354	promossa	
11-36	3355-3357	in	
11-37	3358-3368	universale	
11-38	3369-3370	l	
11-39	3370-3371	’	
11-40	3371-3381	educazione	
11-41	3382-3387	della	
11-42	3388-3396	Gioventù	
11-43	3396-3397	,	
11-44	3398-3401	per	
11-45	3402-3410	renderla	
11-46	3411-3420	giovevole	
11-47	3421-3425	allo	
11-48	3426-3431	Stato	
11-49	3431-3432	,	
11-50	3433-3434	e	
11-51	3435-3438	per	
11-52	3439-3450	esercitarla	
11-53	3451-3456	nelle	
11-54	3457-3461	arti	
11-55	3461-3462	,	
11-56	3463-3464	e	
11-57	3465-3470	nelle	
11-58	3471-3482	manifatture	
11-59	3482-3483	:	
11-60	3484-3487	con	
11-61	3488-3493	premj	
11-62	3493-3494	,	
11-63	3495-3496	e	
11-64	3497-3500	con	
11-65	3501-3510	privilegi	
11-66	3511-3518	animata	
11-67	3519-3520	l	
11-68	3520-3521	’	
11-69	3521-3528	Agraria	
11-70	3529-3533	alla	
11-71	3534-3541	coltura	
11-72	3541-3542	;	
11-73	3543-3547	resi	
11-74	3548-3553	utili	
11-75	3554-3561	immensi	
11-76	3562-3570	paludosi	
11-77	3571-3578	terreni	
11-78	3578-3579	.	

#Text=È divenuta in somma l’oggetto delle cure de’ Principi l’Agricoltura, e non isdegnano essi di onorare de’ sublimi loro guardi le industriose opere de’ fatigati coloni; nè cessano di procacciare tutto quell’altro, che può contribuire alla vera felicità del loro dominio, e che vale a far nascere, e confermare il tenero amore de’ beneficati Sudditi verso il generoso Principe.
12-1	3580-3581	È	
12-2	3582-3590	divenuta	
12-3	3591-3593	in	
12-4	3594-3599	somma	
12-5	3600-3601	l	
12-6	3601-3602	’	
12-7	3602-3609	oggetto	
12-8	3610-3615	delle	
12-9	3616-3620	cure	
12-10	3621-3623	de	
12-11	3623-3624	’	
12-12	3625-3633	Principi	
12-13	3634-3635	l	
12-14	3635-3636	’	
12-15	3636-3647	Agricoltura	
12-16	3647-3648	,	
12-17	3649-3650	e	
12-18	3651-3654	non	
12-19	3655-3664	isdegnano	
12-20	3665-3669	essi	
12-21	3670-3672	di	
12-22	3673-3680	onorare	
12-23	3681-3683	de	
12-24	3683-3684	’	
12-25	3685-3692	sublimi	
12-26	3693-3697	loro	
12-27	3698-3704	guardi	
12-28	3705-3707	le	
12-29	3708-3719	industriose	
12-30	3720-3725	opere	
12-31	3726-3728	de	
12-32	3728-3729	’	
12-33	3730-3738	fatigati	
12-34	3739-3745	coloni	
12-35	3745-3746	;	
12-36	3747-3749	nè	
12-37	3750-3757	cessano	
12-38	3758-3760	di	
12-39	3761-3772	procacciare	
12-40	3773-3778	tutto	
12-41	3779-3784	quell	
12-42	3784-3785	’	
12-43	3785-3790	altro	
12-44	3790-3791	,	
12-45	3792-3795	che	
12-46	3796-3799	può	
12-47	3800-3811	contribuire	
12-48	3812-3816	alla	
12-49	3817-3821	vera	
12-50	3822-3830	felicità	
12-51	3831-3834	del	
12-52	3835-3839	loro	
12-53	3840-3847	dominio	
12-54	3847-3848	,	
12-55	3849-3850	e	
12-56	3851-3854	che	
12-57	3855-3859	vale	
12-58	3860-3861	a	
12-59	3862-3865	far	
12-60	3866-3873	nascere	
12-61	3873-3874	,	
12-62	3875-3876	e	
12-63	3877-3887	confermare	
12-64	3888-3890	il	
12-65	3891-3897	tenero	
12-66	3898-3903	amore	
12-67	3904-3906	de	
12-68	3906-3907	’	
12-69	3908-3918	beneficati	
12-70	3919-3926	Sudditi	
12-71	3927-3932	verso	
12-72	3933-3935	il	
12-73	3936-3944	generoso	
12-74	3945-3953	Principe	
12-75	3953-3954	.	

#Text=D’ondechè, fatti eglino riconoscenti di tanti benefizj, ben saprebbero, quando l’uopo il richiedesse, sacrificarsi per lo Regio decoro.
13-1	3955-3956	D	
13-2	3956-3957	’	
13-3	3957-3964	ondechè	
13-4	3964-3965	,	
13-5	3966-3971	fatti	
13-6	3972-3978	eglino	
13-7	3979-3991	riconoscenti	
13-8	3992-3994	di	
13-9	3995-4000	tanti	
13-10	4001-4009	benefizj	
13-11	4009-4010	,	
13-12	4011-4014	ben	
13-13	4015-4025	saprebbero	
13-14	4025-4026	,	
13-15	4027-4033	quando	
13-16	4034-4035	l	
13-17	4035-4036	’	
13-18	4036-4040	uopo	
13-19	4041-4043	il	
13-20	4044-4055	richiedesse	
13-21	4055-4056	,	
13-22	4057-4069	sacrificarsi	
13-23	4070-4073	per	
13-24	4074-4076	lo	
13-25	4077-4082	Regio	
13-26	4083-4089	decoro	
13-27	4089-4090	.	

#Text=Per la qual cosa io ardisco con franchezza affermare, che non vi sia, nè esser vi possa sulla Terra Principe più potente di colui, che sia amato, e caro tenuto da’ suoi suggetti.
14-1	4091-4094	Per	
14-2	4095-4097	la	
14-3	4098-4102	qual	
14-4	4103-4107	cosa	
14-5	4108-4110	io	
14-6	4111-4118	ardisco	
14-7	4119-4122	con	
14-8	4123-4133	franchezza	
14-9	4134-4143	affermare	
14-10	4143-4144	,	
14-11	4145-4148	che	
14-12	4149-4152	non	
14-13	4153-4155	vi	
14-14	4156-4159	sia	
14-15	4159-4160	,	
14-16	4161-4163	nè	
14-17	4164-4169	esser	
14-18	4170-4172	vi	
14-19	4173-4178	possa	
14-20	4179-4184	sulla	
14-21	4185-4190	Terra	
14-22	4191-4199	Principe	
14-23	4200-4203	più	
14-24	4204-4211	potente	
14-25	4212-4214	di	
14-26	4215-4220	colui	
14-27	4220-4221	,	
14-28	4222-4225	che	
14-29	4226-4229	sia	
14-30	4230-4235	amato	
14-31	4235-4236	,	
14-32	4237-4238	e	
14-33	4239-4243	caro	
14-34	4244-4250	tenuto	
14-35	4251-4253	da	
14-36	4253-4254	’	
14-37	4255-4259	suoi	
14-38	4260-4268	suggetti	
14-39	4268-4269	.	

#Text=Se tale è la comune felice situazione di tutta l’Europa, quanto maggiormente debbono stimarsi favoriti dal Cielo questi della Sicilia fortunati Regni, ch’ebbero in sorte non che un Principe, ma un Padre, la cui vigilante premura è intenta sempre alla comune felicità de’ suoi Popoli?
15-1	4270-4272	Se	
15-2	4273-4277	tale	
15-3	4278-4279	è	
15-4	4280-4282	la	
15-5	4283-4289	comune	
15-6	4290-4296	felice	
15-7	4297-4307	situazione	
15-8	4308-4310	di	
15-9	4311-4316	tutta	
15-10	4317-4318	l	
15-11	4318-4319	’	
15-12	4319-4325	Europa	
15-13	4325-4326	,	
15-14	4327-4333	quanto	
15-15	4334-4346	maggiormente	
15-16	4347-4354	debbono	
15-17	4355-4363	stimarsi	
15-18	4364-4372	favoriti	
15-19	4373-4376	dal	
15-20	4377-4382	Cielo	
15-21	4383-4389	questi	
15-22	4390-4395	della	
15-23	4396-4403	Sicilia	
15-24	4404-4413	fortunati	
15-25	4414-4419	Regni	
15-26	4419-4420	,	
15-27	4421-4423	ch	
15-28	4423-4424	’	
15-29	4424-4430	ebbero	
15-30	4431-4433	in	
15-31	4434-4439	sorte	
15-32	4440-4443	non	
15-33	4444-4447	che	
15-34	4448-4450	un	
15-35	4451-4459	Principe	
15-36	4459-4460	,	
15-37	4461-4463	ma	
15-38	4464-4466	un	
15-39	4467-4472	Padre	
15-40	4472-4473	,	
15-41	4474-4476	la	
15-42	4477-4480	cui	
15-43	4481-4490	vigilante	
15-44	4491-4498	premura	
15-45	4499-4500	è	
15-46	4501-4508	intenta	
15-47	4509-4515	sempre	
15-48	4516-4520	alla	
15-49	4521-4527	comune	
15-50	4528-4536	felicità	
15-51	4537-4539	de	
15-52	4539-4540	’	
15-53	4541-4545	suoi	
15-54	4546-4552	Popoli	
15-55	4552-4553	?	

#Text=Egli non contento delle grandi annuali contribuzioni per la istituzione di varj nobili Collegj, per le fondazioni di nuove Accademie, e di molte Case di educazione per la povera gente, per la ristaurazione delle Università, per le fabbriche di Porti, e di Caricatori per la estensione del Siciliano commercio, ha desiderato, quale amoroso Padre di famiglia, tutti avere presenti i suoi Sudditi, per ispandere sopra di loro le sue provvide grazie ai meritevoli, e gli atti di sua giustizia ai ricorrenti.
16-1	4554-4558	Egli	
16-2	4559-4562	non	
16-3	4563-4571	contento	
16-4	4572-4577	delle	
16-5	4578-4584	grandi	
16-6	4585-4592	annuali	
16-7	4593-4606	contribuzioni	
16-8	4607-4610	per	
16-9	4611-4613	la	
16-10	4614-4625	istituzione	
16-11	4626-4628	di	
16-12	4629-4633	varj	
16-13	4634-4640	nobili	
16-14	4641-4648	Collegj	
16-15	4648-4649	,	
16-16	4650-4653	per	
16-17	4654-4656	le	
16-18	4657-4667	fondazioni	
16-19	4668-4670	di	
16-20	4671-4676	nuove	
16-21	4677-4686	Accademie	
16-22	4686-4687	,	
16-23	4688-4689	e	
16-24	4690-4692	di	
16-25	4693-4698	molte	
16-26	4699-4703	Case	
16-27	4704-4706	di	
16-28	4707-4717	educazione	
16-29	4718-4721	per	
16-30	4722-4724	la	
16-31	4725-4731	povera	
16-32	4732-4737	gente	
16-33	4737-4738	,	
16-34	4739-4742	per	
16-35	4743-4745	la	
16-36	4746-4759	ristaurazione	
16-37	4760-4765	delle	
16-38	4766-4776	Università	
16-39	4776-4777	,	
16-40	4778-4781	per	
16-41	4782-4784	le	
16-42	4785-4794	fabbriche	
16-43	4795-4797	di	
16-44	4798-4803	Porti	
16-45	4803-4804	,	
16-46	4805-4806	e	
16-47	4807-4809	di	
16-48	4810-4820	Caricatori	
16-49	4821-4824	per	
16-50	4825-4827	la	
16-51	4828-4838	estensione	
16-52	4839-4842	del	
16-53	4843-4852	Siciliano	
16-54	4853-4862	commercio	
16-55	4862-4863	,	
16-56	4864-4866	ha	
16-57	4867-4877	desiderato	
16-58	4877-4878	,	
16-59	4879-4884	quale	
16-60	4885-4892	amoroso	
16-61	4893-4898	Padre	
16-62	4899-4901	di	
16-63	4902-4910	famiglia	
16-64	4910-4911	,	
16-65	4912-4917	tutti	
16-66	4918-4923	avere	
16-67	4924-4932	presenti	
16-68	4933-4934	i	
16-69	4935-4939	suoi	
16-70	4940-4947	Sudditi	
16-71	4947-4948	,	
16-72	4949-4952	per	
16-73	4953-4962	ispandere	
16-74	4963-4968	sopra	
16-75	4969-4971	di	
16-76	4972-4976	loro	
16-77	4977-4979	le	
16-78	4980-4983	sue	
16-79	4984-4992	provvide	
16-80	4993-4999	grazie	
16-81	5000-5002	ai	
16-82	5003-5013	meritevoli	
16-83	5013-5014	,	
16-84	5015-5016	e	
16-85	5017-5020	gli	
16-86	5021-5025	atti	
16-87	5026-5028	di	
16-88	5029-5032	sua	
16-89	5033-5042	giustizia	
16-90	5043-5045	ai	
16-91	5046-5056	ricorrenti	
16-92	5056-5057	.	

#Text=Ma considerando tanto non permettere la vastità de’ suoi Regni, pensò la provvida Sua Mente superare in gran parte le difficoltà, che a tal vasto progetto si oppongono.
17-1	5058-5060	Ma	
17-2	5061-5073	considerando	
17-3	5074-5079	tanto	
17-4	5080-5083	non	
17-5	5084-5094	permettere	
17-6	5095-5097	la	
17-7	5098-5105	vastità	
17-8	5106-5108	de	
17-9	5108-5109	’	
17-10	5110-5114	suoi	
17-11	5115-5120	Regni	
17-12	5120-5121	,	
17-13	5122-5127	pensò	
17-14	5128-5130	la	
17-15	5131-5139	provvida	
17-16	5140-5143	Sua	
17-17	5144-5149	Mente	
17-18	5150-5158	superare	
17-19	5159-5161	in	
17-20	5162-5166	gran	
17-21	5167-5172	parte	
17-22	5173-5175	le	
17-23	5176-5186	difficoltà	
17-24	5186-5187	,	
17-25	5188-5191	che	
17-26	5192-5193	a	
17-27	5194-5197	tal	
17-28	5198-5203	vasto	
17-29	5204-5212	progetto	
17-30	5213-5215	si	
17-31	5216-5225	oppongono	
17-32	5225-5226	.	

#Text=Stabilì perciò, che magnifica Regia Strada, partendosi dalla Metropoli Città di Napoli, tutto quel Regno traversasse, e tragittato il breve tratto di mare tra Regio, e la Sicilia, venisse in Messina a trovare il Capo di simile corrispondente via, la quale quest’Isola ancora intersecando, si stendesse sino alla Capitale Palermo; in maniera che qualunque delle Capitali volesse Egli onorare della Regia sua permanenza, trovassero i Sudditi de’ due Regni facile l’accesso al fonte delle sue grazie.
18-1	5227-5234	Stabilì	
18-2	5235-5241	perciò	
18-3	5241-5242	,	
18-4	5243-5246	che	
18-5	5247-5256	magnifica	
18-6	5257-5262	Regia	
18-7	5263-5269	Strada	
18-8	5269-5270	,	
18-9	5271-5281	partendosi	
18-10	5282-5287	dalla	
18-11	5288-5297	Metropoli	
18-12	5298-5303	Città	
18-13	5304-5306	di	
18-14	5307-5313	Napoli	
18-15	5313-5314	,	
18-16	5315-5320	tutto	
18-17	5321-5325	quel	
18-18	5326-5331	Regno	
18-19	5332-5343	traversasse	
18-20	5343-5344	,	
18-21	5345-5346	e	
18-22	5347-5357	tragittato	
18-23	5358-5360	il	
18-24	5361-5366	breve	
18-25	5367-5373	tratto	
18-26	5374-5376	di	
18-27	5377-5381	mare	
18-28	5382-5385	tra	
18-29	5386-5391	Regio	
18-30	5391-5392	,	
18-31	5393-5394	e	
18-32	5395-5397	la	
18-33	5398-5405	Sicilia	
18-34	5405-5406	,	
18-35	5407-5414	venisse	
18-36	5415-5417	in	
18-37	5418-5425	Messina	
18-38	5426-5427	a	
18-39	5428-5435	trovare	
18-40	5436-5438	il	
18-41	5439-5443	Capo	
18-42	5444-5446	di	
18-43	5447-5453	simile	
18-44	5454-5468	corrispondente	
18-45	5469-5472	via	
18-46	5472-5473	,	
18-47	5474-5476	la	
18-48	5477-5482	quale	
18-49	5483-5488	quest	
18-50	5488-5489	’	
18-51	5489-5494	Isola	
18-52	5495-5501	ancora	
18-53	5502-5514	intersecando	
18-54	5514-5515	,	
18-55	5516-5518	si	
18-56	5519-5528	stendesse	
18-57	5529-5533	sino	
18-58	5534-5538	alla	
18-59	5539-5547	Capitale	
18-60	5548-5555	Palermo	
18-61	5555-5556	;	
18-62	5557-5559	in	
18-63	5560-5567	maniera	
18-64	5568-5571	che	
18-65	5572-5581	qualunque	
18-66	5582-5587	delle	
18-67	5588-5596	Capitali	
18-68	5597-5604	volesse	
18-69	5605-5609	Egli	
18-70	5610-5617	onorare	
18-71	5618-5623	della	
18-72	5624-5629	Regia	
18-73	5630-5633	sua	
18-74	5634-5644	permanenza	
18-75	5644-5645	,	
18-76	5646-5656	trovassero	
18-77	5657-5658	i	
18-78	5659-5666	Sudditi	
18-79	5667-5669	de	
18-80	5669-5670	’	
18-81	5671-5674	due	
18-82	5675-5680	Regni	
18-83	5681-5687	facile	
18-84	5688-5689	l	
18-85	5689-5690	’	
18-86	5690-5697	accesso	
18-87	5698-5700	al	
18-88	5701-5706	fonte	
18-89	5707-5712	delle	
18-90	5713-5716	sue	
18-91	5717-5723	grazie	
18-92	5723-5724	.	

#Text=Regni fortunati, ecco arrivata l’epoca delle vostre felicità.
19-1	5725-5730	Regni	
19-2	5731-5740	fortunati	
19-3	5740-5741	,	
19-4	5742-5746	ecco	
19-5	5747-5755	arrivata	
19-6	5756-5757	l	
19-7	5757-5758	’	
19-8	5758-5763	epoca	
19-9	5764-5769	delle	
19-10	5770-5776	vostre	
19-11	5777-5785	felicità	
19-12	5785-5786	.	

#Text=Fra breve vedrete condotto al termine il mezzo, che vi avvicina al vostro Padre; il quale vi farà sperare, che il suo paterno amore lo spinga a visitare le vostre amene contrade, ed onorarvi de’ suoi Regj sguardi, facendovi ancora provare gli effetti di sua Regale munificenza.
20-1	5787-5790	Fra	
20-2	5791-5796	breve	
20-3	5797-5804	vedrete	
20-4	5805-5813	condotto	
20-5	5814-5816	al	
20-6	5817-5824	termine	
20-7	5825-5827	il	
20-8	5828-5833	mezzo	
20-9	5833-5834	,	
20-10	5835-5838	che	
20-11	5839-5841	vi	
20-12	5842-5850	avvicina	
20-13	5851-5853	al	
20-14	5854-5860	vostro	
20-15	5861-5866	Padre	
20-16	5866-5867	;	
20-17	5868-5870	il	
20-18	5871-5876	quale	
20-19	5877-5879	vi	
20-20	5880-5884	farà	
20-21	5885-5892	sperare	
20-22	5892-5893	,	
20-23	5894-5897	che	
20-24	5898-5900	il	
20-25	5901-5904	suo	
20-26	5905-5912	paterno	
20-27	5913-5918	amore	
20-28	5919-5921	lo	
20-29	5922-5928	spinga	
20-30	5929-5930	a	
20-31	5931-5939	visitare	
20-32	5940-5942	le	
20-33	5943-5949	vostre	
20-34	5950-5955	amene	
20-35	5956-5964	contrade	
20-36	5964-5965	,	
20-37	5966-5968	ed	
20-38	5969-5977	onorarvi	
20-39	5978-5980	de	
20-40	5980-5981	’	
20-41	5982-5986	suoi	
20-42	5987-5991	Regj	
20-43	5992-5999	sguardi	
20-44	5999-6000	,	
20-45	6001-6010	facendovi	
20-46	6011-6017	ancora	
20-47	6018-6025	provare	
20-48	6026-6029	gli	
20-49	6030-6037	effetti	
20-50	6038-6040	di	
20-51	6041-6044	sua	
20-52	6045-6051	Regale	
20-53	6052-6063	munificenza	
20-54	6063-6064	.	

#Text=Questo intraprendimento così magnifico non solo riguarda il vostro comodo, o Sudditi avventurosi, ma sommi saranno gli utili, che sarete per riportarne, e più di ogn’altro quello, che non sarete più riputati, per la difficoltà delle vie, una parte del Mondo quasi separata dall’umano consorzio; giacchè per essa spauriti i più arditi Viaggiatori, si rimanevano di visitare questo per tanti riguardi ammirabile Regno.
21-1	6065-6071	Questo	
21-2	6072-6088	intraprendimento	
21-3	6089-6093	così	
21-4	6094-6103	magnifico	
21-5	6104-6107	non	
21-6	6108-6112	solo	
21-7	6113-6121	riguarda	
21-8	6122-6124	il	
21-9	6125-6131	vostro	
21-10	6132-6138	comodo	
21-11	6138-6139	,	
21-12	6140-6141	o	
21-13	6142-6149	Sudditi	
21-14	6150-6161	avventurosi	
21-15	6161-6162	,	
21-16	6163-6165	ma	
21-17	6166-6171	sommi	
21-18	6172-6179	saranno	
21-19	6180-6183	gli	
21-20	6184-6189	utili	
21-21	6189-6190	,	
21-22	6191-6194	che	
21-23	6195-6201	sarete	
21-24	6202-6205	per	
21-25	6206-6216	riportarne	
21-26	6216-6217	,	
21-27	6218-6219	e	
21-28	6220-6223	più	
21-29	6224-6226	di	
21-30	6227-6230	ogn	
21-31	6230-6231	’	
21-32	6231-6236	altro	
21-33	6237-6243	quello	
21-34	6243-6244	,	
21-35	6245-6248	che	
21-36	6249-6252	non	
21-37	6253-6259	sarete	
21-38	6260-6263	più	
21-39	6264-6272	riputati	
21-40	6272-6273	,	
21-41	6274-6277	per	
21-42	6278-6280	la	
21-43	6281-6291	difficoltà	
21-44	6292-6297	delle	
21-45	6298-6301	vie	
21-46	6301-6302	,	
21-47	6303-6306	una	
21-48	6307-6312	parte	
21-49	6313-6316	del	
21-50	6317-6322	Mondo	
21-51	6323-6328	quasi	
21-52	6329-6337	separata	
21-53	6338-6342	dall	
21-54	6342-6343	’	
21-55	6343-6348	umano	
21-56	6349-6358	consorzio	
21-57	6358-6359	;	
21-58	6360-6367	giacchè	
21-59	6368-6371	per	
21-60	6372-6376	essa	
21-61	6377-6385	spauriti	
21-62	6386-6387	i	
21-63	6388-6391	più	
21-64	6392-6398	arditi	
21-65	6399-6410	Viaggiatori	
21-66	6410-6411	,	
21-67	6412-6414	si	
21-68	6415-6425	rimanevano	
21-69	6426-6428	di	
21-70	6429-6437	visitare	
21-71	6438-6444	questo	
21-72	6445-6448	per	
21-73	6449-6454	tanti	
21-74	6455-6463	riguardi	
21-75	6464-6474	ammirabile	
21-76	6475-6480	Regno	
21-77	6480-6481	.	

#Text=O voi dotti, e ben colti Stranieri, che cotanto amate ricercare, ed osservare tutti quegli oggetti, che in ogni genere sa bramare il vostro elevato spirito, intraprendete con animo ilare il viaggio della Sicilia, nè più vi spaventi il tragitto tra la favolosa Scilla, e Cariddi, nè temete gl’incomodi di faticosi cammini: giacchè l’animo Regio di Ferdinando il Grande vi ha aperto per questi suoi Regni sì comode strade, che renderanno il vostro viaggio del tutto piacevole.
22-1	6482-6483	O	
22-2	6484-6487	voi	
22-3	6488-6493	dotti	
22-4	6493-6494	,	
22-5	6495-6496	e	
22-6	6497-6500	ben	
22-7	6501-6506	colti	
22-8	6507-6516	Stranieri	
22-9	6516-6517	,	
22-10	6518-6521	che	
22-11	6522-6529	cotanto	
22-12	6530-6535	amate	
22-13	6536-6545	ricercare	
22-14	6545-6546	,	
22-15	6547-6549	ed	
22-16	6550-6559	osservare	
22-17	6560-6565	tutti	
22-18	6566-6572	quegli	
22-19	6573-6580	oggetti	
22-20	6580-6581	,	
22-21	6582-6585	che	
22-22	6586-6588	in	
22-23	6589-6593	ogni	
22-24	6594-6600	genere	
22-25	6601-6603	sa	
22-26	6604-6611	bramare	
22-27	6612-6614	il	
22-28	6615-6621	vostro	
22-29	6622-6629	elevato	
22-30	6630-6637	spirito	
22-31	6637-6638	,	
22-32	6639-6652	intraprendete	
22-33	6653-6656	con	
22-34	6657-6662	animo	
22-35	6663-6668	ilare	
22-36	6669-6671	il	
22-37	6672-6679	viaggio	
22-38	6680-6685	della	
22-39	6686-6693	Sicilia	
22-40	6693-6694	,	
22-41	6695-6697	nè	
22-42	6698-6701	più	
22-43	6702-6704	vi	
22-44	6705-6713	spaventi	
22-45	6714-6716	il	
22-46	6717-6725	tragitto	
22-47	6726-6729	tra	
22-48	6730-6732	la	
22-49	6733-6741	favolosa	
22-50	6742-6748	Scilla	
22-51	6748-6749	,	
22-52	6750-6751	e	
22-53	6752-6759	Cariddi	
22-54	6759-6760	,	
22-55	6761-6763	nè	
22-56	6764-6770	temete	
22-57	6771-6773	gl	
22-58	6773-6774	’	
22-59	6774-6782	incomodi	
22-60	6783-6785	di	
22-61	6786-6794	faticosi	
22-62	6795-6802	cammini	
22-63	6802-6803	:	
22-64	6804-6811	giacchè	
22-65	6812-6813	l	
22-66	6813-6814	’	
22-67	6814-6819	animo	
22-68	6820-6825	Regio	
22-69	6826-6828	di	
22-70	6829-6839	Ferdinando	
22-71	6840-6842	il	
22-72	6843-6849	Grande	
22-73	6850-6852	vi	
22-74	6853-6855	ha	
22-75	6856-6862	aperto	
22-76	6863-6866	per	
22-77	6867-6873	questi	
22-78	6874-6878	suoi	
22-79	6879-6884	Regni	
22-80	6885-6887	sì	
22-81	6888-6894	comode	
22-82	6895-6901	strade	
22-83	6901-6902	,	
22-84	6903-6906	che	
22-85	6907-6917	renderanno	
22-86	6918-6920	il	
22-87	6921-6927	vostro	
22-88	6928-6935	viaggio	
22-89	6936-6939	del	
22-90	6940-6945	tutto	
22-91	6946-6955	piacevole	
22-92	6955-6956	.	

#Text=Vi aspetta l’Etna, curiosi Indagatori della natura, per farvi ammirare da vicino i portentosi effetti de’ suoi stupendi fenomeni, e vi farà godere le sue amene pendici adorne di smisurati alberi, e le stanze de’ favolosi Ciclopi; ed allora rammenterete gl’infelici amori di Aci, e di Galatea, le avventure del geloso Polifemo, l’arrivo dell’errante saggio Ulisse, e quanto altro di favoloso accaduto su questi lidi seppe la Grecia inventare.
23-1	6957-6959	Vi	
23-2	6960-6967	aspetta	
23-3	6968-6969	l	
23-4	6969-6970	’	
23-5	6970-6974	Etna	
23-6	6974-6975	,	
23-7	6976-6983	curiosi	
23-8	6984-6994	Indagatori	
23-9	6995-7000	della	
23-10	7001-7007	natura	
23-11	7007-7008	,	
23-12	7009-7012	per	
23-13	7013-7018	farvi	
23-14	7019-7027	ammirare	
23-15	7028-7030	da	
23-16	7031-7037	vicino	
23-17	7038-7039	i	
23-18	7040-7050	portentosi	
23-19	7051-7058	effetti	
23-20	7059-7061	de	
23-21	7061-7062	’	
23-22	7063-7067	suoi	
23-23	7068-7076	stupendi	
23-24	7077-7085	fenomeni	
23-25	7085-7086	,	
23-26	7087-7088	e	
23-27	7089-7091	vi	
23-28	7092-7096	farà	
23-29	7097-7103	godere	
23-30	7104-7106	le	
23-31	7107-7110	sue	
23-32	7111-7116	amene	
23-33	7117-7124	pendici	
23-34	7125-7131	adorne	
23-35	7132-7134	di	
23-36	7135-7144	smisurati	
23-37	7145-7151	alberi	
23-38	7151-7152	,	
23-39	7153-7154	e	
23-40	7155-7157	le	
23-41	7158-7164	stanze	
23-42	7165-7167	de	
23-43	7167-7168	’	
23-44	7169-7177	favolosi	
23-45	7178-7185	Ciclopi	
23-46	7185-7186	;	
23-47	7187-7189	ed	
23-48	7190-7196	allora	
23-49	7197-7209	rammenterete	
23-50	7210-7212	gl	
23-51	7212-7213	’	
23-52	7213-7221	infelici	
23-53	7222-7227	amori	
23-54	7228-7230	di	
23-55	7231-7234	Aci	
23-56	7234-7235	,	
23-57	7236-7237	e	
23-58	7238-7240	di	
23-59	7241-7248	Galatea	
23-60	7248-7249	,	
23-61	7250-7252	le	
23-62	7253-7262	avventure	
23-63	7263-7266	del	
23-64	7267-7273	geloso	
23-65	7274-7282	Polifemo	
23-66	7282-7283	,	
23-67	7284-7285	l	
23-68	7285-7286	’	
23-69	7286-7292	arrivo	
23-70	7293-7297	dell	
23-71	7297-7298	’	
23-72	7298-7305	errante	
23-73	7306-7312	saggio	
23-74	7313-7319	Ulisse	
23-75	7319-7320	,	
23-76	7321-7322	e	
23-77	7323-7329	quanto	
23-78	7330-7335	altro	
23-79	7336-7338	di	
23-80	7339-7347	favoloso	
23-81	7348-7356	accaduto	
23-82	7357-7359	su	
23-83	7360-7366	questi	
23-84	7367-7371	lidi	
23-85	7372-7377	seppe	
23-86	7378-7380	la	
23-87	7381-7387	Grecia	
23-88	7388-7397	inventare	
23-89	7397-7398	.	

#Text=Venite, o Ammiratori della veneranda antichità, che ben soddisfatto reitera il vostro erudito genio, in osservare la Sicilia tutta sparsa, ed adorna delle più rispettabili vetuste magnificenze, testimonio ben chiaro di sua antica opulenza.
24-1	7399-7405	Venite	
24-2	7405-7406	,	
24-3	7407-7408	o	
24-4	7409-7419	Ammiratori	
24-5	7420-7425	della	
24-6	7426-7435	veneranda	
24-7	7436-7445	antichità	
24-8	7445-7446	,	
24-9	7447-7450	che	
24-10	7451-7454	ben	
24-11	7455-7466	soddisfatto	
24-12	7467-7474	reitera	
24-13	7475-7477	il	
24-14	7478-7484	vostro	
24-15	7485-7492	erudito	
24-16	7493-7498	genio	
24-17	7498-7499	,	
24-18	7500-7502	in	
24-19	7503-7512	osservare	
24-20	7513-7515	la	
24-21	7516-7523	Sicilia	
24-22	7524-7529	tutta	
24-23	7530-7536	sparsa	
24-24	7536-7537	,	
24-25	7538-7540	ed	
24-26	7541-7547	adorna	
24-27	7548-7553	delle	
24-28	7554-7557	più	
24-29	7558-7570	rispettabili	
24-30	7571-7578	vetuste	
24-31	7579-7591	magnificenze	
24-32	7591-7592	,	
24-33	7593-7603	testimonio	
24-34	7604-7607	ben	
24-35	7608-7614	chiaro	
24-36	7615-7617	di	
24-37	7618-7621	sua	
24-38	7622-7628	antica	
24-39	7629-7637	opulenza	
24-40	7637-7638	.	

#Text=Richiameranno esse alla vostra memoria tutti quei fatti della lontana Storia dai Greci, e dai Latini Scrittori riferiti: anzi osservarete in quelle un esempio delle Regie premure del Gran Ferdinando III.; perciocchè ha voluto egli, che tali Monumenti fossero gelosamente conservati, e ristorati per decoro del Regno, e per vostro diletto; e per preservargli dalla distruzione minacciata dal tempo, ragguardevoli somme ha destinate per lo necessario loro mantenimento, e ristoro.
25-1	7639-7652	Richiameranno	
25-2	7653-7657	esse	
25-3	7658-7662	alla	
25-4	7663-7669	vostra	
25-5	7670-7677	memoria	
25-6	7678-7683	tutti	
25-7	7684-7688	quei	
25-8	7689-7694	fatti	
25-9	7695-7700	della	
25-10	7701-7708	lontana	
25-11	7709-7715	Storia	
25-12	7716-7719	dai	
25-13	7720-7725	Greci	
25-14	7725-7726	,	
25-15	7727-7728	e	
25-16	7729-7732	dai	
25-17	7733-7739	Latini	
25-18	7740-7749	Scrittori	
25-19	7750-7758	riferiti	
25-20	7758-7759	:	
25-21	7760-7764	anzi	
25-22	7765-7776	osservarete	
25-23	7777-7779	in	
25-24	7780-7786	quelle	
25-25	7787-7789	un	
25-26	7790-7797	esempio	
25-27	7798-7803	delle	
25-28	7804-7809	Regie	
25-29	7810-7817	premure	
25-30	7818-7821	del	
25-31	7822-7826	Gran	
25-32	7827-7837	Ferdinando	
25-33	7838-7841	III	
25-34	7841-7842	.	
25-35	7842-7843	;	
25-36	7844-7854	perciocchè	
25-37	7855-7857	ha	
25-38	7858-7864	voluto	
25-39	7865-7869	egli	
25-40	7869-7870	,	
25-41	7871-7874	che	
25-42	7875-7879	tali	
25-43	7880-7889	Monumenti	
25-44	7890-7897	fossero	
25-45	7898-7909	gelosamente	
25-46	7910-7920	conservati	
25-47	7920-7921	,	
25-48	7922-7923	e	
25-49	7924-7933	ristorati	
25-50	7934-7937	per	
25-51	7938-7944	decoro	
25-52	7945-7948	del	
25-53	7949-7954	Regno	
25-54	7954-7955	,	
25-55	7956-7957	e	
25-56	7958-7961	per	
25-57	7962-7968	vostro	
25-58	7969-7976	diletto	
25-59	7976-7977	;	
25-60	7978-7979	e	
25-61	7980-7983	per	
25-62	7984-7996	preservargli	
25-63	7997-8002	dalla	
25-64	8003-8014	distruzione	
25-65	8015-8025	minacciata	
25-66	8026-8029	dal	
25-67	8030-8035	tempo	
25-68	8035-8036	,	
25-69	8037-8050	ragguardevoli	
25-70	8051-8056	somme	
25-71	8057-8059	ha	
25-72	8060-8069	destinate	
25-73	8070-8073	per	
25-74	8074-8076	lo	
25-75	8077-8087	necessario	
25-76	8088-8092	loro	
25-77	8093-8105	mantenimento	
25-78	8105-8106	,	
25-79	8107-8108	e	
25-80	8109-8116	ristoro	
25-81	8116-8117	.	

#Text=Non essendo convenevole però, che rimanga il Forastiere senza Guida, che ordinatamente diriga il suo viaggio, acciocchè non prolunghi inutilmente le vie, e alcuna osservabile memoria non tralasci di visitare; sarà questa Operetta la Guida, che conduce quasi per mano il Viaggiatore: e, se non sarà ella fornita di erudizioni, di osservazioni, e d’ogn’altro, che possa con piacere trattenere lo spirito de’ Dotti, porterà però tanto con se, che potrà essere sufficiente al carattere d’una Guida, la quale basta, che sia fedele, per soddisfare al suo dovere; nulla importando, che sia malamente in arnese.
26-1	8118-8121	Non	
26-2	8122-8129	essendo	
26-3	8130-8141	convenevole	
26-4	8142-8146	però	
26-5	8146-8147	,	
26-6	8148-8151	che	
26-7	8152-8159	rimanga	
26-8	8160-8162	il	
26-9	8163-8173	Forastiere	
26-10	8174-8179	senza	
26-11	8180-8185	Guida	
26-12	8185-8186	,	
26-13	8187-8190	che	
26-14	8191-8204	ordinatamente	
26-15	8205-8211	diriga	
26-16	8212-8214	il	
26-17	8215-8218	suo	
26-18	8219-8226	viaggio	
26-19	8226-8227	,	
26-20	8228-8237	acciocchè	
26-21	8238-8241	non	
26-22	8242-8251	prolunghi	
26-23	8252-8263	inutilmente	
26-24	8264-8266	le	
26-25	8267-8270	vie	
26-26	8270-8271	,	
26-27	8272-8273	e	
26-28	8274-8280	alcuna	
26-29	8281-8292	osservabile	
26-30	8293-8300	memoria	
26-31	8301-8304	non	
26-32	8305-8313	tralasci	
26-33	8314-8316	di	
26-34	8317-8325	visitare	
26-35	8325-8326	;	
26-36	8327-8331	sarà	
26-37	8332-8338	questa	
26-38	8339-8347	Operetta	
26-39	8348-8350	la	
26-40	8351-8356	Guida	
26-41	8356-8357	,	
26-42	8358-8361	che	
26-43	8362-8369	conduce	
26-44	8370-8375	quasi	
26-45	8376-8379	per	
26-46	8380-8384	mano	
26-47	8385-8387	il	
26-48	8388-8399	Viaggiatore	
26-49	8399-8400	:	
26-50	8401-8402	e	
26-51	8402-8403	,	
26-52	8404-8406	se	
26-53	8407-8410	non	
26-54	8411-8415	sarà	
26-55	8416-8420	ella	
26-56	8421-8428	fornita	
26-57	8429-8431	di	
26-58	8432-8442	erudizioni	
26-59	8442-8443	,	
26-60	8444-8446	di	
26-61	8447-8459	osservazioni	
26-62	8459-8460	,	
26-63	8461-8462	e	
26-64	8463-8464	d	
26-65	8464-8465	’	
26-66	8465-8468	ogn	
26-67	8468-8469	’	
26-68	8469-8474	altro	
26-69	8474-8475	,	
26-70	8476-8479	che	
26-71	8480-8485	possa	
26-72	8486-8489	con	
26-73	8490-8497	piacere	
26-74	8498-8508	trattenere	
26-75	8509-8511	lo	
26-76	8512-8519	spirito	
26-77	8520-8522	de	
26-78	8522-8523	’	
26-79	8524-8529	Dotti	
26-80	8529-8530	,	
26-81	8531-8538	porterà	
26-82	8539-8543	però	
26-83	8544-8549	tanto	
26-84	8550-8553	con	
26-85	8554-8556	se	
26-86	8556-8557	,	
26-87	8558-8561	che	
26-88	8562-8567	potrà	
26-89	8568-8574	essere	
26-90	8575-8586	sufficiente	
26-91	8587-8589	al	
26-92	8590-8599	carattere	
26-93	8600-8601	d	
26-94	8601-8602	’	
26-95	8602-8605	una	
26-96	8606-8611	Guida	
26-97	8611-8612	,	
26-98	8613-8615	la	
26-99	8616-8621	quale	
26-100	8622-8627	basta	
26-101	8627-8628	,	
26-102	8629-8632	che	
26-103	8633-8636	sia	
26-104	8637-8643	fedele	
26-105	8643-8644	,	
26-106	8645-8648	per	
26-107	8649-8659	soddisfare	
26-108	8660-8662	al	
26-109	8663-8666	suo	
26-110	8667-8673	dovere	
26-111	8673-8674	;	
26-112	8675-8680	nulla	
26-113	8681-8691	importando	
26-114	8691-8692	,	
26-115	8693-8696	che	
26-116	8697-8700	sia	
26-117	8701-8710	malamente	
26-118	8711-8713	in	
26-119	8714-8720	arnese	
26-120	8720-8721	.	

#Text=Affidatevi adunque, o Forastieri, a questa Guida, che non tralascerà farvi vedere quanto di osservabile abbiamo in Sicilia, che possa il vostro erudito genio soddisfare.
27-1	8722-8732	Affidatevi	
27-2	8733-8740	adunque	
27-3	8740-8741	,	
27-4	8742-8743	o	
27-5	8744-8754	Forastieri	
27-6	8754-8755	,	
27-7	8756-8757	a	
27-8	8758-8764	questa	
27-9	8765-8770	Guida	
27-10	8770-8771	,	
27-11	8772-8775	che	
27-12	8776-8779	non	
27-13	8780-8790	tralascerà	
27-14	8791-8796	farvi	
27-15	8797-8803	vedere	
27-16	8804-8810	quanto	
27-17	8811-8813	di	
27-18	8814-8825	osservabile	
27-19	8826-8833	abbiamo	
27-20	8834-8836	in	
27-21	8837-8844	Sicilia	
27-22	8844-8845	,	
27-23	8846-8849	che	
27-24	8850-8855	possa	
27-25	8856-8858	il	
27-26	8859-8865	vostro	
27-27	8866-8873	erudito	
27-28	8874-8879	genio	
27-29	8880-8890	soddisfare	
27-30	8890-8891	.	

#Text=Partendo da Reggio il Viaggiatore, per traversare le dodici miglia del Mare, che si frappone tra’ due Regni, non ancora arrivato a toccar la Sicilia, comincerà ad ammirarne la magnificenza, con iscoprire a qualche distanza la celebre Messina, che ancor da lungi moverà il desiderio di lui di presto arrivarvi.
28-1	8892-8900	Partendo	
28-2	8901-8903	da	
28-3	8904-8910	Reggio	
28-4	8911-8913	il	
28-5	8914-8925	Viaggiatore	
28-6	8925-8926	,	
28-7	8927-8930	per	
28-8	8931-8941	traversare	
28-9	8942-8944	le	
28-10	8945-8951	dodici	
28-11	8952-8958	miglia	
28-12	8959-8962	del	
28-13	8963-8967	Mare	
28-14	8967-8968	,	
28-15	8969-8972	che	
28-16	8973-8975	si	
28-17	8976-8984	frappone	
28-18	8985-8988	tra	
28-19	8988-8989	’	
28-20	8990-8993	due	
28-21	8994-8999	Regni	
28-22	8999-9000	,	
28-23	9001-9004	non	
28-24	9005-9011	ancora	
28-25	9012-9020	arrivato	
28-26	9021-9022	a	
28-27	9023-9029	toccar	
28-28	9030-9032	la	
28-29	9033-9040	Sicilia	
28-30	9040-9041	,	
28-31	9042-9051	comincerà	
28-32	9052-9054	ad	
28-33	9055-9064	ammirarne	
28-34	9065-9067	la	
28-35	9068-9080	magnificenza	
28-36	9080-9081	,	
28-37	9082-9085	con	
28-38	9086-9095	iscoprire	
28-39	9096-9097	a	
28-40	9098-9105	qualche	
28-41	9106-9114	distanza	
28-42	9115-9117	la	
28-43	9118-9125	celebre	
28-44	9126-9133	Messina	
28-45	9133-9134	,	
28-46	9135-9138	che	
28-47	9139-9144	ancor	
28-48	9145-9147	da	
28-49	9148-9153	lungi	
28-50	9154-9160	moverà	
28-51	9161-9163	il	
28-52	9164-9173	desiderio	
28-53	9174-9176	di	
28-54	9177-9180	lui	
28-55	9181-9183	di	
28-56	9184-9190	presto	
28-57	9191-9200	arrivarvi	
28-58	9200-9201	.	

#Text=Consideri frattanto il bello aspetto, che gli si offerisce nel vedersi alle spalle la Calabria, e in faccia la Sicilia, che gli offre la superba veduta della bella Messina, coronata di amene coltivate colline; dalla destra a poca distanza scuoprirà il rinomato Peloro, e ’l breve stretto, che divide dall’Italia la Sicilia.
29-1	9202-9211	Consideri	
29-2	9212-9221	frattanto	
29-3	9222-9224	il	
29-4	9225-9230	bello	
29-5	9231-9238	aspetto	
29-6	9238-9239	,	
29-7	9240-9243	che	
29-8	9244-9247	gli	
29-9	9248-9250	si	
29-10	9251-9260	offerisce	
29-11	9261-9264	nel	
29-12	9265-9272	vedersi	
29-13	9273-9277	alle	
29-14	9278-9284	spalle	
29-15	9285-9287	la	
29-16	9288-9296	Calabria	
29-17	9296-9297	,	
29-18	9298-9299	e	
29-19	9300-9302	in	
29-20	9303-9309	faccia	
29-21	9310-9312	la	
29-22	9313-9320	Sicilia	
29-23	9320-9321	,	
29-24	9322-9325	che	
29-25	9326-9329	gli	
29-26	9330-9335	offre	
29-27	9336-9338	la	
29-28	9339-9346	superba	
29-29	9347-9353	veduta	
29-30	9354-9359	della	
29-31	9360-9365	bella	
29-32	9366-9373	Messina	
29-33	9373-9374	,	
29-34	9375-9383	coronata	
29-35	9384-9386	di	
29-36	9387-9392	amene	
29-37	9393-9402	coltivate	
29-38	9403-9410	colline	
29-39	9410-9411	;	
29-40	9412-9417	dalla	
29-41	9418-9424	destra	
29-42	9425-9426	a	
29-43	9427-9431	poca	
29-44	9432-9440	distanza	
29-45	9441-9450	scuoprirà	
29-46	9451-9453	il	
29-47	9454-9462	rinomato	
29-48	9463-9469	Peloro	
29-49	9469-9470	,	
29-50	9471-9472	e	
29-51	9473-9474	’	
29-52	9474-9475	l	
29-53	9476-9481	breve	
29-54	9482-9489	stretto	
29-55	9489-9490	,	
29-56	9491-9494	che	
29-57	9495-9501	divide	
29-58	9502-9506	dall	
29-59	9506-9507	’	
29-60	9507-9513	Italia	
29-61	9514-9516	la	
29-62	9517-9524	Sicilia	
29-63	9524-9525	.	

#Text=E l’espertezza de’ marinari, che sapranno cogliere il favore delle correnti, presto, e felicemente lo farà trovare alla imboccatura di quel Porto.
30-1	9526-9527	E	
30-2	9528-9529	l	
30-3	9529-9530	’	
30-4	9530-9540	espertezza	
30-5	9541-9543	de	
30-6	9543-9544	’	
30-7	9545-9553	marinari	
30-8	9553-9554	,	
30-9	9555-9558	che	
30-10	9559-9567	sapranno	
30-11	9568-9576	cogliere	
30-12	9577-9579	il	
30-13	9580-9586	favore	
30-14	9587-9592	delle	
30-15	9593-9601	correnti	
30-16	9601-9602	,	
30-17	9603-9609	presto	
30-18	9609-9610	,	
30-19	9611-9612	e	
30-20	9613-9624	felicemente	
30-21	9625-9627	lo	
30-22	9628-9632	farà	
30-23	9633-9640	trovare	
30-24	9641-9645	alla	
30-25	9646-9657	imboccatura	
30-26	9658-9660	di	
30-27	9661-9665	quel	
30-28	9666-9671	Porto	
30-29	9671-9672	.	

#Text=Non piccolo sarà il suo piacere in vedersi su gli occhi il più bel Porto, che abbia formato la Natura, e l’Arte abbia maestosamente abbellito.
31-1	9673-9676	Non	
31-2	9677-9684	piccolo	
31-3	9685-9689	sarà	
31-4	9690-9692	il	
31-5	9693-9696	suo	
31-6	9697-9704	piacere	
31-7	9705-9707	in	
31-8	9708-9715	vedersi	
31-9	9716-9718	su	
31-10	9719-9722	gli	
31-11	9723-9728	occhi	
31-12	9729-9731	il	
31-13	9732-9735	più	
31-14	9736-9739	bel	
31-15	9740-9745	Porto	
31-16	9745-9746	,	
31-17	9747-9750	che	
31-18	9751-9756	abbia	
31-19	9757-9764	formato	
31-20	9765-9767	la	
31-21	9768-9774	Natura	
31-22	9774-9775	,	
31-23	9776-9777	e	
31-24	9778-9779	l	
31-25	9779-9780	’	
31-26	9780-9784	Arte	
31-27	9785-9790	abbia	
31-28	9791-9804	maestosamente	
31-29	9805-9814	abbellito	
31-30	9814-9815	.	

#Text=Il braccio chiamato di Sarranieri, che si stende da Ponente a Levante, forma un circolare Cratere, apprestando sicuro asilo ad infinito numero di navilj di qualunque portata.
32-1	9816-9818	Il	
32-2	9819-9826	braccio	
32-3	9827-9835	chiamato	
32-4	9836-9838	di	
32-5	9839-9849	Sarranieri	
32-6	9849-9850	,	
32-7	9851-9854	che	
32-8	9855-9857	si	
32-9	9858-9864	stende	
32-10	9865-9867	da	
32-11	9868-9875	Ponente	
32-12	9876-9877	a	
32-13	9878-9885	Levante	
32-14	9885-9886	,	
32-15	9887-9892	forma	
32-16	9893-9895	un	
32-17	9896-9905	circolare	
32-18	9906-9913	Cratere	
32-19	9913-9914	,	
32-20	9915-9926	apprestando	
32-21	9927-9933	sicuro	
32-22	9934-9939	asilo	
32-23	9940-9942	ad	
32-24	9943-9951	infinito	
32-25	9952-9958	numero	
32-26	9959-9961	di	
32-27	9962-9968	navilj	
32-28	9969-9971	di	
32-29	9972-9981	qualunque	
32-30	9982-9989	portata	
32-31	9989-9990	.	

#Text=Sulla sua estrema punta osserverà la rispettabile fortezza di S.
33-1	9991-9996	Sulla	
33-2	9997-10000	sua	
33-3	10001-10008	estrema	
33-4	10009-10014	punta	
33-5	10015-10024	osserverà	
33-6	10025-10027	la	
33-7	10028-10040	rispettabile	
33-8	10041-10049	fortezza	
33-9	10050-10052	di	
33-10	10053-10054	S	
33-11	10054-10055	.	

#Text=Salvadore, che ne difende l’ingresso.
34-1	10056-10065	Salvadore	
34-2	10065-10066	,	
34-3	10067-10070	che	
34-4	10071-10073	ne	
34-5	10074-10081	difende	
34-6	10082-10083	l	
34-7	10083-10084	’	
34-8	10084-10092	ingresso	
34-9	10092-10093	.	

#Text=Dalla parte esteriore del braccio sopra munito fortino s’innalza la Torre, che colla sua Lanterna serve di guida a’ Bastimenti.
35-1	10094-10099	Dalla	
35-2	10100-10105	parte	
35-3	10106-10115	esteriore	
35-4	10116-10119	del	
35-5	10120-10127	braccio	
35-6	10128-10133	sopra	
35-7	10134-10140	munito	
35-8	10141-10148	fortino	
35-9	10149-10150	s	
35-10	10150-10151	’	
35-11	10151-10158	innalza	
35-12	10159-10161	la	
35-13	10162-10167	Torre	
35-14	10167-10168	,	
35-15	10169-10172	che	
35-16	10173-10178	colla	
35-17	10179-10182	sua	
35-18	10183-10191	Lanterna	
35-19	10192-10197	serve	
35-20	10198-10200	di	
35-21	10201-10206	guida	
35-22	10207-10208	a	
35-23	10208-10209	’	
35-24	10210-10220	Bastimenti	
35-25	10220-10221	.	

#Text=Nella parte interna vedrà i Magazzini, e il Lazzaretto per le navi, e per le merci sospette.
36-1	10222-10227	Nella	
36-2	10228-10233	parte	
36-3	10234-10241	interna	
36-4	10242-10247	vedrà	
36-5	10248-10249	i	
36-6	10250-10259	Magazzini	
36-7	10259-10260	,	
36-8	10261-10262	e	
36-9	10263-10265	il	
36-10	10266-10276	Lazzaretto	
36-11	10277-10280	per	
36-12	10281-10283	le	
36-13	10284-10288	navi	
36-14	10288-10289	,	
36-15	10290-10291	e	
36-16	10292-10295	per	
36-17	10296-10298	le	
36-18	10299-10304	merci	
36-19	10305-10313	sospette	
36-20	10313-10314	.	

#Text=Da questi non lungi scorgerà la Cittadella, tenuta una delle fortezze più rispettabili di Europa.
37-1	10315-10317	Da	
37-2	10318-10324	questi	
37-3	10325-10328	non	
37-4	10329-10334	lungi	
37-5	10335-10343	scorgerà	
37-6	10344-10346	la	
37-7	10347-10357	Cittadella	
37-8	10357-10358	,	
37-9	10359-10365	tenuta	
37-10	10366-10369	una	
37-11	10370-10375	delle	
37-12	10376-10384	fortezze	
37-13	10385-10388	più	
37-14	10389-10401	rispettabili	
37-15	10402-10404	di	
37-16	10405-10411	Europa	
37-17	10411-10412	.	

#Text=In prospetto gli si offrirà lunga serie di superbi edifizj, che nell’uguaglianza del disegno un Palazzo solo rappresenta; e in sì nobile lungo prospetto dodici porte aprono l’ingresso alla Città.
38-1	10413-10415	In	
38-2	10416-10425	prospetto	
38-3	10426-10429	gli	
38-4	10430-10432	si	
38-5	10433-10440	offrirà	
38-6	10441-10446	lunga	
38-7	10447-10452	serie	
38-8	10453-10455	di	
38-9	10456-10463	superbi	
38-10	10464-10471	edifizj	
38-11	10471-10472	,	
38-12	10473-10476	che	
38-13	10477-10481	nell	
38-14	10481-10482	’	
38-15	10482-10493	uguaglianza	
38-16	10494-10497	del	
38-17	10498-10505	disegno	
38-18	10506-10508	un	
38-19	10509-10516	Palazzo	
38-20	10517-10521	solo	
38-21	10522-10533	rappresenta	
38-22	10533-10534	;	
38-23	10535-10536	e	
38-24	10537-10539	in	
38-25	10540-10542	sì	
38-26	10543-10549	nobile	
38-27	10550-10555	lungo	
38-28	10556-10565	prospetto	
38-29	10566-10572	dodici	
38-30	10573-10578	porte	
38-31	10579-10585	aprono	
38-32	10586-10587	l	
38-33	10587-10588	’	
38-34	10588-10596	ingresso	
38-35	10597-10601	alla	
38-36	10602-10607	Città	
38-37	10607-10608	.	

#Text=Questa maestosa prospettiva, che si stende per più di un miglio, ed abbraccia tutta la lunghezza della Città, che al Porto sovrasta, stendendosi dal Real Palazzo sino all’imboccatura di esso in faccia al Castello del Salvadore, mostra la Messinese potenza, che seppe rendere il suo Porto il più magnifico di Europa.
39-1	10609-10615	Questa	
39-2	10616-10624	maestosa	
39-3	10625-10636	prospettiva	
39-4	10636-10637	,	
39-5	10638-10641	che	
39-6	10642-10644	si	
39-7	10645-10651	stende	
39-8	10652-10655	per	
39-9	10656-10659	più	
39-10	10660-10662	di	
39-11	10663-10665	un	
39-12	10666-10672	miglio	
39-13	10672-10673	,	
39-14	10674-10676	ed	
39-15	10677-10686	abbraccia	
39-16	10687-10692	tutta	
39-17	10693-10695	la	
39-18	10696-10705	lunghezza	
39-19	10706-10711	della	
39-20	10712-10717	Città	
39-21	10717-10718	,	
39-22	10719-10722	che	
39-23	10723-10725	al	
39-24	10726-10731	Porto	
39-25	10732-10740	sovrasta	
39-26	10740-10741	,	
39-27	10742-10753	stendendosi	
39-28	10754-10757	dal	
39-29	10758-10762	Real	
39-30	10763-10770	Palazzo	
39-31	10771-10775	sino	
39-32	10776-10779	all	
39-33	10779-10780	’	
39-34	10780-10791	imboccatura	
39-35	10792-10794	di	
39-36	10795-10799	esso	
39-37	10800-10802	in	
39-38	10803-10809	faccia	
39-39	10810-10812	al	
39-40	10813-10821	Castello	
39-41	10822-10825	del	
39-42	10826-10835	Salvadore	
39-43	10835-10836	,	
39-44	10837-10843	mostra	
39-45	10844-10846	la	
39-46	10847-10856	Messinese	
39-47	10857-10864	potenza	
39-48	10864-10865	,	
39-49	10866-10869	che	
39-50	10870-10875	seppe	
39-51	10876-10883	rendere	
39-52	10884-10886	il	
39-53	10887-10890	suo	
39-54	10891-10896	Porto	
39-55	10897-10899	il	
39-56	10900-10903	più	
39-57	10904-10913	magnifico	
39-58	10914-10916	di	
39-59	10917-10923	Europa	
39-60	10923-10924	.	

#Text=Tanti oggetti, e tutti grandiosi in un tratto si presenteranno all’occhio del Viaggiatore, che in un punto comprenderà qual sia stata Messina.
40-1	10925-10930	Tanti	
40-2	10931-10938	oggetti	
40-3	10938-10939	,	
40-4	10940-10941	e	
40-5	10942-10947	tutti	
40-6	10948-10957	grandiosi	
40-7	10958-10960	in	
40-8	10961-10963	un	
40-9	10964-10970	tratto	
40-10	10971-10973	si	
40-11	10974-10987	presenteranno	
40-12	10988-10991	all	
40-13	10991-10992	’	
40-14	10992-10998	occhio	
40-15	10999-11002	del	
40-16	11003-11014	Viaggiatore	
40-17	11014-11015	,	
40-18	11016-11019	che	
40-19	11020-11022	in	
40-20	11023-11025	un	
40-21	11026-11031	punto	
40-22	11032-11043	comprenderà	
40-23	11044-11048	qual	
40-24	11049-11052	sia	
40-25	11053-11058	stata	
40-26	11059-11066	Messina	
40-27	11066-11067	.	

#Text=Entrato in Città il Pellegrino resterà contento in vedere le molte magnifiche fabbriche, i numerosi fonti tanto per la Città, che sul Porto, adorni di marmoree Statue di molto pregio.
41-1	11068-11075	Entrato	
41-2	11076-11078	in	
41-3	11079-11084	Città	
41-4	11085-11087	il	
41-5	11088-11098	Pellegrino	
41-6	11099-11106	resterà	
41-7	11107-11115	contento	
41-8	11116-11118	in	
41-9	11119-11125	vedere	
41-10	11126-11128	le	
41-11	11129-11134	molte	
41-12	11135-11145	magnifiche	
41-13	11146-11155	fabbriche	
41-14	11155-11156	,	
41-15	11157-11158	i	
41-16	11159-11167	numerosi	
41-17	11168-11173	fonti	
41-18	11174-11179	tanto	
41-19	11180-11183	per	
41-20	11184-11186	la	
41-21	11187-11192	Città	
41-22	11192-11193	,	
41-23	11194-11197	che	
41-24	11198-11201	sul	
41-25	11202-11207	Porto	
41-26	11207-11208	,	
41-27	11209-11215	adorni	
41-28	11216-11218	di	
41-29	11219-11227	marmoree	
41-30	11228-11234	Statue	
41-31	11235-11237	di	
41-32	11238-11243	molto	
41-33	11244-11250	pregio	
41-34	11250-11251	.	

#Text=Osserverà nella Piazza del Regio Palazzo la Statua di bronzo di D.
42-1	11252-11261	Osserverà	
42-2	11262-11267	nella	
42-3	11268-11274	Piazza	
42-4	11275-11278	del	
42-5	11279-11284	Regio	
42-6	11285-11292	Palazzo	
42-7	11293-11295	la	
42-8	11296-11302	Statua	
42-9	11303-11305	di	
42-10	11306-11312	bronzo	
42-11	11313-11315	di	
42-12	11316-11317	D	
42-13	11317-11318	.	

#Text=Giovanni d’Austria, e su quella del Duomo parimente di bronzo la Statua equestre del Re Carlo Secondo.
43-1	11319-11327	Giovanni	
43-2	11328-11329	d	
43-3	11329-11330	’	
43-4	11330-11337	Austria	
43-5	11337-11338	,	
43-6	11339-11340	e	
43-7	11341-11343	su	
43-8	11344-11350	quella	
43-9	11351-11354	del	
43-10	11355-11360	Duomo	
43-11	11361-11370	parimente	
43-12	11371-11373	di	
43-13	11374-11380	bronzo	
43-14	11381-11383	la	
43-15	11384-11390	Statua	
43-16	11391-11399	equestre	
43-17	11400-11403	del	
43-18	11404-11406	Re	
43-19	11407-11412	Carlo	
43-20	11413-11420	Secondo	
43-21	11420-11421	.	

#Text=Il Duomo è magnifico per rispetto a’ tempi, che fu edificato; ma in esso non si tralasci di osservar l’Altare maggiore, opera di gran fatica e d’ingentissima spesa, coperto tutto di rari intersiati marmi, a similitudine di quelle nobili opere, che si lavorano nella Galleria di Firenze.
44-1	11422-11424	Il	
44-2	11425-11430	Duomo	
44-3	11431-11432	è	
44-4	11433-11442	magnifico	
44-5	11443-11446	per	
44-6	11447-11455	rispetto	
44-7	11456-11457	a	
44-8	11457-11458	’	
44-9	11459-11464	tempi	
44-10	11464-11465	,	
44-11	11466-11469	che	
44-12	11470-11472	fu	
44-13	11473-11482	edificato	
44-14	11482-11483	;	
44-15	11484-11486	ma	
44-16	11487-11489	in	
44-17	11490-11494	esso	
44-18	11495-11498	non	
44-19	11499-11501	si	
44-20	11502-11510	tralasci	
44-21	11511-11513	di	
44-22	11514-11522	osservar	
44-23	11523-11524	l	
44-24	11524-11525	’	
44-25	11525-11531	Altare	
44-26	11532-11540	maggiore	
44-27	11540-11541	,	
44-28	11542-11547	opera	
44-29	11548-11550	di	
44-30	11551-11555	gran	
44-31	11556-11562	fatica	
44-32	11563-11564	e	
44-33	11565-11566	d	
44-34	11566-11567	’	
44-35	11567-11579	ingentissima	
44-36	11580-11585	spesa	
44-37	11585-11586	,	
44-38	11587-11594	coperto	
44-39	11595-11600	tutto	
44-40	11601-11603	di	
44-41	11604-11608	rari	
44-42	11609-11619	intersiati	
44-43	11620-11625	marmi	
44-44	11625-11626	,	
44-45	11627-11628	a	
44-46	11629-11641	similitudine	
44-47	11642-11644	di	
44-48	11645-11651	quelle	
44-49	11652-11658	nobili	
44-50	11659-11664	opere	
44-51	11664-11665	,	
44-52	11666-11669	che	
44-53	11670-11672	si	
44-54	11673-11681	lavorano	
44-55	11682-11687	nella	
44-56	11688-11696	Galleria	
44-57	11697-11699	di	
44-58	11700-11707	Firenze	
44-59	11707-11708	.	

#Text=Troverà sul volto de’ Cittadini lo spirito vivace, e la ilarità, e riconoscerà in essi la gente più cortese, amantissima de’ forastieri, e della ospitalità.
45-1	11709-11716	Troverà	
45-2	11717-11720	sul	
45-3	11721-11726	volto	
45-4	11727-11729	de	
45-5	11729-11730	’	
45-6	11731-11740	Cittadini	
45-7	11741-11743	lo	
45-8	11744-11751	spirito	
45-9	11752-11758	vivace	
45-10	11758-11759	,	
45-11	11760-11761	e	
45-12	11762-11764	la	
45-13	11765-11772	ilarità	
45-14	11772-11773	,	
45-15	11774-11775	e	
45-16	11776-11787	riconoscerà	
45-17	11788-11790	in	
45-18	11791-11795	essi	
45-19	11796-11798	la	
45-20	11799-11804	gente	
45-21	11805-11808	più	
45-22	11809-11816	cortese	
45-23	11816-11817	,	
45-24	11818-11829	amantissima	
45-25	11830-11832	de	
45-26	11832-11833	’	
45-27	11834-11844	forastieri	
45-28	11844-11845	,	
45-29	11846-11847	e	
45-30	11848-11853	della	
45-31	11854-11864	ospitalità	
45-32	11864-11865	.	

#Text=L’Accademia de’ Peloritani, assistita da’ dotti Socj dà saggio di sua letteratura.
46-1	11866-11867	L	
46-2	11867-11868	’	
46-3	11868-11877	Accademia	
46-4	11878-11880	de	
46-5	11880-11881	’	
46-6	11882-11892	Peloritani	
46-7	11892-11893	,	
46-8	11894-11903	assistita	
46-9	11904-11906	da	
46-10	11906-11907	’	
46-11	11908-11913	dotti	
46-12	11914-11918	Socj	
46-13	11919-11921	dà	
46-14	11922-11928	saggio	
46-15	11929-11931	di	
46-16	11932-11935	sua	
46-17	11936-11947	letteratura	
46-18	11947-11948	.	

#Text=Il Senato di sceltissime persone composto invigila all’amministrazione dell’Annona, e presso del Governadore militare è la potestà civile, e criminale; e questo assistito viene da un Contribunale nell’amministrazione della giustizia, e gode tutte quelle preminenze, che qualificavano l’abolita distintissima carica di Strategò.
47-1	11949-11951	Il	
47-2	11952-11958	Senato	
47-3	11959-11961	di	
47-4	11962-11973	sceltissime	
47-5	11974-11981	persone	
47-6	11982-11990	composto	
47-7	11991-11999	invigila	
47-8	12000-12003	all	
47-9	12003-12004	’	
47-10	12004-12019	amministrazione	
47-11	12020-12024	dell	
47-12	12024-12025	’	
47-13	12025-12031	Annona	
47-14	12031-12032	,	
47-15	12033-12034	e	
47-16	12035-12041	presso	
47-17	12042-12045	del	
47-18	12046-12057	Governadore	
47-19	12058-12066	militare	
47-20	12067-12068	è	
47-21	12069-12071	la	
47-22	12072-12079	potestà	
47-23	12080-12086	civile	
47-24	12086-12087	,	
47-25	12088-12089	e	
47-26	12090-12099	criminale	
47-27	12099-12100	;	
47-28	12101-12102	e	
47-29	12103-12109	questo	
47-30	12110-12119	assistito	
47-31	12120-12125	viene	
47-32	12126-12128	da	
47-33	12129-12131	un	
47-34	12132-12144	Contribunale	
47-35	12145-12149	nell	
47-36	12149-12150	’	
47-37	12150-12165	amministrazione	
47-38	12166-12171	della	
47-39	12172-12181	giustizia	
47-40	12181-12182	,	
47-41	12183-12184	e	
47-42	12185-12189	gode	
47-43	12190-12195	tutte	
47-44	12196-12202	quelle	
47-45	12203-12213	preminenze	
47-46	12213-12214	,	
47-47	12215-12218	che	
47-48	12219-12232	qualificavano	
47-49	12233-12234	l	
47-50	12234-12235	’	
47-51	12235-12242	abolita	
47-52	12243-12256	distintissima	
47-53	12257-12263	carica	
47-54	12264-12266	di	
47-55	12267-12275	Strategò	
47-56	12275-12276	.	

#Text=Or se tale troverà Messina il Forastiere, potrà ancora considerare qual già fu a’ tempi migliori, e prima, che tanti infortunj avessero congiurati contro la di lei bellezza, ed opulenza; e specialmente prima dell’anno 1743., quando un pestifero morbo la scemò di cinquantamila Cittadini.
48-1	12277-12279	Or	
48-2	12280-12282	se	
48-3	12283-12287	tale	
48-4	12288-12295	troverà	
48-5	12296-12303	Messina	
48-6	12304-12306	il	
48-7	12307-12317	Forastiere	
48-8	12317-12318	,	
48-9	12319-12324	potrà	
48-10	12325-12331	ancora	
48-11	12332-12343	considerare	
48-12	12344-12348	qual	
48-13	12349-12352	già	
48-14	12353-12355	fu	
48-15	12356-12357	a	
48-16	12357-12358	’	
48-17	12359-12364	tempi	
48-18	12365-12373	migliori	
48-19	12373-12374	,	
48-20	12375-12376	e	
48-21	12377-12382	prima	
48-22	12382-12383	,	
48-23	12384-12387	che	
48-24	12388-12393	tanti	
48-25	12394-12403	infortunj	
48-26	12404-12412	avessero	
48-27	12413-12423	congiurati	
48-28	12424-12430	contro	
48-29	12431-12433	la	
48-30	12434-12436	di	
48-31	12437-12440	lei	
48-32	12441-12449	bellezza	
48-33	12449-12450	,	
48-34	12451-12453	ed	
48-35	12454-12462	opulenza	
48-36	12462-12463	;	
48-37	12464-12465	e	
48-38	12466-12478	specialmente	
48-39	12479-12484	prima	
48-40	12485-12489	dell	
48-41	12489-12490	’	
48-42	12490-12494	anno	
48-43	12495-12499	1743	
48-44	12499-12500	.	
48-45	12500-12501	,	
48-46	12502-12508	quando	
48-47	12509-12511	un	
48-48	12512-12521	pestifero	
48-49	12522-12527	morbo	
48-50	12528-12530	la	
48-51	12531-12536	scemò	
48-52	12537-12539	di	
48-53	12540-12553	cinquantamila	
48-54	12554-12563	Cittadini	
48-55	12563-12564	.	

#Text=L’irreparabile forza de’ secoli, che non perdona alla stessa superficie della Terra, mutandone spesso l’aspetto, non è maraviglia se abbia anche adoperata la sua potenza sopra gli antichi Edifizj della Città di Messina, ed intieramente gli abbia distrutti.
49-1	12565-12566	L	
49-2	12566-12567	’	
49-3	12567-12579	irreparabile	
49-4	12580-12585	forza	
49-5	12586-12588	de	
49-6	12588-12589	’	
49-7	12590-12596	secoli	
49-8	12596-12597	,	
49-9	12598-12601	che	
49-10	12602-12605	non	
49-11	12606-12613	perdona	
49-12	12614-12618	alla	
49-13	12619-12625	stessa	
49-14	12626-12636	superficie	
49-15	12637-12642	della	
49-16	12643-12648	Terra	
49-17	12648-12649	,	
49-18	12650-12659	mutandone	
49-19	12660-12666	spesso	
49-20	12667-12668	l	
49-21	12668-12669	’	
49-22	12669-12676	aspetto	
49-23	12676-12677	,	
49-24	12678-12681	non	
49-25	12682-12683	è	
49-26	12684-12694	maraviglia	
49-27	12695-12697	se	
49-28	12698-12703	abbia	
49-29	12704-12709	anche	
49-30	12710-12719	adoperata	
49-31	12720-12722	la	
49-32	12723-12726	sua	
49-33	12727-12734	potenza	
49-34	12735-12740	sopra	
49-35	12741-12744	gli	
49-36	12745-12752	antichi	
49-37	12753-12760	Edifizj	
49-38	12761-12766	della	
49-39	12767-12772	Città	
49-40	12773-12775	di	
49-41	12776-12783	Messina	
49-42	12783-12784	,	
49-43	12785-12787	ed	
49-44	12788-12800	intieramente	
49-45	12801-12804	gli	
49-46	12805-12810	abbia	
49-47	12811-12820	distrutti	
49-48	12820-12821	.	

#Text=Crederà il Viaggiatore trovare almeno le rovine del Tempio di Nettuno, e di Ercole Manticlo, del Palazzo di Cajo Ejo, stimatore anch’egli della veneranda antichità; dalla cui Galleria fu rapita da Verre la celebre statua di Cupido, la quale, come ne fa testimonianza Cicerone, opera era del famoso Prassitele.
50-1	12822-12829	Crederà	
50-2	12830-12832	il	
50-3	12833-12844	Viaggiatore	
50-4	12845-12852	trovare	
50-5	12853-12859	almeno	
50-6	12860-12862	le	
50-7	12863-12869	rovine	
50-8	12870-12873	del	
50-9	12874-12880	Tempio	
50-10	12881-12883	di	
50-11	12884-12891	Nettuno	
50-12	12891-12892	,	
50-13	12893-12894	e	
50-14	12895-12897	di	
50-15	12898-12904	Ercole	
50-16	12905-12913	Manticlo	
50-17	12913-12914	,	
50-18	12915-12918	del	
50-19	12919-12926	Palazzo	
50-20	12927-12929	di	
50-21	12930-12934	Cajo	
50-22	12935-12938	Ejo	
50-23	12938-12939	,	
50-24	12940-12949	stimatore	
50-25	12950-12954	anch	
50-26	12954-12955	’	
50-27	12955-12959	egli	
50-28	12960-12965	della	
50-29	12966-12975	veneranda	
50-30	12976-12985	antichità	
50-31	12985-12986	;	
50-32	12987-12992	dalla	
50-33	12993-12996	cui	
50-34	12997-13005	Galleria	
50-35	13006-13008	fu	
50-36	13009-13015	rapita	
50-37	13016-13018	da	
50-38	13019-13024	Verre	
50-39	13025-13027	la	
50-40	13028-13035	celebre	
50-41	13036-13042	statua	
50-42	13043-13045	di	
50-43	13046-13052	Cupido	
50-44	13052-13053	,	
50-45	13054-13056	la	
50-46	13057-13062	quale	
50-47	13062-13063	,	
50-48	13064-13068	come	
50-49	13069-13071	ne	
50-50	13072-13074	fa	
50-51	13075-13088	testimonianza	
50-52	13089-13097	Cicerone	
50-53	13097-13098	,	
50-54	13099-13104	opera	
50-55	13105-13108	era	
50-56	13109-13112	del	
50-57	13113-13119	famoso	
50-58	13120-13130	Prassitele	
50-59	13130-13131	.	

#Text=E se resterà ammirato non trovando in questa sì antica Città memoria alcuna esistente, che possa soddisfarlo; non per questo non potrà conoscere da non pochi frammenti, che rispettabili, e magnifici furono i suoi antichi edifizj.
51-1	13132-13133	E	
51-2	13134-13136	se	
51-3	13137-13144	resterà	
51-4	13145-13153	ammirato	
51-5	13154-13157	non	
51-6	13158-13166	trovando	
51-7	13167-13169	in	
51-8	13170-13176	questa	
51-9	13177-13179	sì	
51-10	13180-13186	antica	
51-11	13187-13192	Città	
51-12	13193-13200	memoria	
51-13	13201-13207	alcuna	
51-14	13208-13217	esistente	
51-15	13217-13218	,	
51-16	13219-13222	che	
51-17	13223-13228	possa	
51-18	13229-13240	soddisfarlo	
51-19	13240-13241	;	
51-20	13242-13245	non	
51-21	13246-13249	per	
51-22	13250-13256	questo	
51-23	13257-13260	non	
51-24	13261-13266	potrà	
51-25	13267-13276	conoscere	
51-26	13277-13279	da	
51-27	13280-13283	non	
51-28	13284-13289	pochi	
51-29	13290-13299	frammenti	
51-30	13299-13300	,	
51-31	13301-13304	che	
51-32	13305-13317	rispettabili	
51-33	13317-13318	,	
51-34	13319-13320	e	
51-35	13321-13330	magnifici	
51-36	13331-13337	furono	
51-37	13338-13339	i	
51-38	13340-13344	suoi	
51-39	13345-13352	antichi	
51-40	13353-13360	edifizj	
51-41	13360-13361	.	

#Text=Potrà osservare dentro il Tempio della Vergine Annunziata della nazione Catalana sei ben alte colonne, ed alcune più picciole al difuori di esso, che vuole la tradizione fossero state del Tempio di Nettuno: siccome le altre sei della Chiesa di S.
52-1	13362-13367	Potrà	
52-2	13368-13377	osservare	
52-3	13378-13384	dentro	
52-4	13385-13387	il	
52-5	13388-13394	Tempio	
52-6	13395-13400	della	
52-7	13401-13408	Vergine	
52-8	13409-13419	Annunziata	
52-9	13420-13425	della	
52-10	13426-13433	nazione	
52-11	13434-13442	Catalana	
52-12	13443-13446	sei	
52-13	13447-13450	ben	
52-14	13451-13455	alte	
52-15	13456-13463	colonne	
52-16	13463-13464	,	
52-17	13465-13467	ed	
52-18	13468-13474	alcune	
52-19	13475-13478	più	
52-20	13479-13487	picciole	
52-21	13488-13490	al	
52-22	13491-13498	difuori	
52-23	13499-13501	di	
52-24	13502-13506	esso	
52-25	13506-13507	,	
52-26	13508-13511	che	
52-27	13512-13517	vuole	
52-28	13518-13520	la	
52-29	13521-13531	tradizione	
52-30	13532-13539	fossero	
52-31	13540-13545	state	
52-32	13546-13549	del	
52-33	13550-13556	Tempio	
52-34	13557-13559	di	
52-35	13560-13567	Nettuno	
52-36	13567-13568	:	
52-37	13569-13576	siccome	
52-38	13577-13579	le	
52-39	13580-13585	altre	
52-40	13586-13589	sei	
52-41	13590-13595	della	
52-42	13596-13602	Chiesa	
52-43	13603-13605	di	
52-44	13606-13607	S	
52-45	13607-13608	.	

#Text=Giovanni Battista della nazione Fiorentina si crede essere state del Tempio di Ercole Manticlo.
53-1	13609-13617	Giovanni	
53-2	13618-13626	Battista	
53-3	13627-13632	della	
53-4	13633-13640	nazione	
53-5	13641-13651	Fiorentina	
53-6	13652-13654	si	
53-7	13655-13660	crede	
53-8	13661-13667	essere	
53-9	13668-13673	state	
53-10	13674-13677	del	
53-11	13678-13684	Tempio	
53-12	13685-13687	di	
53-13	13688-13694	Ercole	
53-14	13695-13703	Manticlo	
53-15	13703-13704	.	

#Text=Nella Chiesa di S.
54-1	13705-13710	Nella	
54-2	13711-13717	Chiesa	
54-3	13718-13720	di	
54-4	13721-13722	S	
54-5	13722-13723	.	

#Text=Giacomo, Parrocchia vicino la Cattedrale, conservasi un basso rilievo in marmo, che l’Apoteosi rappresenta d’un Eroe.
55-1	13724-13731	Giacomo	
55-2	13731-13732	,	
55-3	13733-13743	Parrocchia	
55-4	13744-13750	vicino	
55-5	13751-13753	la	
55-6	13754-13764	Cattedrale	
55-7	13764-13765	,	
55-8	13766-13776	conservasi	
55-9	13777-13779	un	
55-10	13780-13785	basso	
55-11	13786-13793	rilievo	
55-12	13794-13796	in	
55-13	13797-13802	marmo	
55-14	13802-13803	,	
55-15	13804-13807	che	
55-16	13808-13809	l	
55-17	13809-13810	’	
55-18	13810-13818	Apoteosi	
55-19	13819-13830	rappresenta	
55-20	13831-13832	d	
55-21	13832-13833	’	
55-22	13833-13835	un	
55-23	13836-13840	Eroe	
55-24	13840-13841	.	

#Text=Entrando nella Cattedrale, la vedrà sostenuta da numerose colonne formate di varj antichi tronchi; la diversità delle misure delle quali, la varietà delle basi, e de’ capitelli testificano essere stati avanzi raccolti dalle rovine di molte fabbriche, che in varj luoghi adornavano la Città di Messina.
56-1	13842-13850	Entrando	
56-2	13851-13856	nella	
56-3	13857-13867	Cattedrale	
56-4	13867-13868	,	
56-5	13869-13871	la	
56-6	13872-13877	vedrà	
56-7	13878-13887	sostenuta	
56-8	13888-13890	da	
56-9	13891-13899	numerose	
56-10	13900-13907	colonne	
56-11	13908-13915	formate	
56-12	13916-13918	di	
56-13	13919-13923	varj	
56-14	13924-13931	antichi	
56-15	13932-13939	tronchi	
56-16	13939-13940	;	
56-17	13941-13943	la	
56-18	13944-13953	diversità	
56-19	13954-13959	delle	
56-20	13960-13966	misure	
56-21	13967-13972	delle	
56-22	13973-13978	quali	
56-23	13978-13979	,	
56-24	13980-13982	la	
56-25	13983-13990	varietà	
56-26	13991-13996	delle	
56-27	13997-14001	basi	
56-28	14001-14002	,	
56-29	14003-14004	e	
56-30	14005-14007	de	
56-31	14007-14008	’	
56-32	14009-14018	capitelli	
56-33	14019-14030	testificano	
56-34	14031-14037	essere	
56-35	14038-14043	stati	
56-36	14044-14050	avanzi	
56-37	14051-14059	raccolti	
56-38	14060-14065	dalle	
56-39	14066-14072	rovine	
56-40	14073-14075	di	
56-41	14076-14081	molte	
56-42	14082-14091	fabbriche	
56-43	14091-14092	,	
56-44	14093-14096	che	
56-45	14097-14099	in	
56-46	14100-14104	varj	
56-47	14105-14111	luoghi	
56-48	14112-14122	adornavano	
56-49	14123-14125	la	
56-50	14126-14131	Città	
56-51	14132-14134	di	
56-52	14135-14142	Messina	
56-53	14142-14143	.	

#Text=In tempo, che il Forastiere si trattiene in questa Città, ben conviene, che si porti a vedere il vicino Peloro.
57-1	14144-14146	In	
57-2	14147-14152	tempo	
57-3	14152-14153	,	
57-4	14154-14157	che	
57-5	14158-14160	il	
57-6	14161-14171	Forastiere	
57-7	14172-14174	si	
57-8	14175-14184	trattiene	
57-9	14185-14187	in	
57-10	14188-14194	questa	
57-11	14195-14200	Città	
57-12	14200-14201	,	
57-13	14202-14205	ben	
57-14	14206-14214	conviene	
57-15	14214-14215	,	
57-16	14216-14219	che	
57-17	14220-14222	si	
57-18	14223-14228	porti	
57-19	14229-14230	a	
57-20	14231-14237	vedere	
57-21	14238-14240	il	
57-22	14241-14247	vicino	
57-23	14248-14254	Peloro	
57-24	14254-14255	.	

#Text=Locchè se accaderà nella opportuna stagione, cioè in Giugno, e Luglio, avrà il piacere di vedere la rara, e deliziosa pesca del pesce spada, che appunto si fa alla distanza di 12. miglia tra Messina, e il Peloro.
58-1	14256-14262	Locchè	
58-2	14263-14265	se	
58-3	14266-14274	accaderà	
58-4	14275-14280	nella	
58-5	14281-14290	opportuna	
58-6	14291-14299	stagione	
58-7	14299-14300	,	
58-8	14301-14305	cioè	
58-9	14306-14308	in	
58-10	14309-14315	Giugno	
58-11	14315-14316	,	
58-12	14317-14318	e	
58-13	14319-14325	Luglio	
58-14	14325-14326	,	
58-15	14327-14331	avrà	
58-16	14332-14334	il	
58-17	14335-14342	piacere	
58-18	14343-14345	di	
58-19	14346-14352	vedere	
58-20	14353-14355	la	
58-21	14356-14360	rara	
58-22	14360-14361	,	
58-23	14362-14363	e	
58-24	14364-14373	deliziosa	
58-25	14374-14379	pesca	
58-26	14380-14383	del	
58-27	14384-14389	pesce	
58-28	14390-14395	spada	
58-29	14395-14396	,	
58-30	14397-14400	che	
58-31	14401-14408	appunto	
58-32	14409-14411	si	
58-33	14412-14414	fa	
58-34	14415-14419	alla	
58-35	14420-14428	distanza	
58-36	14429-14431	di	
58-37	14432-14434	12	
58-38	14434-14435	.	
58-39	14436-14442	miglia	
58-40	14443-14446	tra	
58-41	14447-14454	Messina	
58-42	14454-14455	,	
58-43	14456-14457	e	
58-44	14458-14460	il	
58-45	14461-14467	Peloro	
58-46	14467-14468	.	

#Text=In questo Promontorio così celebre vuole Solino, che vi fosse stato un Tempio dedicato a Nettuno; ma alcun sicuro avanzo non se ne conosce: però non pochi frammenti osserverà di grandi edifizj, e numerosi, che mostrano esservi stata abitazione ricca, e popolosa.
59-1	14469-14471	In	
59-2	14472-14478	questo	
59-3	14479-14490	Promontorio	
59-4	14491-14495	così	
59-5	14496-14503	celebre	
59-6	14504-14509	vuole	
59-7	14510-14516	Solino	
59-8	14516-14517	,	
59-9	14518-14521	che	
59-10	14522-14524	vi	
59-11	14525-14530	fosse	
59-12	14531-14536	stato	
59-13	14537-14539	un	
59-14	14540-14546	Tempio	
59-15	14547-14555	dedicato	
59-16	14556-14557	a	
59-17	14558-14565	Nettuno	
59-18	14565-14566	;	
59-19	14567-14569	ma	
59-20	14570-14575	alcun	
59-21	14576-14582	sicuro	
59-22	14583-14589	avanzo	
59-23	14590-14593	non	
59-24	14594-14596	se	
59-25	14597-14599	ne	
59-26	14600-14607	conosce	
59-27	14607-14608	:	
59-28	14609-14613	però	
59-29	14614-14617	non	
59-30	14618-14623	pochi	
59-31	14624-14633	frammenti	
59-32	14634-14643	osserverà	
59-33	14644-14646	di	
59-34	14647-14653	grandi	
59-35	14654-14661	edifizj	
59-36	14661-14662	,	
59-37	14663-14664	e	
59-38	14665-14673	numerosi	
59-39	14673-14674	,	
59-40	14675-14678	che	
59-41	14679-14687	mostrano	
59-42	14688-14695	esservi	
59-43	14696-14701	stata	
59-44	14702-14712	abitazione	
59-45	14713-14718	ricca	
59-46	14718-14719	,	
59-47	14720-14721	e	
59-48	14722-14730	popolosa	
59-49	14730-14731	.	

#Text=Nella contrada detta delli Margi per due paludi, che ivi esistono, potrà osservare il Viaggiatore una lunga serie di dimezzati pilastri al numero di più di 30. nello spazio di canne 50. di terreno, fabricati di grossi mattoni.
60-1	14732-14737	Nella	
60-2	14738-14746	contrada	
60-3	14747-14752	detta	
60-4	14753-14758	delli	
60-5	14759-14764	Margi	
60-6	14765-14768	per	
60-7	14769-14772	due	
60-8	14773-14779	paludi	
60-9	14779-14780	,	
60-10	14781-14784	che	
60-11	14785-14788	ivi	
60-12	14789-14797	esistono	
60-13	14797-14798	,	
60-14	14799-14804	potrà	
60-15	14805-14814	osservare	
60-16	14815-14817	il	
60-17	14818-14829	Viaggiatore	
60-18	14830-14833	una	
60-19	14834-14839	lunga	
60-20	14840-14845	serie	
60-21	14846-14848	di	
60-22	14849-14858	dimezzati	
60-23	14859-14867	pilastri	
60-24	14868-14870	al	
60-25	14871-14877	numero	
60-26	14878-14880	di	
60-27	14881-14884	più	
60-28	14885-14887	di	
60-29	14888-14890	30	
60-30	14890-14891	.	
60-31	14892-14897	nello	
60-32	14898-14904	spazio	
60-33	14905-14907	di	
60-34	14908-14913	canne	
60-35	14914-14916	50	
60-36	14916-14917	.	
60-37	14918-14920	di	
60-38	14921-14928	terreno	
60-39	14928-14929	,	
60-40	14930-14939	fabricati	
60-41	14940-14942	di	
60-42	14943-14949	grossi	
60-43	14950-14957	mattoni	
60-44	14957-14958	.	

#Text=Se nelle vicine colline si trovassero sorgenti d’acque, potria egli credere, che avessero sostenuto un lungo acquajo.
61-1	14959-14961	Se	
61-2	14962-14967	nelle	
61-3	14968-14974	vicine	
61-4	14975-14982	colline	
61-5	14983-14985	si	
61-6	14986-14996	trovassero	
61-7	14997-15005	sorgenti	
61-8	15006-15007	d	
61-9	15007-15008	’	
61-10	15008-15013	acque	
61-11	15013-15014	,	
61-12	15015-15021	potria	
61-13	15022-15026	egli	
61-14	15027-15034	credere	
61-15	15034-15035	,	
61-16	15036-15039	che	
61-17	15040-15048	avessero	
61-18	15049-15058	sostenuto	
61-19	15059-15061	un	
61-20	15062-15067	lungo	
61-21	15068-15075	acquajo	
61-22	15075-15076	.	

#Text=Non più, che 500. passi da questi lontano, il Territorio del Marchese Palermo è tutto sparso di grosse, e forti fondamenta, ove la diligenza dell’erudito D.
62-1	15077-15080	Non	
62-2	15081-15084	più	
62-3	15084-15085	,	
62-4	15086-15089	che	
62-5	15090-15093	500	
62-6	15093-15094	.	
62-7	15095-15100	passi	
62-8	15101-15103	da	
62-9	15104-15110	questi	
62-10	15111-15118	lontano	
62-11	15118-15119	,	
62-12	15120-15122	il	
62-13	15123-15133	Territorio	
62-14	15134-15137	del	
62-15	15138-15146	Marchese	
62-16	15147-15154	Palermo	
62-17	15155-15156	è	
62-18	15157-15162	tutto	
62-19	15163-15169	sparso	
62-20	15170-15172	di	
62-21	15173-15179	grosse	
62-22	15179-15180	,	
62-23	15181-15182	e	
62-24	15183-15188	forti	
62-25	15189-15199	fondamenta	
62-26	15199-15200	,	
62-27	15201-15204	ove	
62-28	15205-15207	la	
62-29	15208-15217	diligenza	
62-30	15218-15222	dell	
62-31	15222-15223	’	
62-32	15223-15230	erudito	
62-33	15231-15232	D	
62-34	15232-15233	.	

#Text=Andrea Gallo scuoprì gli avanzi di rispettabilissima fabbrica, costrutta tutta di sodi marmi, 6. piedi lunghi, e larghi 2., e tra uno strato, e l’altro vi si frappone una filza di grossi mattoni: ed alla profondità di palmi 4. trovò i pezzi del pavimento di mosaico interrato a due colori bianco, e nero.
63-1	15234-15240	Andrea	
63-2	15241-15246	Gallo	
63-3	15247-15254	scuoprì	
63-4	15255-15258	gli	
63-5	15259-15265	avanzi	
63-6	15266-15268	di	
63-7	15269-15286	rispettabilissima	
63-8	15287-15295	fabbrica	
63-9	15295-15296	,	
63-10	15297-15306	costrutta	
63-11	15307-15312	tutta	
63-12	15313-15315	di	
63-13	15316-15320	sodi	
63-14	15321-15326	marmi	
63-15	15326-15327	,	
63-16	15328-15329	6	
63-17	15329-15330	.	
63-18	15331-15336	piedi	
63-19	15337-15343	lunghi	
63-20	15343-15344	,	
63-21	15345-15346	e	
63-22	15347-15353	larghi	
63-23	15354-15355	2	
63-24	15355-15356	.	
63-25	15356-15357	,	
63-26	15358-15359	e	
63-27	15360-15363	tra	
63-28	15364-15367	uno	
63-29	15368-15374	strato	
63-30	15374-15375	,	
63-31	15376-15377	e	
63-32	15378-15379	l	
63-33	15379-15380	’	
63-34	15380-15385	altro	
63-35	15386-15388	vi	
63-36	15389-15391	si	
63-37	15392-15400	frappone	
63-38	15401-15404	una	
63-39	15405-15410	filza	
63-40	15411-15413	di	
63-41	15414-15420	grossi	
63-42	15421-15428	mattoni	
63-43	15428-15429	:	
63-44	15430-15432	ed	
63-45	15433-15437	alla	
63-46	15438-15448	profondità	
63-47	15449-15451	di	
63-48	15452-15457	palmi	
63-49	15458-15459	4	
63-50	15459-15460	.	
63-51	15461-15466	trovò	
63-52	15467-15468	i	
63-53	15469-15474	pezzi	
63-54	15475-15478	del	
63-55	15479-15488	pavimento	
63-56	15489-15491	di	
63-57	15492-15499	mosaico	
63-58	15500-15509	interrato	
63-59	15510-15511	a	
63-60	15512-15515	due	
63-61	15516-15522	colori	
63-62	15523-15529	bianco	
63-63	15529-15530	,	
63-64	15531-15532	e	
63-65	15533-15537	nero	
63-66	15537-15538	.	

#Text=Quindi non lungi ancora conservasi una picciola antica cisterna, larga palmi 13., e lunga 20., ed alta 18.
64-1	15539-15545	Quindi	
64-2	15546-15549	non	
64-3	15550-15555	lungi	
64-4	15556-15562	ancora	
64-5	15563-15573	conservasi	
64-6	15574-15577	una	
64-7	15578-15586	picciola	
64-8	15587-15593	antica	
64-9	15594-15602	cisterna	
64-10	15602-15603	,	
64-11	15604-15609	larga	
64-12	15610-15615	palmi	
64-13	15616-15618	13	
64-14	15618-15619	.	
64-15	15619-15620	,	
64-16	15621-15622	e	
64-17	15623-15628	lunga	
64-18	15629-15631	20	
64-19	15631-15632	.	
64-20	15632-15633	,	
64-21	15634-15636	ed	
64-22	15637-15641	alta	
64-23	15642-15644	18	
64-24	15644-15645	.	

#Text=La fabbrica è in quadro colla sua volta a botte, e sarà facile trovarla, restandone più di 4. palmi sopra terra.
65-1	15646-15648	La	
65-2	15649-15657	fabbrica	
65-3	15658-15659	è	
65-4	15660-15662	in	
65-5	15663-15669	quadro	
65-6	15670-15675	colla	
65-7	15676-15679	sua	
65-8	15680-15685	volta	
65-9	15686-15687	a	
65-10	15688-15693	botte	
65-11	15693-15694	,	
65-12	15695-15696	e	
65-13	15697-15701	sarà	
65-14	15702-15708	facile	
65-15	15709-15717	trovarla	
65-16	15717-15718	,	
65-17	15719-15729	restandone	
65-18	15730-15733	più	
65-19	15734-15736	di	
65-20	15737-15738	4	
65-21	15738-15739	.	
65-22	15740-15745	palmi	
65-23	15746-15751	sopra	
65-24	15752-15757	terra	
65-25	15757-15758	.	

#Text=La notizia indubitata, che ci lasciò Solino dell’esistenza del Tempio di Nettuno sul Peloro, quella sì gran Pilastrata, che certamente mostra essere stata eretta a pubblico uso, qualunque fusse quegli stato; i rottami di Colonne spesso quivi trovati; l’esistenza d’una Cisterna, che potè avere delle compagne, e delle maggiori; le tante fondamenta di fabbriche molto rispettabili, potranno far nascere il sospetto nell’animo dell’accorto Forastiere, che quivi fusse stata l’abitazione degli antichi Zanclei: perchè essendo questa la parte più vicina all’Italia, qui forse potè essere il primo loro tragitto: e che coll’andar del tempo chiamandogli il comodo del Porto, a qualche altra cagione, cominciarono ad abitare Messina, ove stimarono più profittevole al loro buono stato di trasferire il loro soggiorno.
66-1	15759-15761	La	
66-2	15762-15769	notizia	
66-3	15770-15780	indubitata	
66-4	15780-15781	,	
66-5	15782-15785	che	
66-6	15786-15788	ci	
66-7	15789-15795	lasciò	
66-8	15796-15802	Solino	
66-9	15803-15807	dell	
66-10	15807-15808	’	
66-11	15808-15817	esistenza	
66-12	15818-15821	del	
66-13	15822-15828	Tempio	
66-14	15829-15831	di	
66-15	15832-15839	Nettuno	
66-16	15840-15843	sul	
66-17	15844-15850	Peloro	
66-18	15850-15851	,	
66-19	15852-15858	quella	
66-20	15859-15861	sì	
66-21	15862-15866	gran	
66-22	15867-15877	Pilastrata	
66-23	15877-15878	,	
66-24	15879-15882	che	
66-25	15883-15893	certamente	
66-26	15894-15900	mostra	
66-27	15901-15907	essere	
66-28	15908-15913	stata	
66-29	15914-15920	eretta	
66-30	15921-15922	a	
66-31	15923-15931	pubblico	
66-32	15932-15935	uso	
66-33	15935-15936	,	
66-34	15937-15946	qualunque	
66-35	15947-15952	fusse	
66-36	15953-15959	quegli	
66-37	15960-15965	stato	
66-38	15965-15966	;	
66-39	15967-15968	i	
66-40	15969-15976	rottami	
66-41	15977-15979	di	
66-42	15980-15987	Colonne	
66-43	15988-15994	spesso	
66-44	15995-16000	quivi	
66-45	16001-16008	trovati	
66-46	16008-16009	;	
66-47	16010-16011	l	
66-48	16011-16012	’	
66-49	16012-16021	esistenza	
66-50	16022-16023	d	
66-51	16023-16024	’	
66-52	16024-16027	una	
66-53	16028-16036	Cisterna	
66-54	16036-16037	,	
66-55	16038-16041	che	
66-56	16042-16046	potè	
66-57	16047-16052	avere	
66-58	16053-16058	delle	
66-59	16059-16067	compagne	
66-60	16067-16068	,	
66-61	16069-16070	e	
66-62	16071-16076	delle	
66-63	16077-16085	maggiori	
66-64	16085-16086	;	
66-65	16087-16089	le	
66-66	16090-16095	tante	
66-67	16096-16106	fondamenta	
66-68	16107-16109	di	
66-69	16110-16119	fabbriche	
66-70	16120-16125	molto	
66-71	16126-16138	rispettabili	
66-72	16138-16139	,	
66-73	16140-16148	potranno	
66-74	16149-16152	far	
66-75	16153-16160	nascere	
66-76	16161-16163	il	
66-77	16164-16172	sospetto	
66-78	16173-16177	nell	
66-79	16177-16178	’	
66-80	16178-16183	animo	
66-81	16184-16188	dell	
66-82	16188-16189	’	
66-83	16189-16196	accorto	
66-84	16197-16207	Forastiere	
66-85	16207-16208	,	
66-86	16209-16212	che	
66-87	16213-16218	quivi	
66-88	16219-16224	fusse	
66-89	16225-16230	stata	
66-90	16231-16232	l	
66-91	16232-16233	’	
66-92	16233-16243	abitazione	
66-93	16244-16249	degli	
66-94	16250-16257	antichi	
66-95	16258-16265	Zanclei	
66-96	16265-16266	:	
66-97	16267-16273	perchè	
66-98	16274-16281	essendo	
66-99	16282-16288	questa	
66-100	16289-16291	la	
66-101	16292-16297	parte	
66-102	16298-16301	più	
66-103	16302-16308	vicina	
66-104	16309-16312	all	
66-105	16312-16313	’	
66-106	16313-16319	Italia	
66-107	16319-16320	,	
66-108	16321-16324	qui	
66-109	16325-16330	forse	
66-110	16331-16335	potè	
66-111	16336-16342	essere	
66-112	16343-16345	il	
66-113	16346-16351	primo	
66-114	16352-16356	loro	
66-115	16357-16365	tragitto	
66-116	16365-16366	:	
66-117	16367-16368	e	
66-118	16369-16372	che	
66-119	16373-16377	coll	
66-120	16377-16378	’	
66-121	16378-16383	andar	
66-122	16384-16387	del	
66-123	16388-16393	tempo	
66-124	16394-16406	chiamandogli	
66-125	16407-16409	il	
66-126	16410-16416	comodo	
66-127	16417-16420	del	
66-128	16421-16426	Porto	
66-129	16426-16427	,	
66-130	16428-16429	a	
66-131	16430-16437	qualche	
66-132	16438-16443	altra	
66-133	16444-16451	cagione	
66-134	16451-16452	,	
66-135	16453-16465	cominciarono	
66-136	16466-16468	ad	
66-137	16469-16476	abitare	
66-138	16477-16484	Messina	
66-139	16484-16485	,	
66-140	16486-16489	ove	
66-141	16490-16499	stimarono	
66-142	16500-16503	più	
66-143	16504-16516	profittevole	
66-144	16517-16519	al	
66-145	16520-16524	loro	
66-146	16525-16530	buono	
66-147	16531-16536	stato	
66-148	16537-16539	di	
66-149	16540-16550	trasferire	
66-150	16551-16553	il	
66-151	16554-16558	loro	
66-152	16559-16568	soggiorno	
66-153	16568-16569	.	

#Text=Tornato dal Peloro a Messina il Viandante, restagli ancora da osservare la sua Fortezza, o sia Cittadella, una delle principali piazze della Sicilia, e il pubblico passeggio di Terranova.
67-1	16570-16577	Tornato	
67-2	16578-16581	dal	
67-3	16582-16588	Peloro	
67-4	16589-16590	a	
67-5	16591-16598	Messina	
67-6	16599-16601	il	
67-7	16602-16611	Viandante	
67-8	16611-16612	,	
67-9	16613-16621	restagli	
67-10	16622-16628	ancora	
67-11	16629-16631	da	
67-12	16632-16641	osservare	
67-13	16642-16644	la	
67-14	16645-16648	sua	
67-15	16649-16657	Fortezza	
67-16	16657-16658	,	
67-17	16659-16660	o	
67-18	16661-16664	sia	
67-19	16665-16675	Cittadella	
67-20	16675-16676	,	
67-21	16677-16680	una	
67-22	16681-16686	delle	
67-23	16687-16697	principali	
67-24	16698-16704	piazze	
67-25	16705-16710	della	
67-26	16711-16718	Sicilia	
67-27	16718-16719	,	
67-28	16720-16721	e	
67-29	16722-16724	il	
67-30	16725-16733	pubblico	
67-31	16734-16743	passeggio	
67-32	16744-16746	di	
67-33	16747-16756	Terranova	
67-34	16756-16757	.	

#Text=E soddisfatto di quanto ha osservato, potrà ripigliare il suo viaggio, dirigendosi per l’amena strada del Duomo, la quale per lo spazio di più miglia con particolar piacere troverà amenissima, ed adorna di dilettevoli Ville, e sparsa di Casini, e di Giardini.
68-1	16758-16759	E	
68-2	16760-16771	soddisfatto	
68-3	16772-16774	di	
68-4	16775-16781	quanto	
68-5	16782-16784	ha	
68-6	16785-16794	osservato	
68-7	16794-16795	,	
68-8	16796-16801	potrà	
68-9	16802-16812	ripigliare	
68-10	16813-16815	il	
68-11	16816-16819	suo	
68-12	16820-16827	viaggio	
68-13	16827-16828	,	
68-14	16829-16840	dirigendosi	
68-15	16841-16844	per	
68-16	16845-16846	l	
68-17	16846-16847	’	
68-18	16847-16852	amena	
68-19	16853-16859	strada	
68-20	16860-16863	del	
68-21	16864-16869	Duomo	
68-22	16869-16870	,	
68-23	16871-16873	la	
68-24	16874-16879	quale	
68-25	16880-16883	per	
68-26	16884-16886	lo	
68-27	16887-16893	spazio	
68-28	16894-16896	di	
68-29	16897-16900	più	
68-30	16901-16907	miglia	
68-31	16908-16911	con	
68-32	16912-16922	particolar	
68-33	16923-16930	piacere	
68-34	16931-16938	troverà	
68-35	16939-16949	amenissima	
68-36	16949-16950	,	
68-37	16951-16953	ed	
68-38	16954-16960	adorna	
68-39	16961-16963	di	
68-40	16964-16975	dilettevoli	
68-41	16976-16981	Ville	
68-42	16981-16982	,	
68-43	16983-16984	e	
68-44	16985-16991	sparsa	
68-45	16992-16994	di	
68-46	16995-17001	Casini	
68-47	17001-17002	,	
68-48	17003-17004	e	
68-49	17005-17007	di	
68-50	17008-17016	Giardini	
68-51	17016-17017	.	
