#FORMAT=WebAnno TSV 3.3


#Text=Plusieurs chaînes de montagnes couvrent l'intérieur du pays [Grèce]; vers les côtes de la mer on trouve des aspects agréables, et de riches campagnes.
1-1	0-9	Plusieurs	
1-2	10-17	chaînes	
1-3	18-20	de	
1-4	21-30	montagnes	
1-5	31-39	couvrent	
1-6	40-51	l'intérieur	
1-7	52-54	du	
1-8	55-59	pays	
1-9	60-61	[	
1-10	61-66	Grèce	
1-11	66-67	]	
1-12	67-68	;	
1-13	69-73	vers	
1-14	74-77	les	
1-15	78-83	côtes	
1-16	84-86	de	
1-17	87-89	la	
1-18	90-93	mer	
1-19	94-96	on	
1-20	97-103	trouve	
1-21	104-107	des	
1-22	108-115	aspects	
1-23	116-125	agréables	
1-24	125-126	,	
1-25	127-129	et	
1-26	130-132	de	
1-27	133-139	riches	
1-28	140-149	campagnes	
1-29	149-150	.	

#Text=Parmi les fleuves qui l'arrosent, on distingue l'Achéron qui se jette dans un marais de même nom, et le Cocyte dont les eaux sont d'un goût désagréable: non loin de là est un endroit nommé Aorne ou Averne, d'où s'exhalent des vapeurs dont les airs sont infectés. à ces traits, on reconnaît aisément le pays où, dans les temps les plus anciens, on a placé les enfers.
2-1	151-156	Parmi	
2-2	157-160	les	
2-3	161-168	fleuves	
2-4	169-172	qui	
2-5	173-183	l'arrosent	
2-6	183-184	,	
2-7	185-187	on	
2-8	188-197	distingue	
2-9	198-207	l'Achéron	
2-10	208-211	qui	
2-11	212-214	se	
2-12	215-220	jette	
2-13	221-225	dans	
2-14	226-228	un	
2-15	229-235	marais	
2-16	236-238	de	
2-17	239-243	même	
2-18	244-247	nom	
2-19	247-248	,	
2-20	249-251	et	
2-21	252-254	le	
2-22	255-261	Cocyte	
2-23	262-266	dont	
2-24	267-270	les	
2-25	271-275	eaux	
2-26	276-280	sont	
2-27	281-285	d'un	
2-28	286-290	goût	
2-29	291-302	désagréable	
2-30	302-303	:	
2-31	304-307	non	
2-32	308-312	loin	
2-33	313-315	de	
2-34	316-318	là	
2-35	319-322	est	
2-36	323-325	un	
2-37	326-333	endroit	
2-38	334-339	nommé	
2-39	340-345	Aorne	
2-40	346-348	ou	
2-41	349-355	Averne	
2-42	355-356	,	
2-43	357-361	d'où	
2-44	362-372	s'exhalent	
2-45	373-376	des	
2-46	377-384	vapeurs	
2-47	385-389	dont	
2-48	390-393	les	
2-49	394-398	airs	
2-50	399-403	sont	
2-51	404-412	infectés	
2-52	412-413	.	
2-53	414-415	à	
2-54	416-419	ces	
2-55	420-426	traits	
2-56	426-427	,	
2-57	428-430	on	
2-58	431-440	reconnaît	
2-59	441-449	aisément	
2-60	450-452	le	
2-61	453-457	pays	
2-62	458-460	où	
2-63	460-461	,	
2-64	462-466	dans	
2-65	467-470	les	
2-66	471-476	temps	
2-67	477-480	les	
2-68	481-485	plus	
2-69	486-493	anciens	
2-70	493-494	,	
2-71	495-497	on	
2-72	498-499	a	
2-73	500-505	placé	
2-74	506-509	les	
2-75	510-516	enfers	
2-76	516-517	.	

#Text=Comme l'épire était alors la dernière des contrées connues du côté de l'occident, elle passa pour la région des ténèbres; mais à mesure que les bornes du monde se reculèrent du même côté, l'enfer changea de position, et fut placé successivement en Italie et en Ibérie, toujours dans les endroits où la lumière du jour semblait s'éteindre.
3-1	518-523	Comme	
3-2	524-531	l'épire	
3-3	532-537	était	
3-4	538-543	alors	
3-5	544-546	la	
3-6	547-555	dernière	
3-7	556-559	des	
3-8	560-568	contrées	
3-9	569-576	connues	
3-10	577-579	du	
3-11	580-584	côté	
3-12	585-587	de	
3-13	588-598	l'occident	
3-14	598-599	,	
3-15	600-604	elle	
3-16	605-610	passa	
3-17	611-615	pour	
3-18	616-618	la	
3-19	619-625	région	
3-20	626-629	des	
3-21	630-638	ténèbres	
3-22	638-639	;	
3-23	640-644	mais	
3-24	645-646	à	
3-25	647-653	mesure	
3-26	654-657	que	
3-27	658-661	les	
3-28	662-668	bornes	
3-29	669-671	du	
3-30	672-677	monde	
3-31	678-680	se	
3-32	681-691	reculèrent	
3-33	692-694	du	
3-34	695-699	même	
3-35	700-704	côté	
3-36	704-705	,	
3-37	706-713	l'enfer	
3-38	714-721	changea	
3-39	722-724	de	
3-40	725-733	position	
3-41	733-734	,	
3-42	735-737	et	
3-43	738-741	fut	
3-44	742-747	placé	
3-45	748-762	successivement	
3-46	763-765	en	
3-47	766-772	Italie	
3-48	773-775	et	
3-49	776-778	en	
3-50	779-785	Ibérie	
3-51	785-786	,	
3-52	787-795	toujours	
3-53	796-800	dans	
3-54	801-804	les	
3-55	805-813	endroits	
3-56	814-816	où	
3-57	817-819	la	
3-58	820-827	lumière	
3-59	828-830	du	
3-60	831-835	jour	
3-61	836-844	semblait	
3-62	845-855	s'éteindre	
3-63	855-856	.	
