#FORMAT=WebAnno TSV 3.3
#T_SP=custom.Span|label


#Text=Nous n'avons rien à désirer à l'égard de la viande de boucherie et de la volaille.
1-1	0-4	Nous	_	
1-2	5-12	n'avons	_	
1-3	13-17	rien	_	
1-4	18-19	à	_	
1-5	20-27	désirer	_	
1-6	28-29	à	_	
1-7	30-37	l'égard	_	
1-8	38-40	de	_	
1-9	41-43	la	_	
1-10	44-50	viande	_	
1-11	51-53	de	_	
1-12	54-63	boucherie	_	
1-13	64-66	et	_	
1-14	67-69	de	_	
1-15	70-72	la	_	
1-16	73-81	volaille	_	
1-17	81-82	.	_	

#Text=Nos basses-cours, soit à la ville, soit à la campagne, sont abondamment fournies de chapons, de pigeons, de canards, de poulets et d'oies que nous avons l'art d'engraisser.
2-1	83-86	Nos	_	
2-2	87-99	basses-cours	_	
2-3	99-100	,	_	
2-4	101-105	soit	_	
2-5	106-107	à	_	
2-6	108-110	la	_	
2-7	111-116	ville	_	
2-8	116-117	,	_	
2-9	118-122	soit	_	
2-10	123-124	à	_	
2-11	125-127	la	_	
2-12	128-136	campagne	_	
2-13	136-137	,	_	
2-14	138-142	sont	_	
2-15	143-154	abondamment	_	
2-16	155-163	fournies	_	
2-17	164-166	de	_	
2-18	167-174	chapons	_	
2-19	174-175	,	_	
2-20	176-178	de	_	
2-21	179-186	pigeons	_	
2-22	186-187	,	_	
2-23	188-190	de	_	
2-24	191-198	canards	_	
2-25	198-199	,	_	
2-26	200-202	de	_	
2-27	203-210	poulets	_	
2-28	211-213	et	_	
2-29	214-220	d'oies	_	
2-30	221-224	que	_	
2-31	225-229	nous	_	
2-32	230-235	avons	_	
2-33	236-241	l'art	_	
2-34	242-254	d'engraisser	_	
2-35	254-255	.	_	

#Text=Les saisons nous ramènent successivement les bec-figues, les cailles, les grives, les allouettes, les rouges-gorges, les ramiers, les tourterelles, les bécasses, et les francolins.
3-1	256-259	Les	_	
3-2	260-267	saisons	_	
3-3	268-272	nous	_	
3-4	273-281	ramènent	_	
3-5	282-296	successivement	_	
3-6	297-300	les	_	
3-7	301-311	bec-figues	_	
3-8	311-312	,	_	
3-9	313-316	les	_	
3-10	317-324	cailles	_	
3-11	324-325	,	_	
3-12	326-329	les	_	
3-13	330-336	grives	_	
3-14	336-337	,	_	
3-15	338-341	les	_	
3-16	342-352	allouettes	_	
3-17	352-353	,	_	
3-18	354-357	les	_	
3-19	358-371	rouges-gorges	_	
3-20	371-372	,	_	
3-21	373-376	les	_	
3-22	377-384	ramiers	_	
3-23	384-385	,	_	
3-24	386-389	les	_	
3-25	390-402	tourterelles	_	
3-26	402-403	,	_	
3-27	404-407	les	_	
3-28	408-416	bécasses	_	
3-29	416-417	,	_	
3-30	418-420	et	_	
3-31	421-424	les	_	
3-32	425-435	francolins	_	
3-33	435-436	.	_	

#Text=Le Phase nous a fait connaître les oiseaux qui font l'ornement de ses bords, qui font à plus juste titre l'ornement de nos tables.
4-1	437-439	Le	_	
4-2	440-445	Phase	_	
4-3	446-450	nous	_	
4-4	451-452	a	_	
4-5	453-457	fait	_	
4-6	458-467	connaître	_	
4-7	468-471	les	_	
4-8	472-479	oiseaux	_	
4-9	480-483	qui	_	
4-10	484-488	font	_	
4-11	489-499	l'ornement	_	
4-12	500-502	de	_	
4-13	503-506	ses	_	
4-14	507-512	bords	_	
4-15	512-513	,	_	
4-16	514-517	qui	_	
4-17	518-522	font	_	
4-18	523-524	à	_	
4-19	525-529	plus	_	
4-20	530-535	juste	_	
4-21	536-541	titre	_	
4-22	542-552	l'ornement	_	
4-23	553-555	de	_	
4-24	556-559	nos	_	
4-25	560-566	tables	_	
4-26	566-567	.	_	

#Text=Ils commencent à se multiplier parmi nous, dans les phaisanderies qu'ont formées de riches particuliers.
5-1	568-571	Ils	_	
5-2	572-582	commencent	_	
5-3	583-584	à	_	
5-4	585-587	se	_	
5-5	588-598	multiplier	_	
5-6	599-604	parmi	_	
5-7	605-609	nous	_	
5-8	609-610	,	_	
5-9	611-615	dans	_	
5-10	616-619	les	_	
5-11	620-633	phaisanderies	_	
5-12	634-640	qu'ont	_	
5-13	641-648	formées	_	
5-14	649-651	de	_	
5-15	652-658	riches	_	
5-16	659-671	particuliers	_	
5-17	671-672	.	_	

#Text=Nos plaines sont couvertes de lièvres et de perdrix; nos collines, de thym, de romarin, et de plantes propres à donner au lapin du goût et du parfum.
6-1	673-676	Nos	_	
6-2	677-684	plaines	_	
6-3	685-689	sont	_	
6-4	690-699	couvertes	_	
6-5	700-702	de	_	
6-6	703-710	lièvres	_	
6-7	711-713	et	_	
6-8	714-716	de	_	
6-9	717-724	perdrix	_	
6-10	724-725	;	_	
6-11	726-729	nos	_	
6-12	730-738	collines	_	
6-13	738-739	,	_	
6-14	740-742	de	_	
6-15	743-747	thym	_	
6-16	747-748	,	_	
6-17	749-751	de	_	
6-18	752-759	romarin	_	
6-19	759-760	,	_	
6-20	761-763	et	_	
6-21	764-766	de	_	
6-22	767-774	plantes	_	
6-23	775-782	propres	_	
6-24	783-784	à	_	
6-25	785-791	donner	_	
6-26	792-794	au	_	
6-27	795-800	lapin	_	
6-28	801-803	du	_	
6-29	804-808	goût	_	
6-30	809-811	et	_	
6-31	812-814	du	_	
6-32	815-821	parfum	Smell\_Word	
6-33	821-822	.	_	

#Text=Nous tirons des forêts voisines des marcassins et des sangliers; et de l'île de Mélos, les meilleurs chevreuils de la Grèce.La mer, dit alors Zopyre, attentive à payer le tribut qu'elle doit à ses maîtres, enrichit nos tables de poissons délicats.
7-1	823-827	Nous	_	
7-2	828-834	tirons	_	
7-3	835-838	des	_	
7-4	839-845	forêts	_	
7-5	846-854	voisines	_	
7-6	855-858	des	_	
7-7	859-869	marcassins	_	
7-8	870-872	et	_	
7-9	873-876	des	_	
7-10	877-886	sangliers	_	
7-11	886-887	;	_	
7-12	888-890	et	_	
7-13	891-893	de	_	
7-14	894-899	l'île	_	
7-15	900-902	de	_	
7-16	903-908	Mélos	_	
7-17	908-909	,	_	
7-18	910-913	les	_	
7-19	914-923	meilleurs	_	
7-20	924-934	chevreuils	_	
7-21	935-937	de	_	
7-22	938-940	la	_	
7-23	941-949	Grèce.La	_	
7-24	950-953	mer	_	
7-25	953-954	,	_	
7-26	955-958	dit	_	
7-27	959-964	alors	_	
7-28	965-971	Zopyre	_	
7-29	971-972	,	_	
7-30	973-982	attentive	_	
7-31	983-984	à	_	
7-32	985-990	payer	_	
7-33	991-993	le	_	
7-34	994-1000	tribut	_	
7-35	1001-1008	qu'elle	_	
7-36	1009-1013	doit	_	
7-37	1014-1015	à	_	
7-38	1016-1019	ses	_	
7-39	1020-1027	maîtres	_	
7-40	1027-1028	,	_	
7-41	1029-1037	enrichit	_	
7-42	1038-1041	nos	_	
7-43	1042-1048	tables	_	
7-44	1049-1051	de	_	
7-45	1052-1060	poissons	_	
7-46	1061-1069	délicats	_	
7-47	1069-1070	.	_	

#Text=Nous avons la murène, la dorade, la vive, le xiphias, le pagre, l'alose, et des thons en abondance.
8-1	1071-1075	Nous	_	
8-2	1076-1081	avons	_	
8-3	1082-1084	la	_	
8-4	1085-1091	murène	_	
8-5	1091-1092	,	_	
8-6	1093-1095	la	_	
8-7	1096-1102	dorade	_	
8-8	1102-1103	,	_	
8-9	1104-1106	la	_	
8-10	1107-1111	vive	_	
8-11	1111-1112	,	_	
8-12	1113-1115	le	_	
8-13	1116-1123	xiphias	_	
8-14	1123-1124	,	_	
8-15	1125-1127	le	_	
8-16	1128-1133	pagre	_	
8-17	1133-1134	,	_	
8-18	1135-1142	l'alose	_	
8-19	1142-1143	,	_	
8-20	1144-1146	et	_	
8-21	1147-1150	des	_	
8-22	1151-1156	thons	_	
8-23	1157-1159	en	_	
8-24	1160-1169	abondance	_	
8-25	1169-1170	.	_	

#Text=Rien n'est comparable aux congres qui nous viennent de Sicyone; aux glaucus que l'on pêche à Mégare; aux turbots, aux maquereaux, aux soles, aux surmulets et aux rougets qui fréquentent nos côtes.
9-1	1171-1175	Rien	_	
9-2	1176-1181	n'est	_	
9-3	1182-1192	comparable	_	
9-4	1193-1196	aux	_	
9-5	1197-1204	congres	_	
9-6	1205-1208	qui	_	
9-7	1209-1213	nous	_	
9-8	1214-1222	viennent	_	
9-9	1223-1225	de	_	
9-10	1226-1233	Sicyone	_	
9-11	1233-1234	;	_	
9-12	1235-1238	aux	_	
9-13	1239-1246	glaucus	_	
9-14	1247-1250	que	_	
9-15	1251-1255	l'on	_	
9-16	1256-1261	pêche	_	
9-17	1262-1263	à	_	
9-18	1264-1270	Mégare	_	
9-19	1270-1271	;	_	
9-20	1272-1275	aux	_	
9-21	1276-1283	turbots	_	
9-22	1283-1284	,	_	
9-23	1285-1288	aux	_	
9-24	1289-1299	maquereaux	_	
9-25	1299-1300	,	_	
9-26	1301-1304	aux	_	
9-27	1305-1310	soles	_	
9-28	1310-1311	,	_	
9-29	1312-1315	aux	_	
9-30	1316-1325	surmulets	_	
9-31	1326-1328	et	_	
9-32	1329-1332	aux	_	
9-33	1333-1340	rougets	_	
9-34	1341-1344	qui	_	
9-35	1345-1356	fréquentent	_	
9-36	1357-1360	nos	_	
9-37	1361-1366	côtes	_	
9-38	1366-1367	.	_	

#Text=Les sardines sont ailleurs l'aliment du peuple; celles que nous prenons aux environs de Phalère, mériteraient d'être servies à la table des dieux, sur-tout quand on ne les laisse qu'un instant dans l'huile bouillante.
10-1	1368-1371	Les	_	
10-2	1372-1380	sardines	_	
10-3	1381-1385	sont	_	
10-4	1386-1394	ailleurs	_	
10-5	1395-1404	l'aliment	_	
10-6	1405-1407	du	_	
10-7	1408-1414	peuple	_	
10-8	1414-1415	;	_	
10-9	1416-1422	celles	_	
10-10	1423-1426	que	_	
10-11	1427-1431	nous	_	
10-12	1432-1439	prenons	_	
10-13	1440-1443	aux	_	
10-14	1444-1452	environs	_	
10-15	1453-1455	de	_	
10-16	1456-1463	Phalère	_	
10-17	1463-1464	,	_	
10-18	1465-1477	mériteraient	_	
10-19	1478-1484	d'être	_	
10-20	1485-1492	servies	_	
10-21	1493-1494	à	_	
10-22	1495-1497	la	_	
10-23	1498-1503	table	_	
10-24	1504-1507	des	_	
10-25	1508-1513	dieux	_	
10-26	1513-1514	,	_	
10-27	1515-1523	sur-tout	_	
10-28	1524-1529	quand	_	
10-29	1530-1532	on	_	
10-30	1533-1535	ne	_	
10-31	1536-1539	les	_	
10-32	1540-1546	laisse	_	
10-33	1547-1552	qu'un	_	
10-34	1553-1560	instant	_	
10-35	1561-1565	dans	_	
10-36	1566-1573	l'huile	_	
10-37	1574-1584	bouillante	_	
10-38	1584-1585	.	_	

#Text=Le vulgaire, ébloui par les réputations, croit que tout est estimable dans un objet estimé.
11-1	1586-1588	Le	_	
11-2	1589-1597	vulgaire	_	
11-3	1597-1598	,	_	
11-4	1599-1605	ébloui	_	
11-5	1606-1609	par	_	
11-6	1610-1613	les	_	
11-7	1614-1625	réputations	_	
11-8	1625-1626	,	_	
11-9	1627-1632	croit	_	
11-10	1633-1636	que	_	
11-11	1637-1641	tout	_	
11-12	1642-1645	est	_	
11-13	1646-1655	estimable	_	
11-14	1656-1660	dans	_	
11-15	1661-1663	un	_	
11-16	1664-1669	objet	_	
11-17	1670-1676	estimé	_	
11-18	1676-1677	.	_	

#Text=Pour nous qui analysons le mérite jusque dans les moindres détails, nous choisirons la partie antérieure du glaucus, la tête du bar et du congre, la poitrine du thon, le dos de la raie; et nous abandonnerons le reste à des goûts moins difficiles.
12-1	1678-1682	Pour	_	
12-2	1683-1687	nous	_	
12-3	1688-1691	qui	_	
12-4	1692-1701	analysons	_	
12-5	1702-1704	le	_	
12-6	1705-1711	mérite	_	
12-7	1712-1718	jusque	_	
12-8	1719-1723	dans	_	
12-9	1724-1727	les	_	
12-10	1728-1736	moindres	_	
12-11	1737-1744	détails	_	
12-12	1744-1745	,	_	
12-13	1746-1750	nous	_	
12-14	1751-1761	choisirons	_	
12-15	1762-1764	la	_	
12-16	1765-1771	partie	_	
12-17	1772-1782	antérieure	_	
12-18	1783-1785	du	_	
12-19	1786-1793	glaucus	_	
12-20	1793-1794	,	_	
12-21	1795-1797	la	_	
12-22	1798-1802	tête	_	
12-23	1803-1805	du	_	
12-24	1806-1809	bar	_	
12-25	1810-1812	et	_	
12-26	1813-1815	du	_	
12-27	1816-1822	congre	_	
12-28	1822-1823	,	_	
12-29	1824-1826	la	_	
12-30	1827-1835	poitrine	_	
12-31	1836-1838	du	_	
12-32	1839-1843	thon	_	
12-33	1843-1844	,	_	
12-34	1845-1847	le	_	
12-35	1848-1851	dos	_	
12-36	1852-1854	de	_	
12-37	1855-1857	la	_	
12-38	1858-1862	raie	_	
12-39	1862-1863	;	_	
12-40	1864-1866	et	_	
12-41	1867-1871	nous	_	
12-42	1872-1885	abandonnerons	_	
12-43	1886-1888	le	_	
12-44	1889-1894	reste	_	
12-45	1895-1896	à	_	
12-46	1897-1900	des	_	
12-47	1901-1906	goûts	_	
12-48	1907-1912	moins	_	
12-49	1913-1923	difficiles	_	
12-50	1923-1924	.	_	

#Text=Aux ressources de la mer, ajoutons celles des lacs de la Béotie.
13-1	1925-1928	Aux	_	
13-2	1929-1939	ressources	_	
13-3	1940-1942	de	_	
13-4	1943-1945	la	_	
13-5	1946-1949	mer	_	
13-6	1949-1950	,	_	
13-7	1951-1959	ajoutons	_	
13-8	1960-1966	celles	_	
13-9	1967-1970	des	_	
13-10	1971-1975	lacs	_	
13-11	1976-1978	de	_	
13-12	1979-1981	la	_	
13-13	1982-1988	Béotie	_	
13-14	1988-1989	.	_	
