#FORMAT=WebAnno TSV 3.3
#T_SP=custom.Span|label


#Text=§. 9, Je dis ordinairement y parce que le souvenir ne sera pas toujours un sentiment foible , ni la Sensation un sentiment vi£ Car toutes les fois que la mémoire lui retracera ses manieres d'être avec beaucoup de force , & que l'organe au contraire ne recevra que de legeres impressions, alors le sentiment d'une Sensation actuelle sera bien moins vis, que le souvenir d'une Sensation qui n'est plus
1-1	0-1	§	_	
1-2	1-2	.	_	
1-3	3-4	9	_	
1-4	4-5	,	_	
1-5	6-8	Je	_	
1-6	9-12	dis	_	
1-7	13-26	ordinairement	_	
1-8	27-28	y	_	
1-9	29-34	parce	_	
1-10	35-38	que	_	
1-11	39-41	le	_	
1-12	42-50	souvenir	_	
1-13	51-53	ne	_	
1-14	54-58	sera	_	
1-15	59-62	pas	_	
1-16	63-71	toujours	_	
1-17	72-74	un	_	
1-18	75-84	sentiment	_	
1-19	85-91	foible	_	
1-20	92-93	,	_	
1-21	94-96	ni	_	
1-22	97-99	la	_	
1-23	100-109	Sensation	_	
1-24	110-112	un	_	
1-25	113-122	sentiment	_	
1-26	123-125	vi	_	
1-27	125-126	£	_	
1-28	127-130	Car	_	
1-29	131-137	toutes	_	
1-30	138-141	les	_	
1-31	142-146	fois	_	
1-32	147-150	que	_	
1-33	151-153	la	_	
1-34	154-161	mémoire	_	
1-35	162-165	lui	_	
1-36	166-175	retracera	_	
1-37	176-179	ses	_	
1-38	180-188	manieres	_	
1-39	189-195	d'être	_	
1-40	196-200	avec	_	
1-41	201-209	beaucoup	_	
1-42	210-212	de	_	
1-43	213-218	force	_	
1-44	219-220	,	_	
1-45	221-222	&	_	
1-46	223-226	que	_	
1-47	227-235	l'organe	_	
1-48	236-238	au	_	
1-49	239-248	contraire	_	
1-50	249-251	ne	_	
1-51	252-259	recevra	_	
1-52	260-263	que	_	
1-53	264-266	de	_	
1-54	267-274	legeres	_	
1-55	275-286	impressions	_	
1-56	286-287	,	_	
1-57	288-293	alors	_	
1-58	294-296	le	_	
1-59	297-306	sentiment	_	
1-60	307-312	d'une	_	
1-61	313-322	Sensation	_	
1-62	323-331	actuelle	_	
1-63	332-336	sera	_	
1-64	337-341	bien	_	
1-65	342-347	moins	_	
1-66	348-351	vis	_	
1-67	351-352	,	_	
1-68	353-356	que	_	
1-69	357-359	le	_	
1-70	360-368	souvenir	_	
1-71	369-374	d'une	_	
1-72	375-384	Sensation	_	
1-73	385-388	qui	_	
1-74	389-394	n'est	_	
1-75	395-399	plus	_	

#Text=.
2-1	399-400	.	_	

#Text=§. 10.
3-1	404-405	§	_	
3-2	405-406	.	_	
3-3	407-409	10	_	
3-4	409-410	.	_	

#Text=Ainsi donc qu'une odeur est présente à l'odorat par l'impression d'un corps odoriférant sur l'organe même, une autre odeur est présente à la mémoire , parce que l'impression d'un autre corps odoriférant subsiste dans le cerveau, qu'elle n'est plus ce qu'elle a été :laconnoissance de ce chan- gement lui fait rapporter la première à un moment différent de celui où elle éprouve la séconde : & c'est là ce qui lui fait mettre de la différence entre exister d'une maniére & se souvenir d'avoir existé d'une autre
4-1	411-416	Ainsi	_	
4-2	417-421	donc	_	
4-3	422-428	qu'une	_	
4-4	429-434	odeur	Smell\_Word	
4-5	435-438	est	_	
4-6	439-447	présente	_	
4-7	448-449	à	_	
4-8	450-458	l'odorat	_	
4-9	459-462	par	_	
4-10	463-475	l'impression	_	
4-11	476-480	d'un	_	
4-12	481-486	corps	_	
4-13	487-498	odoriférant	_	
4-14	499-502	sur	_	
4-15	503-511	l'organe	_	
4-16	512-516	même	_	
4-17	516-517	,	_	
4-18	518-521	une	_	
4-19	522-527	autre	_	
4-20	528-533	odeur	Smell\_Word	
4-21	534-537	est	_	
4-22	538-546	présente	_	
4-23	547-548	à	_	
4-24	549-551	la	_	
4-25	552-559	mémoire	_	
4-26	560-561	,	_	
4-27	562-567	parce	_	
4-28	568-571	que	_	
4-29	572-584	l'impression	_	
4-30	585-589	d'un	_	
4-31	590-595	autre	_	
4-32	596-601	corps	_	
4-33	602-613	odoriférant	_	
4-34	614-622	subsiste	_	
4-35	623-627	dans	_	
4-36	628-630	le	_	
4-37	631-638	cerveau	_	
4-38	638-639	,	_	
4-39	640-647	qu'elle	_	
4-40	648-653	n'est	_	
4-41	654-658	plus	_	
4-42	659-661	ce	_	
4-43	662-669	qu'elle	_	
4-44	670-671	a	_	
4-45	672-675	été	_	
4-46	676-677	:	_	
4-47	677-691	laconnoissance	_	
4-48	692-694	de	_	
4-49	695-697	ce	_	
4-50	698-702	chan	_	
4-51	702-703	-	_	
4-52	704-710	gement	_	
4-53	711-714	lui	_	
4-54	715-719	fait	_	
4-55	720-729	rapporter	_	
4-56	730-732	la	_	
4-57	733-741	première	_	
4-58	742-743	à	_	
4-59	744-746	un	_	
4-60	747-753	moment	_	
4-61	754-763	différent	_	
4-62	764-766	de	_	
4-63	767-772	celui	_	
4-64	773-775	où	_	
4-65	776-780	elle	_	
4-66	781-788	éprouve	_	
4-67	789-791	la	_	
4-68	792-799	séconde	_	
4-69	800-801	:	_	
4-70	802-803	&	_	
4-71	804-809	c'est	_	
4-72	810-812	là	_	
4-73	813-815	ce	_	
4-74	816-819	qui	_	
4-75	820-823	lui	_	
4-76	824-828	fait	_	
4-77	829-835	mettre	_	
4-78	836-838	de	_	
4-79	839-841	la	_	
4-80	842-852	différence	_	
4-81	853-858	entre	_	
4-82	859-866	exister	_	
4-83	867-872	d'une	_	
4-84	873-880	maniére	_	
4-85	881-882	&	_	
4-86	883-885	se	_	
4-87	886-894	souvenir	_	
4-88	895-902	d'avoir	_	
4-89	903-909	existé	_	
4-90	910-915	d'une	_	
4-91	916-921	autre	_	

#Text=.
5-1	921-922	.	_	

#Text=§. 11.
6-1	926-927	§	_	
6-2	927-928	.	_	
6-3	929-931	11	_	
6-4	931-932	.	_	

#Text=Elle est active par rapport à l'une de ses manieres de sentir, & passive par rapport à l'autre.
7-1	933-937	Elle	_	
7-2	938-941	est	_	
7-3	942-948	active	_	
7-4	949-952	par	_	
7-5	953-960	rapport	_	
7-6	961-962	à	_	
7-7	963-968	l'une	_	
7-8	969-971	de	_	
7-9	972-975	ses	_	
7-10	976-984	manieres	_	
7-11	985-987	de	_	
7-12	988-994	sentir	_	
7-13	994-995	,	_	
7-14	996-997	&	_	
7-15	998-1005	passive	_	
7-16	1006-1009	par	_	
7-17	1010-1017	rapport	_	
7-18	1018-1019	à	_	
7-19	1020-1027	l'autre	_	
7-20	1027-1028	.	_	

#Text=Elle est adive , lorsqu'elle se souvient d'une sensation, parce qu'elle a en elle la cause qui la lui rappelle , c'est-à-dire , la mémoire.
8-1	1029-1033	Elle	_	
8-2	1034-1037	est	_	
8-3	1038-1043	adive	_	
8-4	1044-1045	,	_	
8-5	1046-1057	lorsqu'elle	_	
8-6	1058-1060	se	_	
8-7	1061-1069	souvient	_	
8-8	1070-1075	d'une	_	
8-9	1076-1085	sensation	_	
8-10	1085-1086	,	_	
8-11	1087-1092	parce	_	
8-12	1093-1100	qu'elle	_	
8-13	1101-1102	a	_	
8-14	1103-1105	en	_	
8-15	1106-1110	elle	_	
8-16	1111-1113	la	_	
8-17	1114-1119	cause	_	
8-18	1120-1123	qui	_	
8-19	1124-1126	la	_	
8-20	1127-1130	lui	_	
8-21	1131-1139	rappelle	_	
8-22	1140-1141	,	_	
8-23	1142-1154	c'est-à-dire	_	
8-24	1155-1156	,	_	
8-25	1157-1159	la	_	
8-26	1160-1167	mémoire	_	
8-27	1167-1168	.	_	

#Text=Elle est passive au moment qu'elle éprouve une Sensation, parce, que la cause qui la produit est hors d'elle , c'est-à-dire 3 dans les corps odoriférans qui agissent sur son organe (a).
9-1	1169-1173	Elle	_	
9-2	1174-1177	est	_	
9-3	1178-1185	passive	_	
9-4	1186-1188	au	_	
9-5	1189-1195	moment	_	
9-6	1196-1203	qu'elle	_	
9-7	1204-1211	éprouve	_	
9-8	1212-1215	une	_	
9-9	1216-1225	Sensation	_	
9-10	1225-1226	,	_	
9-11	1227-1232	parce	_	
9-12	1232-1233	,	_	
9-13	1234-1237	que	_	
9-14	1238-1240	la	_	
9-15	1241-1246	cause	_	
9-16	1247-1250	qui	_	
9-17	1251-1253	la	_	
9-18	1254-1261	produit	_	
9-19	1262-1265	est	_	
9-20	1266-1270	hors	_	
9-21	1271-1277	d'elle	_	
9-22	1278-1279	,	_	
9-23	1280-1292	c'est-à-dire	_	
9-24	1293-1294	3	_	
9-25	1295-1299	dans	_	
9-26	1300-1303	les	_	
9-27	1304-1309	corps	_	
9-28	1310-1321	odoriférans	_	
9-29	1322-1325	qui	_	
9-30	1326-1334	agissent	_	
9-31	1335-1338	sur	_	
9-32	1339-1342	son	_	
9-33	1343-1349	organe	_	
9-34	1350-1351	(	_	
9-35	1351-1352	a	_	
9-36	1352-1353	)	_	
9-37	1353-1354	.	_	
