#FORMAT=WebAnno TSV 3.3
#T_SP=custom.Span|label
#T_RL=custom.Relation|label|BT_custom.Span


#Text=Des objets plus doux occupent les athéniens pendant la paix.
1-1	0-3	Des	_	_	_	
1-2	4-10	objets	_	_	_	
1-3	11-15	plus	_	_	_	
1-4	16-20	doux	_	_	_	
1-5	21-29	occupent	_	_	_	
1-6	30-33	les	_	_	_	
1-7	34-43	athéniens	_	_	_	
1-8	44-51	pendant	_	_	_	
1-9	52-54	la	_	_	_	
1-10	55-59	paix	_	_	_	
1-11	59-60	.	_	_	_	

#Text=Comme la plupart font valoir leurs terres, ils partent le matin à cheval; et après avoir dirigé les travaux de leurs esclaves, ils reviennent le soir à la ville.
2-1	61-66	Comme	_	_	_	
2-2	67-69	la	_	_	_	
2-3	70-77	plupart	_	_	_	
2-4	78-82	font	_	_	_	
2-5	83-89	valoir	_	_	_	
2-6	90-95	leurs	_	_	_	
2-7	96-102	terres	_	_	_	
2-8	102-103	,	_	_	_	
2-9	104-107	ils	_	_	_	
2-10	108-115	partent	_	_	_	
2-11	116-118	le	_	_	_	
2-12	119-124	matin	_	_	_	
2-13	125-126	à	_	_	_	
2-14	127-133	cheval	_	_	_	
2-15	133-134	;	_	_	_	
2-16	135-137	et	_	_	_	
2-17	138-143	après	_	_	_	
2-18	144-149	avoir	_	_	_	
2-19	150-156	dirigé	_	_	_	
2-20	157-160	les	_	_	_	
2-21	161-168	travaux	_	_	_	
2-22	169-171	de	_	_	_	
2-23	172-177	leurs	_	_	_	
2-24	178-186	esclaves	_	_	_	
2-25	186-187	,	_	_	_	
2-26	188-191	ils	_	_	_	
2-27	192-202	reviennent	_	_	_	
2-28	203-205	le	_	_	_	
2-29	206-210	soir	_	_	_	
2-30	211-212	à	_	_	_	
2-31	213-215	la	_	_	_	
2-32	216-221	ville	_	_	_	
2-33	221-222	.	_	_	_	

#Text=Leurs moment sont quelquefois remplis par la chasse, et par les exercices du gymnase.
3-1	223-228	Leurs	_	_	_	
3-2	229-235	moment	_	_	_	
3-3	236-240	sont	_	_	_	
3-4	241-252	quelquefois	_	_	_	
3-5	253-260	remplis	_	_	_	
3-6	261-264	par	_	_	_	
3-7	265-267	la	_	_	_	
3-8	268-274	chasse	_	_	_	
3-9	274-275	,	_	_	_	
3-10	276-278	et	_	_	_	
3-11	279-282	par	_	_	_	
3-12	283-286	les	_	_	_	
3-13	287-296	exercices	_	_	_	
3-14	297-299	du	_	_	_	
3-15	300-307	gymnase	_	_	_	
3-16	307-308	.	_	_	_	

#Text=Outre les bains publics, où le peuple aborde en foule, et qui servent d'asile aux pauvres contre les rigueurs de l'hiver, les particuliers en ont dans leurs maisons.
4-1	309-314	Outre	_	_	_	
4-2	315-318	les	_	_	_	
4-3	319-324	bains	_	_	_	
4-4	325-332	publics	_	_	_	
4-5	332-333	,	_	_	_	
4-6	334-336	où	_	_	_	
4-7	337-339	le	_	_	_	
4-8	340-346	peuple	_	_	_	
4-9	347-353	aborde	_	_	_	
4-10	354-356	en	_	_	_	
4-11	357-362	foule	_	_	_	
4-12	362-363	,	_	_	_	
4-13	364-366	et	_	_	_	
4-14	367-370	qui	_	_	_	
4-15	371-378	servent	_	_	_	
4-16	379-386	d'asile	_	_	_	
4-17	387-390	aux	_	_	_	
4-18	391-398	pauvres	_	_	_	
4-19	399-405	contre	_	_	_	
4-20	406-409	les	_	_	_	
4-21	410-418	rigueurs	_	_	_	
4-22	419-421	de	_	_	_	
4-23	422-429	l'hiver	_	_	_	
4-24	429-430	,	_	_	_	
4-25	431-434	les	_	_	_	
4-26	435-447	particuliers	_	_	_	
4-27	448-450	en	_	_	_	
4-28	451-454	ont	_	_	_	
4-29	455-459	dans	_	_	_	
4-30	460-465	leurs	_	_	_	
4-31	466-473	maisons	_	_	_	
4-32	473-474	.	_	_	_	

#Text=L'usage leur en est devenu si nécessaire, qu'ils l'ont introduit jusque sur leurs vaisseaux.
5-1	475-482	L'usage	_	_	_	
5-2	483-487	leur	_	_	_	
5-3	488-490	en	_	_	_	
5-4	491-494	est	_	_	_	
5-5	495-501	devenu	_	_	_	
5-6	502-504	si	_	_	_	
5-7	505-515	nécessaire	_	_	_	
5-8	515-516	,	_	_	_	
5-9	517-523	qu'ils	_	_	_	
5-10	524-529	l'ont	_	_	_	
5-11	530-539	introduit	_	_	_	
5-12	540-546	jusque	_	_	_	
5-13	547-550	sur	_	_	_	
5-14	551-556	leurs	_	_	_	
5-15	557-566	vaisseaux	_	_	_	
5-16	566-567	.	_	_	_	

#Text=Ils se mettent au bain souvent après la promenade, presque toujours avant le repas.
6-1	568-571	Ils	_	_	_	
6-2	572-574	se	_	_	_	
6-3	575-582	mettent	_	_	_	
6-4	583-585	au	_	_	_	
6-5	586-590	bain	_	_	_	
6-6	591-598	souvent	_	_	_	
6-7	599-604	après	_	_	_	
6-8	605-607	la	_	_	_	
6-9	608-617	promenade	_	_	_	
6-10	617-618	,	_	_	_	
6-11	619-626	presque	_	_	_	
6-12	627-635	toujours	_	_	_	
6-13	636-641	avant	_	_	_	
6-14	642-644	le	_	_	_	
6-15	645-650	repas	_	_	_	
6-16	650-651	.	_	_	_	

#Text=Ils en sortent parfumés d'essences; et ces odeurs se mêlent avec celles dont ils ont soin de pénétrer leurs habits, qui prennent divers noms, suivant la différence de leur forme et de leurs couleurs.
7-1	652-655	Ils	Odour\_Carrier	_	_	
7-2	656-658	en	_	_	_	
7-3	659-666	sortent	_	_	_	
7-4	667-675	parfumés	Smell\_Word	*|*	7-1|7-5	
7-5	676-686	d'essences	Smell\_Source	_	_	
7-6	686-687	;	_	_	_	
7-7	688-690	et	_	_	_	
7-8	691-694	ces	_	_	_	
7-9	695-701	odeurs	Smell\_Word	_	_	
7-10	702-704	se	_	_	_	
7-11	705-711	mêlent	_	_	_	
7-12	712-716	avec	_	_	_	
7-13	717-723	celles	_	_	_	
7-14	724-728	dont	_	_	_	
7-15	729-732	ils	_	_	_	
7-16	733-736	ont	_	_	_	
7-17	737-741	soin	_	_	_	
7-18	742-744	de	_	_	_	
7-19	745-753	pénétrer	_	_	_	
7-20	754-759	leurs	_	_	_	
7-21	760-766	habits	_	_	_	
7-22	766-767	,	_	_	_	
7-23	768-771	qui	_	_	_	
7-24	772-780	prennent	_	_	_	
7-25	781-787	divers	_	_	_	
7-26	788-792	noms	_	_	_	
7-27	792-793	,	_	_	_	
7-28	794-801	suivant	_	_	_	
7-29	802-804	la	_	_	_	
7-30	805-815	différence	_	_	_	
7-31	816-818	de	_	_	_	
7-32	819-823	leur	_	_	_	
7-33	824-829	forme	_	_	_	
7-34	830-832	et	_	_	_	
7-35	833-835	de	_	_	_	
7-36	836-841	leurs	_	_	_	
7-37	842-850	couleurs	_	_	_	
7-38	850-851	.	_	_	_	

#Text=La plupart se contentent de mettre, par-dessus une tunique qui descend jusqu'à mi-jambe, un manteau qui les couvre presque en entier.
8-1	852-854	La	_	_	_	
8-2	855-862	plupart	_	_	_	
8-3	863-865	se	_	_	_	
8-4	866-876	contentent	_	_	_	
8-5	877-879	de	_	_	_	
8-6	880-886	mettre	_	_	_	
8-7	886-887	,	_	_	_	
8-8	888-898	par-dessus	_	_	_	
8-9	899-902	une	_	_	_	
8-10	903-910	tunique	_	_	_	
8-11	911-914	qui	_	_	_	
8-12	915-922	descend	_	_	_	
8-13	923-930	jusqu'à	_	_	_	
8-14	931-939	mi-jambe	_	_	_	
8-15	939-940	,	_	_	_	
8-16	941-943	un	_	_	_	
8-17	944-951	manteau	_	_	_	
8-18	952-955	qui	_	_	_	
8-19	956-959	les	_	_	_	
8-20	960-966	couvre	_	_	_	
8-21	967-974	presque	_	_	_	
8-22	975-977	en	_	_	_	
8-23	978-984	entier	_	_	_	
8-24	984-985	.	_	_	_	

#Text=Il ne convient qu'aux gens de la campagne, ou sans éducation, de relever au-dessus des genoux les divers pièces de l'habillement.
9-1	986-988	Il	_	_	_	
9-2	989-991	ne	_	_	_	
9-3	992-1000	convient	_	_	_	
9-4	1001-1007	qu'aux	_	_	_	
9-5	1008-1012	gens	_	_	_	
9-6	1013-1015	de	_	_	_	
9-7	1016-1018	la	_	_	_	
9-8	1019-1027	campagne	_	_	_	
9-9	1027-1028	,	_	_	_	
9-10	1029-1031	ou	_	_	_	
9-11	1032-1036	sans	_	_	_	
9-12	1037-1046	éducation	_	_	_	
9-13	1046-1047	,	_	_	_	
9-14	1048-1050	de	_	_	_	
9-15	1051-1058	relever	_	_	_	
9-16	1059-1068	au-dessus	_	_	_	
9-17	1069-1072	des	_	_	_	
9-18	1073-1079	genoux	_	_	_	
9-19	1080-1083	les	_	_	_	
9-20	1084-1090	divers	_	_	_	
9-21	1091-1097	pièces	_	_	_	
9-22	1098-1100	de	_	_	_	
9-23	1101-1114	l'habillement	_	_	_	
9-24	1114-1115	.	_	_	_	

#Text=Beaucoup d'entre eux vont pieds nus; d'autres,soit dans la ville, soit en voyage, quelquefois même dans les processions, couvrent leur tête d'un grand chapeau à bords détroussés.
10-1	1116-1124	Beaucoup	_	_	_	
10-2	1125-1132	d'entre	_	_	_	
10-3	1133-1136	eux	_	_	_	
10-4	1137-1141	vont	_	_	_	
10-5	1142-1147	pieds	_	_	_	
10-6	1148-1151	nus	_	_	_	
10-7	1151-1152	;	_	_	_	
10-8	1153-1161	d'autres	_	_	_	
10-9	1161-1162	,	_	_	_	
10-10	1162-1166	soit	_	_	_	
10-11	1167-1171	dans	_	_	_	
10-12	1172-1174	la	_	_	_	
10-13	1175-1180	ville	_	_	_	
10-14	1180-1181	,	_	_	_	
10-15	1182-1186	soit	_	_	_	
10-16	1187-1189	en	_	_	_	
10-17	1190-1196	voyage	_	_	_	
10-18	1196-1197	,	_	_	_	
10-19	1198-1209	quelquefois	_	_	_	
10-20	1210-1214	même	_	_	_	
10-21	1215-1219	dans	_	_	_	
10-22	1220-1223	les	_	_	_	
10-23	1224-1235	processions	_	_	_	
10-24	1235-1236	,	_	_	_	
10-25	1237-1245	couvrent	_	_	_	
10-26	1246-1250	leur	_	_	_	
10-27	1251-1255	tête	_	_	_	
10-28	1256-1260	d'un	_	_	_	
10-29	1261-1266	grand	_	_	_	
10-30	1267-1274	chapeau	_	_	_	
10-31	1275-1276	à	_	_	_	
10-32	1277-1282	bords	_	_	_	
10-33	1283-1293	détroussés	_	_	_	
10-34	1293-1294	.	_	_	_	

#Text=Dans la manière de disposer les parties du vêtement, les hommes doivent se proposer la décence, les femmes y joindre l'élégance et le goût.
11-1	1295-1299	Dans	_	_	_	
11-2	1300-1302	la	_	_	_	
11-3	1303-1310	manière	_	_	_	
11-4	1311-1313	de	_	_	_	
11-5	1314-1322	disposer	_	_	_	
11-6	1323-1326	les	_	_	_	
11-7	1327-1334	parties	_	_	_	
11-8	1335-1337	du	_	_	_	
11-9	1338-1346	vêtement	_	_	_	
11-10	1346-1347	,	_	_	_	
11-11	1348-1351	les	_	_	_	
11-12	1352-1358	hommes	_	_	_	
11-13	1359-1366	doivent	_	_	_	
11-14	1367-1369	se	_	_	_	
11-15	1370-1378	proposer	_	_	_	
11-16	1379-1381	la	_	_	_	
11-17	1382-1389	décence	_	_	_	
11-18	1389-1390	,	_	_	_	
11-19	1391-1394	les	_	_	_	
11-20	1395-1401	femmes	_	_	_	
11-21	1402-1403	y	_	_	_	
11-22	1404-1411	joindre	_	_	_	
11-23	1412-1422	l'élégance	_	_	_	
11-24	1423-1425	et	_	_	_	
11-25	1426-1428	le	_	_	_	
11-26	1429-1433	goût	_	_	_	
11-27	1433-1434	.	_	_	_	
